# Blender 5.0.1
# www.blender.org
mtllib DoorBridge.mtl
o DoorBridge_Arch
v 1.077862 13.196046 -1.501070
v 0.900283 12.026210 -1.512241
v 1.077862 13.196046 -0.364971
v 0.900283 12.026210 -0.353782
v 0.003514 12.019296 -1.787769
v 0.008796 13.666488 -0.094560
v 0.008642 12.019296 -0.078254
v 0.003805 13.666488 -1.771481
v 1.525496 12.770663 -1.324729
v 1.380280 11.975154 -1.332898
v 1.525496 12.770663 -0.541312
v 1.380280 11.975154 -0.533125
v 2.495895 12.462459 -1.343345
v 2.050744 11.514618 -1.351366
v 2.495555 12.462459 -0.522697
v 2.050744 11.514618 -0.514657
v 3.055857 11.128151 -1.074528
v 2.791054 10.974016 -1.077629
v 3.055857 11.128151 -0.791558
v 2.791054 10.974016 -0.788433
v 4.132783 10.102242 -1.254405
v 3.416342 9.821915 -1.260669
v 4.132783 10.102242 -0.611681
v 3.416342 9.821915 -0.605394
v 4.782077 8.356813 -1.539517
v 3.690694 7.877059 -1.538161
v 4.782077 8.356813 -0.353011
v 3.690694 7.877059 -0.328968
v 4.244903 5.581127 -1.225214
v 3.944660 5.565076 -1.231207
v 4.244903 5.581127 -0.640352
v 3.944660 5.565076 -0.634347
v 3.749475 0.441308 -1.075388
v 3.531939 0.458839 -1.078656
v 3.749474 0.441309 -0.790667
v 3.531939 0.458839 -0.787378
v 3.916236 1.598873 -0.671034
v 3.916236 1.598873 -1.195033
v 3.580573 1.613442 -1.200016
v 3.580573 1.613442 -0.666034
v 4.547006 4.671691 -1.519916
v 3.647331 4.650909 -1.531088
v 3.647331 4.650908 -0.334961
v 4.547006 4.671690 -0.346151
v 4.462358 3.990810 -0.346395
v 4.462358 3.990810 -1.519672
v 3.585484 3.980138 -1.530840
v 3.585483 3.980138 -0.335210
v 4.153709 2.723746 -0.518549
v 4.153710 2.723746 -1.347518
v 3.592059 2.731025 -1.355406
v 3.592059 2.731025 -0.510644
v 4.383251 9.107459 -0.696319
v 4.383251 9.107459 -1.169574
v 3.928429 8.951658 -1.173462
v 3.928429 8.951659 -0.690989
v 4.544005 6.779676 -0.517196
v 4.544005 6.779676 -1.351050
v 3.915580 6.685524 -1.357849
v 3.915580 6.685524 -0.507894
v 4.569103 8.778685 -0.457485
v 4.569103 8.778686 -1.430195
v 3.682148 8.348967 -1.429014
v 3.682148 8.348967 -0.437676
v 3.022720 10.180190 -0.460463
v 3.879145 10.682047 -0.469526
v 3.879146 10.682953 -1.396559
v 3.022720 10.180190 -1.405600
v 1.854982 12.760341 -0.537536
v 1.854983 12.760341 -1.328504
v 1.643219 11.778528 -1.336367
v 1.643219 11.778528 -0.529656
v 0.480990 12.027024 -0.205515
v 0.638297 13.517210 -1.646647
v 0.480136 12.027024 -1.660508
v 0.639128 13.517210 -0.219394
v 2.159624 12.749063 -0.513386
v 2.159851 12.749063 -1.352655
v 1.837337 11.648788 -1.360859
v 1.837337 11.648788 -0.505164
v 2.590470 11.142745 -1.136317
v 2.590470 11.142745 -0.729713
v 2.880016 11.495681 -0.733681
v 2.880204 11.495681 -1.132368
v 3.517662 10.995424 -0.557146
v 3.517661 10.999049 -1.308940
v 2.841224 10.540960 -1.316327
v 2.841224 10.540960 -0.549735
v 4.240653 9.660509 -1.170423
v 3.700805 9.488255 -1.175049
v 3.700804 9.488256 -0.690698
v 4.240653 9.660509 -0.695348
v 4.768878 7.655382 -1.491712
v 3.815522 7.350928 -1.494906
v 3.815522 7.350928 -0.371354
v 4.768879 7.655383 -0.389240
v 4.438109 5.071682 -1.419071
v 3.763059 5.050945 -1.428405
v 3.763059 5.050945 -0.437553
v 4.438109 5.071682 -0.446904
v 1.005502 12.612422 -1.695008
v 1.005502 12.612422 -0.171033
v 0.011217 12.886117 -2.034601
v 0.010671 12.886117 0.168560
v 1.436079 12.395667 -1.511376
v 1.436079 12.395667 -0.354664
v 2.257344 12.009008 -1.478326
v 2.257343 12.009008 -0.387716
v 2.910699 11.052958 -1.159896
v 2.910699 11.052958 -0.706190
v 3.807144 9.925462 -1.358574
v 3.807145 9.925462 -0.507512
v 4.239229 8.222713 -1.698560
v 4.239229 8.222713 -0.182042
v 4.118529 5.642566 -1.352089
v 4.118529 5.642566 -0.512627
v 3.589658 0.265394 -1.090789
v 3.589658 0.265393 -0.775241
v 3.721226 1.429350 -0.600195
v 3.721226 1.429351 -1.265851
v 4.117717 4.829064 -1.678563
v 4.117717 4.829064 -0.187483
v 4.034423 4.059485 -1.678253
v 4.034423 4.059484 -0.187793
v 3.862735 2.626870 -1.459559
v 3.862735 2.626870 -0.406487
v 4.167012 9.039963 -0.620671
v 4.167013 9.039963 -1.244556
v 4.239209 6.694488 -0.391279
v 4.239209 6.694488 -1.474859
v 4.115233 8.696066 -0.315610
v 4.115233 8.696066 -1.562218
v 3.425335 10.472874 -1.546807
v 3.425335 10.472874 -0.319278
v 1.705250 12.326834 -0.392618
v 1.705250 12.326834 -1.473423
v 0.549393 12.797005 0.004551
v 0.549484 12.797005 -1.870592
v 1.968636 12.253120 -0.375341
v 1.968637 12.253120 -1.490700
v 2.746375 11.292572 -1.204415
v 2.746375 11.292572 -0.661634
v 3.123017 10.824506 -0.428715
v 3.123018 10.824506 -1.437370
v 4.022803 9.503162 -1.247420
v 4.022803 9.503162 -0.618351
v 4.303080 7.519978 -1.641343
v 4.303080 7.519977 -0.232231
v 4.122780 5.248394 -0.306167
v 4.122779 5.248394 -1.559641
v 1.117485 13.455976 -0.933011
v 0.885536 11.768868 -0.933011
v 0.004644 11.720535 -0.933011
v 0.004631 14.051699 -0.933011
v 1.536541 13.013513 -0.933011
v 1.329376 11.777822 -0.933011
v 2.676071 12.634903 -0.933012
v 1.998420 11.383115 -0.933012
v 3.121414 11.175847 -0.933031
v 2.699609 10.930070 -0.933031
v 4.281582 10.109900 -0.933031
v 3.336294 9.741025 -0.933031
v 4.937949 8.527340 -0.948660
v 3.547268 7.918087 -0.932280
v 4.334571 5.653805 -0.932352
v 3.907818 5.631329 -0.932352
v 3.715553 0.254621 -0.933014
v 3.465085 0.276166 -0.933008
v 3.509899 1.438545 -0.933014
v 3.935630 1.420157 -0.933014
v 4.689863 4.842177 -0.933014
v 3.550732 4.815949 -0.933014
v 4.591903 4.066219 -0.933014
v 3.481770 4.052750 -0.933014
v 4.220424 2.622278 -0.933014
v 3.508892 2.631463 -0.933014
v 3.869940 8.938097 -0.932153
v 4.469827 9.141829 -0.933066
v 3.837128 6.634502 -0.932276
v 4.647542 6.754474 -0.933884
v 3.551381 8.422699 -0.932285
v 4.685163 8.969435 -0.945819
v 2.862152 10.150137 -0.933031
v 3.990850 10.818262 -0.933031
v 1.562040 11.657769 -0.933011
v 1.843416 12.995898 -0.933011
v 0.645219 13.851485 -0.933011
v 0.443810 11.742523 -0.933011
v 1.762293 11.526568 -0.933011
v 2.205711 12.979672 -0.933011
v 3.004241 11.523106 -0.933015
v 2.560540 11.055998 -0.933015
v 3.575113 11.187895 -0.933031
v 2.671922 10.551727 -0.933031
v 4.381696 9.616493 -0.932873
v 3.668300 9.389831 -0.932873
v 4.914206 7.713295 -0.941615
v 3.698803 7.326660 -0.932145
v 3.693346 5.235096 -0.932896
v 4.557297 5.261690 -0.932896
v 3.553905 0.015223 -0.933006
v 3.823138 1.513857 -0.625170
v 4.345692 4.750741 -0.243409
v 4.261484 4.025334 -0.243696
v 4.016237 2.675181 -0.445989
v 4.279650 9.076219 -0.648542
v 4.399214 6.738693 -0.437048
v 4.354510 8.744756 -0.366945
v 3.664774 10.581833 -0.374756
v 1.785795 12.557726 -0.447535
v 2.067368 12.518360 -0.426482
v 2.810551 11.399450 -0.688867
v 3.330274 10.902636 -0.476694
v 4.138193 9.584564 -0.646788
v 4.549197 7.592931 -0.288584
v 4.289589 5.160388 -0.356718
v 1.048338 12.918242 -1.622595
v 1.048338 12.918242 -0.243464
v 0.010217 13.297385 -1.938204
v 0.010217 13.297385 0.072145
v 1.485554 12.589984 -1.437455
v 1.485554 12.589984 -0.428604
v 2.366938 12.250608 -1.428338
v 2.366221 12.250608 -0.437723
v 2.985416 11.091681 -1.125065
v 2.985416 11.091681 -0.741044
v 3.979644 10.018293 -1.320129
v 3.979644 10.018293 -0.545979
v 4.526316 8.298038 -1.642992
v 4.526316 8.298038 -0.243708
v 4.183020 5.612059 -1.302575
v 4.183020 5.612059 -0.562579
v 3.666454 0.280361 -1.079139
v 3.666454 0.280361 -0.786916
v 3.823138 1.513856 -1.240905
v 4.345692 4.750740 -1.622665
v 4.261484 4.025333 -1.622378
v 4.016236 2.675180 -1.420085
v 4.279650 9.076219 -1.217053
v 4.399214 6.738694 -1.430169
v 4.354510 8.744756 -1.515925
v 3.664774 10.582059 -1.491352
v 1.785795 12.557726 -1.418524
v 0.600728 13.176180 -0.077511
v 0.600728 13.176180 -1.788548
v 2.067594 12.518359 -1.439576
v 2.810363 11.399450 -1.177202
v 3.330274 10.903542 -1.389414
v 4.138193 9.584564 -1.219007
v 4.549197 7.592931 -1.588766
v 4.289589 5.160388 -1.509190
v 3.617982 0.009131 -0.933013
v 0.939883 12.305307 -1.667279
v 0.939883 12.305307 -0.198709
v 0.012032 12.431624 -2.003355
v 0.009849 12.431623 0.137368
v 1.398438 12.178592 -1.470132
v 1.398438 12.178592 -0.395855
v 2.143544 11.746939 -1.460422
v 2.143544 11.746938 -0.405564
v 2.847916 11.012361 -1.137471
v 2.847917 11.012361 -0.728546
v 3.603237 9.869247 -1.345186
v 3.603237 9.869247 -0.520831
v 3.952043 8.041612 -1.681917
v 3.952043 8.041612 -0.191887
v 4.033655 5.603609 -1.326545
v 4.033656 5.603609 -0.538559
v 3.553172 0.290552 -1.087852
v 3.553172 0.290555 -0.778145
v 3.648083 1.521651 -1.260835
v 3.871147 4.739623 -1.667354
v 3.798611 4.019624 -1.667048
v 3.721070 2.679075 -1.451636
v 4.046542 8.993303 -1.235074
v 4.073137 6.688395 -1.461717
v 3.889018 8.515137 -1.547846
v 3.211432 10.318762 -1.527513
v 1.664333 12.038543 -1.449973
v 0.502702 12.392941 -0.021993
v 0.503065 12.392941 -1.843994
v 1.892526 11.933687 -1.472391
v 2.662650 11.212335 -1.192997
v 2.971509 10.676471 -1.418964
v 3.857487 9.492980 -1.237513
v 4.049189 7.430202 -1.627180
v 3.936149 5.149320 -1.546527
v 3.648083 1.521649 -0.605169
v 3.871147 4.739623 -0.198650
v 3.798610 4.019624 -0.198956
v 3.721070 2.679075 -0.414368
v 4.046541 8.993303 -0.629694
v 4.073137 6.688394 -0.404191
v 3.889018 8.515137 -0.324353
v 3.211432 10.318761 -0.338504
v 1.664333 12.038543 -0.416014
v 1.892526 11.933687 -0.393596
v 2.662650 11.212335 -0.672993
v 2.971509 10.676471 -0.447053
v 3.857487 9.492980 -0.628186
v 4.049189 7.430202 -0.242679
v 3.936149 5.149320 -0.319315
v 3.498711 0.021490 -0.932989
v 1.093008 13.363081 -0.614761
v 0.010665 11.818851 -0.461791
v 0.006594 13.910158 -0.461791
v 1.528035 12.919552 -0.716937
v 2.598233 12.575778 -0.702795
v 3.098106 11.157482 -0.856117
v 4.233259 10.114051 -0.752620
v 4.900019 8.455171 -0.613640
v 4.306263 5.617957 -0.770483
v 3.729913 0.275341 -0.857240
v 3.537948 1.526387 -0.785033
v 3.576455 4.732866 -0.601550
v 3.511420 4.016155 -0.601688
v 3.536998 2.681441 -0.698915
v 3.890266 8.940475 -0.799227
v 3.862840 6.657433 -0.697836
v 3.595211 8.374077 -0.658165
v 2.917175 10.151200 -0.672826
v 1.590694 11.689022 -0.712069
v 0.637065 13.730545 -0.531947
v 0.450404 11.838576 -0.531947
v 1.785891 11.556224 -0.697572
v 2.565390 11.089102 -0.821575
v 2.735464 10.534514 -0.722430
v 3.671501 9.434139 -0.799514
v 3.734399 7.330484 -0.621361
v 3.712228 5.142448 -0.658988
v 3.559456 0.015313 -0.862567
v 0.879249 11.860469 -0.614761
v 1.343478 11.849024 -0.716937
v 2.009182 11.421769 -0.702795
v 2.734476 10.946560 -0.856117
v 3.356797 9.773490 -0.752620
v 3.591856 7.884479 -0.597783
v 3.921072 5.597711 -0.770484
v 3.493468 0.295573 -0.856903
v 3.939430 1.509119 -0.785033
v 4.650705 4.757497 -0.601550
v 4.558324 4.028804 -0.601688
v 4.208004 2.672814 -0.698915
v 4.447408 9.129046 -0.800110
v 4.622013 6.769656 -0.699393
v 4.660472 8.885815 -0.671267
v 3.963695 10.762985 -0.672826
v 1.849347 12.907247 -0.712069
v 2.187667 12.895823 -0.697572
v 2.961452 11.521173 -0.821575
v 3.568318 11.098959 -0.722430
v 4.332956 9.643405 -0.799514
v 4.877685 7.692649 -0.630528
v 4.523676 5.167259 -0.658988
v 3.628025 0.009779 -0.867176
v 3.514581 0.021383 -0.865828
v 0.879249 11.860469 -1.251226
v 1.343478 11.849024 -1.149050
v 2.009182 11.421769 -1.163191
v 2.734476 10.946560 -1.009900
v 3.356796 9.773489 -1.113397
v 3.591856 7.884479 -1.267289
v 3.921072 5.597711 -1.094620
v 3.493468 0.295573 -1.009094
v 3.939430 1.509119 -1.080970
v 4.650705 4.757497 -1.264454
v 4.558325 4.028804 -1.264316
v 4.208004 2.672815 -1.167089
v 4.447408 9.129046 -1.065937
v 4.622013 6.769656 -1.168771
v 4.660472 8.885815 -1.219921
v 3.963695 10.763212 -1.193191
v 1.849348 12.907247 -1.153918
v 2.185175 12.895823 -1.168415
v 2.965039 11.521173 -1.044416
v 3.568318 11.099865 -1.143587
v 4.332956 9.643404 -1.066185
v 4.877684 7.692648 -1.252617
v 4.523676 5.167258 -1.206853
v 1.093008 13.363080 -1.251226
v -0.012028 11.818851 -1.404196
v -0.013371 13.910158 -1.404196
v 1.528035 12.919552 -1.149050
v 2.588832 12.575778 -1.163191
v 3.098106 11.157482 -1.009900
v 4.233259 10.114051 -1.113397
v 4.900019 8.455172 -1.283146
v 4.306263 5.617958 -1.094620
v 3.729914 0.275342 -1.008763
v 3.537948 1.526387 -1.080970
v 3.576455 4.732866 -1.264453
v 3.511420 4.016155 -1.264316
v 3.536997 2.681442 -1.167089
v 3.890266 8.940475 -1.065054
v 3.862840 6.657433 -1.167214
v 3.595211 8.374077 -1.206819
v 2.917175 10.151200 -1.193191
v 1.590694 11.689022 -1.153918
v 0.633737 13.730545 -1.334041
v 0.446622 11.838576 -1.334041
v 1.785891 11.556224 -1.168415
v 2.565390 11.089102 -1.044416
v 2.735464 10.534514 -1.143587
v 3.671501 9.434139 -1.066185
v 3.734399 7.330484 -1.243450
v 3.712228 5.142448 -1.206853
v 3.559456 0.015312 -1.003417
v 3.628024 0.009778 -0.998819
v 3.514581 0.021382 -1.000144
v 2.360864 11.307341 -0.623623
v 2.764811 11.923473 -0.629572
v 2.762960 11.923473 -1.236472
v 2.360864 11.307341 -1.242400
v 2.563173 11.595006 -0.529749
v 2.563173 11.595006 -1.336296
v 2.330940 11.188151 -0.933012
v 2.936452 12.000351 -0.933012
v 2.652643 11.768909 -0.566734
v 2.652114 11.768909 -1.299331
v 2.453512 11.441504 -1.323045
v 2.453512 11.441504 -0.542937
v 2.332808 11.230132 -0.762751
v 2.869649 11.979904 -0.762751
v 2.870178 11.979904 -1.103231
v 2.332808 11.230132 -1.103231
v -1.055063 13.196046 -1.501070
v -0.877484 12.026210 -1.512241
v -1.055063 13.196046 -0.364971
v -0.877484 12.026210 -0.353782
v 0.019285 12.019296 -1.787769
v 0.014003 13.666488 -0.094560
v 0.014157 12.019296 -0.078254
v 0.018994 13.666488 -1.771481
v -1.502698 12.770663 -1.324728
v -1.357481 11.975154 -1.332898
v -1.502698 12.770663 -0.541312
v -1.357481 11.975154 -0.533125
v -2.473096 12.462459 -1.343345
v -2.027945 11.514618 -1.351366
v -2.472756 12.462459 -0.522697
v -2.027945 11.514618 -0.514657
v -3.033058 11.128151 -1.074528
v -2.768255 10.974016 -1.077629
v -3.033058 11.128151 -0.791558
v -2.768255 10.974016 -0.788433
v -4.109984 10.102242 -1.254405
v -3.393543 9.821915 -1.260669
v -4.109984 10.102242 -0.611681
v -3.393543 9.821914 -0.605394
v -4.759278 8.356813 -1.539517
v -3.667895 7.877059 -1.538161
v -4.759278 8.356813 -0.353011
v -3.667895 7.877059 -0.328968
v -4.222104 5.581127 -1.225214
v -3.921861 5.565076 -1.231207
v -4.222103 5.581128 -0.640352
v -3.921861 5.565076 -0.634347
v -3.726676 0.441308 -1.075388
v -3.509140 0.458839 -1.078656
v -3.726676 0.441308 -0.790667
v -3.509140 0.458839 -0.787378
v -3.893437 1.598872 -0.671034
v -3.893437 1.598873 -1.195033
v -3.557774 1.613441 -1.200016
v -3.557774 1.613442 -0.666034
v -4.524208 4.671690 -1.519916
v -3.624532 4.650909 -1.531088
v -3.624532 4.650908 -0.334961
v -4.524208 4.671690 -0.346151
v -4.439560 3.990810 -0.346395
v -4.439560 3.990810 -1.519672
v -3.562684 3.980138 -1.530840
v -3.562684 3.980138 -0.335210
v -4.130911 2.723746 -0.518549
v -4.130911 2.723745 -1.347518
v -3.569260 2.731026 -1.355406
v -3.569260 2.731025 -0.510644
v -4.360453 9.107459 -0.696319
v -4.360452 9.107459 -1.169574
v -3.905630 8.951658 -1.173462
v -3.905630 8.951659 -0.690989
v -4.521206 6.779676 -0.517196
v -4.521206 6.779677 -1.351050
v -3.892781 6.685524 -1.357849
v -3.892781 6.685524 -0.507894
v -4.546304 8.778686 -0.457485
v -4.546305 8.778685 -1.430195
v -3.659349 8.348967 -1.429014
v -3.659349 8.348967 -0.437676
v -2.999921 10.180190 -0.460463
v -3.856347 10.682047 -0.469526
v -3.856346 10.682953 -1.396559
v -2.999921 10.180190 -1.405600
v -1.832184 12.760341 -0.537536
v -1.832184 12.760341 -1.328504
v -1.620420 11.778528 -1.336367
v -1.620420 11.778528 -0.529656
v -0.458192 12.027024 -0.205515
v -0.615498 13.517210 -1.646647
v -0.457337 12.027024 -1.660508
v -0.616330 13.517210 -0.219394
v -2.136825 12.749063 -0.513386
v -2.137052 12.749063 -1.352655
v -1.814538 11.648788 -1.360859
v -1.814538 11.648788 -0.505164
v -2.567671 11.142745 -1.136317
v -2.567671 11.142745 -0.729713
v -2.857217 11.495681 -0.733681
v -2.857405 11.495681 -1.132368
v -3.494863 10.995424 -0.557146
v -3.494863 10.999049 -1.308940
v -2.818425 10.540960 -1.316327
v -2.818425 10.540960 -0.549735
v -4.217855 9.660509 -1.170423
v -3.678005 9.488256 -1.175049
v -3.678005 9.488256 -0.690698
v -4.217854 9.660509 -0.695348
v -4.746080 7.655382 -1.491712
v -3.792723 7.350928 -1.494906
v -3.792723 7.350928 -0.371354
v -4.746081 7.655383 -0.389240
v -4.415310 5.071682 -1.419071
v -3.740260 5.050945 -1.428405
v -3.740260 5.050945 -0.437553
v -4.415310 5.071682 -0.446904
v -0.982703 12.612422 -1.695008
v -0.982703 12.612422 -0.171033
v 0.011582 12.886117 -2.034601
v 0.012127 12.886117 0.168560
v -1.413280 12.395667 -1.511376
v -1.413280 12.395667 -0.354664
v -2.234545 12.009008 -1.478326
v -2.234544 12.009008 -0.387716
v -2.887900 11.052958 -1.159896
v -2.887900 11.052958 -0.706190
v -3.784346 9.925462 -1.358574
v -3.784346 9.925462 -0.507512
v -4.216431 8.222713 -1.698560
v -4.216431 8.222713 -0.182042
v -4.095731 5.642567 -1.352089
v -4.095730 5.642567 -0.512627
v -3.566858 0.265393 -1.090789
v -3.566858 0.265393 -0.775241
v -3.698427 1.429350 -0.600195
v -3.698427 1.429350 -1.265851
v -4.094919 4.829063 -1.678563
v -4.094919 4.829064 -0.187483
v -4.011625 4.059485 -1.678253
v -4.011625 4.059484 -0.187793
v -3.839936 2.626870 -1.459559
v -3.839936 2.626870 -0.406487
v -4.144214 9.039963 -0.620671
v -4.144214 9.039963 -1.244556
v -4.216411 6.694488 -0.391279
v -4.216411 6.694489 -1.474859
v -4.092434 8.696066 -0.315610
v -4.092433 8.696066 -1.562218
v -3.402536 10.472874 -1.546807
v -3.402536 10.472874 -0.319278
v -1.682451 12.326834 -0.392618
v -1.682451 12.326834 -1.473423
v -0.526594 12.797005 0.004551
v -0.526685 12.797005 -1.870592
v -1.945838 12.253120 -0.375341
v -1.945838 12.253120 -1.490700
v -2.723576 11.292572 -1.204415
v -2.723576 11.292572 -0.661634
v -3.100218 10.824506 -0.428715
v -3.100219 10.824506 -1.437370
v -4.000005 9.503162 -1.247420
v -4.000005 9.503162 -0.618351
v -4.280282 7.519977 -1.641343
v -4.280282 7.519977 -0.232231
v -4.099981 5.248394 -0.306167
v -4.099981 5.248394 -1.559641
v -1.094686 13.455976 -0.933011
v -0.862737 11.768868 -0.933011
v 0.018155 11.720535 -0.933011
v 0.018168 14.051699 -0.933011
v -1.513743 13.013512 -0.933011
v -1.306578 11.777822 -0.933011
v -2.653272 12.634903 -0.933012
v -1.975621 11.383115 -0.933012
v -3.098615 11.175847 -0.933031
v -2.676810 10.930070 -0.933031
v -4.258783 10.109900 -0.933031
v -3.313495 9.741024 -0.933031
v -4.915150 8.527340 -0.948660
v -3.524469 7.918087 -0.932280
v -4.311772 5.653805 -0.932352
v -3.885019 5.631329 -0.932352
v -3.692754 0.254622 -0.933014
v -3.442286 0.276167 -0.933008
v -3.487100 1.438546 -0.933014
v -3.912830 1.420156 -0.933014
v -4.667064 4.842177 -0.933014
v -3.527933 4.815949 -0.933014
v -4.569104 4.066219 -0.933014
v -3.458971 4.052749 -0.933014
v -4.197626 2.622277 -0.933014
v -3.486093 2.631463 -0.933014
v -3.847141 8.938097 -0.932153
v -4.447029 9.141829 -0.933066
v -3.814329 6.634501 -0.932276
v -4.624743 6.754474 -0.933884
v -3.528582 8.422698 -0.932285
v -4.662364 8.969435 -0.945819
v -2.839353 10.150138 -0.933031
v -3.968051 10.818262 -0.933031
v -1.539242 11.657769 -0.933011
v -1.820617 12.995898 -0.933011
v -0.622420 13.851485 -0.933011
v -0.421011 11.742523 -0.933011
v -1.739494 11.526568 -0.933011
v -2.182912 12.979672 -0.933011
v -2.981442 11.523106 -0.933015
v -2.537741 11.055998 -0.933015
v -3.552314 11.187895 -0.933031
v -2.649123 10.551727 -0.933031
v -4.358898 9.616493 -0.932873
v -3.645501 9.389831 -0.932873
v -4.891407 7.713295 -0.941615
v -3.676004 7.326660 -0.932145
v -3.670546 5.235096 -0.932896
v -4.534499 5.261690 -0.932896
v -3.531106 0.015223 -0.933006
v -3.800339 1.513857 -0.625170
v -4.322893 4.750741 -0.243409
v -4.238686 4.025333 -0.243696
v -3.993438 2.675181 -0.445989
v -4.256851 9.076219 -0.648542
v -4.376415 6.738693 -0.437048
v -4.331712 8.744756 -0.366945
v -3.641974 10.581833 -0.374757
v -1.762996 12.557726 -0.447535
v -2.044568 12.518360 -0.426482
v -2.787753 11.399450 -0.688867
v -3.307475 10.902636 -0.476694
v -4.115394 9.584564 -0.646788
v -4.526398 7.592931 -0.288584
v -4.266790 5.160388 -0.356718
v -1.025539 12.918242 -1.622595
v -1.025539 12.918242 -0.243464
v 0.012582 13.297385 -1.938204
v 0.012582 13.297385 0.072145
v -1.462755 12.589984 -1.437455
v -1.462755 12.589984 -0.428604
v -2.344139 12.250608 -1.428338
v -2.343422 12.250608 -0.437723
v -2.962617 11.091681 -1.125065
v -2.962617 11.091681 -0.741044
v -3.956845 10.018293 -1.320129
v -3.956845 10.018293 -0.545979
v -4.503517 8.298038 -1.642992
v -4.503518 8.298038 -0.243708
v -4.160221 5.612059 -1.302575
v -4.160221 5.612059 -0.562579
v -3.643655 0.280361 -1.079139
v -3.643655 0.280361 -0.786916
v -3.800339 1.513856 -1.240905
v -4.322893 4.750740 -1.622665
v -4.238686 4.025333 -1.622378
v -3.993438 2.675180 -1.420085
v -4.256851 9.076218 -1.217053
v -4.376416 6.738694 -1.430169
v -4.331712 8.744756 -1.515925
v -3.641974 10.582059 -1.491352
v -1.762996 12.557726 -1.418524
v -0.577929 13.176180 -0.077511
v -0.577929 13.176180 -1.788548
v -2.044795 12.518359 -1.439576
v -2.787564 11.399450 -1.177202
v -3.307475 10.903542 -1.389414
v -4.115394 9.584564 -1.219007
v -4.526399 7.592931 -1.588766
v -4.266791 5.160388 -1.509190
v -3.595182 0.009131 -0.933013
v -0.917085 12.305308 -1.667279
v -0.917085 12.305307 -0.198709
v 0.010767 12.431624 -2.003355
v 0.012950 12.431623 0.137368
v -1.375640 12.178592 -1.470132
v -1.375640 12.178592 -0.395855
v -2.120745 11.746938 -1.460422
v -2.120745 11.746939 -0.405564
v -2.825117 11.012361 -1.137471
v -2.825118 11.012361 -0.728546
v -3.580438 9.869247 -1.345186
v -3.580438 9.869247 -0.520831
v -3.929244 8.041613 -1.681917
v -3.929244 8.041612 -0.191887
v -4.010856 5.603609 -1.326545
v -4.010857 5.603609 -0.538559
v -3.530373 0.290554 -1.087852
v -3.530373 0.290554 -0.778145
v -3.625284 1.521651 -1.260835
v -3.848348 4.739623 -1.667353
v -3.775811 4.019625 -1.667048
v -3.698271 2.679076 -1.451636
v -4.023743 8.993304 -1.235074
v -4.050338 6.688394 -1.461717
v -3.866219 8.515137 -1.547846
v -3.188633 10.318762 -1.527513
v -1.641534 12.038543 -1.449973
v -0.479903 12.392941 -0.021993
v -0.480267 12.392941 -1.843994
v -1.869728 11.933687 -1.472391
v -2.639851 11.212335 -1.192997
v -2.948710 10.676471 -1.418964
v -3.834688 9.492980 -1.237513
v -4.026391 7.430202 -1.627180
v -3.913350 5.149320 -1.546527
v -3.625284 1.521650 -0.605169
v -3.848348 4.739623 -0.198650
v -3.775811 4.019625 -0.198956
v -3.698271 2.679075 -0.414368
v -4.023743 8.993303 -0.629694
v -4.050338 6.688395 -0.404191
v -3.866219 8.515137 -0.324353
v -3.188633 10.318761 -0.338504
v -1.641534 12.038543 -0.416014
v -1.869728 11.933687 -0.393596
v -2.639851 11.212335 -0.672993
v -2.948709 10.676471 -0.447053
v -3.834687 9.492980 -0.628186
v -4.026391 7.430202 -0.242679
v -3.913350 5.149319 -0.319315
v -3.475912 0.021490 -0.932989
v -1.070209 13.363081 -0.614761
v 0.012133 11.818851 -0.461791
v 0.016204 13.910158 -0.461791
v -1.505236 12.919552 -0.716937
v -2.575434 12.575778 -0.702795
v -3.075307 11.157482 -0.856117
v -4.210460 10.114051 -0.752620
v -4.877220 8.455171 -0.613640
v -4.283465 5.617958 -0.770484
v -3.707114 0.275343 -0.857240
v -3.515148 1.526388 -0.785033
v -3.553656 4.732866 -0.601550
v -3.488621 4.016155 -0.601688
v -3.514199 2.681442 -0.698915
v -3.867467 8.940475 -0.799227
v -3.840041 6.657432 -0.697836
v -3.572412 8.374077 -0.658165
v -2.894376 10.151200 -0.672826
v -1.567896 11.689022 -0.712069
v -0.614266 13.730545 -0.531946
v -0.427605 11.838576 -0.531947
v -1.763092 11.556224 -0.697572
v -2.542591 11.089102 -0.821575
v -2.712665 10.534514 -0.722430
v -3.648702 9.434139 -0.799514
v -3.711600 7.330484 -0.621361
v -3.689429 5.142448 -0.658988
v -3.536657 0.015312 -0.862567
v -0.856450 11.860469 -0.614761
v -1.320679 11.849024 -0.716937
v -1.986383 11.421769 -0.702795
v -2.711677 10.946560 -0.856117
v -3.333997 9.773489 -0.752620
v -3.569057 7.884479 -0.597783
v -3.898273 5.597711 -0.770484
v -3.470670 0.295573 -0.856903
v -3.916631 1.509119 -0.785033
v -4.627906 4.757497 -0.601550
v -4.535526 4.028804 -0.601688
v -4.185205 2.672814 -0.698915
v -4.424610 9.129046 -0.800110
v -4.599215 6.769656 -0.699393
v -4.637674 8.885815 -0.671267
v -3.940896 10.762985 -0.672826
v -1.826549 12.907247 -0.712069
v -2.164868 12.895823 -0.697572
v -2.938653 11.521173 -0.821575
v -3.545519 11.098959 -0.722430
v -4.310158 9.643405 -0.799514
v -4.854886 7.692648 -0.630528
v -4.500878 5.167259 -0.658988
v -3.605225 0.009778 -0.867176
v -3.491782 0.021382 -0.865828
v -0.856450 11.860469 -1.251226
v -1.320679 11.849024 -1.149050
v -1.986383 11.421769 -1.163191
v -2.711677 10.946560 -1.009900
v -3.333997 9.773489 -1.113397
v -3.569057 7.884479 -1.267289
v -3.898273 5.597710 -1.094620
v -3.470669 0.295574 -1.009094
v -3.916631 1.509120 -1.080970
v -4.627907 4.757497 -1.264454
v -4.535526 4.028804 -1.264316
v -4.185205 2.672815 -1.167089
v -4.424609 9.129046 -1.065937
v -4.599215 6.769656 -1.168771
v -4.637673 8.885815 -1.219921
v -3.940896 10.763212 -1.193191
v -1.826549 12.907247 -1.153918
v -2.162376 12.895823 -1.168415
v -2.942240 11.521173 -1.044416
v -3.545518 11.099865 -1.143587
v -4.310158 9.643404 -1.066185
v -4.854886 7.692648 -1.252617
v -4.500878 5.167258 -1.206853
v -1.070209 13.363081 -1.251226
v 0.034827 11.818851 -1.404196
v 0.036170 13.910158 -1.404196
v -1.505236 12.919552 -1.149050
v -2.566033 12.575778 -1.163191
v -3.075307 11.157482 -1.009900
v -4.210461 10.114051 -1.113397
v -4.877220 8.455172 -1.283146
v -4.283465 5.617958 -1.094620
v -3.707115 0.275342 -1.008763
v -3.515149 1.526387 -1.080970
v -3.553656 4.732866 -1.264454
v -3.488621 4.016155 -1.264316
v -3.514198 2.681442 -1.167089
v -3.867467 8.940475 -1.065054
v -3.840041 6.657432 -1.167214
v -3.572412 8.374077 -1.206819
v -2.894376 10.151200 -1.193191
v -1.567895 11.689022 -1.153918
v -0.610938 13.730545 -1.334041
v -0.423823 11.838576 -1.334041
v -1.763092 11.556224 -1.168415
v -2.542591 11.089102 -1.044416
v -2.712665 10.534514 -1.143587
v -3.648702 9.434139 -1.066185
v -3.711600 7.330484 -1.243450
v -3.689429 5.142447 -1.206853
v -3.536658 0.015311 -1.003417
v -3.605225 0.009778 -0.998819
v -3.491782 0.021382 -1.000144
v -2.338065 11.307341 -0.623623
v -2.742012 11.923473 -0.629572
v -2.740161 11.923473 -1.236472
v -2.338065 11.307341 -1.242400
v -2.540374 11.595006 -0.529749
v -2.540374 11.595006 -1.336296
v -2.308141 11.188151 -0.933012
v -2.913653 12.000351 -0.933012
v -2.629844 11.768909 -0.566734
v -2.629315 11.768909 -1.299331
v -2.430713 11.441504 -1.323045
v -2.430713 11.441504 -0.542937
v -2.310009 11.230132 -0.762751
v -2.846850 11.979904 -0.762751
v -2.847379 11.979904 -1.103231
v -2.310009 11.230132 -1.103231
v 0.916800 12.155131 -1.605072
v 0.916800 12.155131 -0.260933
v 1.084605 13.289948 -0.475109
v 0.685319 12.027794 -0.271771
v 0.869410 13.386366 -1.581637
v 0.886392 11.932713 -1.392295
v 0.250550 12.023835 -1.724138
v 0.344239 13.603422 -0.156977
v 0.009795 12.205596 -1.919129
v 0.009618 11.899209 -0.253297
v 0.008935 12.205596 0.053124
v 0.007168 13.800082 -0.255336
v 1.389902 12.069625 -1.409865
v 1.389902 12.069626 -0.456140
v 1.528578 12.848087 -0.621371
v 1.362340 11.904841 -1.245658
v 1.150279 12.017344 -1.410591
v 1.150279 12.017344 -0.455432
v 1.305837 12.956369 -0.464940
v 1.305838 12.956369 -1.401101
v 2.091710 11.617702 -1.417168
v 2.091710 11.617702 -0.448837
v 2.547915 12.528356 -0.601851
v 2.024329 11.455118 -1.265158
v 2.327048 12.647132 -0.508477
v 1.703555 12.727139 -1.310024
v 1.535709 11.882443 -1.317769
v 1.535709 11.882443 -0.548254
v 2.819329 10.992168 -1.109817
v 2.819329 10.992168 -0.756223
v 3.079645 11.143486 -0.821856
v 2.762440 10.959268 -1.044574
v 2.690853 11.060410 -1.102956
v 2.204345 11.412657 -0.561093
v 2.649418 12.200225 -0.568242
v 2.648464 12.200225 -1.297802
v 3.498330 9.845683 -1.311822
v 3.498330 9.845683 -0.554218
v 4.189241 10.114910 -0.673545
v 3.374744 9.797804 -1.193280
v 3.213582 9.996398 -0.520777
v 3.295045 11.071545 -0.666089
v 3.295045 11.074037 -1.199997
v 2.809399 10.749758 -1.205381
v 3.807098 7.943213 -1.627416
v 3.807098 7.943213 -0.242688
v 4.856270 8.402282 -0.466404
v 3.626470 7.864647 -1.415367
v 4.687947 8.596847 -0.384595
v 4.194176 9.875025 -1.198834
v 3.572782 9.667449 -1.204013
v 3.572782 9.667449 -0.662010
v 3.983948 5.577671 -1.285652
v 3.983948 5.577671 -0.579756
v 4.277256 5.593189 -0.699118
v 3.927490 5.574721 -1.167041
v 4.381251 6.186335 -0.591706
v 4.808287 8.032183 -1.531753
v 3.750556 7.621847 -1.532382
v 3.750556 7.621847 -0.334353
v 3.538993 0.331523 -1.080107
v 3.538993 0.331523 -0.785910
v 3.738364 0.314515 -0.822364
v 3.513296 0.333615 -1.044938
v 3.816170 0.912407 -0.742786
v 4.329871 5.288947 -1.319308
v 3.854957 5.271859 -1.326918
v 3.854957 5.271859 -0.538847
v 4.023463 2.173209 -0.599372
v 3.816170 0.912406 -1.123279
v 3.553690 0.929090 -1.126989
v 3.553690 0.929090 -0.739057
v 3.875912 1.572750 -0.642138
v 3.557248 1.586682 -0.719749
v 3.612479 1.584314 -1.238266
v 3.935375 1.570380 -1.145657
v 4.536602 4.406368 -1.539478
v 3.608280 4.389174 -1.551022
v 3.608281 4.389174 -0.315027
v 4.512234 4.876495 -0.383417
v 4.609787 4.699138 -1.409336
v 3.745618 4.679265 -1.616783
v 3.597835 4.675887 -0.455296
v 4.454907 4.695760 -0.281416
v 4.536602 4.406368 -0.326589
v 4.317259 3.377149 -1.444092
v 3.584353 3.375794 -1.453820
v 3.584354 3.375795 -0.412230
v 4.521853 4.003008 -1.409137
v 3.679670 3.992803 -1.616498
v 3.535649 3.991068 -0.455495
v 4.371198 4.001273 -0.281687
v 4.317259 3.377149 -0.421975
v 4.023462 2.173206 -1.266695
v 3.593228 2.185285 -1.273043
v 3.593228 2.185285 -0.593007
v 4.189942 2.707608 -1.269415
v 3.650198 2.714568 -1.415924
v 3.557888 2.715752 -0.595627
v 4.092343 2.708792 -0.472832
v 4.304996 9.393019 -0.708052
v 4.468538 8.938013 -1.303956
v 3.797271 8.637109 -1.305089
v 3.797271 8.637109 -0.560512
v 4.334552 9.092744 -0.667559
v 3.902574 8.943211 -0.740427
v 3.980944 8.969625 -1.210865
v 4.420816 9.119158 -1.124159
v 4.677042 7.254283 -0.446405
v 4.381251 6.186334 -1.274227
v 3.943038 6.145855 -1.280837
v 3.943039 6.145854 -0.584773
v 4.477207 6.763968 -0.468222
v 3.880071 6.673842 -0.594276
v 3.985531 6.689323 -1.421777
v 4.591262 6.779449 -1.271602
v 4.468538 8.938013 -0.573439
v 4.687947 8.596847 -1.508128
v 3.655396 8.107276 -1.506097
v 3.655397 8.107276 -0.361078
v 4.472679 8.754858 -0.401408
v 3.627894 8.343590 -0.537258
v 3.775234 8.414119 -1.502605
v 4.628376 8.825387 -1.339191
v 2.902945 10.356661 -0.474272
v 4.024685 10.396148 -0.528685
v 4.024685 10.396261 -1.337401
v 3.213582 9.996398 -1.345285
v 2.961921 10.155422 -0.557633
v 3.109486 10.239202 -1.479385
v 3.934574 10.724550 -1.307276
v 3.783803 10.633323 -0.412711
v 1.703555 12.727139 -0.556017
v 2.003534 12.779852 -1.343564
v 1.741644 11.704093 -1.351606
v 1.741644 11.704093 -0.514417
v 1.827849 12.664256 -0.485243
v 1.618791 11.717791 -0.613996
v 1.655720 11.892550 -1.403417
v 1.857843 12.839016 -1.251026
v 0.253221 12.023835 -0.141884
v 0.341639 13.603422 -1.709064
v 0.685212 12.027794 -1.594252
v 0.869514 13.386365 -0.284404
v 0.639670 13.635849 -0.356230
v 0.491183 12.193345 -0.093696
v 0.491326 12.193345 -1.772310
v 0.465002 11.916162 -0.354496
v 2.003506 12.779852 -0.522477
v 2.327628 12.647132 -1.357564
v 1.933188 11.590945 -1.365864
v 1.933188 11.590945 -0.500159
v 2.119483 12.641582 -0.461487
v 1.810285 11.584475 -0.593310
v 1.863761 11.773207 -1.428155
v 2.177101 12.830314 -1.271670
v 2.486278 11.220502 -1.183638
v 2.690853 11.060410 -0.763088
v 2.958232 11.310204 -0.766536
v 2.958680 11.310204 -1.099528
v 2.621882 11.176044 -1.169864
v 2.923780 11.515483 -1.093383
v 2.843071 11.454056 -0.707555
v 2.573107 11.114429 -0.772133
v 3.711168 10.877210 -0.483078
v 3.711168 10.879814 -1.383007
v 2.902945 10.356661 -1.391790
v 2.809399 10.749758 -0.660682
v 3.436605 10.946323 -0.509570
v 3.556351 11.047091 -1.236018
v 2.904075 10.596616 -1.377774
v 2.785702 10.525638 -0.629099
v 4.304996 9.393019 -1.157050
v 3.830479 9.242435 -1.161421
v 3.830479 9.242435 -0.703655
v 4.194176 9.875025 -0.667213
v 4.289198 9.660681 -1.124656
v 3.767881 9.495249 -1.212855
v 3.674613 9.465828 -0.740488
v 4.189894 9.631260 -0.666238
v 4.677043 7.254282 -1.427299
v 3.872465 7.065116 -1.432802
v 3.872465 7.065117 -0.433134
v 4.808286 8.032183 -0.356201
v 4.835953 7.676376 -1.388219
v 3.919075 7.385050 -1.577276
v 3.761213 7.335191 -0.484285
v 4.668674 7.626518 -0.326591
v 4.512234 4.876495 -1.482639
v 3.696255 4.854513 -1.493111
v 3.696255 4.854513 -0.372927
v 4.329871 5.288948 -0.546472
v 4.369192 5.098759 -0.391166
v 3.726616 5.078896 -0.537998
v 3.838909 5.082332 -1.501633
v 4.488473 5.102195 -1.326750
v 1.029838 12.765453 -1.666095
v 1.029838 12.765453 -0.199961
v 0.010602 13.095803 -1.995315
v 0.010534 13.095803 0.129259
v 1.460319 12.494959 -1.483681
v 1.460319 12.494959 -0.382376
v 2.310157 12.131728 -1.458193
v 2.310067 12.131727 -0.407865
v 2.947025 11.072495 -1.147266
v 2.947024 11.072495 -0.718839
v 3.896145 9.968445 -1.343036
v 3.896145 9.968445 -0.523069
v 4.382367 8.270292 -1.675408
v 4.382367 8.270292 -0.208286
v 4.152245 5.633825 -1.333245
v 4.152245 5.633825 -0.531615
v 3.624119 0.269114 -1.085923
v 3.624119 0.269115 -0.780123
v 3.682621 1.458925 -0.597061
v 3.769264 1.455027 -1.255253
v 4.233144 4.805629 -1.654811
v 3.997088 4.800072 -0.180482
v 4.148497 4.049347 -1.654511
v 3.918169 4.046493 -0.180795
v 3.938127 2.641601 -1.442787
v 3.791538 2.643549 -0.401539
v 4.108854 9.017609 -0.619125
v 4.223618 9.059065 -1.233410
v 4.158123 6.687868 -0.387705
v 4.319320 6.713017 -1.456426
v 4.002079 8.617999 -0.309137
v 4.233254 8.732809 -1.543004
v 3.542611 10.530977 -1.524392
v 3.316136 10.400263 -0.316790
v 1.679534 12.188069 -0.392541
v 1.742321 12.447661 -1.451845
v 0.575377 12.988925 -0.028900
v 0.575388 12.988925 -1.837156
v 1.927342 12.098485 -0.373338
v 2.015830 12.390821 -1.470109
v 2.779944 11.343513 -1.193690
v 2.706056 11.249956 -0.661463
v 3.041917 10.757892 -0.427499
v 3.221459 10.867689 -1.418229
v 4.084875 9.537187 -1.235938
v 3.945738 9.491394 -0.617064
v 4.426415 7.558031 -1.619329
v 4.178218 7.476666 -0.225281
v 4.032348 5.216395 -0.301509
v 4.207701 5.221929 -1.538625
v 4.115929 5.421000 -1.452425
v 4.115929 5.421000 -0.412877
v 4.288445 7.890773 -0.187639
v 4.288445 7.890772 -1.690157
v 3.933677 9.704474 -0.581051
v 3.933677 9.704474 -1.284995
v 3.011048 10.944849 -1.307105
v 3.011048 10.944849 -0.558980
v 2.666349 11.427398 -0.605544
v 2.666349 11.427398 -1.260500
v 1.833027 12.302905 -1.480470
v 1.833027 12.302905 -0.385571
v 0.289077 12.849272 -1.952596
v 0.782146 12.717381 -0.078900
v 1.584067 12.347237 -1.476463
v 1.584067 12.347237 -0.389577
v 3.257857 10.676532 -0.336400
v 3.257857 10.676532 -1.529685
v 4.129129 8.870833 -1.408015
v 4.129129 8.870834 -0.463838
v 4.284091 7.133838 -1.562622
v 4.284092 7.133837 -0.306679
v 4.103697 9.275837 -1.229821
v 4.103696 9.275837 -0.635282
v 3.951310 3.365999 -0.283805
v 3.951310 3.365999 -1.582241
v 4.089591 4.528977 -0.162633
v 4.089591 4.528977 -1.703413
v 4.125924 5.057075 -0.233660
v 4.125925 5.057075 -1.632356
v 3.789369 2.012595 -1.356886
v 3.789369 2.012595 -0.509160
v 3.648109 0.785860 -0.694144
v 3.648109 0.785860 -1.171900
v 3.564756 0.046621 -0.827274
v 4.177657 6.166453 -0.468421
v 4.177657 6.166453 -1.396403
v 4.165575 8.487125 -0.222158
v 4.165575 8.487125 -1.658606
v 3.623768 10.201292 -1.468472
v 2.827038 11.170377 -1.174521
v 2.827039 11.170377 -0.691544
v 3.623768 10.201292 -0.397613
v 2.107924 12.159096 -0.368818
v 2.107924 12.159095 -1.497223
v 1.233790 12.493529 -1.593188
v 1.233790 12.493529 -0.272853
v 0.288793 12.849272 0.086556
v 0.782157 12.717381 -1.787141
v 1.108384 13.426946 -1.095753
v 0.881961 11.797494 -0.770252
v -0.005686 11.751259 -1.173984
v -0.006074 14.007467 -1.173984
v 1.532754 12.984150 -1.043498
v 1.332517 11.800073 -0.822507
v 2.644758 12.616426 -1.050730
v 2.001003 11.395194 -0.815275
v 3.114144 11.170108 -0.972343
v 2.710249 10.935223 -0.893696
v 4.267336 10.111197 -1.025274
v 3.342907 9.751170 -0.840766
v 4.927630 8.504787 -1.119864
v 3.561766 7.907584 -0.761159
v 4.326808 5.642602 -1.015297
v 3.912757 5.620823 -0.849527
v 3.720544 0.261097 -0.971753
v 3.474225 0.282230 -0.894215
v 3.519025 1.465997 -1.008681
v 3.937476 1.447959 -0.857333
v 4.678813 4.815716 -0.763496
v 3.559160 4.789986 -1.102518
v 4.582527 4.054527 -0.763567
v 3.491376 4.041315 -1.102447
v 4.217401 2.638070 -0.813291
v 3.518035 2.647081 -1.052724
v 3.877071 8.938840 -1.000118
v 4.464014 9.137835 -0.865078
v 3.845928 6.641668 -1.052376
v 4.640892 6.759219 -0.813928
v 3.565645 8.407504 -1.072643
v 4.678804 8.943303 -0.805525
v 2.879226 10.150470 -1.066082
v 3.983020 10.800564 -0.799957
v 1.569912 11.667536 -1.045987
v 1.844378 12.968195 -0.820018
v 0.639371 13.813692 -1.138106
v 0.442283 11.772540 -1.138106
v 1.768729 11.535836 -1.053402
v 2.199500 12.953470 -0.812603
v 2.991564 11.522785 -0.876022
v 2.561685 11.066342 -0.989988
v 3.573352 11.158403 -0.825326
v 2.691524 10.546349 -1.040714
v 4.367426 9.624903 -0.864671
v 3.669770 9.403677 -1.001052
v 4.904311 7.706843 -0.782577
v 3.710596 7.327855 -1.091298
v 3.699764 5.206143 -1.072995
v 4.547910 5.232181 -0.792806
v 3.555960 0.015249 -0.968886
v 3.473449 0.055692 -0.932996
v 4.433156 5.432442 -0.932644
v 3.803848 5.409558 -0.932644
v 3.617885 7.630224 -0.932196
v 4.965909 8.151321 -0.945879
v 3.525440 9.567904 -0.933012
v 4.345891 9.841045 -0.933012
v 2.672366 10.742441 -0.933031
v 3.350049 11.209552 -0.933031
v 2.462628 11.115534 -0.933012
v 2.977230 11.734921 -0.933012
v 2.005993 13.015861 -0.933011
v 1.659902 11.589950 -0.933011
v 0.225485 11.731529 -0.933011
v 0.895514 13.680699 -0.933011
v 1.697416 12.965840 -0.933011
v 1.465129 11.728634 -0.933011
v 3.791862 11.063168 -0.933031
v 2.725514 10.355023 -0.933031
v 4.565338 9.063499 -0.939796
v 3.698819 8.678169 -0.932199
v 4.801042 7.253977 -0.937198
v 3.773760 7.013699 -0.932195
v 4.420133 9.374911 -0.932538
v 3.792297 9.176763 -0.932538
v 3.489453 3.365145 -0.933014
v 4.417527 3.366853 -0.933014
v 3.504508 4.518128 -0.933014
v 4.679759 4.539828 -0.933014
v 3.611237 5.043176 -0.932999
v 4.645731 5.070974 -0.932999
v 4.063763 2.004975 -0.933014
v 3.518409 2.020216 -0.933014
v 3.484293 0.796377 -0.933013
v 3.585002 0.012160 -0.933011
v 3.887645 6.140118 -0.932308
v 3.814510 0.775347 -0.933014
v 3.510718 8.176203 -0.932314
v 4.473459 6.192789 -0.932509
v 3.090526 9.939215 -0.933031
v 4.160023 10.466200 -0.933031
v 4.826852 8.798050 -0.948791
v 3.054360 11.342164 -0.933022
v 1.868696 11.461657 -0.933011
v 2.635761 10.994435 -0.933022
v 1.337119 13.202291 -0.933011
v 2.446429 12.856534 -0.933011
v 0.341244 13.967014 -0.933011
v 1.123385 11.784769 -0.933011
v 0.659938 11.754062 -0.933011
v 3.769264 1.455028 -0.610812
v 4.233144 4.805630 -0.211254
v 4.148497 4.049347 -0.211554
v 3.938127 2.641601 -0.423278
v 4.223619 9.059065 -0.632014
v 4.319320 6.713017 -0.410171
v 4.233254 8.732808 -0.337382
v 3.542611 10.530949 -0.341713
v 1.742321 12.447661 -0.414212
v 2.015801 12.390821 -0.395947
v 2.779967 11.343513 -0.672376
v 3.221459 10.867576 -0.447877
v 4.084874 9.537186 -0.629854
v 4.426415 7.558032 -0.256115
v 4.207702 5.221930 -0.327224
v 1.065174 13.067529 -1.572956
v 1.065174 13.067529 -0.293101
v 0.009156 13.493696 -1.872302
v 0.009780 13.493696 0.006245
v 1.509596 12.683304 -1.386378
v 1.509596 12.683304 -0.479678
v 2.433389 12.365771 -1.394107
v 2.431643 12.365771 -0.471951
v 3.023272 11.110585 -1.100900
v 3.023273 11.110585 -0.765206
v 4.060723 10.067031 -1.293812
v 4.060723 10.067031 -0.572293
v 4.666350 8.323715 -1.604589
v 4.666350 8.323715 -0.285084
v 4.213469 5.590241 -1.268423
v 4.213469 5.590241 -0.597021
v 3.710335 0.316608 -1.073706
v 3.710335 0.316608 -0.792354
v 3.875912 1.572749 -1.223941
v 4.454907 4.695761 -1.584663
v 4.371198 4.001273 -1.584392
v 4.092342 2.708792 -1.393247
v 4.334552 9.092744 -1.198199
v 4.477206 6.763967 -1.399607
v 4.472680 8.754858 -1.483916
v 3.783803 10.633974 -1.453394
v 1.827849 12.664256 -1.380813
v 0.624462 13.358666 -0.133599
v 0.624358 13.358666 -1.732458
v 2.120050 12.641582 -1.404569
v 2.842646 11.454056 -1.158511
v 3.436605 10.948929 -1.356535
v 4.189894 9.631260 -1.199554
v 4.668674 7.626518 -1.552643
v 4.369192 5.098759 -1.474797
v 3.655148 0.037551 -0.933014
v 3.621548 0.009335 -0.966667
v 1.275358 12.734257 -0.347173
v 2.214026 12.419689 -0.420557
v 3.835701 10.304605 -0.446012
v 2.892932 11.243537 -0.721009
v 4.441555 8.550426 -0.280816
v 4.283443 6.177052 -0.515033
v 3.734864 0.839335 -0.712052
v 3.912317 2.092690 -0.540962
v 4.330921 4.967168 -0.286564
v 4.326968 4.467973 -0.220423
v 4.145067 3.371597 -0.332508
v 4.209451 9.336813 -0.662160
v 4.491280 7.197320 -0.356769
v 4.307300 8.909515 -0.503727
v 3.496558 10.774804 -0.390630
v 1.648776 12.546721 -0.454756
v 1.924128 12.558103 -0.436444
v 2.740391 11.567132 -0.635872
v 3.159462 11.002771 -0.600266
v 4.071897 9.793038 -0.612871
v 4.563370 7.968554 -0.248313
v 4.227927 5.355232 -0.462917
v 4.227927 5.355232 -1.402639
v 4.563371 7.968555 -1.634679
v 4.071897 9.793038 -1.253199
v 3.159462 11.003394 -1.265843
v 2.739877 11.567132 -1.230192
v 1.924156 12.558103 -1.429615
v 0.320498 13.246564 -1.863376
v 0.833045 13.069140 -0.154375
v 1.648776 12.546721 -1.411303
v 3.496558 10.775455 -1.475478
v 4.307300 8.909515 -1.370975
v 4.491280 7.197321 -1.514785
v 4.209451 9.336813 -1.202969
v 4.145067 3.371598 -1.533566
v 4.326968 4.467973 -1.645651
v 4.330921 4.967168 -1.579490
v 3.912316 2.092690 -1.325112
v 3.734864 0.839335 -1.154020
v 3.636338 0.043963 -0.834724
v 4.283443 6.177052 -1.350358
v 4.441555 8.550426 -1.606063
v 3.835701 10.304633 -1.420096
v 2.892909 11.243537 -1.145075
v 2.214654 12.419689 -1.445502
v 1.275358 12.734257 -1.518885
v 0.320498 13.246564 -0.002683
v 0.833045 13.069140 -1.711683
v 0.972481 12.458986 -1.696815
v 0.972481 12.458986 -0.169192
v 0.012040 12.662923 -2.040107
v 0.010471 12.662923 0.174099
v 1.414311 12.289263 -1.506146
v 1.414311 12.289263 -0.359861
v 2.200724 11.879892 -1.480251
v 2.200724 11.879892 -0.385756
v 2.877932 11.032835 -1.155796
v 2.877931 11.032835 -0.710247
v 3.708718 9.893922 -1.360263
v 3.708718 9.893922 -0.505780
v 4.096892 8.142078 -1.703423
v 4.096892 8.142078 -0.173914
v 4.079325 5.629601 -1.349725
v 4.079325 5.629600 -0.515101
v 3.568108 0.274210 -1.091914
v 3.568108 0.274213 -0.774093
v 3.682622 1.458925 -1.268955
v 3.997088 4.800071 -1.685534
v 3.918169 4.046493 -1.685221
v 3.791538 2.643547 -1.464478
v 4.108854 9.017609 -1.245869
v 4.158123 6.687867 -1.478239
v 4.002079 8.617999 -1.565986
v 3.316136 10.400263 -1.549253
v 1.679534 12.188069 -1.473466
v 0.523357 12.597306 0.009268
v 0.523618 12.597306 -1.875275
v 1.927342 12.098485 -1.492669
v 2.706056 11.249956 -1.204549
v 3.041917 10.757892 -1.438544
v 3.945738 9.491394 -1.248662
v 4.178218 7.476667 -1.646464
v 4.032348 5.216395 -1.564294
v 3.612479 1.584313 -0.627762
v 3.745618 4.679265 -0.249246
v 3.679670 3.992803 -0.249530
v 3.650197 2.714568 -0.450104
v 3.980943 8.969625 -0.653724
v 3.985530 6.689323 -0.444100
v 3.775234 8.414119 -0.366540
v 3.109486 10.239202 -0.386655
v 1.655720 11.892550 -0.462588
v 1.863761 11.773207 -0.437851
v 2.621882 11.176044 -0.696146
v 2.904075 10.596616 -0.488265
v 3.767881 9.495249 -0.652867
v 3.919075 7.385050 -0.290620
v 3.838909 5.082331 -0.364283
v 3.525801 0.018339 -0.932995
v 3.503785 0.021457 -0.966816
v 0.719756 12.355319 -1.762144
v 0.263761 12.416337 0.057687
v 1.180864 12.246130 -1.556843
v 2.009902 11.858444 -1.478701
v 2.754577 11.112146 -1.158785
v 3.407745 10.092535 -1.451636
v 3.898309 8.288761 -1.642551
v 4.059771 6.155495 -1.377342
v 3.527761 0.054968 -0.830439
v 3.598313 0.848384 -1.168225
v 3.687055 2.099152 -1.350504
v 3.901349 4.955411 -1.621379
v 3.836900 4.458775 -1.691830
v 3.758758 3.370874 -1.572477
v 3.964753 9.256750 -1.220453
v 4.070816 7.096216 -1.550344
v 3.957729 8.748879 -1.396076
v 3.067894 10.508894 -1.510610
v 1.550387 12.105308 -1.442284
v 0.719710 12.355319 -0.103843
v 0.264898 12.416337 -1.923675
v 1.777107 11.986775 -1.461783
v 2.569150 11.316576 -1.249423
v 2.903030 10.843384 -1.287379
v 3.746925 9.682674 -1.273916
v 4.007421 7.749232 -1.674239
v 3.983269 5.346171 -1.433080
v 3.983269 5.346170 -0.432416
v 4.007421 7.749232 -0.197964
v 3.746925 9.682673 -0.592062
v 2.903030 10.843384 -0.578638
v 2.569150 11.316576 -0.616561
v 1.777108 11.986775 -0.404204
v 1.550387 12.105308 -0.423703
v 3.067894 10.508894 -0.355407
v 3.957728 8.748879 -0.472585
v 4.070816 7.096217 -0.317229
v 3.964753 9.256750 -0.644571
v 3.758758 3.370873 -0.293527
v 3.836900 4.458776 -0.174174
v 3.901349 4.955411 -0.244605
v 3.687055 2.099152 -0.515500
v 3.598313 0.848383 -0.697778
v 4.059771 6.155495 -0.487845
v 3.898309 8.288761 -0.231359
v 2.754577 11.112146 -0.707217
v 3.407745 10.092535 -0.414381
v 2.009901 11.858444 -0.387286
v 1.180864 12.246130 -0.309144
v 1.108384 13.426946 -0.770252
v 0.009915 11.751259 -0.692021
v 0.007652 14.007467 -0.692021
v 1.532754 12.984150 -0.822507
v 2.651625 12.616426 -0.815275
v 3.114144 11.170108 -0.893696
v 4.267336 10.111197 -0.840766
v 4.927629 8.504786 -0.777466
v 4.326808 5.642602 -0.849527
v 3.720544 0.261096 -0.894261
v 3.519025 1.465997 -0.857333
v 3.559160 4.789987 -0.763496
v 3.491376 4.041314 -0.763567
v 3.518035 2.647081 -0.813291
v 3.877071 8.938839 -0.864169
v 3.845928 6.641668 -0.812328
v 3.565646 8.407504 -0.792051
v 2.879226 10.150470 -0.799957
v 1.569912 11.667536 -0.820018
v 0.641658 13.813691 -0.727899
v 0.444883 11.772540 -0.727899
v 1.768729 11.535836 -0.812603
v 2.561685 11.066342 -0.876022
v 2.691523 10.546349 -0.825326
v 3.669771 9.403677 -0.864671
v 3.710597 7.327854 -0.773150
v 3.699764 5.206143 -0.792806
v 3.555959 0.015249 -0.897111
v 0.886393 11.932713 -0.473710
v 1.362340 11.904841 -0.620347
v 2.024329 11.455118 -0.600847
v 2.762440 10.959268 -0.821465
v 3.374745 9.797804 -0.672760
v 3.626470 7.864647 -0.450271
v 3.927490 5.574721 -0.698367
v 3.513296 0.333616 -0.821079
v 3.935375 1.570380 -0.720374
v 4.609787 4.699138 -0.456695
v 4.521853 4.003008 -0.456893
v 4.189942 2.707608 -0.596615
v 4.420815 9.119158 -0.741824
v 4.591262 6.779448 -0.596728
v 4.628376 8.825388 -0.550581
v 3.934575 10.723899 -0.558766
v 1.857843 12.839016 -0.614981
v 2.178404 12.830314 -0.594337
v 2.921609 11.515483 -0.772629
v 3.556351 11.044485 -0.630025
v 4.289198 9.660681 -0.741069
v 4.835953 7.676376 -0.494110
v 4.488473 5.102195 -0.539167
v 3.621548 0.009334 -0.899342
v 3.503785 0.021456 -0.899158
v 3.496707 0.057983 -0.867368
v 3.591462 0.012495 -0.864197
v 1.124498 11.869686 -0.672831
v 2.653187 11.019721 -0.840888
v 1.885961 11.496105 -0.694818
v 3.128922 9.956468 -0.706033
v 3.557410 8.128374 -0.615590
v 3.906798 6.141850 -0.741758
v 3.513523 0.853734 -0.826057
v 3.545972 2.103076 -0.744561
v 3.633674 4.948247 -0.622664
v 3.532863 4.453186 -0.590503
v 3.518667 3.370433 -0.644373
v 3.801073 9.205313 -0.806495
v 3.804699 7.034244 -0.655781
v 3.732808 8.649344 -0.726538
v 2.789819 10.341928 -0.680485
v 1.489117 11.778287 -0.724203
v 1.687922 11.616135 -0.702791
v 2.463146 11.154512 -0.795142
v 2.724546 10.737255 -0.784477
v 3.533030 9.611767 -0.783783
v 3.658282 7.614835 -0.600792
v 3.819164 5.340212 -0.716361
v 3.534969 0.018297 -0.863270
v 4.402328 5.361191 -0.716361
v 4.926321 8.102951 -0.614037
v 4.293744 9.863945 -0.783783
v 3.338583 11.146277 -0.784477
v 2.923405 11.728109 -0.795142
v 2.007019 12.928743 -0.702791
v 0.234049 11.828713 -0.496869
v 0.877153 13.575749 -0.568606
v 1.698867 12.873741 -0.724203
v 3.777956 10.980845 -0.680485
v 4.544018 9.009050 -0.733892
v 4.770631 7.259294 -0.660624
v 4.383198 9.388251 -0.806495
v 4.393880 3.372039 -0.644373
v 4.641176 4.473563 -0.590503
v 4.608836 4.974331 -0.622664
v 4.060265 2.088765 -0.744561
v 3.668752 0.040949 -0.868337
v 3.824962 0.833985 -0.826099
v 4.447995 6.190698 -0.741952
v 4.120550 10.442371 -0.706033
v 4.795294 8.710814 -0.631541
v 3.021555 11.334924 -0.840888
v 1.317570 13.110701 -0.672831
v 2.395259 12.782028 -0.694818
v 0.339607 13.834188 -0.496869
v 0.658368 11.848710 -0.568606
v 0.881961 11.797494 -1.095752
v 1.332517 11.800073 -1.043498
v 2.001003 11.395194 -1.050730
v 2.710249 10.935223 -0.972343
v 3.342907 9.751170 -1.025274
v 3.561766 7.907584 -1.103557
v 3.912757 5.620823 -1.015297
v 3.474225 0.282230 -0.971790
v 3.937476 1.447958 -1.008681
v 4.678812 4.815715 -1.102518
v 4.582527 4.054527 -1.102447
v 4.217402 2.638070 -1.052724
v 4.464014 9.137835 -1.001027
v 4.640892 6.759219 -1.053977
v 4.678804 8.943303 -1.086117
v 3.983020 10.800591 -1.066082
v 1.844379 12.968195 -1.045987
v 2.197659 12.953470 -1.053402
v 2.994136 11.522785 -0.989988
v 3.573352 11.158517 -1.040714
v 4.367426 9.624904 -1.001052
v 4.904311 7.706842 -1.100725
v 4.547910 5.232181 -1.072995
v 1.084605 13.289948 -1.390898
v -0.006625 11.899209 -1.612708
v -0.007182 13.800082 -1.610672
v 1.528579 12.848087 -1.244637
v 2.542705 12.528356 -1.264155
v 3.079645 11.143486 -1.044187
v 4.189241 10.114910 -1.192497
v 4.856269 8.402282 -1.428665
v 4.277256 5.593189 -1.166292
v 3.738364 0.314516 -1.043664
v 3.557248 1.586682 -1.146280
v 3.597835 4.675887 -1.410732
v 3.535650 3.991067 -1.410533
v 3.557888 2.715753 -1.270401
v 3.902574 8.943211 -1.123913
v 3.880070 6.673842 -1.271163
v 3.627894 8.343589 -1.328197
v 2.961921 10.155422 -1.308406
v 1.618791 11.717791 -1.252009
v 0.637278 13.635849 -1.509777
v 0.462295 11.916162 -1.511510
v 1.810285 11.584475 -1.272695
v 2.573107 11.114429 -1.093877
v 2.785702 10.525638 -1.236941
v 3.674612 9.465828 -1.125235
v 3.761213 7.335191 -1.381029
v 3.726617 5.078896 -1.327917
v 3.564756 0.046621 -1.038728
v 3.636338 0.043963 -1.031295
v 3.527761 0.054968 -1.035543
v 3.496706 0.057984 -0.998614
v 3.591462 0.012494 -1.001794
v 0.657895 11.848710 -1.297381
v 0.329208 13.834188 -1.369118
v 2.388165 12.782028 -1.171169
v 1.317570 13.110700 -1.193156
v 3.023702 11.334924 -1.025114
v 4.795294 8.710814 -1.265487
v 4.120551 10.442400 -1.159984
v 4.447995 6.190699 -1.123517
v 3.824962 0.833984 -1.039904
v 3.668752 0.040949 -0.997662
v 4.060265 2.088765 -1.121442
v 4.608835 4.974332 -1.243320
v 4.641176 4.473564 -1.275501
v 4.393880 3.372038 -1.221631
v 4.383198 9.388251 -1.058528
v 4.770631 7.259295 -1.213968
v 4.544018 9.009051 -1.145428
v 3.777956 10.981497 -1.185531
v 1.698868 12.873741 -1.141784
v 0.876737 13.575749 -1.297381
v 0.222230 11.828713 -1.369118
v 2.006707 12.928743 -1.163196
v 2.926893 11.728109 -1.070842
v 3.338583 11.146900 -1.081540
v 4.293745 9.863945 -1.082194
v 4.926321 8.102951 -1.277363
v 4.402328 5.361191 -1.149136
v 3.534969 0.018296 -1.002704
v 3.819164 5.340211 -1.149135
v 3.658282 7.614835 -1.264117
v 3.533030 9.611767 -1.082194
v 2.724546 10.737255 -1.081540
v 2.463146 11.154512 -1.070842
v 1.687922 11.616135 -1.163196
v 1.489117 11.778287 -1.141784
v 2.789819 10.341928 -1.185531
v 3.732808 8.649344 -1.138074
v 3.804699 7.034244 -1.209125
v 3.801073 9.205312 -1.058528
v 3.518666 3.370433 -1.221630
v 3.532864 4.453185 -1.275501
v 3.633674 4.948247 -1.243320
v 3.545972 2.103077 -1.121442
v 3.513523 0.853734 -1.039946
v 3.906797 6.141850 -1.123323
v 3.557409 8.128374 -1.249536
v 3.128922 9.956468 -1.159984
v 1.885961 11.496105 -1.171169
v 2.653188 11.019721 -1.025114
v 1.124498 11.869686 -1.193156
v 2.486278 11.220502 -0.682387
v 2.828788 11.692117 -0.687215
v 2.827731 11.692117 -1.178830
v 2.204345 11.412657 -1.304931
v 2.418522 11.804565 -0.448243
v 2.418522 11.804565 -1.417801
v 2.163985 11.284505 -0.933012
v 2.840898 12.324436 -0.933012
v 2.521139 12.014755 -0.492701
v 2.521247 12.014755 -1.373363
v 2.301721 11.596251 -1.401879
v 2.301721 11.596251 -0.464104
v 2.169506 11.326066 -0.728345
v 2.761285 12.284893 -0.728344
v 2.755843 12.284893 -1.137639
v 2.169506 11.326066 -1.137639
v 2.330963 11.201270 -1.020065
v 2.818054 11.960995 -1.177902
v 2.915488 11.994032 -0.845937
v 2.340174 11.263397 -0.687360
v 2.510334 11.516342 -0.528293
v 2.400705 11.369083 -1.291060
v 2.607550 11.680045 -1.321410
v 2.706963 11.855355 -0.592047
v 2.916149 11.994032 -1.020065
v 2.330962 11.201270 -0.845937
v 2.510334 11.516342 -1.337713
v 2.607616 11.680045 -0.544653
v 2.340174 11.263397 -1.178643
v 2.400705 11.369083 -0.574943
v 2.818815 11.960995 -0.688103
v 2.705476 11.855355 -1.274016
v -0.894001 12.155131 -1.605072
v -0.894001 12.155131 -0.260933
v -1.061807 13.289948 -0.475109
v -0.662520 12.027793 -0.271771
v -0.846612 13.386365 -1.581637
v -0.863594 11.932713 -1.392295
v -0.227751 12.023835 -1.724138
v -0.321440 13.603422 -0.156977
v 0.013004 12.205596 -1.919129
v 0.013181 11.899209 -0.253297
v 0.013864 12.205596 0.053124
v 0.015631 13.800082 -0.255336
v -1.367103 12.069625 -1.409865
v -1.367103 12.069625 -0.456140
v -1.505780 12.848087 -0.621371
v -1.339542 11.904841 -1.245658
v -1.127480 12.017344 -1.410591
v -1.127480 12.017344 -0.455432
v -1.283039 12.956369 -0.464940
v -1.283039 12.956369 -1.401101
v -2.068911 11.617702 -1.417168
v -2.068911 11.617702 -0.448837
v -2.525116 12.528356 -0.601851
v -2.001530 11.455118 -1.265158
v -2.304249 12.647132 -0.508477
v -1.680756 12.727139 -1.310024
v -1.512911 11.882443 -1.317769
v -1.512910 11.882443 -0.548254
v -2.796530 10.992168 -1.109817
v -2.796530 10.992168 -0.756223
v -3.056846 11.143486 -0.821856
v -2.739641 10.959268 -1.044574
v -2.668054 11.060410 -1.102956
v -2.181546 11.412657 -0.561093
v -2.626619 12.200225 -0.568242
v -2.625665 12.200225 -1.297802
v -3.475532 9.845683 -1.311822
v -3.475531 9.845683 -0.554218
v -4.166442 10.114910 -0.673545
v -3.351945 9.797804 -1.193280
v -3.190783 9.996398 -0.520777
v -3.272245 11.071545 -0.666089
v -3.272246 11.074037 -1.199997
v -2.786600 10.749758 -1.205381
v -3.784299 7.943213 -1.627416
v -3.784298 7.943213 -0.242688
v -4.833471 8.402282 -0.466404
v -3.603671 7.864646 -1.415367
v -4.665149 8.596847 -0.384595
v -4.171377 9.875025 -1.198833
v -3.549983 9.667449 -1.204013
v -3.549983 9.667448 -0.662010
v -3.961149 5.577671 -1.285652
v -3.961150 5.577671 -0.579756
v -4.254458 5.593189 -0.699118
v -3.904691 5.574722 -1.167041
v -4.358452 6.186335 -0.591706
v -4.785488 8.032183 -1.531753
v -3.727757 7.621846 -1.532382
v -3.727757 7.621846 -0.334353
v -3.516193 0.331523 -1.080107
v -3.516194 0.331524 -0.785910
v -3.715565 0.314516 -0.822364
v -3.490497 0.333616 -1.044938
v -3.793371 0.912406 -0.742786
v -4.307073 5.288948 -1.319308
v -3.832158 5.271859 -1.326918
v -3.832158 5.271859 -0.538847
v -4.000663 2.173207 -0.599372
v -3.793371 0.912406 -1.123279
v -3.530892 0.929090 -1.126990
v -3.530891 0.929090 -0.739057
v -3.853113 1.572748 -0.642138
v -3.534448 1.586681 -0.719749
v -3.589680 1.584313 -1.238266
v -3.912576 1.570381 -1.145657
v -4.513804 4.406368 -1.539478
v -3.585481 4.389175 -1.551022
v -3.585481 4.389175 -0.315027
v -4.489436 4.876495 -0.383417
v -4.586988 4.699138 -1.409336
v -3.722819 4.679265 -1.616783
v -3.575036 4.675887 -0.455296
v -4.432109 4.695760 -0.281416
v -4.513803 4.406368 -0.326589
v -4.294461 3.377149 -1.444092
v -3.561555 3.375794 -1.453820
v -3.561555 3.375794 -0.412230
v -4.499054 4.003008 -1.409137
v -3.656871 3.992804 -1.616498
v -3.512850 3.991068 -0.455495
v -4.348399 4.001273 -0.281687
v -4.294461 3.377149 -0.421975
v -4.000664 2.173206 -1.266695
v -3.570429 2.185285 -1.273043
v -3.570429 2.185284 -0.593007
v -4.167143 2.707608 -1.269415
v -3.627398 2.714568 -1.415924
v -3.535089 2.715752 -0.595627
v -4.069543 2.708792 -0.472832
v -4.282197 9.393019 -0.708052
v -4.445739 8.938013 -1.303956
v -3.774472 8.637109 -1.305089
v -3.774472 8.637109 -0.560512
v -4.311754 9.092744 -0.667558
v -3.879775 8.943212 -0.740427
v -3.958144 8.969625 -1.210865
v -4.398017 9.119158 -1.124159
v -4.654244 7.254282 -0.446405
v -4.358452 6.186334 -1.274227
v -3.920239 6.145855 -1.280837
v -3.920240 6.145855 -0.584773
v -4.454408 6.763967 -0.468222
v -3.857271 6.673842 -0.594276
v -3.962732 6.689323 -1.421777
v -4.568464 6.779448 -1.271602
v -4.445739 8.938014 -0.573439
v -4.665149 8.596847 -1.508128
v -3.632597 8.107276 -1.506097
v -3.632597 8.107276 -0.361078
v -4.449881 8.754858 -0.401408
v -3.605095 8.343590 -0.537258
v -3.752434 8.414119 -1.502605
v -4.605578 8.825387 -1.339191
v -2.880147 10.356661 -0.474272
v -4.001886 10.396148 -0.528685
v -4.001887 10.396261 -1.337401
v -3.190783 9.996398 -1.345285
v -2.939122 10.155422 -0.557634
v -3.086687 10.239202 -1.479385
v -3.911775 10.724550 -1.307276
v -3.761004 10.633323 -0.412711
v -1.680756 12.727139 -0.556017
v -1.980735 12.779852 -1.343564
v -1.718845 11.704093 -1.351606
v -1.718846 11.704093 -0.514417
v -1.805050 12.664256 -0.485243
v -1.595992 11.717791 -0.613996
v -1.632921 11.892550 -1.403417
v -1.835045 12.839016 -1.251026
v -0.230422 12.023835 -0.141884
v -0.318841 13.603422 -1.709064
v -0.662413 12.027794 -1.594252
v -0.846716 13.386366 -0.284404
v -0.616871 13.635849 -0.356230
v -0.468384 12.193345 -0.093696
v -0.468527 12.193345 -1.772310
v -0.442203 11.916162 -0.354496
v -1.980707 12.779852 -0.522477
v -2.304829 12.647132 -1.357564
v -1.910389 11.590945 -1.365864
v -1.910389 11.590945 -0.500159
v -2.096684 12.641582 -0.461487
v -1.787486 11.584475 -0.593310
v -1.840963 11.773207 -1.428154
v -2.154302 12.830314 -1.271670
v -2.463479 11.220502 -1.183638
v -2.668054 11.060410 -0.763088
v -2.935432 11.310204 -0.766536
v -2.935881 11.310204 -1.099528
v -2.599083 11.176044 -1.169864
v -2.900981 11.515483 -1.093383
v -2.820272 11.454056 -0.707555
v -2.550308 11.114429 -0.772133
v -3.688369 10.877210 -0.483078
v -3.688369 10.879814 -1.383007
v -2.880147 10.356661 -1.391790
v -2.786599 10.749758 -0.660682
v -3.413806 10.946323 -0.509570
v -3.533552 11.047091 -1.236018
v -2.881276 10.596616 -1.377774
v -2.762903 10.525638 -0.629099
v -4.282197 9.393019 -1.157050
v -3.807680 9.242435 -1.161421
v -3.807680 9.242435 -0.703655
v -4.171377 9.875025 -0.667213
v -4.266399 9.660681 -1.124656
v -3.745082 9.495248 -1.212855
v -3.651814 9.465828 -0.740488
v -4.167096 9.631260 -0.666238
v -4.654244 7.254282 -1.427299
v -3.849666 7.065116 -1.432802
v -3.849666 7.065116 -0.433134
v -4.785488 8.032183 -0.356201
v -4.813154 7.676376 -1.388219
v -3.896276 7.385050 -1.577276
v -3.738414 7.335191 -0.484285
v -4.645875 7.626518 -0.326591
v -4.489435 4.876495 -1.482639
v -3.673456 4.854513 -1.493111
v -3.673457 4.854513 -0.372927
v -4.307073 5.288948 -0.546472
v -4.346394 5.098759 -0.391166
v -3.703817 5.078896 -0.537998
v -3.816110 5.082332 -1.501633
v -4.465675 5.102195 -1.326750
v -1.007039 12.765453 -1.666095
v -1.007040 12.765453 -0.199961
v 0.012197 13.095803 -1.995315
v 0.012265 13.095803 0.129259
v -1.437521 12.494959 -1.483680
v -1.437521 12.494959 -0.382376
v -2.287358 12.131728 -1.458193
v -2.287268 12.131727 -0.407865
v -2.924225 11.072495 -1.147266
v -2.924226 11.072495 -0.718839
v -3.873346 9.968445 -1.343036
v -3.873346 9.968445 -0.523069
v -4.359568 8.270292 -1.675408
v -4.359568 8.270292 -0.208286
v -4.129447 5.633825 -1.333245
v -4.129446 5.633825 -0.531615
v -3.601320 0.269115 -1.085923
v -3.601320 0.269115 -0.780123
v -3.659822 1.458925 -0.597061
v -3.746465 1.455028 -1.255253
v -4.210345 4.805630 -1.654811
v -3.974288 4.800071 -0.180482
v -4.125699 4.049347 -1.654511
v -3.895371 4.046493 -0.180795
v -3.915329 2.641601 -1.442787
v -3.768739 2.643549 -0.401539
v -4.086056 9.017609 -0.619125
v -4.200820 9.059066 -1.233410
v -4.135324 6.687868 -0.387705
v -4.296522 6.713017 -1.456426
v -3.979280 8.617999 -0.309137
v -4.210455 8.732809 -1.543004
v -3.519812 10.530977 -1.524392
v -3.293337 10.400263 -0.316790
v -1.656735 12.188069 -0.392541
v -1.719522 12.447661 -1.451845
v -0.552578 12.988925 -0.028900
v -0.552589 12.988925 -1.837156
v -1.904543 12.098485 -0.373338
v -1.993031 12.390821 -1.470109
v -2.757145 11.343513 -1.193690
v -2.683257 11.249956 -0.661463
v -3.019118 10.757892 -0.427499
v -3.198661 10.867689 -1.418229
v -4.062076 9.537186 -1.235938
v -3.922939 9.491394 -0.617064
v -4.403617 7.558031 -1.619329
v -4.155419 7.476666 -0.225281
v -4.009549 5.216395 -0.301509
v -4.184903 5.221929 -1.538625
v -4.093130 5.421000 -1.452425
v -4.093130 5.421000 -0.412877
v -4.265646 7.890772 -0.187639
v -4.265646 7.890772 -1.690157
v -3.910878 9.704474 -0.581051
v -3.910878 9.704474 -1.284995
v -2.988249 10.944849 -1.307105
v -2.988250 10.944849 -0.558980
v -2.643550 11.427398 -0.605544
v -2.643550 11.427398 -1.260500
v -1.810229 12.302905 -1.480470
v -1.810229 12.302905 -0.385571
v -0.266278 12.849272 -1.952596
v -0.759347 12.717381 -0.078900
v -1.561268 12.347237 -1.476464
v -1.561268 12.347237 -0.389577
v -3.235058 10.676532 -0.336400
v -3.235058 10.676532 -1.529685
v -4.106330 8.870834 -1.408015
v -4.106330 8.870834 -0.463838
v -4.261293 7.133838 -1.562622
v -4.261293 7.133838 -0.306679
v -4.080898 9.275837 -1.229821
v -4.080898 9.275837 -0.635282
v -3.928511 3.366000 -0.283805
v -3.928511 3.366000 -1.582241
v -4.066792 4.528978 -0.162633
v -4.066792 4.528978 -1.703413
v -4.103126 5.057075 -0.233660
v -4.103126 5.057075 -1.632356
v -3.766570 2.012595 -1.356886
v -3.766570 2.012595 -0.509160
v -3.625310 0.785861 -0.694144
v -3.625310 0.785861 -1.171900
v -3.541957 0.046623 -0.827274
v -4.154858 6.166453 -0.468421
v -4.154858 6.166453 -1.396403
v -4.142776 8.487125 -0.222158
v -4.142776 8.487125 -1.658606
v -3.600969 10.201292 -1.468472
v -2.804240 11.170377 -1.174521
v -2.804240 11.170377 -0.691544
v -3.600968 10.201292 -0.397613
v -2.085125 12.159095 -0.368818
v -2.085125 12.159095 -1.497223
v -1.210991 12.493529 -1.593188
v -1.210992 12.493529 -0.272853
v -0.265994 12.849272 0.086556
v -0.759358 12.717381 -1.787140
v -1.085585 13.426946 -1.095753
v -0.859162 11.797494 -0.770252
v 0.028485 11.751259 -1.173984
v 0.028873 14.007467 -1.173984
v -1.509955 12.984150 -1.043498
v -1.309718 11.800073 -0.822507
v -2.621960 12.616426 -1.050730
v -1.978204 11.395194 -0.815275
v -3.091345 11.170108 -0.972343
v -2.687450 10.935223 -0.893696
v -4.244538 10.111197 -1.025274
v -3.320108 9.751170 -0.840766
v -4.904831 8.504787 -1.119864
v -3.538967 7.907584 -0.761159
v -4.304009 5.642603 -1.015297
v -3.889958 5.620823 -0.849527
v -3.697745 0.261097 -0.971753
v -3.451426 0.282230 -0.894215
v -3.496226 1.465996 -1.008681
v -3.914676 1.447958 -0.857333
v -4.656014 4.815715 -0.763496
v -3.536361 4.789987 -1.102518
v -4.559728 4.054526 -0.763567
v -3.468577 4.041314 -1.102447
v -4.194602 2.638070 -0.813291
v -3.495236 2.647081 -1.052724
v -3.854272 8.938840 -1.000118
v -4.441215 9.137835 -0.865078
v -3.823130 6.641668 -1.052376
v -4.618093 6.759218 -0.813928
v -3.542846 8.407504 -1.072643
v -4.656006 8.943303 -0.805525
v -2.856427 10.150470 -1.066082
v -3.960221 10.800564 -0.799957
v -1.547113 11.667536 -1.045987
v -1.821580 12.968195 -0.820018
v -0.616572 13.813692 -1.138106
v -0.419484 11.772540 -1.138106
v -1.745931 11.535836 -1.053402
v -2.176701 12.953470 -0.812603
v -2.968765 11.522785 -0.876022
v -2.538886 11.066342 -0.989988
v -3.550553 11.158403 -0.825326
v -2.668725 10.546349 -1.040714
v -4.344627 9.624903 -0.864671
v -3.646971 9.403677 -1.001052
v -4.881512 7.706843 -0.782577
v -3.687797 7.327855 -1.091298
v -3.676965 5.206144 -1.072995
v -4.525112 5.232181 -0.792806
v -3.533160 0.015249 -0.968886
v -3.450649 0.055692 -0.932996
v -4.410358 5.432442 -0.932644
v -3.781049 5.409557 -0.932644
v -3.595085 7.630224 -0.932196
v -4.943111 8.151321 -0.945879
v -3.502641 9.567904 -0.933012
v -4.323092 9.841045 -0.933012
v -2.649568 10.742441 -0.933031
v -3.327250 11.209552 -0.933031
v -2.439830 11.115534 -0.933012
v -2.954432 11.734921 -0.933012
v -1.983194 13.015862 -0.933011
v -1.637103 11.589950 -0.933011
v -0.202686 11.731529 -0.933011
v -0.872715 13.680699 -0.933011
v -1.674618 12.965840 -0.933011
v -1.442330 11.728634 -0.933011
v -3.769063 11.063168 -0.933031
v -2.702715 10.355023 -0.933031
v -4.542540 9.063499 -0.939796
v -3.676020 8.678169 -0.932199
v -4.778244 7.253977 -0.937198
v -3.750961 7.013699 -0.932195
v -4.397335 9.374911 -0.932538
v -3.769498 9.176763 -0.932538
v -3.466654 3.365146 -0.933014
v -4.394729 3.366854 -0.933014
v -3.481709 4.518128 -0.933014
v -4.656960 4.539828 -0.933014
v -3.588438 5.043176 -0.932999
v -4.622933 5.070974 -0.932999
v -4.040964 2.004975 -0.933014
v -3.495610 2.020215 -0.933014
v -3.461493 0.796377 -0.933013
v -3.562202 0.012159 -0.933011
v -3.864845 6.140117 -0.932308
v -3.791711 0.775347 -0.933014
v -3.487919 8.176203 -0.932314
v -4.450660 6.192789 -0.932509
v -3.067727 9.939215 -0.933031
v -4.137224 10.466200 -0.933031
v -4.804053 8.798050 -0.948791
v -3.031561 11.342164 -0.933022
v -1.845898 11.461657 -0.933011
v -2.612962 10.994435 -0.933022
v -1.314320 13.202291 -0.933011
v -2.423630 12.856534 -0.933011
v -0.318445 13.967014 -0.933011
v -1.100586 11.784769 -0.933011
v -0.637139 11.754062 -0.933011
v -3.746464 1.455028 -0.610812
v -4.210346 4.805629 -0.211254
v -4.125699 4.049348 -0.211554
v -3.915329 2.641602 -0.423278
v -4.200819 9.059065 -0.632014
v -4.296522 6.713017 -0.410171
v -4.210455 8.732808 -0.337382
v -3.519812 10.530949 -0.341713
v -1.719522 12.447661 -0.414212
v -1.993002 12.390821 -0.395947
v -2.757169 11.343513 -0.672376
v -3.198661 10.867576 -0.447877
v -4.062076 9.537187 -0.629854
v -4.403617 7.558031 -0.256115
v -4.184903 5.221930 -0.327224
v -1.042375 13.067528 -1.572956
v -1.042375 13.067528 -0.293101
v 0.013643 13.493696 -1.872302
v 0.013019 13.493696 0.006245
v -1.486797 12.683304 -1.386378
v -1.486797 12.683304 -0.479678
v -2.410590 12.365771 -1.394107
v -2.408844 12.365771 -0.471951
v -3.000473 11.110585 -1.100900
v -3.000473 11.110585 -0.765206
v -4.037924 10.067031 -1.293812
v -4.037925 10.067031 -0.572293
v -4.643551 8.323715 -1.604589
v -4.643552 8.323715 -0.285084
v -4.190669 5.590241 -1.268423
v -4.190670 5.590240 -0.597021
v -3.687536 0.316610 -1.073706
v -3.687535 0.316608 -0.792354
v -3.853113 1.572749 -1.223941
v -4.432109 4.695760 -1.584663
v -4.348399 4.001273 -1.584392
v -4.069543 2.708793 -1.393247
v -4.311754 9.092744 -1.198199
v -4.454408 6.763968 -1.399607
v -4.449882 8.754858 -1.483916
v -3.761004 10.633974 -1.453394
v -1.805050 12.664256 -1.380813
v -0.601663 13.358666 -0.133599
v -0.601559 13.358666 -1.732458
v -2.097251 12.641582 -1.404569
v -2.819847 11.454056 -1.158511
v -3.413806 10.948929 -1.356535
v -4.167096 9.631260 -1.199554
v -4.645875 7.626518 -1.552643
v -4.346393 5.098759 -1.474797
v -3.632349 0.037550 -0.933014
v -3.598749 0.009336 -0.966667
v -1.252559 12.734257 -0.347173
v -2.191227 12.419689 -0.420557
v -3.812902 10.304605 -0.446012
v -2.870133 11.243537 -0.721009
v -4.418756 8.550426 -0.280816
v -4.260644 6.177052 -0.515033
v -3.712065 0.839335 -0.712052
v -3.889518 2.092690 -0.540962
v -4.308122 4.967168 -0.286564
v -4.304170 4.467973 -0.220423
v -4.122268 3.371598 -0.332508
v -4.186651 9.336813 -0.662160
v -4.468481 7.197320 -0.356769
v -4.284502 8.909515 -0.503727
v -3.473759 10.774804 -0.390630
v -1.625977 12.546721 -0.454756
v -1.901329 12.558103 -0.436444
v -2.717592 11.567132 -0.635872
v -3.136663 11.002771 -0.600266
v -4.049098 9.793038 -0.612871
v -4.540572 7.968555 -0.248313
v -4.205128 5.355232 -0.462917
v -4.205128 5.355232 -1.402639
v -4.540572 7.968554 -1.634680
v -4.049098 9.793038 -1.253198
v -3.136663 11.003394 -1.265843
v -2.717078 11.567132 -1.230192
v -1.901357 12.558103 -1.429615
v -0.297699 13.246564 -1.863376
v -0.810246 13.069140 -0.154376
v -1.625977 12.546721 -1.411303
v -3.473759 10.775455 -1.475478
v -4.284501 8.909515 -1.370975
v -4.468481 7.197321 -1.514785
v -4.186652 9.336813 -1.202969
v -4.122268 3.371598 -1.533566
v -4.304170 4.467973 -1.645651
v -4.308123 4.967168 -1.579490
v -3.889517 2.092691 -1.325112
v -3.712065 0.839334 -1.154020
v -3.613539 0.043962 -0.834724
v -4.260645 6.177053 -1.350358
v -4.418756 8.550426 -1.606063
v -3.812902 10.304633 -1.420096
v -2.870110 11.243537 -1.145075
v -2.191855 12.419689 -1.445502
v -1.252559 12.734257 -1.518885
v -0.297699 13.246564 -0.002683
v -0.810246 13.069140 -1.711683
v -0.949682 12.458986 -1.696815
v -0.949682 12.458986 -0.169192
v 0.010759 12.662923 -2.040107
v 0.012328 12.662923 0.174099
v -1.391512 12.289263 -1.506146
v -1.391513 12.289263 -0.359861
v -2.177925 11.879892 -1.480251
v -2.177925 11.879892 -0.385756
v -2.855133 11.032835 -1.155796
v -2.855132 11.032835 -0.710247
v -3.685919 9.893922 -1.360263
v -3.685919 9.893922 -0.505780
v -4.074094 8.142078 -1.703423
v -4.074094 8.142078 -0.173914
v -4.056526 5.629601 -1.349725
v -4.056526 5.629600 -0.515101
v -3.545309 0.274211 -1.091914
v -3.545309 0.274211 -0.774093
v -3.659823 1.458925 -1.268955
v -3.974289 4.800071 -1.685534
v -3.895370 4.046493 -1.685221
v -3.768739 2.643549 -1.464478
v -4.086055 9.017609 -1.245869
v -4.135325 6.687867 -1.478239
v -3.979280 8.617999 -1.565986
v -3.293337 10.400263 -1.549253
v -1.656735 12.188069 -1.473466
v -0.500558 12.597306 0.009268
v -0.500820 12.597306 -1.875275
v -1.904544 12.098485 -1.492669
v -2.683257 11.249956 -1.204549
v -3.019118 10.757892 -1.438544
v -3.922939 9.491394 -1.248662
v -4.155419 7.476667 -1.646464
v -4.009549 5.216395 -1.564293
v -3.589680 1.584314 -0.627762
v -3.722819 4.679265 -0.249246
v -3.656871 3.992803 -0.249530
v -3.627398 2.714568 -0.450104
v -3.958144 8.969625 -0.653724
v -3.962731 6.689323 -0.444100
v -3.752434 8.414119 -0.366540
v -3.086687 10.239202 -0.386655
v -1.632921 11.892550 -0.462588
v -1.840962 11.773207 -0.437851
v -2.599083 11.176044 -0.696146
v -2.881276 10.596616 -0.488265
v -3.745082 9.495249 -0.652867
v -3.896276 7.385050 -0.290620
v -3.816110 5.082332 -0.364283
v -3.503002 0.018338 -0.932995
v -3.480986 0.021457 -0.966816
v -0.696957 12.355319 -1.762144
v -0.240963 12.416337 0.057687
v -1.158066 12.246130 -1.556843
v -1.987103 11.858444 -1.478701
v -2.731778 11.112146 -1.158785
v -3.384946 10.092535 -1.451636
v -3.875510 8.288761 -1.642551
v -4.036972 6.155495 -1.377342
v -3.504962 0.054968 -0.830439
v -3.575514 0.848383 -1.168225
v -3.664256 2.099151 -1.350504
v -3.878550 4.955411 -1.621379
v -3.814101 4.458776 -1.691830
v -3.735959 3.370873 -1.572477
v -3.941954 9.256750 -1.220453
v -4.048017 7.096216 -1.550344
v -3.934930 8.748879 -1.396076
v -3.045094 10.508894 -1.510610
v -1.527588 12.105308 -1.442284
v -0.696912 12.355319 -0.103843
v -0.242100 12.416337 -1.923674
v -1.754309 11.986775 -1.461783
v -2.546351 11.316576 -1.249423
v -2.880231 10.843384 -1.287379
v -3.724126 9.682673 -1.273916
v -3.984623 7.749232 -1.674239
v -3.960470 5.346170 -1.433080
v -3.960470 5.346171 -0.432416
v -3.984623 7.749232 -0.197964
v -3.724126 9.682673 -0.592062
v -2.880231 10.843384 -0.578638
v -2.546351 11.316576 -0.616561
v -1.754309 11.986775 -0.404204
v -1.527588 12.105308 -0.423704
v -3.045094 10.508894 -0.355407
v -3.934930 8.748879 -0.472585
v -4.048017 7.096216 -0.317229
v -3.941954 9.256750 -0.644571
v -3.735959 3.370872 -0.293527
v -3.814101 4.458776 -0.174174
v -3.878550 4.955411 -0.244605
v -3.664256 2.099152 -0.515500
v -3.575514 0.848382 -0.697778
v -4.036972 6.155495 -0.487845
v -3.875510 8.288761 -0.231359
v -2.731778 11.112146 -0.707217
v -3.384946 10.092535 -0.414381
v -1.987103 11.858444 -0.387286
v -1.158066 12.246130 -0.309144
v -1.085585 13.426946 -0.770252
v 0.012884 11.751259 -0.692021
v 0.015147 14.007467 -0.692021
v -1.509955 12.984150 -0.822507
v -2.628826 12.616426 -0.815275
v -3.091345 11.170108 -0.893696
v -4.244538 10.111197 -0.840766
v -4.904831 8.504786 -0.777466
v -4.304009 5.642603 -0.849527
v -3.697745 0.261096 -0.894261
v -3.496226 1.465997 -0.857333
v -3.536361 4.789986 -0.763496
v -3.468578 4.041315 -0.763567
v -3.495236 2.647081 -0.813291
v -3.854271 8.938840 -0.864169
v -3.823129 6.641667 -0.812328
v -3.542846 8.407504 -0.792051
v -2.856427 10.150470 -0.799957
v -1.547113 11.667536 -0.820018
v -0.618859 13.813692 -0.727899
v -0.422084 11.772540 -0.727899
v -1.745931 11.535836 -0.812603
v -2.538886 11.066342 -0.876022
v -2.668725 10.546349 -0.825326
v -3.646971 9.403677 -0.864671
v -3.687798 7.327854 -0.773150
v -3.676965 5.206143 -0.792806
v -3.533160 0.015249 -0.897111
v -0.863594 11.932713 -0.473710
v -1.339541 11.904841 -0.620347
v -2.001531 11.455118 -0.600847
v -2.739641 10.959268 -0.821465
v -3.351945 9.797804 -0.672760
v -3.603671 7.864647 -0.450271
v -3.904691 5.574722 -0.698367
v -3.490497 0.333615 -0.821079
v -3.912576 1.570380 -0.720374
v -4.586988 4.699138 -0.456695
v -4.499054 4.003008 -0.456893
v -4.167143 2.707608 -0.596615
v -4.398017 9.119158 -0.741824
v -4.568464 6.779448 -0.596728
v -4.605577 8.825388 -0.550581
v -3.911776 10.723899 -0.558766
v -1.835045 12.839016 -0.614981
v -2.155604 12.830314 -0.594337
v -2.898810 11.515484 -0.772629
v -3.533552 11.044485 -0.630025
v -4.266400 9.660681 -0.741069
v -4.813154 7.676376 -0.494110
v -4.465674 5.102195 -0.539167
v -3.598749 0.009333 -0.899342
v -3.480986 0.021456 -0.899158
v -3.473908 0.057984 -0.867368
v -3.568663 0.012494 -0.864197
v -1.101699 11.869686 -0.672831
v -2.630389 11.019721 -0.840888
v -1.863162 11.496105 -0.694818
v -3.106123 9.956468 -0.706033
v -3.534610 8.128374 -0.615590
v -3.883999 6.141850 -0.741758
v -3.490724 0.853734 -0.826057
v -3.523173 2.103077 -0.744561
v -3.610875 4.948247 -0.622664
v -3.510064 4.453185 -0.590503
v -3.495867 3.370433 -0.644373
v -3.778274 9.205312 -0.806495
v -3.781900 7.034243 -0.655781
v -3.710009 8.649344 -0.726538
v -2.767021 10.341928 -0.680485
v -1.466318 11.778287 -0.724203
v -1.665123 11.616135 -0.702791
v -2.440346 11.154512 -0.795142
v -2.701747 10.737255 -0.784477
v -3.510231 9.611767 -0.783783
v -3.635483 7.614835 -0.600792
v -3.796364 5.340211 -0.716361
v -3.512170 0.018296 -0.863270
v -4.379529 5.361191 -0.716361
v -4.903522 8.102951 -0.614037
v -4.270947 9.863944 -0.783783
v -3.315784 11.146277 -0.784477
v -2.900606 11.728109 -0.795142
v -1.984220 12.928743 -0.702791
v -0.211250 11.828713 -0.496869
v -0.854354 13.575749 -0.568606
v -1.676069 12.873741 -0.724203
v -3.755157 10.980845 -0.680485
v -4.521220 9.009050 -0.733892
v -4.747833 7.259294 -0.660624
v -4.360399 9.388251 -0.806495
v -4.371081 3.372038 -0.644373
v -4.618378 4.473564 -0.590503
v -4.586037 4.974332 -0.622664
v -4.037466 2.088765 -0.744561
v -3.645953 0.040948 -0.868337
v -3.802163 0.833985 -0.826099
v -4.425196 6.190699 -0.741952
v -4.097752 10.442371 -0.706033
v -4.772496 8.710814 -0.631541
v -2.998756 11.334924 -0.840888
v -1.294771 13.110701 -0.672831
v -2.372460 12.782028 -0.694818
v -0.316808 13.834188 -0.496869
v -0.635569 11.848710 -0.568606
v -0.859162 11.797494 -1.095753
v -1.309718 11.800073 -1.043498
v -1.978204 11.395194 -1.050730
v -2.687450 10.935223 -0.972343
v -3.320108 9.751170 -1.025274
v -3.538967 7.907584 -1.103557
v -3.889958 5.620822 -1.015297
v -3.451426 0.282230 -0.971790
v -3.914677 1.447959 -1.008681
v -4.656013 4.815716 -1.102518
v -4.559728 4.054527 -1.102447
v -4.194603 2.638069 -1.052724
v -4.441216 9.137835 -1.001027
v -4.618093 6.759219 -1.053977
v -4.656005 8.943303 -1.086117
v -3.960221 10.800591 -1.066082
v -1.821580 12.968195 -1.045987
v -2.174861 12.953470 -1.053402
v -2.971337 11.522785 -0.989988
v -3.550553 11.158517 -1.040714
v -4.344627 9.624904 -1.001052
v -4.881512 7.706843 -1.100725
v -4.525112 5.232181 -1.072995
v -1.061807 13.289948 -1.390898
v 0.029424 11.899209 -1.612708
v 0.029981 13.800082 -1.610672
v -1.505780 12.848087 -1.244637
v -2.519906 12.528356 -1.264155
v -3.056846 11.143486 -1.044187
v -4.166443 10.114910 -1.192497
v -4.833471 8.402282 -1.428665
v -4.254458 5.593189 -1.166292
v -3.715564 0.314515 -1.043664
v -3.534449 1.586681 -1.146280
v -3.575036 4.675887 -1.410732
v -3.512850 3.991067 -1.410533
v -3.535089 2.715753 -1.270401
v -3.879775 8.943211 -1.123913
v -3.857271 6.673842 -1.271163
v -3.605095 8.343590 -1.328197
v -2.939122 10.155422 -1.308406
v -1.595992 11.717791 -1.252009
v -0.614479 13.635849 -1.509777
v -0.439496 11.916162 -1.511509
v -1.787486 11.584475 -1.272695
v -2.550308 11.114429 -1.093877
v -2.762903 10.525638 -1.236941
v -3.651813 9.465828 -1.125235
v -3.738414 7.335190 -1.381029
v -3.703818 5.078895 -1.327917
v -3.541957 0.046622 -1.038728
v -3.613539 0.043964 -1.031295
v -3.504962 0.054969 -1.035543
v -3.473907 0.057984 -0.998614
v -3.568663 0.012494 -1.001794
v -0.635097 11.848710 -1.297381
v -0.306409 13.834188 -1.369118
v -2.365366 12.782028 -1.171169
v -1.294771 13.110701 -1.193156
v -3.000903 11.334924 -1.025114
v -4.772495 8.710814 -1.265487
v -4.097752 10.442400 -1.159984
v -4.425196 6.190699 -1.123517
v -3.802163 0.833985 -1.039904
v -3.645953 0.040949 -0.997662
v -4.037467 2.088764 -1.121442
v -4.586037 4.974331 -1.243320
v -4.618378 4.473564 -1.275501
v -4.371082 3.372038 -1.221631
v -4.360399 9.388251 -1.058528
v -4.747833 7.259294 -1.213968
v -4.521221 9.009050 -1.145428
v -3.755157 10.981497 -1.185531
v -1.676069 12.873741 -1.141784
v -0.853938 13.575749 -1.297381
v -0.199431 11.828713 -1.369118
v -1.983908 12.928743 -1.163196
v -2.904094 11.728109 -1.070842
v -3.315784 11.146900 -1.081540
v -4.270946 9.863945 -1.082194
v -4.903522 8.102951 -1.277363
v -4.379529 5.361191 -1.149136
v -3.512170 0.018296 -1.002704
v -3.796365 5.340211 -1.149135
v -3.635483 7.614835 -1.264117
v -3.510231 9.611768 -1.082194
v -2.701747 10.737255 -1.081540
v -2.440347 11.154513 -1.070842
v -1.665123 11.616135 -1.163196
v -1.466318 11.778287 -1.141784
v -2.767020 10.341928 -1.185531
v -3.710009 8.649344 -1.138074
v -3.781900 7.034243 -1.209125
v -3.778275 9.205312 -1.058528
v -3.495867 3.370433 -1.221631
v -3.510065 4.453186 -1.275501
v -3.610875 4.948247 -1.243320
v -3.523173 2.103077 -1.121442
v -3.490724 0.853734 -1.039945
v -3.883998 6.141850 -1.123323
v -3.534611 8.128374 -1.249536
v -3.106123 9.956468 -1.159984
v -1.863162 11.496106 -1.171169
v -2.630388 11.019721 -1.025114
v -1.101699 11.869686 -1.193156
v -2.463479 11.220502 -0.682387
v -2.805989 11.692117 -0.687215
v -2.804932 11.692117 -1.178830
v -2.181546 11.412657 -1.304931
v -2.395723 11.804565 -0.448243
v -2.395724 11.804565 -1.417801
v -2.141186 11.284505 -0.933012
v -2.818099 12.324436 -0.933012
v -2.498340 12.014755 -0.492701
v -2.498448 12.014755 -1.373363
v -2.278922 11.596251 -1.401879
v -2.278922 11.596251 -0.464104
v -2.146708 11.326066 -0.728345
v -2.738486 12.284893 -0.728344
v -2.733044 12.284893 -1.137639
v -2.146707 11.326066 -1.137639
v -2.308163 11.201270 -1.020065
v -2.795255 11.960995 -1.177902
v -2.892689 11.994032 -0.845937
v -2.317375 11.263397 -0.687360
v -2.487535 11.516342 -0.528293
v -2.377906 11.369083 -1.291060
v -2.584751 11.680045 -1.321410
v -2.684164 11.855355 -0.592047
v -2.893350 11.994032 -1.020065
v -2.308163 11.201270 -0.845937
v -2.487535 11.516342 -1.337713
v -2.584817 11.680045 -0.544653
v -2.317375 11.263397 -1.178643
v -2.377906 11.369083 -0.574943
v -2.796016 11.960995 -0.688103
v -2.682677 11.855355 -1.274016
v 0.669402 11.924335 -0.407347
v 1.135488 11.935910 -1.308990
v 0.854756 13.239738 -1.660078
v 0.335550 13.436814 -0.063677
v 0.343018 13.730626 -0.305783
v 2.363786 12.723256 -0.590376
v 1.163755 12.124131 -0.371018
v 1.311533 13.039889 -0.558203
v 1.292998 12.851667 -1.467705
v 2.669233 11.039030 -1.066239
v 2.275469 12.542087 -1.410085
v 1.905899 11.527338 -1.276669
v 1.968053 11.708508 -0.432058
v 3.300745 10.039197 -0.456388
v 2.720078 11.085243 -0.731422
v 2.991343 11.326788 -0.800215
v 2.925292 11.280705 -1.124747
v 4.756841 8.647497 -0.492065
v 4.082505 10.423455 -0.606533
v 3.938538 10.354653 -1.386982
v 3.160920 9.971164 -1.260495
v 4.419333 6.188976 -0.658296
v 4.577058 8.567304 -1.569712
v 3.593229 8.098832 -1.389762
v 3.764184 8.179027 -0.279417
v 3.827143 0.879135 -0.779091
v 4.334660 6.182154 -1.318740
v 3.918113 6.143324 -1.208161
v 3.994826 6.150146 -0.527413
v 3.679190 0.077385 -0.836831
v 3.781433 0.881766 -1.142349
v 3.533375 0.897775 -1.087506
v 3.575457 0.895144 -0.713433
v 3.636299 2.158000 -0.544270
v 3.565548 2.159964 -1.204612
v 3.974485 2.148414 -1.303508
v 4.049956 2.146451 -0.662212
v 4.570214 4.907740 -0.487028
v 4.428940 4.904160 -1.543536
v 3.651940 4.883132 -1.380297
v 3.786174 4.886715 -0.292370
v 4.600507 4.427890 -0.440819
v 4.441045 4.425096 -1.606382
v 3.556454 4.408654 -1.426655
v 3.708923 4.411449 -0.226455
v 4.366023 3.375593 -0.518235
v 4.239625 3.375373 -1.500474
v 3.541576 3.374079 -1.349012
v 3.661977 3.374299 -0.337587
v 3.888600 9.251730 -0.667900
v 3.806517 9.226011 -1.114339
v 4.258317 9.370632 -1.184584
v 4.347320 9.396352 -0.751261
v 3.960416 7.080645 -0.360693
v 3.826963 7.049659 -1.331517
v 4.592083 7.230672 -1.482037
v 4.734635 7.261659 -0.539503
v 3.869421 8.681369 -0.505873
v 3.756627 8.631601 -1.229144
v 4.395322 8.919777 -1.345438
v 4.516228 8.969544 -0.643454
v 2.841207 10.336404 -1.297368
v 3.617462 10.826543 -1.438368
v 3.759197 10.927691 -0.569773
v 2.980656 10.419887 -0.402421
v 1.544950 11.982747 -0.477391
v 1.514224 11.819237 -1.234933
v 1.682242 12.640100 -1.366346
v 1.705283 12.803610 -0.632043
v 0.873677 13.493042 -0.408926
v 0.854769 13.239738 -0.205978
v 0.335225 13.436814 -1.802380
v 0.243657 11.907770 -0.303896
v 1.760176 11.827179 -0.448108
v 1.715451 11.641858 -1.265194
v 1.971343 12.675808 -1.394776
v 2.011176 12.861128 -0.601819
v 2.780764 11.637865 -1.209428
v 2.877347 11.718761 -0.734687
v 2.521774 11.265718 -0.642754
v 2.468615 11.184687 -1.131920
v 2.855327 10.788965 -0.613131
v 3.325731 11.107184 -0.719077
v 3.235786 11.037222 -1.237430
v 2.765820 10.735901 -1.147639
v 4.247446 9.878210 -0.718379
v 4.134713 9.842756 -1.231431
v 3.540568 9.643400 -1.148271
v 3.647832 9.678854 -0.619679
v 4.881529 8.066897 -0.468331
v 4.696948 7.999699 -1.596433
v 3.689473 7.607056 -1.410820
v 3.864560 7.674254 -0.248620
v 3.911276 5.295639 -0.475297
v 3.828981 5.292660 -1.245163
v 4.281120 5.309103 -1.368498
v 4.370494 5.312082 -0.621465
v 4.052701 5.396766 -1.453515
v 4.173477 5.401298 -0.432804
v 4.426044 7.935640 -0.213418
v 4.149813 7.825980 -1.695240
v 4.007088 9.742497 -0.593921
v 3.845599 9.687315 -1.286389
v 2.953056 10.898783 -1.305988
v 3.081533 10.976140 -0.574923
v 2.704293 11.494555 -0.617737
v 2.619831 11.369276 -1.261546
v 1.800374 12.150553 -1.482170
v 1.875688 12.436216 -0.406003
v 0.275178 12.636146 -1.957691
v 0.749489 12.537315 -0.074851
v 1.562649 12.230251 -1.473043
v 1.614069 12.450958 -0.414312
v 3.372643 10.730339 -0.358300
v 3.158293 10.599827 -1.531958
v 4.044051 8.817663 -1.410604
v 4.217161 8.897982 -0.480537
v 4.179403 7.112603 -1.567406
v 4.387797 7.163154 -0.327797
v 4.038469 9.262366 -1.230991
v 4.159308 9.302398 -0.646154
v 4.047813 3.367816 -0.304506
v 3.855708 3.367455 -1.588309
v 4.209424 4.510776 -0.187196
v 3.965555 4.506178 -1.710616
v 4.229941 5.030081 -0.256093
v 4.016423 5.024202 -1.638744
v 3.736985 2.040250 -1.360843
v 3.848673 2.037020 -0.522679
v 3.687823 0.801723 -0.701748
v 3.620344 0.806248 -1.174081
v 3.543299 0.050261 -0.827259
v 4.231229 6.171786 -0.486807
v 4.121214 6.161007 -1.396782
v 4.302351 8.531439 -0.247128
v 4.032312 8.400606 -1.663087
v 3.516505 10.147450 -1.470603
v 2.791096 11.139862 -1.172817
v 2.860657 11.205557 -0.702691
v 3.729996 10.253379 -0.417186
v 2.159079 12.293147 -0.389665
v 2.057504 12.012526 -1.499216
v 1.206312 12.370456 -1.590727
v 1.256332 12.614518 -0.301426
v 0.274361 12.636146 0.091684
v 0.749522 12.537315 -1.791156
v 3.528860 0.018326 -0.968274
v 4.424609 5.410176 -1.043338
v 3.809289 5.387887 -0.822009
v 3.631122 7.625414 -0.762655
v 4.955092 8.136206 -1.115514
v 3.528153 9.581611 -0.856693
v 4.330499 9.848202 -1.009307
v 2.688409 10.740820 -0.857058
v 3.346658 11.188688 -1.008981
v 2.462333 11.127715 -0.862503
v 2.963438 11.732995 -1.003501
v 2.005317 12.988637 -1.050732
v 1.667647 11.598132 -0.815273
v 0.220886 11.761899 -1.156045
v 0.887976 13.647902 -1.119357
v 1.696867 12.937059 -1.039782
v 1.471467 11.744150 -0.826223
v 3.788034 11.036303 -1.062165
v 2.745394 10.350931 -0.803875
v 4.559948 9.046484 -1.045025
v 3.710112 8.669161 -0.826995
v 4.792976 7.255639 -1.078749
v 3.784151 7.020119 -0.790778
v 4.409656 9.379080 -0.996972
v 3.795673 9.185684 -0.868078
v 3.498929 3.366797 -0.785397
v 4.411133 3.368474 -1.080617
v 3.513726 4.497833 -0.757846
v 4.668880 4.519120 -1.108168
v 3.618683 5.013510 -0.774286
v 4.635360 5.040774 -1.091701
v 4.063418 2.031159 -1.029379
v 3.527389 2.046109 -0.836635
v 3.493763 0.814301 -0.878329
v 3.659857 0.038612 -0.966075
v 3.894427 6.140658 -0.834808
v 3.818350 0.793669 -0.987679
v 3.525848 8.161256 -0.770284
v 4.466701 6.192136 -1.030148
v 3.102561 9.944607 -0.816940
v 4.148459 10.458704 -1.049100
v 4.818448 8.770788 -1.110900
v 3.046122 11.340096 -0.980120
v 1.873227 11.472422 -0.811195
v 2.640900 11.002337 -0.885903
v 1.329724 13.173668 -1.066055
v 2.424910 12.833251 -1.054810
v 0.334003 13.925507 -1.156045
v 1.122304 11.811306 -0.799950
v 0.657466 11.783639 -1.119357
v 3.587414 0.012265 -0.968172
v 1.292998 12.851667 -0.398352
v 2.273906 12.542087 -0.455972
v 3.938537 10.354571 -0.479123
v 2.925292 11.280705 -0.741335
v 4.577058 8.567304 -0.320144
v 4.334660 6.182154 -0.547017
v 3.781434 0.881766 -0.723728
v 3.974485 2.148413 -0.562571
v 4.428940 4.904159 -0.322528
v 4.441045 4.425096 -0.259697
v 4.239625 3.375372 -0.365605
v 4.258316 9.370632 -0.680542
v 4.592083 7.230671 -0.390685
v 4.395322 8.919777 -0.530644
v 3.617462 10.824671 -0.427737
v 1.682242 12.640100 -0.499710
v 1.971272 12.675808 -0.471281
v 2.782118 11.637865 -0.656634
v 3.235786 11.035431 -0.628675
v 4.134714 9.842756 -0.634636
v 4.696947 7.999699 -0.289110
v 4.281120 5.309103 -0.497220
v 4.173477 5.401297 -1.432586
v 4.426043 7.935641 -1.666995
v 4.007088 9.742496 -1.272146
v 3.081533 10.976218 -1.291182
v 2.704229 11.494555 -1.248325
v 1.875691 12.436216 -1.460054
v 0.304485 13.051260 -1.916236
v 0.809517 12.894226 -0.109592
v 1.614069 12.450958 -1.451744
v 3.372643 10.730421 -1.507805
v 4.217160 8.897982 -1.392765
v 4.387797 7.163154 -1.542576
v 4.159308 9.302398 -1.218971
v 4.047813 3.367817 -1.561558
v 4.209424 4.510776 -1.678868
v 4.229941 5.030081 -1.609945
v 3.848673 2.037019 -1.343386
v 3.687823 0.801723 -1.164315
v 3.597210 0.044761 -0.830204
v 4.231229 6.171786 -1.378215
v 4.302351 8.531439 -1.636740
v 3.729996 10.253383 -1.448919
v 2.860654 11.205557 -1.163391
v 2.159157 12.293147 -1.476392
v 1.256332 12.614518 -1.564631
v 0.304450 13.051260 0.050179
v 0.809518 12.894226 -1.756464
v 3.480882 0.056408 -0.966183
v 0.700176 12.177640 -1.696347
v 0.258415 12.201582 -0.020286
v 1.163755 12.124131 -1.494987
v 1.968053 11.708508 -1.433947
v 2.720078 11.085243 -1.134601
v 3.300745 10.039197 -1.409652
v 3.764184 8.179027 -1.590757
v 3.994827 6.150146 -1.338072
v 3.514256 0.093523 -0.833716
v 3.575457 0.895144 -1.152593
v 3.636299 2.158000 -1.321758
v 3.786175 4.886715 -1.573644
v 3.708923 4.411449 -1.639573
v 3.661977 3.374299 -1.528441
v 3.888600 9.251731 -1.197150
v 3.960416 7.080646 -1.506022
v 3.869421 8.681369 -1.361091
v 2.980656 10.419887 -1.463619
v 1.544950 11.982747 -1.388614
v 0.700158 12.177640 -0.169658
v 0.258863 12.201582 -1.845719
v 1.760176 11.827179 -1.417897
v 2.521774 11.265718 -1.223250
v 2.855327 10.788965 -1.252909
v 3.647832 9.678854 -1.246321
v 3.864561 7.674254 -1.620564
v 3.911277 5.295639 -1.390378
v 4.052701 5.396766 -0.411834
v 4.149813 7.825979 -0.179851
v 3.845599 9.687315 -0.579614
v 2.953056 10.898783 -0.560054
v 2.619832 11.369276 -0.604461
v 1.800374 12.150553 -0.383838
v 1.562649 12.230251 -0.392964
v 3.158293 10.599827 -0.334084
v 4.044051 8.817663 -0.459709
v 4.179404 7.112602 -0.300996
v 4.038469 9.262366 -0.634062
v 3.855708 3.367455 -0.277707
v 3.965555 4.506177 -0.155400
v 4.016423 5.024202 -0.227246
v 3.736985 2.040249 -0.505174
v 3.620344 0.806248 -0.691934
v 4.121214 6.161008 -0.468130
v 4.032312 8.400606 -0.214388
v 2.791095 11.139862 -0.693209
v 3.516504 10.147450 -0.395440
v 2.057504 12.012526 -0.366791
v 1.206312 12.370456 -0.275281
v 3.480882 0.056409 -0.899803
v 3.587414 0.012266 -0.897835
v 1.135489 11.935910 -0.557015
v 2.669233 11.039030 -0.799784
v 1.905899 11.527338 -0.589336
v 3.160920 9.971164 -0.605544
v 3.593229 8.098832 -0.475920
v 3.918113 6.143324 -0.657269
v 3.533375 0.897775 -0.778521
v 3.565548 2.159962 -0.661417
v 3.651940 4.883132 -0.485717
v 3.556453 4.408654 -0.439374
v 3.541576 3.374079 -0.517017
v 3.806518 9.226011 -0.750711
v 3.826963 7.049658 -0.533835
v 3.756627 8.631601 -0.635750
v 2.841206 10.336404 -0.568672
v 1.514224 11.819237 -0.631072
v 1.715451 11.641858 -0.600811
v 2.468615 11.184687 -0.734084
v 2.765820 10.735901 -0.718401
v 3.540568 9.643401 -0.717729
v 3.689473 7.607055 -0.454634
v 3.828981 5.292660 -0.620512
v 3.528860 0.018326 -0.897707
v 4.424610 5.410176 -0.822009
v 4.955091 8.136206 -0.776277
v 4.330499 9.848202 -0.856693
v 3.346658 11.188610 -0.857058
v 2.960750 11.732995 -0.862503
v 2.005548 12.988637 -0.815273
v 0.229012 11.761899 -0.709960
v 0.888262 13.647902 -0.746648
v 1.696867 12.937059 -0.826223
v 3.788034 11.036221 -0.803875
v 4.559948 9.046484 -0.834558
v 4.792977 7.255638 -0.795759
v 4.409656 9.379080 -0.868078
v 4.411133 3.368473 -0.785397
v 4.668881 4.519120 -0.757846
v 4.635359 5.040773 -0.774286
v 4.063418 2.031159 -0.836635
v 3.659857 0.038613 -0.899936
v 3.818350 0.793669 -0.878335
v 4.466701 6.192136 -0.835009
v 4.148459 10.458700 -0.816940
v 4.818447 8.770788 -0.786688
v 3.044633 11.340096 -0.885903
v 1.329725 13.173668 -0.799950
v 2.430140 12.833251 -0.811195
v 0.341152 13.925507 -0.709960
v 0.657791 11.783639 -0.746648
v 3.514256 0.093522 -1.032282
v 3.597210 0.044761 -1.035808
v 0.669063 11.924335 -1.458658
v 0.335544 13.730626 -1.560224
v 2.360041 12.723256 -1.275632
v 1.311533 13.039889 -1.307804
v 2.992835 11.326788 -1.065811
v 4.756842 8.647497 -1.403222
v 4.082505 10.423536 -1.259510
v 4.419333 6.188977 -1.207496
v 3.827143 0.879135 -1.086939
v 3.679190 0.077386 -1.029194
v 4.049955 2.146451 -1.203818
v 4.570213 4.907740 -1.378988
v 4.600507 4.427890 -1.425212
v 4.366024 3.375593 -1.347796
v 4.347320 9.396352 -1.113792
v 4.734636 7.261659 -1.334838
v 4.516227 8.969544 -1.235091
v 3.759196 10.929564 -1.296270
v 1.705283 12.803610 -1.233965
v 0.873378 13.493043 -1.457082
v 0.235197 11.907770 -1.562109
v 2.011013 12.861128 -1.264189
v 2.878745 11.718761 -1.131320
v 3.325731 11.108975 -1.146966
v 4.247446 9.878210 -1.147624
v 4.881529 8.066897 -1.421708
v 4.370494 5.312083 -1.244212
v 3.543299 0.050262 -1.038729
v 3.809289 5.387887 -1.043338
v 3.631123 7.625414 -1.101893
v 3.528153 9.581611 -1.009307
v 2.688409 10.740820 -1.008981
v 2.462333 11.127715 -1.003501
v 1.667647 11.598132 -1.050732
v 1.471467 11.744150 -1.039782
v 2.745394 10.350931 -1.062165
v 3.710112 8.669161 -1.037463
v 3.784151 7.020119 -1.073769
v 3.795673 9.185684 -0.996972
v 3.498929 3.366797 -1.080617
v 3.513726 4.497834 -1.108168
v 3.618684 5.013510 -1.091701
v 3.527389 2.046109 -1.029379
v 3.493763 0.814301 -0.987684
v 3.894427 6.140659 -1.029948
v 3.525848 8.161256 -1.094496
v 3.102561 9.944606 -1.049100
v 1.873227 11.472422 -1.054810
v 2.640900 11.002337 -0.980120
v 1.122304 11.811306 -1.066054
v 2.165036 11.297493 -1.037662
v 2.702752 12.252023 -1.227399
v 2.815861 12.312088 -0.828341
v 2.180340 11.360268 -0.637713
v 2.361533 11.700233 -0.446497
v 2.246643 11.495359 -1.363427
v 2.468623 11.909484 -1.399904
v 2.584447 12.116936 -0.523130
v 2.812059 12.312088 -1.037662
v 2.165036 11.297493 -0.828341
v 2.361533 11.700233 -1.419509
v 2.468610 11.909484 -0.466157
v 2.180340 11.360268 -1.228290
v 2.246643 11.495360 -0.502576
v 2.706429 12.252023 -0.638607
v 2.584586 12.116936 -1.342931
v -0.646603 11.924335 -0.407347
v -1.112690 11.935910 -1.308990
v -0.831957 13.239738 -1.660078
v -0.312751 13.436814 -0.063677
v -0.320219 13.730626 -0.305783
v -2.340987 12.723256 -0.590376
v -1.140957 12.124131 -0.371018
v -1.288734 13.039889 -0.558203
v -1.270199 12.851667 -1.467705
v -2.646434 11.039030 -1.066239
v -2.252670 12.542087 -1.410085
v -1.883101 11.527338 -1.276669
v -1.945255 11.708508 -0.432058
v -3.277946 10.039197 -0.456388
v -2.697279 11.085243 -0.731422
v -2.968544 11.326788 -0.800215
v -2.902494 11.280705 -1.124747
v -4.734043 8.647497 -0.492065
v -4.059707 10.423455 -0.606533
v -3.915738 10.354653 -1.386982
v -3.138121 9.971164 -1.260495
v -4.396535 6.188977 -0.658296
v -4.554259 8.567304 -1.569712
v -3.570430 8.098832 -1.389762
v -3.741385 8.179027 -0.279417
v -3.804344 0.879134 -0.779091
v -4.311861 6.182155 -1.318740
v -3.895314 6.143324 -1.208161
v -3.972028 6.150147 -0.527413
v -3.656391 0.077386 -0.836831
v -3.758634 0.881766 -1.142349
v -3.510576 0.897777 -1.087506
v -3.552659 0.895144 -0.713433
v -3.613500 2.157999 -0.544270
v -3.542749 2.159963 -1.204612
v -3.951686 2.148414 -1.303508
v -4.027158 2.146451 -0.662212
v -4.547416 4.907740 -0.487028
v -4.406141 4.904160 -1.543536
v -3.629141 4.883132 -1.380297
v -3.763375 4.886715 -0.292370
v -4.577709 4.427890 -0.440819
v -4.418246 4.425096 -1.606382
v -3.533654 4.408653 -1.426655
v -3.686124 4.411449 -0.226455
v -4.343225 3.375593 -0.518235
v -4.216827 3.375373 -1.500474
v -3.518776 3.374079 -1.349012
v -3.639179 3.374298 -0.337587
v -3.865801 9.251731 -0.667900
v -3.783718 9.226011 -1.114339
v -4.235517 9.370632 -1.184584
v -4.324521 9.396351 -0.751261
v -3.937617 7.080646 -0.360693
v -3.804164 7.049659 -1.331517
v -4.569285 7.230672 -1.482037
v -4.711837 7.261659 -0.539503
v -3.846623 8.681369 -0.505873
v -3.733828 8.631601 -1.229144
v -4.372524 8.919777 -1.345438
v -4.493429 8.969544 -0.643454
v -2.818407 10.336404 -1.297368
v -3.594663 10.826543 -1.438368
v -3.736397 10.927691 -0.569773
v -2.957857 10.419887 -0.402421
v -1.522152 11.982747 -0.477391
v -1.491426 11.819237 -1.234933
v -1.659443 12.640100 -1.366346
v -1.682484 12.803610 -0.632043
v -0.850878 13.493042 -0.408926
v -0.831970 13.239738 -0.205978
v -0.312426 13.436814 -1.802380
v -0.220858 11.907770 -0.303897
v -1.737378 11.827179 -0.448108
v -1.692652 11.641858 -1.265194
v -1.948544 12.675808 -1.394776
v -1.988377 12.861128 -0.601819
v -2.757965 11.637865 -1.209428
v -2.854548 11.718761 -0.734687
v -2.498975 11.265718 -0.642754
v -2.445816 11.184687 -1.131920
v -2.832528 10.788965 -0.613130
v -3.302932 11.107184 -0.719077
v -3.212987 11.037222 -1.237430
v -2.743021 10.735901 -1.147639
v -4.224647 9.878210 -0.718379
v -4.111915 9.842756 -1.231430
v -3.517768 9.643401 -1.148271
v -3.625033 9.678854 -0.619679
v -4.858730 8.066898 -0.468331
v -4.674149 7.999699 -1.596433
v -3.666674 7.607055 -1.410820
v -3.841761 7.674254 -0.248620
v -3.888477 5.295639 -0.475297
v -3.806181 5.292660 -1.245163
v -4.258321 5.309103 -1.368498
v -4.347696 5.312082 -0.621465
v -4.029902 5.396767 -1.453515
v -4.150678 5.401298 -0.432804
v -4.403244 7.935640 -0.213418
v -4.127015 7.825980 -1.695240
v -3.984289 9.742497 -0.593921
v -3.822800 9.687315 -1.286389
v -2.930257 10.898783 -1.305988
v -3.058735 10.976140 -0.574923
v -2.681494 11.494555 -0.617737
v -2.597033 11.369276 -1.261546
v -1.777575 12.150553 -1.482170
v -1.852889 12.436216 -0.406003
v -0.252379 12.636146 -1.957691
v -0.726691 12.537315 -0.074851
v -1.539850 12.230251 -1.473043
v -1.591270 12.450958 -0.414312
v -3.349844 10.730339 -0.358300
v -3.135494 10.599826 -1.531958
v -4.021253 8.817663 -1.410604
v -4.194362 8.897982 -0.480537
v -4.156605 7.112603 -1.567407
v -4.364999 7.163155 -0.327797
v -4.015670 9.262366 -1.230991
v -4.136510 9.302398 -0.646154
v -4.025014 3.367817 -0.304506
v -3.832909 3.367454 -1.588309
v -4.186625 4.510776 -0.187196
v -3.942756 4.506178 -1.710616
v -4.207142 5.030081 -0.256093
v -3.993624 5.024202 -1.638744
v -3.714186 2.040250 -1.360843
v -3.825874 2.037019 -0.522679
v -3.665024 0.801724 -0.701748
v -3.597545 0.806248 -1.174081
v -3.520500 0.050262 -0.827259
v -4.208430 6.171787 -0.486807
v -4.098415 6.161007 -1.396782
v -4.279553 8.531438 -0.247128
v -4.009514 8.400606 -1.663087
v -3.493706 10.147450 -1.470603
v -2.768297 11.139862 -1.172817
v -2.837858 11.205557 -0.702691
v -3.707197 10.253379 -0.417186
v -2.136280 12.293147 -0.389665
v -2.034705 12.012526 -1.499216
v -1.183514 12.370456 -1.590727
v -1.233534 12.614518 -0.301426
v -0.251562 12.636146 0.091684
v -0.726723 12.537315 -1.791156
v -3.506061 0.018327 -0.968274
v -4.401811 5.410176 -1.043338
v -3.786490 5.387887 -0.822009
v -3.608323 7.625414 -0.762655
v -4.932293 8.136206 -1.115514
v -3.505353 9.581611 -0.856693
v -4.307700 9.848202 -1.009307
v -2.665610 10.740820 -0.857058
v -3.323859 11.188688 -1.008981
v -2.439534 11.127715 -0.862503
v -2.940639 11.732995 -1.003501
v -1.982519 12.988637 -1.050732
v -1.644849 11.598132 -0.815273
v -0.198088 11.761899 -1.156045
v -0.865177 13.647902 -1.119357
v -1.674069 12.937059 -1.039782
v -1.448668 11.744150 -0.826223
v -3.765235 11.036303 -1.062165
v -2.722595 10.350931 -0.803875
v -4.537150 9.046484 -1.045025
v -3.687313 8.669161 -0.826995
v -4.770178 7.255638 -1.078749
v -3.761352 7.020119 -0.790778
v -4.386858 9.379080 -0.996972
v -3.772874 9.185684 -0.868078
v -3.476130 3.366798 -0.785397
v -4.388334 3.368474 -1.080617
v -3.490927 4.497834 -0.757846
v -4.646082 4.519120 -1.108168
v -3.595885 5.013511 -0.774286
v -4.612561 5.040774 -1.091701
v -4.040619 2.031158 -1.029379
v -3.504591 2.046109 -0.836635
v -3.470964 0.814301 -0.878329
v -3.637059 0.038612 -0.966075
v -3.871628 6.140658 -0.834808
v -3.795551 0.793669 -0.987679
v -3.503048 8.161256 -0.770284
v -4.443902 6.192136 -1.030148
v -3.079762 9.944607 -0.816940
v -4.125661 10.458704 -1.049100
v -4.795649 8.770788 -1.110900
v -3.023323 11.340096 -0.980120
v -1.850428 11.472422 -0.811195
v -2.618101 11.002337 -0.885903
v -1.306926 13.173668 -1.066055
v -2.402111 12.833251 -1.054810
v -0.311204 13.925507 -1.156045
v -1.099505 11.811306 -0.799950
v -0.634667 11.783639 -1.119357
v -3.564615 0.012267 -0.968172
v -1.270199 12.851667 -0.398352
v -2.251107 12.542087 -0.455971
v -3.915738 10.354571 -0.479123
v -2.902493 11.280705 -0.741335
v -4.554260 8.567304 -0.320144
v -4.311862 6.182153 -0.547017
v -3.758635 0.881766 -0.723728
v -3.951686 2.148414 -0.562571
v -4.406142 4.904160 -0.322528
v -4.418247 4.425095 -0.259697
v -4.216826 3.375372 -0.365605
v -4.235518 9.370632 -0.680542
v -4.569285 7.230672 -0.390685
v -4.372523 8.919777 -0.530644
v -3.594663 10.824671 -0.427737
v -1.659443 12.640100 -0.499710
v -1.948473 12.675808 -0.471281
v -2.759319 11.637865 -0.656634
v -3.212987 11.035431 -0.628675
v -4.111916 9.842756 -0.634636
v -4.674149 7.999699 -0.289110
v -4.258322 5.309103 -0.497220
v -4.150679 5.401297 -1.432586
v -4.403244 7.935641 -1.666995
v -3.984289 9.742496 -1.272146
v -3.058734 10.976218 -1.291182
v -2.681430 11.494555 -1.248325
v -1.852892 12.436216 -1.460054
v -0.281687 13.051260 -1.916235
v -0.786718 12.894226 -0.109592
v -1.591270 12.450958 -1.451744
v -3.349844 10.730421 -1.507805
v -4.194362 8.897982 -1.392765
v -4.364998 7.163154 -1.542576
v -4.136509 9.302398 -1.218971
v -4.025015 3.367817 -1.561558
v -4.186625 4.510777 -1.678868
v -4.207142 5.030081 -1.609945
v -3.825874 2.037020 -1.343386
v -3.665023 0.801724 -1.164315
v -3.574411 0.044759 -0.830204
v -4.208430 6.171786 -1.378215
v -4.279553 8.531438 -1.636740
v -3.707197 10.253383 -1.448919
v -2.837855 11.205557 -1.163391
v -2.136358 12.293147 -1.476392
v -1.233534 12.614518 -1.564631
v -0.281651 13.051260 0.050179
v -0.786720 12.894226 -1.756464
v -3.458083 0.056407 -0.966183
v -0.677377 12.177640 -1.696347
v -0.235616 12.201582 -0.020286
v -1.140957 12.124131 -1.494987
v -1.945255 11.708508 -1.433947
v -2.697279 11.085243 -1.134601
v -3.277946 10.039197 -1.409652
v -3.741385 8.179027 -1.590757
v -3.972027 6.150146 -1.338072
v -3.491457 0.093523 -0.833716
v -3.552658 0.895144 -1.152593
v -3.613500 2.157999 -1.321758
v -3.763376 4.886714 -1.573644
v -3.686124 4.411449 -1.639573
v -3.639179 3.374299 -1.528441
v -3.865801 9.251731 -1.197150
v -3.937617 7.080646 -1.506023
v -3.846622 8.681369 -1.361091
v -2.957857 10.419887 -1.463619
v -1.522151 11.982747 -1.388614
v -0.677360 12.177640 -0.169658
v -0.236064 12.201582 -1.845719
v -1.737378 11.827179 -1.417897
v -2.498975 11.265718 -1.223250
v -2.832528 10.788965 -1.252909
v -3.625033 9.678854 -1.246321
v -3.841762 7.674253 -1.620564
v -3.888477 5.295640 -1.390378
v -4.029902 5.396766 -0.411834
v -4.127014 7.825979 -0.179851
v -3.822800 9.687315 -0.579615
v -2.930257 10.898783 -0.560054
v -2.597033 11.369276 -0.604461
v -1.777575 12.150553 -0.383838
v -1.539850 12.230251 -0.392964
v -3.135494 10.599827 -0.334084
v -4.021253 8.817663 -0.459709
v -4.156605 7.112603 -0.300996
v -4.015670 9.262366 -0.634062
v -3.832909 3.367454 -0.277707
v -3.942756 4.506178 -0.155400
v -3.993624 5.024202 -0.227246
v -3.714186 2.040250 -0.505174
v -3.597545 0.806248 -0.691934
v -4.098416 6.161007 -0.468130
v -4.009514 8.400606 -0.214388
v -2.768296 11.139862 -0.693209
v -3.493705 10.147450 -0.395440
v -2.034705 12.012526 -0.366791
v -1.183514 12.370456 -0.275281
v -3.458083 0.056409 -0.899803
v -3.564615 0.012267 -0.897835
v -1.112690 11.935910 -0.557015
v -2.646434 11.039030 -0.799784
v -1.883101 11.527338 -0.589336
v -3.138121 9.971164 -0.605544
v -3.570430 8.098832 -0.475920
v -3.895314 6.143324 -0.657269
v -3.510576 0.897775 -0.778521
v -3.542749 2.159962 -0.661417
v -3.629141 4.883133 -0.485717
v -3.533654 4.408654 -0.439374
v -3.518777 3.374079 -0.517017
v -3.783719 9.226011 -0.750711
v -3.804164 7.049659 -0.533834
v -3.733829 8.631601 -0.635750
v -2.818407 10.336404 -0.568672
v -1.491426 11.819237 -0.631072
v -1.692652 11.641858 -0.600811
v -2.445816 11.184687 -0.734084
v -2.743021 10.735901 -0.718401
v -3.517769 9.643401 -0.717729
v -3.666674 7.607055 -0.454634
v -3.806181 5.292660 -0.620512
v -3.506061 0.018327 -0.897707
v -4.401812 5.410176 -0.822009
v -4.932293 8.136206 -0.776277
v -4.307701 9.848202 -0.856693
v -3.323859 11.188610 -0.857058
v -2.937952 11.732995 -0.862503
v -1.982749 12.988637 -0.815273
v -0.206213 11.761899 -0.709960
v -0.865463 13.647902 -0.746648
v -1.674069 12.937059 -0.826223
v -3.765235 11.036221 -0.803875
v -4.537150 9.046484 -0.834558
v -4.770178 7.255638 -0.795759
v -4.386857 9.379080 -0.868078
v -4.388335 3.368474 -0.785397
v -4.646082 4.519121 -0.757846
v -4.612561 5.040773 -0.774286
v -4.040619 2.031159 -0.836635
v -3.637058 0.038612 -0.899936
v -3.795551 0.793669 -0.878335
v -4.443902 6.192136 -0.835009
v -4.125660 10.458700 -0.816940
v -4.795649 8.770788 -0.786688
v -3.021834 11.340096 -0.885903
v -1.306926 13.173668 -0.799950
v -2.407341 12.833251 -0.811195
v -0.318353 13.925507 -0.709960
v -0.634992 11.783639 -0.746648
v -3.491457 0.093521 -1.032282
v -3.574411 0.044761 -1.035808
v -0.646265 11.924335 -1.458658
v -0.312745 13.730626 -1.560224
v -2.337242 12.723256 -1.275632
v -1.288735 13.039889 -1.307804
v -2.970037 11.326788 -1.065811
v -4.734043 8.647497 -1.403222
v -4.059706 10.423536 -1.259510
v -4.396535 6.188977 -1.207496
v -3.804344 0.879135 -1.086939
v -3.656390 0.077386 -1.029194
v -4.027156 2.146451 -1.203818
v -4.547416 4.907740 -1.378989
v -4.577708 4.427890 -1.425212
v -4.343225 3.375593 -1.347796
v -4.324521 9.396352 -1.113793
v -4.711837 7.261659 -1.334838
v -4.493429 8.969544 -1.235091
v -3.736398 10.929564 -1.296270
v -1.682484 12.803610 -1.233965
v -0.850579 13.493043 -1.457082
v -0.212399 11.907770 -1.562109
v -1.988214 12.861128 -1.264189
v -2.855946 11.718761 -1.131320
v -3.302932 11.108975 -1.146966
v -4.224647 9.878210 -1.147624
v -4.858730 8.066897 -1.421708
v -4.347695 5.312082 -1.244212
v -3.520500 0.050261 -1.038729
v -3.786490 5.387887 -1.043338
v -3.608323 7.625414 -1.101893
v -3.505353 9.581611 -1.009307
v -2.665610 10.740820 -1.008981
v -2.439534 11.127715 -1.003501
v -1.644849 11.598132 -1.050732
v -1.448668 11.744150 -1.039782
v -2.722595 10.350931 -1.062165
v -3.687313 8.669161 -1.037463
v -3.761352 7.020119 -1.073769
v -3.772874 9.185684 -0.996972
v -3.476130 3.366796 -1.080617
v -3.490927 4.497834 -1.108168
v -3.595885 5.013510 -1.091701
v -3.504590 2.046110 -1.029379
v -3.470964 0.814301 -0.987684
v -3.871628 6.140658 -1.029948
v -3.503049 8.161256 -1.094496
v -3.079762 9.944607 -1.049100
v -1.850428 11.472422 -1.054810
v -2.618101 11.002337 -0.980120
v -1.099505 11.811306 -1.066054
v -2.142237 11.297493 -1.037662
v -2.679953 12.252023 -1.227399
v -2.793062 12.312088 -0.828341
v -2.157541 11.360268 -0.637713
v -2.338734 11.700233 -0.446497
v -2.223844 11.495359 -1.363427
v -2.445824 11.909484 -1.399904
v -2.561648 12.116936 -0.523130
v -2.789260 12.312088 -1.037662
v -2.142237 11.297493 -0.828341
v -2.338734 11.700233 -1.419509
v -2.445811 11.909484 -0.466157
v -2.157541 11.360268 -1.228290
v -2.223844 11.495360 -0.502576
v -2.683630 12.252023 -0.638607
v -2.561786 12.116936 -1.342931
vn 0.6651 0.4249 -0.6141
vn 0.2488 -0.6795 -0.6902
vn 0.6651 0.4247 0.6142
vn 0.2489 -0.6795 0.6902
vn 0.1943 -0.6817 -0.7054
vn 0.2570 0.5948 0.7617
vn 0.1991 -0.6691 0.7160
vn 0.2551 0.6078 -0.7520
vn 0.4251 0.5492 -0.7195
vn -0.1152 -0.6822 -0.7220
vn 0.4251 0.5491 0.7196
vn -0.1152 -0.6822 0.7220
vn 0.5293 0.2691 -0.8046
vn -0.2470 -0.5920 -0.7672
vn 0.5190 0.2647 0.8127
vn -0.2470 -0.5920 0.7672
vn 0.4380 0.4888 -0.7545
vn -0.7252 -0.0628 -0.6857
vn 0.4405 0.4918 0.7511
vn -0.7252 -0.0628 0.6857
vn 0.6506 0.0209 -0.7591
vn -0.3656 -0.6685 -0.6476
vn 0.6504 0.0209 0.7593
vn -0.3657 -0.6685 0.6476
vn 0.6631 0.1583 -0.7316
vn -0.7629 -0.1045 -0.6381
vn 0.6715 0.1655 0.7223
vn -0.7575 -0.1027 0.6447
vn 0.8061 0.0567 -0.5890
vn -0.8870 0.1369 -0.4411
vn 0.8064 0.0566 0.5887
vn -0.8870 0.1368 0.4411
vn 0.7702 -0.1800 -0.6119
vn -0.8284 -0.0206 -0.5597
vn 0.7699 -0.1800 0.6122
vn -0.8284 -0.0206 0.5597
vn 0.7805 -0.2007 0.5920
vn 0.7807 -0.2007 -0.5918
vn -0.8591 -0.0335 -0.5106
vn -0.8592 -0.0334 0.5106
vn 0.7776 0.1054 -0.6199
vn -0.8019 0.2133 -0.5581
vn -0.8019 0.2133 0.5581
vn 0.7775 0.1054 0.6200
vn 0.7465 -0.2028 0.6338
vn 0.7465 -0.2028 -0.6337
vn -0.8410 -0.0219 -0.5406
vn -0.8410 -0.0219 0.5406
vn 0.7482 -0.2692 0.6063
vn 0.7483 -0.2692 -0.6062
vn -0.8509 -0.0828 -0.5188
vn -0.8509 -0.0828 0.5188
vn 0.5484 0.3927 0.7383
vn 0.5430 0.4024 -0.7370
vn -0.7107 0.1234 -0.6925
vn -0.7088 0.1237 0.6945
vn 0.7325 -0.2875 0.6170
vn 0.7308 -0.2921 -0.6169
vn -0.8159 -0.1605 -0.5554
vn -0.8150 -0.1603 0.5568
vn 0.3734 0.6054 0.7029
vn 0.3488 0.6183 -0.7043
vn -0.7886 0.3459 -0.5085
vn -0.7841 0.3462 0.5151
vn -0.5302 -0.4553 0.7153
vn 0.5517 0.2521 0.7950
vn 0.5529 0.2517 -0.7943
vn -0.5301 -0.4552 -0.7153
vn -0.1756 0.5918 0.7867
vn -0.1756 0.5919 -0.7866
vn -0.5159 -0.4987 -0.6965
vn -0.5159 -0.4987 0.6965
vn 0.2166 -0.6699 0.7102
vn 0.4180 0.5363 -0.7333
vn 0.2151 -0.6712 -0.7093
vn 0.4189 0.5338 0.7345
vn 0.1798 0.5084 0.8421
vn 0.1817 0.5099 -0.8408
vn -0.3660 -0.5269 -0.7671
vn -0.3660 -0.5269 0.7671
vn -0.2451 -0.6671 -0.7035
vn -0.2451 -0.6671 0.7035
vn 0.6185 0.0433 0.7846
vn 0.6079 0.0409 -0.7929
vn 0.0743 0.7303 0.6791
vn 0.0745 0.7303 -0.6790
vn -0.8012 0.0639 -0.5949
vn -0.8012 0.0639 0.5950
vn 0.5948 0.0621 -0.8014
vn -0.5685 -0.4307 -0.7010
vn -0.5692 -0.4296 0.7011
vn 0.5942 0.0634 0.8018
vn 0.7301 -0.2009 -0.6532
vn -0.7252 -0.2650 -0.6355
vn -0.7211 -0.2636 0.6407
vn 0.7355 -0.1898 0.6504
vn 0.6616 0.4882 -0.5691
vn -0.7480 0.4543 -0.4838
vn -0.7481 0.4540 0.4839
vn 0.6617 0.4879 0.5693
vn 0.4055 0.0124 -0.9140
vn 0.4056 0.0125 0.9140
vn 0.2915 0.0870 -0.9526
vn 0.2911 0.0856 0.9528
vn 0.3176 0.0306 -0.9477
vn 0.3176 0.0307 0.9477
vn 0.2237 -0.0125 -0.9746
vn 0.2239 -0.0123 0.9745
vn -0.0087 0.2886 -0.9574
vn -0.0081 0.2888 0.9574
vn 0.1853 -0.2348 -0.9542
vn 0.1855 -0.2346 0.9542
vn 0.0737 0.0753 -0.9944
vn 0.0914 0.0833 0.9923
vn 0.1705 0.1217 -0.9778
vn 0.1707 0.1213 0.9778
vn 0.0596 -0.1960 -0.9788
vn 0.0603 -0.1960 0.9787
vn 0.1322 -0.1624 0.9778
vn 0.1317 -0.1623 -0.9779
vn 0.1323 0.1318 -0.9824
vn 0.1324 0.1317 0.9824
vn 0.1318 -0.1093 -0.9852
vn 0.1320 -0.1094 0.9852
vn 0.1447 -0.1815 -0.9727
vn 0.1450 -0.1815 0.9726
vn 0.0145 0.3295 0.9440
vn 0.0073 0.3348 -0.9423
vn 0.1783 -0.1866 0.9661
vn 0.1742 -0.1906 -0.9661
vn -0.1793 0.4995 0.8475
vn -0.2024 0.5069 -0.8379
vn 0.1184 -0.0088 -0.9929
vn 0.1186 -0.0087 0.9929
vn -0.0132 0.0963 0.9953
vn -0.0133 0.0961 -0.9953
vn 0.3290 0.0507 0.9430
vn 0.3292 0.0508 -0.9429
vn -0.0229 0.0876 0.9959
vn -0.0230 0.0874 -0.9959
vn 0.3029 -0.1293 -0.9442
vn 0.3032 -0.1292 0.9441
vn -0.2197 0.4819 0.8483
vn -0.2201 0.4816 -0.8483
vn 0.1265 -0.0763 -0.9890
vn 0.1264 -0.0742 0.9892
vn 0.1671 -0.1645 -0.9721
vn 0.1780 -0.1535 0.9720
vn 0.1273 0.4429 0.8875
vn 0.1269 0.4441 -0.8870
vn 0.7392 0.6735 -0.0001
vn 0.0730 -0.9973 -0.0000
vn 0.0540 -0.9985 -0.0068
vn 0.2448 0.9695 -0.0120
vn 0.5214 0.8533 -0.0000
vn -0.1964 -0.9805 -0.0000
vn 0.8376 0.5458 -0.0205
vn -0.5127 -0.8586 -0.0000
vn 0.6423 0.7664 0.0055
vn -0.9944 -0.1060 -0.0001
vn 0.9648 0.2628 -0.0000
vn -0.6468 -0.7627 -0.0000
vn 0.9842 0.1771 -0.0005
vn -0.9838 -0.1792 -0.0000
vn 0.9998 0.0205 0.0001
vn -0.9940 0.1090 0.0001
vn 0.9742 -0.2259 -0.0000
vn -1.0000 -0.0021 -0.0000
vn -0.9997 0.0262 -0.0000
vn 0.9806 -0.1959 -0.0000
vn 0.9979 0.0650 -0.0000
vn -0.9798 0.1998 -0.0000
vn 0.9779 -0.2089 -0.0000
vn -0.9998 0.0182 -0.0000
vn 0.9677 -0.2520 -0.0000
vn -0.9997 -0.0224 -0.0000
vn -0.9995 0.0304 0.0001
vn 0.9146 0.4044 0.0009
vn -0.9913 -0.1320 -0.0000
vn 0.9554 -0.2952 0.0002
vn -0.9634 0.2679 0.0001
vn 0.7097 0.7045 -0.0004
vn -0.7812 -0.6243 -0.0000
vn 0.8575 0.5145 0.0001
vn -0.5921 -0.8059 -0.0000
vn -0.1690 0.9856 -0.0000
vn 0.4718 0.8817 -0.0028
vn 0.0572 -0.9984 -0.0005
vn -0.5235 -0.8520 -0.0000
vn 0.3389 0.9408 -0.0043
vn 0.9798 0.1992 0.0180
vn -0.5721 -0.8202 -0.0000
vn 0.3140 0.9494 0.0004
vn -0.9964 -0.0848 -0.0000
vn 0.9871 0.1600 -0.0002
vn -0.8281 -0.5605 -0.0000
vn 0.9859 -0.1675 0.0003
vn -0.9689 -0.2474 -0.0000
vn -0.8903 0.4555 -0.0000
vn 0.8705 0.4922 -0.0000
vn -0.1044 -0.9945 -0.0000
vn 0.4310 -0.1815 0.8839
vn 0.3681 0.1292 0.9208
vn 0.2780 -0.1339 0.9512
vn 0.3809 -0.2158 0.8991
vn 0.2154 0.3352 0.9172
vn 0.4114 -0.2235 0.8836
vn 0.1567 0.5498 0.8204
vn 0.2489 0.0800 0.9652
vn -0.0832 0.3476 0.9340
vn 0.0520 0.2354 0.9705
vn 0.4870 -0.0021 0.8734
vn -0.0212 0.6468 0.7624
vn 0.3277 -0.0073 0.9448
vn 0.3210 -0.1599 0.9335
vn 0.6015 0.4471 0.6620
vn 0.5147 0.2018 -0.8333
vn 0.5147 0.2018 0.8333
vn 0.2677 0.2689 -0.9252
vn 0.2678 0.2685 0.9253
vn 0.3905 0.3148 -0.8651
vn 0.3905 0.3148 0.8651
vn 0.3263 0.0886 -0.9411
vn 0.3272 0.0897 0.9407
vn 0.2957 0.3945 -0.8700
vn 0.2972 0.3945 0.8695
vn 0.3603 -0.1327 -0.9234
vn 0.3602 -0.1327 0.9234
vn 0.2296 0.1029 -0.9678
vn 0.2463 0.1121 0.9627
vn 0.6696 0.0785 -0.7386
vn 0.6724 0.0778 0.7361
vn 0.2554 -0.1917 -0.9476
vn 0.2555 -0.1916 0.9476
vn 0.4309 -0.1815 -0.8839
vn 0.3680 0.1293 -0.9208
vn 0.2779 -0.1339 -0.9512
vn 0.3809 -0.2158 -0.8991
vn 0.2094 0.3429 -0.9157
vn 0.4059 -0.2282 -0.8850
vn 0.1372 0.5633 -0.8148
vn 0.2485 0.0794 -0.9654
vn -0.0832 0.3476 -0.9340
vn 0.3481 0.2177 0.9118
vn 0.3481 0.2178 -0.9118
vn 0.0518 0.2353 -0.9705
vn 0.4881 -0.0004 -0.8728
vn -0.0259 0.6433 -0.7652
vn 0.3288 -0.0088 -0.9444
vn 0.3104 -0.1731 -0.9347
vn 0.6013 0.4477 -0.6618
vn 0.2679 -0.9634 -0.0000
vn 0.3193 -0.3167 -0.8932
vn 0.3193 -0.3167 0.8932
vn 0.2763 -0.2352 -0.9318
vn 0.2755 -0.2349 0.9322
vn 0.1232 -0.3780 -0.9176
vn 0.1232 -0.3780 0.9176
vn 0.0203 -0.2365 -0.9714
vn 0.0203 -0.2365 0.9714
vn -0.5657 0.0039 -0.8246
vn -0.5656 0.0039 0.8247
vn -0.0872 -0.4498 -0.8889
vn -0.0872 -0.4497 0.8889
vn -0.2625 0.0080 -0.9649
vn -0.2448 0.0144 0.9695
vn -0.5546 0.1464 -0.8192
vn -0.5571 0.1462 0.8175
vn -0.5035 -0.1114 -0.8568
vn -0.5036 -0.1114 0.8567
vn -0.5078 -0.0900 -0.8568
vn -0.3372 0.1795 -0.9242
vn -0.2703 -0.0757 -0.9598
vn -0.3782 -0.1389 -0.9153
vn -0.3427 0.2527 -0.9048
vn -0.3028 -0.1728 -0.9373
vn -0.5659 0.4190 -0.7101
vn -0.1578 -0.2083 -0.9653
vn -0.1997 -0.2191 -0.9550
vn 0.2905 -0.2519 0.9231
vn 0.2911 -0.2519 -0.9229
vn -0.1604 -0.1612 -0.9738
vn -0.0091 -0.4199 -0.9075
vn -0.5970 0.2103 -0.7742
vn -0.1944 -0.2209 -0.9557
vn -0.1781 -0.1973 -0.9640
vn -0.5254 0.4445 -0.7255
vn -0.5079 -0.0900 0.8567
vn -0.3372 0.1795 0.9242
vn -0.2703 -0.0757 0.9598
vn -0.3782 -0.1389 0.9152
vn -0.3375 0.2513 0.9072
vn -0.3018 -0.1704 0.9380
vn -0.5504 0.4181 0.7227
vn -0.1578 -0.2082 0.9653
vn -0.1997 -0.2191 0.9550
vn -0.1604 -0.1612 0.9738
vn -0.0090 -0.4200 0.9075
vn -0.5970 0.2103 0.7742
vn -0.1946 -0.2189 0.9561
vn -0.1673 -0.1899 0.9674
vn -0.5255 0.4439 0.7258
vn -0.6634 -0.7483 -0.0000
vn 0.7183 0.6055 0.3426
vn 0.0931 -0.9396 0.3293
vn 0.2434 0.8737 0.4212
vn 0.4920 0.7226 0.4855
vn 0.7037 0.4683 0.5344
vn 0.6027 0.5762 0.5520
vn 0.8871 0.1990 0.4165
vn 0.9451 0.1758 0.2755
vn 0.9391 0.0241 0.3429
vn 0.9772 -0.2070 -0.0469
vn -0.9630 0.0064 0.2696
vn -0.9581 0.2066 0.1983
vn -0.9889 0.0117 0.1483
vn -0.9808 -0.0358 0.1917
vn -0.9709 0.0256 0.2380
vn -0.9777 -0.1298 0.1651
vn -0.9118 0.2964 0.2841
vn -0.7397 -0.6116 0.2807
vn -0.6191 -0.7087 0.3383
vn 0.4481 0.8043 0.3903
vn 0.1035 -0.9293 0.3545
vn -0.5068 -0.8151 0.2807
vn -0.4581 -0.7832 0.4204
vn -0.9044 -0.0380 0.4250
vn -0.7913 -0.5365 0.2932
vn -0.9507 -0.2558 0.1754
vn -0.8342 0.4564 0.3095
vn -0.0897 -0.9060 0.4137
vn 0.1325 -0.9025 0.4097
vn -0.1815 -0.8708 0.4569
vn -0.4690 -0.8337 0.2914
vn -0.8180 -0.0871 0.5686
vn -0.5836 -0.7491 0.3135
vn -0.9678 -0.1721 0.1835
vn -0.9815 0.1080 0.1581
vn -0.8964 -0.0109 0.4430
vn 0.9663 -0.1931 0.1700
vn 0.9680 0.0709 0.2409
vn 0.9637 -0.2133 0.1602
vn 0.9439 -0.2610 0.2025
vn 0.8265 0.4046 0.3915
vn 0.9253 -0.2978 0.2348
vn 0.6162 0.6648 0.4223
vn 0.8112 0.4760 0.3398
vn -0.1863 0.8231 0.5364
vn 0.2857 0.8164 0.5019
vn 0.8210 0.1378 0.5540
vn 0.2190 0.8444 0.4889
vn 0.8643 0.1393 0.4834
vn 0.9618 -0.1755 0.2101
vn 0.7611 0.4905 0.4243
vn 0.3319 -0.8734 0.3565
vn -0.6471 -0.5735 0.5024
vn 0.1323 -0.9025 -0.4097
vn -0.1815 -0.8708 -0.4569
vn -0.4690 -0.8337 -0.2914
vn -0.8180 -0.0871 -0.5686
vn -0.5836 -0.7491 -0.3135
vn -0.9679 -0.1722 -0.1829
vn -0.9816 0.1080 -0.1577
vn -0.8965 -0.0109 -0.4430
vn 0.9663 -0.1931 -0.1700
vn 0.9680 0.0709 -0.2409
vn 0.9637 -0.2133 -0.1602
vn 0.9439 -0.2610 -0.2024
vn 0.8222 0.4123 -0.3925
vn 0.9248 -0.2997 -0.2342
vn 0.5994 0.6767 -0.4275
vn 0.8119 0.4758 -0.3383
vn -0.1864 0.8231 -0.5364
vn 0.2887 0.8161 -0.5007
vn 0.8209 0.1356 -0.5547
vn 0.2224 0.8478 -0.4814
vn 0.8643 0.1384 -0.4836
vn 0.9611 -0.1794 -0.2099
vn 0.7610 0.4909 -0.4242
vn 0.7181 0.6057 -0.3427
vn 0.0894 -0.9401 -0.3291
vn 0.2378 0.8750 -0.4216
vn 0.4920 0.7227 -0.4855
vn 0.7031 0.4750 -0.5292
vn 0.6104 0.5711 -0.5488
vn 0.8871 0.1990 -0.4164
vn 0.9450 0.1729 -0.2775
vn 0.9394 0.0241 -0.3419
vn 0.9772 -0.2070 0.0469
vn -0.9630 0.0064 -0.2695
vn -0.9581 0.2066 -0.1983
vn -0.9889 0.0117 -0.1483
vn -0.9808 -0.0358 -0.1917
vn -0.9710 0.0256 -0.2378
vn -0.9778 -0.1297 -0.1646
vn -0.9120 0.2966 -0.2833
vn -0.7397 -0.6116 -0.2807
vn -0.6191 -0.7087 -0.3383
vn 0.4424 0.8069 -0.3914
vn 0.1012 -0.9296 -0.3545
vn -0.5068 -0.8151 -0.2807
vn -0.4581 -0.7832 -0.4203
vn -0.9044 -0.0380 -0.4250
vn -0.7910 -0.5369 -0.2934
vn -0.9508 -0.2558 -0.1749
vn -0.8341 0.4567 -0.3094
vn -0.0899 -0.9060 -0.4136
vn 0.3319 -0.8734 -0.3563
vn -0.6470 -0.5737 -0.5023
vn -0.1532 -0.6685 0.7278
vn 0.6441 0.0500 0.7633
vn 0.6439 0.0520 -0.7633
vn -0.1532 -0.6685 -0.7278
vn 0.3853 -0.1323 0.9133
vn 0.3852 -0.1324 -0.9133
vn -0.4875 -0.8731 -0.0000
vn 0.9797 0.2006 0.0048
vn 0.4948 -0.0400 0.8681
vn 0.4975 -0.0391 -0.8666
vn 0.1318 -0.3722 -0.9187
vn 0.1319 -0.3722 0.9187
vn -0.4106 -0.8413 0.3516
vn 0.8221 0.1573 0.5472
vn 0.8156 0.1646 -0.5546
vn -0.4106 -0.8413 -0.3516
vn -0.6651 0.4249 -0.6141
vn -0.2488 -0.6795 -0.6902
vn -0.6651 0.4247 0.6142
vn -0.2489 -0.6795 0.6902
vn -0.1943 -0.6817 -0.7054
vn -0.2570 0.5948 0.7617
vn -0.1991 -0.6691 0.7160
vn -0.2551 0.6078 -0.7520
vn -0.4251 0.5492 -0.7195
vn 0.1152 -0.6822 -0.7220
vn -0.4251 0.5491 0.7196
vn 0.1152 -0.6822 0.7220
vn -0.5293 0.2691 -0.8046
vn 0.2470 -0.5920 -0.7672
vn -0.5190 0.2647 0.8127
vn 0.2470 -0.5920 0.7672
vn -0.4380 0.4888 -0.7545
vn 0.7252 -0.0628 -0.6857
vn -0.4405 0.4918 0.7511
vn 0.7252 -0.0628 0.6857
vn -0.6506 0.0209 -0.7591
vn 0.3656 -0.6685 -0.6476
vn -0.6504 0.0209 0.7593
vn 0.3657 -0.6685 0.6476
vn -0.6631 0.1583 -0.7316
vn 0.7629 -0.1045 -0.6381
vn -0.6715 0.1655 0.7223
vn 0.7575 -0.1027 0.6447
vn -0.8061 0.0567 -0.5890
vn 0.8870 0.1369 -0.4411
vn -0.8064 0.0566 0.5887
vn 0.8870 0.1368 0.4411
vn -0.7702 -0.1800 -0.6119
vn 0.8284 -0.0206 -0.5597
vn -0.7699 -0.1800 0.6122
vn 0.8284 -0.0206 0.5597
vn -0.7805 -0.2007 0.5920
vn -0.7807 -0.2007 -0.5918
vn 0.8591 -0.0335 -0.5106
vn 0.8592 -0.0334 0.5106
vn -0.7776 0.1054 -0.6199
vn 0.8019 0.2133 -0.5581
vn 0.8019 0.2133 0.5581
vn -0.7775 0.1054 0.6200
vn -0.7465 -0.2028 0.6338
vn -0.7465 -0.2028 -0.6337
vn 0.8410 -0.0219 -0.5406
vn 0.8410 -0.0219 0.5406
vn -0.7482 -0.2692 0.6063
vn -0.7483 -0.2692 -0.6062
vn 0.8509 -0.0828 -0.5188
vn 0.8509 -0.0828 0.5188
vn -0.5484 0.3927 0.7383
vn -0.5430 0.4024 -0.7370
vn 0.7107 0.1234 -0.6925
vn 0.7088 0.1237 0.6945
vn -0.7325 -0.2875 0.6170
vn -0.7308 -0.2921 -0.6169
vn 0.8159 -0.1605 -0.5554
vn 0.8150 -0.1603 0.5568
vn -0.3734 0.6054 0.7029
vn -0.3488 0.6183 -0.7043
vn 0.7886 0.3459 -0.5085
vn 0.7841 0.3462 0.5151
vn 0.5302 -0.4553 0.7153
vn -0.5517 0.2521 0.7950
vn -0.5529 0.2517 -0.7943
vn 0.5301 -0.4552 -0.7153
vn 0.1756 0.5918 0.7867
vn 0.1756 0.5919 -0.7866
vn 0.5159 -0.4987 -0.6965
vn 0.5159 -0.4987 0.6965
vn -0.2166 -0.6699 0.7102
vn -0.4180 0.5363 -0.7333
vn -0.2151 -0.6712 -0.7093
vn -0.4189 0.5338 0.7345
vn -0.1798 0.5084 0.8421
vn -0.1817 0.5099 -0.8408
vn 0.3660 -0.5269 -0.7671
vn 0.3660 -0.5269 0.7671
vn 0.2451 -0.6671 -0.7035
vn 0.2451 -0.6671 0.7035
vn -0.6185 0.0433 0.7846
vn -0.6079 0.0409 -0.7929
vn -0.0743 0.7303 0.6791
vn -0.0745 0.7303 -0.6790
vn 0.8012 0.0639 -0.5949
vn 0.8012 0.0639 0.5950
vn -0.5948 0.0621 -0.8014
vn 0.5685 -0.4307 -0.7010
vn 0.5692 -0.4296 0.7011
vn -0.5942 0.0634 0.8018
vn -0.7301 -0.2009 -0.6532
vn 0.7252 -0.2650 -0.6355
vn 0.7211 -0.2636 0.6407
vn -0.7355 -0.1898 0.6504
vn -0.6616 0.4882 -0.5691
vn 0.7480 0.4543 -0.4838
vn 0.7481 0.4540 0.4839
vn -0.6617 0.4879 0.5693
vn -0.4055 0.0124 -0.9140
vn -0.4056 0.0125 0.9140
vn -0.2915 0.0870 -0.9526
vn -0.2911 0.0856 0.9528
vn -0.3176 0.0306 -0.9477
vn -0.3176 0.0307 0.9477
vn -0.2237 -0.0125 -0.9746
vn -0.2239 -0.0123 0.9745
vn 0.0087 0.2886 -0.9574
vn 0.0081 0.2888 0.9574
vn -0.1853 -0.2348 -0.9542
vn -0.1855 -0.2346 0.9542
vn -0.0737 0.0753 -0.9944
vn -0.0914 0.0833 0.9923
vn -0.1705 0.1217 -0.9778
vn -0.1707 0.1213 0.9778
vn -0.0596 -0.1960 -0.9788
vn -0.0603 -0.1960 0.9787
vn -0.1322 -0.1624 0.9778
vn -0.1317 -0.1623 -0.9779
vn -0.1322 0.1318 -0.9824
vn -0.1324 0.1317 0.9824
vn -0.1318 -0.1093 -0.9852
vn -0.1320 -0.1094 0.9852
vn -0.1447 -0.1815 -0.9727
vn -0.1450 -0.1815 0.9726
vn -0.0145 0.3295 0.9440
vn -0.0073 0.3348 -0.9423
vn -0.1783 -0.1866 0.9661
vn -0.1742 -0.1906 -0.9661
vn 0.1793 0.4995 0.8475
vn 0.2024 0.5069 -0.8379
vn -0.1184 -0.0088 -0.9929
vn -0.1186 -0.0087 0.9929
vn 0.0132 0.0963 0.9953
vn 0.0133 0.0961 -0.9953
vn -0.3290 0.0507 0.9430
vn -0.3292 0.0508 -0.9429
vn 0.0229 0.0876 0.9959
vn 0.0230 0.0874 -0.9959
vn -0.3029 -0.1293 -0.9442
vn -0.3032 -0.1292 0.9441
vn 0.2197 0.4819 0.8483
vn 0.2201 0.4816 -0.8483
vn -0.1265 -0.0763 -0.9890
vn -0.1264 -0.0742 0.9892
vn -0.1671 -0.1645 -0.9721
vn -0.1780 -0.1535 0.9720
vn -0.1273 0.4429 0.8875
vn -0.1269 0.4441 -0.8870
vn -0.7392 0.6735 -0.0001
vn -0.0730 -0.9973 -0.0000
vn -0.0540 -0.9985 -0.0068
vn -0.2448 0.9695 -0.0120
vn -0.5214 0.8533 -0.0000
vn 0.1964 -0.9805 -0.0000
vn -0.8376 0.5458 -0.0205
vn 0.5127 -0.8586 -0.0000
vn -0.6423 0.7665 0.0055
vn 0.9944 -0.1060 -0.0001
vn -0.9648 0.2628 -0.0000
vn 0.6468 -0.7627 -0.0000
vn -0.9842 0.1771 -0.0005
vn 0.9838 -0.1792 -0.0000
vn -0.9998 0.0205 0.0001
vn 0.9940 0.1090 0.0001
vn -0.9742 -0.2259 -0.0000
vn 1.0000 -0.0021 -0.0000
vn 0.9997 0.0262 -0.0000
vn -0.9806 -0.1959 -0.0000
vn -0.9979 0.0650 -0.0000
vn 0.9798 0.1998 -0.0000
vn -0.9779 -0.2089 -0.0000
vn 0.9998 0.0182 -0.0000
vn -0.9677 -0.2520 -0.0000
vn 0.9997 -0.0224 -0.0000
vn 0.9995 0.0304 0.0001
vn -0.9146 0.4044 0.0009
vn 0.9913 -0.1320 -0.0000
vn -0.9554 -0.2952 0.0002
vn 0.9634 0.2679 0.0001
vn -0.7097 0.7045 -0.0004
vn 0.7812 -0.6243 -0.0000
vn -0.8575 0.5145 0.0001
vn 0.5921 -0.8059 -0.0000
vn 0.1690 0.9856 -0.0000
vn -0.4718 0.8817 -0.0028
vn -0.0572 -0.9984 -0.0005
vn 0.5235 -0.8520 -0.0000
vn -0.3389 0.9408 -0.0043
vn -0.9798 0.1992 0.0180
vn 0.5721 -0.8202 -0.0000
vn -0.3140 0.9494 0.0004
vn 0.9964 -0.0848 -0.0000
vn -0.9871 0.1600 -0.0002
vn 0.8281 -0.5605 -0.0001
vn -0.9859 -0.1675 0.0003
vn 0.9689 -0.2474 -0.0000
vn 0.8903 0.4555 -0.0000
vn -0.8705 0.4922 -0.0000
vn 0.1044 -0.9945 -0.0000
vn -0.4310 -0.1815 0.8839
vn -0.3681 0.1293 0.9208
vn -0.2780 -0.1339 0.9512
vn -0.3809 -0.2158 0.8991
vn -0.2154 0.3352 0.9172
vn -0.4114 -0.2235 0.8836
vn -0.1567 0.5498 0.8204
vn -0.2489 0.0800 0.9652
vn 0.0832 0.3476 0.9340
vn -0.0520 0.2354 0.9705
vn -0.4870 -0.0021 0.8734
vn 0.0212 0.6468 0.7623
vn -0.3277 -0.0073 0.9448
vn -0.3210 -0.1599 0.9335
vn -0.6015 0.4471 0.6620
vn -0.5147 0.2018 -0.8333
vn -0.5147 0.2018 0.8333
vn -0.2677 0.2689 -0.9252
vn -0.2678 0.2685 0.9253
vn -0.3905 0.3148 -0.8651
vn -0.3905 0.3148 0.8651
vn -0.3263 0.0886 -0.9411
vn -0.3272 0.0897 0.9407
vn -0.2957 0.3945 -0.8700
vn -0.2972 0.3945 0.8695
vn -0.3603 -0.1327 -0.9234
vn -0.3602 -0.1327 0.9234
vn -0.2296 0.1029 -0.9678
vn -0.2463 0.1121 0.9627
vn -0.6696 0.0785 -0.7386
vn -0.6724 0.0778 0.7361
vn -0.2554 -0.1917 -0.9476
vn -0.2555 -0.1916 0.9476
vn -0.4309 -0.1815 -0.8839
vn -0.3680 0.1293 -0.9208
vn -0.2779 -0.1339 -0.9512
vn -0.3809 -0.2158 -0.8991
vn -0.2094 0.3429 -0.9157
vn -0.4059 -0.2282 -0.8850
vn -0.1372 0.5633 -0.8148
vn -0.2485 0.0794 -0.9654
vn 0.0832 0.3476 -0.9340
vn -0.3481 0.2177 0.9118
vn -0.3481 0.2178 -0.9118
vn -0.0518 0.2353 -0.9705
vn -0.4881 -0.0004 -0.8728
vn 0.0259 0.6433 -0.7652
vn -0.3288 -0.0088 -0.9444
vn -0.3104 -0.1731 -0.9347
vn -0.6013 0.4477 -0.6618
vn -0.2679 -0.9634 -0.0000
vn -0.3193 -0.3167 -0.8932
vn -0.3193 -0.3167 0.8932
vn -0.2763 -0.2352 -0.9318
vn -0.2755 -0.2349 0.9322
vn -0.1232 -0.3780 -0.9176
vn -0.1232 -0.3780 0.9176
vn -0.0203 -0.2365 -0.9714
vn -0.0203 -0.2365 0.9714
vn 0.5657 0.0039 -0.8246
vn 0.5656 0.0039 0.8247
vn 0.0872 -0.4498 -0.8889
vn 0.0872 -0.4497 0.8889
vn 0.2625 0.0080 -0.9649
vn 0.2448 0.0144 0.9695
vn 0.5546 0.1464 -0.8192
vn 0.5571 0.1462 0.8175
vn 0.5035 -0.1114 -0.8568
vn 0.5036 -0.1113 0.8567
vn 0.5078 -0.0900 -0.8568
vn 0.3372 0.1795 -0.9242
vn 0.2703 -0.0757 -0.9598
vn 0.3782 -0.1389 -0.9153
vn 0.3427 0.2527 -0.9048
vn 0.3028 -0.1728 -0.9373
vn 0.5659 0.4190 -0.7101
vn 0.1578 -0.2083 -0.9653
vn 0.1997 -0.2191 -0.9550
vn -0.2905 -0.2519 0.9231
vn -0.2911 -0.2519 -0.9229
vn 0.1604 -0.1612 -0.9738
vn 0.0091 -0.4199 -0.9075
vn 0.5970 0.2103 -0.7742
vn 0.1944 -0.2209 -0.9557
vn 0.1781 -0.1973 -0.9640
vn 0.5254 0.4445 -0.7255
vn 0.5079 -0.0900 0.8567
vn 0.3372 0.1795 0.9242
vn 0.2703 -0.0757 0.9598
vn 0.3782 -0.1389 0.9152
vn 0.3375 0.2513 0.9072
vn 0.3018 -0.1704 0.9380
vn 0.5504 0.4181 0.7227
vn 0.1578 -0.2082 0.9653
vn 0.1997 -0.2191 0.9550
vn 0.1604 -0.1612 0.9738
vn 0.0090 -0.4200 0.9075
vn 0.5970 0.2103 0.7742
vn 0.1946 -0.2189 0.9561
vn 0.1673 -0.1899 0.9674
vn 0.5255 0.4439 0.7258
vn 0.6634 -0.7483 -0.0000
vn -0.7183 0.6055 0.3426
vn -0.0931 -0.9396 0.3293
vn -0.2434 0.8737 0.4212
vn -0.4920 0.7226 0.4855
vn -0.7037 0.4683 0.5344
vn -0.6027 0.5762 0.5520
vn -0.8871 0.1990 0.4165
vn -0.9451 0.1758 0.2755
vn -0.9391 0.0241 0.3429
vn -0.9772 -0.2070 -0.0469
vn 0.9630 0.0064 0.2696
vn 0.9581 0.2066 0.1983
vn 0.9889 0.0117 0.1483
vn 0.9808 -0.0358 0.1917
vn 0.9709 0.0256 0.2380
vn 0.9777 -0.1298 0.1651
vn 0.9118 0.2964 0.2841
vn 0.7397 -0.6116 0.2807
vn 0.6191 -0.7087 0.3383
vn -0.4481 0.8043 0.3903
vn -0.1035 -0.9293 0.3545
vn 0.5068 -0.8151 0.2807
vn 0.4581 -0.7832 0.4204
vn 0.9044 -0.0380 0.4250
vn 0.7913 -0.5365 0.2932
vn 0.9507 -0.2558 0.1754
vn 0.8342 0.4564 0.3095
vn 0.0897 -0.9060 0.4137
vn -0.1325 -0.9025 0.4097
vn 0.1815 -0.8708 0.4569
vn 0.4690 -0.8337 0.2914
vn 0.8180 -0.0871 0.5686
vn 0.5836 -0.7491 0.3135
vn 0.9678 -0.1721 0.1835
vn 0.9815 0.1080 0.1582
vn 0.8964 -0.0109 0.4430
vn -0.9663 -0.1931 0.1700
vn -0.9680 0.0709 0.2409
vn -0.9637 -0.2133 0.1602
vn -0.9439 -0.2610 0.2025
vn -0.8265 0.4046 0.3914
vn -0.9253 -0.2978 0.2348
vn -0.6162 0.6648 0.4223
vn -0.8112 0.4760 0.3398
vn 0.1863 0.8231 0.5364
vn -0.2857 0.8164 0.5019
vn -0.8210 0.1378 0.5540
vn -0.2190 0.8444 0.4889
vn -0.8643 0.1393 0.4834
vn -0.9618 -0.1755 0.2101
vn -0.7611 0.4905 0.4243
vn -0.3319 -0.8734 0.3565
vn 0.6471 -0.5735 0.5024
vn -0.1323 -0.9025 -0.4097
vn 0.1815 -0.8708 -0.4569
vn 0.4690 -0.8337 -0.2914
vn 0.8180 -0.0870 -0.5686
vn 0.5836 -0.7491 -0.3135
vn 0.9679 -0.1722 -0.1829
vn 0.9816 0.1080 -0.1577
vn 0.8965 -0.0109 -0.4430
vn -0.9663 -0.1931 -0.1700
vn -0.9680 0.0709 -0.2409
vn -0.9637 -0.2133 -0.1602
vn -0.9439 -0.2610 -0.2024
vn -0.8222 0.4123 -0.3926
vn -0.9248 -0.2997 -0.2342
vn -0.5994 0.6767 -0.4275
vn -0.8119 0.4758 -0.3383
vn 0.1864 0.8231 -0.5364
vn -0.2887 0.8161 -0.5007
vn -0.8209 0.1356 -0.5547
vn -0.2224 0.8478 -0.4814
vn -0.8643 0.1384 -0.4836
vn -0.9611 -0.1794 -0.2099
vn -0.7610 0.4909 -0.4242
vn -0.7181 0.6057 -0.3427
vn -0.0894 -0.9401 -0.3291
vn -0.2378 0.8750 -0.4216
vn -0.4920 0.7227 -0.4855
vn -0.7031 0.4750 -0.5292
vn -0.6104 0.5711 -0.5488
vn -0.8871 0.1990 -0.4164
vn -0.9450 0.1729 -0.2775
vn -0.9394 0.0241 -0.3419
vn -0.9772 -0.2070 0.0469
vn 0.9630 0.0064 -0.2695
vn 0.9581 0.2066 -0.1983
vn 0.9889 0.0117 -0.1483
vn 0.9808 -0.0358 -0.1916
vn 0.9710 0.0256 -0.2378
vn 0.9778 -0.1297 -0.1646
vn 0.9120 0.2966 -0.2833
vn 0.7397 -0.6116 -0.2807
vn 0.6191 -0.7087 -0.3383
vn -0.4424 0.8069 -0.3914
vn -0.1012 -0.9296 -0.3545
vn 0.5068 -0.8151 -0.2807
vn 0.4581 -0.7832 -0.4203
vn 0.9044 -0.0380 -0.4250
vn 0.7910 -0.5369 -0.2934
vn 0.9508 -0.2558 -0.1749
vn 0.8341 0.4567 -0.3094
vn 0.0899 -0.9060 -0.4136
vn -0.3319 -0.8734 -0.3563
vn 0.6470 -0.5737 -0.5023
vn 0.1532 -0.6685 0.7278
vn -0.6441 0.0500 0.7633
vn -0.6439 0.0520 -0.7633
vn 0.1532 -0.6685 -0.7278
vn -0.3853 -0.1323 0.9133
vn -0.3852 -0.1324 -0.9133
vn 0.4875 -0.8731 -0.0000
vn -0.9797 0.2006 0.0048
vn -0.4948 -0.0400 0.8681
vn -0.4975 -0.0391 -0.8666
vn -0.1318 -0.3722 -0.9187
vn -0.1319 -0.3722 0.9187
vn 0.4106 -0.8413 0.3516
vn -0.8221 0.1573 0.5472
vn -0.8156 0.1646 -0.5546
vn 0.4106 -0.8413 -0.3516
vn 0.2943 -0.4862 -0.8228
vn 0.2943 -0.4863 0.8228
vn 0.7146 0.5555 0.4252
vn 0.2389 -0.6705 0.7024
vn 0.5732 0.4694 -0.6716
vn 0.1836 -0.8342 -0.5199
vn 0.1994 -0.6781 -0.7074
vn 0.2953 0.5813 0.7582
vn 0.2470 -0.4356 -0.8656
vn 0.1353 -0.8667 0.4801
vn 0.2478 -0.4299 0.8682
vn 0.2492 0.7975 0.5494
vn 0.0028 -0.5341 -0.8454
vn 0.0027 -0.5342 0.8453
vn 0.4715 0.6709 0.5724
vn -0.1740 -0.8014 -0.5722
vn 0.1774 -0.6977 -0.6941
vn 0.1774 -0.6977 0.6941
vn 0.6516 0.4414 0.6169
vn 0.6516 0.4415 -0.6168
vn -0.0911 -0.3854 -0.9182
vn -0.0912 -0.3855 0.9182
vn 0.6551 0.3997 0.6411
vn -0.4005 -0.7749 -0.4890
vn 0.3727 0.4029 0.8359
vn -0.0364 0.6222 -0.7820
vn -0.4588 -0.5566 -0.6926
vn -0.4589 -0.5566 0.6926
vn -0.6762 -0.0432 -0.7354
vn -0.6765 -0.0433 0.7352
vn 0.5361 0.5449 0.6448
vn -0.7643 -0.0767 -0.6402
vn -0.3370 -0.6328 -0.6972
vn -0.1804 -0.6388 0.7479
vn 0.6008 0.1453 0.7861
vn 0.6093 0.1497 -0.7787
vn -0.2117 -0.5567 -0.8033
vn -0.2119 -0.5567 0.8032
vn 0.8095 0.1286 0.5729
vn -0.5101 -0.7387 -0.4406
vn -0.3696 -0.6523 0.6617
vn -0.0536 0.8116 0.5818
vn -0.0578 0.8128 -0.5797
vn -0.8003 0.2080 -0.5624
vn -0.4813 -0.0391 -0.8757
vn -0.4672 -0.0345 0.8835
vn 0.8749 0.1722 0.4527
vn -0.9277 -0.1506 -0.3417
vn 0.5063 0.4095 0.7590
vn 0.6195 0.0113 -0.7849
vn -0.4651 -0.5727 -0.6750
vn -0.4655 -0.5724 0.6751
vn -0.7244 0.1417 -0.6746
vn -0.7256 0.1415 0.6734
vn 0.8834 0.0346 0.4673
vn -0.9646 0.1221 -0.2337
vn 0.7726 -0.2512 0.5831
vn 0.7441 -0.0492 -0.6663
vn -0.7260 -0.2162 -0.6528
vn -0.7208 -0.2140 0.6593
vn -0.7187 -0.0570 -0.6930
vn -0.7189 -0.0570 0.6928
vn 0.9344 -0.2070 0.2900
vn -0.8629 -0.0180 -0.5051
vn 0.7830 -0.1766 0.5965
vn 0.7127 0.4710 -0.5197
vn -0.7823 0.4535 -0.4270
vn -0.7824 0.4532 0.4271
vn 0.7662 -0.2435 0.5947
vn 0.7832 -0.1767 -0.5962
vn -0.8456 -0.0194 -0.5334
vn -0.8456 -0.0194 0.5334
vn 0.5538 -0.1888 0.8109
vn -0.9386 -0.0089 0.3448
vn -0.7048 -0.0619 -0.7067
vn 0.9205 -0.1981 -0.3368
vn 0.7761 -0.0737 -0.6263
vn -0.8282 0.0832 -0.5542
vn -0.8282 0.0832 0.5542
vn 0.7079 0.3152 0.6321
vn 0.9210 0.0809 -0.3812
vn -0.5708 0.2042 -0.7953
vn -0.9270 0.2090 0.3115
vn 0.5209 0.1295 0.8437
vn 0.7760 -0.0737 0.6264
vn 0.7402 -0.2606 -0.6198
vn -0.8442 -0.0761 -0.5306
vn -0.8442 -0.0761 0.5306
vn 0.9206 -0.2148 -0.3261
vn -0.5531 -0.0532 -0.8314
vn -0.9631 0.0011 0.2690
vn 0.4394 -0.1625 0.8835
vn 0.7401 -0.2606 0.6199
vn 0.7663 -0.2435 -0.5946
vn -0.8585 -0.0619 -0.5091
vn -0.8585 -0.0619 0.5091
vn 0.8972 -0.2704 -0.3492
vn -0.6268 -0.1165 -0.7704
vn -0.9552 -0.0520 0.2915
vn 0.5130 -0.2414 0.8238
vn 0.5908 0.1463 0.7934
vn 0.3117 0.6949 -0.6481
vn -0.7489 0.4978 -0.4374
vn -0.7463 0.4971 0.4426
vn 0.3347 0.3552 0.8728
vn -0.9173 0.0471 0.3953
vn -0.4883 0.1959 -0.8504
vn 0.7219 0.4164 -0.5526
vn 0.7227 -0.2739 0.6346
vn 0.7721 -0.2525 -0.5832
vn -0.8686 -0.0787 -0.4891
vn -0.8685 -0.0786 0.4894
vn 0.5311 -0.2531 0.8086
vn -0.9503 -0.1385 0.2789
vn -0.5454 -0.1724 -0.8203
vn 0.8707 -0.3024 -0.3878
vn 0.3402 0.6737 0.6561
vn 0.4910 0.4093 -0.7690
vn -0.8242 0.0770 -0.5610
vn -0.8199 0.0780 0.5672
vn 0.2244 0.5667 0.7928
vn -0.8788 0.3081 0.3645
vn -0.6686 0.3880 -0.6344
vn 0.5093 0.6563 -0.5567
vn -0.7264 -0.1478 0.6712
vn 0.6445 0.0983 0.7582
vn 0.6448 0.0982 -0.7580
vn -0.3696 -0.6523 -0.6617
vn -0.6887 -0.5686 0.4498
vn -0.3245 -0.3222 -0.8893
vn 0.7513 0.3990 -0.5257
vn 0.3389 0.1322 0.9315
vn -0.0364 0.6220 0.7821
vn -0.0242 0.5628 -0.8263
vn -0.4219 -0.5163 -0.7453
vn -0.4219 -0.5163 0.7453
vn -0.1374 0.4345 0.8901
vn -0.6085 -0.6247 0.4894
vn -0.3620 -0.3535 -0.8626
vn -0.1946 0.7437 -0.6396
vn 0.2017 -0.6750 0.7097
vn 0.2940 0.5856 -0.7554
vn 0.2383 -0.6709 -0.7022
vn 0.5736 0.4685 0.6719
vn 0.4444 0.7347 0.5125
vn 0.2642 -0.4382 0.8591
vn 0.2642 -0.4389 -0.8588
vn 0.1504 -0.8579 0.4913
vn -0.0244 0.5625 0.8264
vn 0.3790 0.4063 -0.8314
vn -0.3273 -0.5443 -0.7724
vn -0.3273 -0.5444 0.7723
vn 0.0865 0.3187 0.9439
vn -0.4713 -0.7341 0.4888
vn -0.2478 -0.3132 -0.9168
vn 0.2675 0.7240 -0.6359
vn -0.1672 -0.6829 -0.7111
vn -0.3370 -0.6328 0.6971
vn 0.5957 0.1575 0.7876
vn 0.5895 0.1534 -0.7931
vn -0.1225 -0.5468 -0.8283
vn 0.7125 0.0899 -0.6959
vn 0.5291 0.0074 0.8485
vn -0.3702 -0.7522 0.5451
vn 0.3346 0.5238 0.7834
vn 0.3369 0.5226 -0.7832
vn -0.7263 -0.1478 -0.6713
vn -0.8003 0.2080 0.5624
vn -0.0119 0.6605 0.7507
vn 0.1878 0.8173 -0.5448
vn -0.7092 0.1353 -0.6919
vn -0.8651 0.0044 0.5015
vn 0.5910 0.1463 -0.7933
vn -0.6646 -0.2857 -0.6904
vn -0.6650 -0.2841 0.6907
vn 0.6191 0.0118 0.7852
vn 0.7627 0.1112 -0.6371
vn -0.3553 -0.3064 -0.8831
vn -0.7276 -0.5200 0.4475
vn 0.4161 0.0147 0.9092
vn 0.7189 -0.2828 -0.6350
vn -0.7608 -0.2401 -0.6029
vn -0.7584 -0.2396 0.6062
vn 0.7500 -0.0394 0.6602
vn 0.9050 -0.1905 -0.3804
vn -0.4180 -0.2317 -0.8784
vn -0.9080 -0.2666 0.3232
vn 0.4658 -0.1756 0.8673
vn 0.7080 0.3153 -0.6319
vn -0.7731 0.3378 -0.5369
vn -0.7731 0.3377 0.5369
vn 0.7128 0.4706 0.5200
vn 0.6306 0.4727 0.6156
vn -0.8114 0.4530 0.3694
vn -0.6523 0.4526 -0.6079
vn 0.7069 0.4933 -0.5069
vn 0.4673 0.1426 -0.8725
vn 0.4673 0.1427 0.8725
vn 0.2829 0.2027 -0.9375
vn 0.2828 0.2023 0.9376
vn 0.3724 0.2192 -0.9018
vn 0.3724 0.2193 0.9018
vn 0.2996 0.0604 -0.9522
vn 0.3002 0.0608 0.9519
vn 0.2193 0.3802 -0.8985
vn 0.2199 0.3802 0.8984
vn 0.2981 -0.1623 -0.9406
vn 0.2981 -0.1622 0.9406
vn 0.1747 0.0939 -0.9801
vn 0.1918 0.1025 0.9761
vn 0.5332 0.0901 -0.8412
vn 0.5360 0.0894 0.8395
vn 0.1891 -0.1982 -0.9617
vn 0.1894 -0.1982 0.9617
vn -0.2135 -0.1274 0.9686
vn 0.3445 -0.1775 -0.9219
vn 0.2880 0.1248 -0.9495
vn -0.0972 0.1524 0.9835
vn 0.2240 -0.1220 -0.9669
vn -0.0372 -0.0938 0.9949
vn 0.3045 -0.1995 -0.9314
vn -0.1096 -0.1601 0.9810
vn -0.1750 0.2998 0.9378
vn 0.1419 0.3433 -0.9285
vn -0.0610 -0.1737 0.9829
vn 0.3308 -0.2090 -0.9202
vn -0.4094 0.4546 0.7911
vn 0.0302 0.5435 -0.8389
vn 0.2050 0.0520 -0.9774
vn -0.0114 -0.1026 0.9947
vn -0.0692 -0.0734 0.9949
vn -0.0301 0.2527 -0.9671
vn 0.3428 0.1581 0.9260
vn 0.3428 0.1582 -0.9260
vn -0.0882 -0.0337 0.9955
vn 0.0273 0.1830 -0.9827
vn 0.4343 -0.0291 -0.9003
vn 0.1322 -0.2777 0.9515
vn -0.4341 0.3243 0.8405
vn -0.0577 0.6070 -0.7926
vn 0.2598 -0.0280 -0.9653
vn -0.0413 -0.1453 0.9885
vn 0.2571 -0.1656 -0.9521
vn 0.0268 -0.1649 0.9859
vn -0.2856 0.4427 0.8499
vn 0.4721 0.4345 -0.7670
vn 0.1339 0.4739 -0.8703
vn 0.1344 0.4721 0.8712
vn 0.1492 -0.0536 0.9874
vn 0.1350 -0.0647 -0.9887
vn 0.1534 -0.1690 0.9736
vn 0.1533 -0.1698 -0.9735
vn -0.3075 0.6001 -0.7385
vn -0.3070 0.6004 0.7385
vn 0.3889 -0.1608 0.9071
vn 0.3888 -0.1609 -0.9072
vn -0.0486 0.0963 -0.9942
vn -0.0485 0.0965 0.9941
vn 0.3006 0.0750 -0.9508
vn 0.3711 0.0284 0.9282
vn 0.1368 0.0708 -0.9881
vn 0.1369 0.0710 0.9880
vn -0.0458 0.2459 0.9682
vn -0.0461 0.2457 -0.9682
vn -0.2388 0.6715 -0.7015
vn -0.2199 0.6594 0.7189
vn 0.1748 -0.2104 -0.9619
vn 0.1822 -0.2022 0.9622
vn 0.0997 0.0264 -0.9947
vn 0.1005 0.0278 0.9946
vn 0.1389 -0.1667 0.9762
vn 0.1387 -0.1667 -0.9762
vn 0.1279 0.0023 0.9918
vn 0.1277 0.0023 -0.9918
vn 0.1341 0.2742 0.9523
vn 0.1338 0.2746 -0.9522
vn 0.1448 -0.1757 -0.9737
vn 0.1452 -0.1758 0.9737
vn 0.1034 -0.1585 0.9819
vn 0.1027 -0.1585 -0.9820
vn -0.0077 -0.4355 0.9002
vn 0.1965 -0.1385 0.9707
vn 0.1949 -0.1395 -0.9709
vn -0.0157 0.2667 0.9637
vn -0.0375 0.2654 -0.9634
vn 0.1937 -0.1925 -0.9620
vn 0.1822 -0.0680 -0.9809
vn 0.1828 -0.0678 0.9808
vn 0.1939 -0.1924 0.9620
vn 0.0777 0.0532 0.9956
vn 0.0775 0.0531 -0.9956
vn 0.4020 0.0098 -0.9156
vn 0.4020 0.0099 0.9156
vn 0.3003 0.0746 0.9509
vn 0.3711 0.0283 -0.9281
vn 0.7246 0.6426 -0.2491
vn 0.0930 -0.9556 0.2794
vn 0.0657 -0.9736 -0.2185
vn 0.2391 0.9247 -0.2961
vn 0.5035 0.7890 -0.3522
vn -0.1874 -0.9340 0.3042
vn 0.7508 0.5129 -0.4161
vn -0.4988 -0.8498 0.1705
vn 0.6506 0.6623 -0.3716
vn -0.9154 -0.0954 0.3911
vn 0.9360 0.2444 -0.2535
vn -0.6245 -0.7544 0.2023
vn 0.9732 0.1757 -0.1484
vn -0.9771 -0.1775 0.1172
vn 0.9809 0.0211 -0.1933
vn -0.9868 0.1073 0.1210
vn 0.9709 -0.2149 0.1055
vn -0.9532 -0.0037 0.3024
vn -0.9828 0.0190 -0.1837
vn 0.9780 -0.1946 0.0749
vn 0.9891 0.0660 0.1314
vn -0.9711 0.2020 -0.1269
vn 0.9746 -0.2103 0.0775
vn -0.9955 0.0162 -0.0936
vn 0.9613 -0.2544 0.1054
vn -0.9917 -0.0266 -0.1258
vn -0.9834 0.0283 -0.1794
vn 0.8883 0.4021 0.2220
vn -0.9844 -0.1314 -0.1167
vn 0.9478 -0.2956 0.1193
vn -0.9415 0.2800 -0.1876
vn 0.6777 0.6862 0.2645
vn -0.7640 -0.6210 -0.1754
vn 0.8389 0.5026 0.2090
vn -0.6006 -0.7733 -0.2032
vn -0.1720 0.9111 0.3745
vn 0.4557 0.8477 -0.2714
vn 0.0711 -0.9696 -0.2342
vn -0.5178 -0.8404 -0.1600
vn 0.3121 0.8837 0.3489
vn 0.9215 0.1752 0.3467
vn -0.5308 -0.8035 -0.2694
vn 0.2687 0.8908 0.3666
vn -0.9571 -0.0742 -0.2801
vn 0.9452 0.1545 0.2877
vn -0.8117 -0.5492 -0.1988
vn 0.9800 -0.1695 0.1041
vn -0.9616 -0.2496 -0.1143
vn -0.8650 0.4557 -0.2099
vn 0.8306 0.4896 0.2653
vn -0.1044 -0.9945 -0.0119
vn -0.9878 -0.1557 -0.0000
vn 0.8707 0.4918 -0.0000
vn -0.8798 0.4753 -0.0000
vn -0.9688 -0.2477 -0.0000
vn 0.9999 -0.0157 0.0001
vn -0.7303 -0.6832 -0.0000
vn 0.9830 0.1837 -0.0001
vn -0.9977 0.0671 -0.0000
vn -0.0113 0.9999 0.0004
vn -0.4974 -0.8675 -0.0000
vn 0.9900 0.1402 0.0147
vn 0.0267 0.9996 -0.0004
vn -0.5539 -0.8326 -0.0000
vn 0.0546 -0.9985 -0.0011
vn 0.6510 0.7590 -0.0010
vn 0.0387 0.9993 -0.0000
vn -0.4858 -0.8741 -0.0000
vn 0.6665 0.7455 0.0002
vn -0.9384 -0.3454 -0.0000
vn 0.6349 0.7726 0.0002
vn -0.8554 0.5179 -0.0000
vn 0.9644 -0.2644 0.0002
vn -0.9799 -0.1993 -0.0000
vn 0.9816 0.1911 0.0002
vn -0.9186 -0.3952 -0.0000
vn -0.9998 -0.0199 -0.0000
vn 0.9684 -0.2495 -0.0000
vn -0.9953 0.0964 -0.0000
vn 0.9956 -0.0938 -0.0000
vn -0.9485 0.3167 -0.0000
vn 0.9609 0.2768 -0.0000
vn 0.9734 -0.2290 -0.0000
vn -1.0000 -0.0013 -0.0000
vn -0.9994 0.0354 -0.0000
vn -0.0925 -0.9957 -0.0000
vn -0.9976 -0.0690 -0.0000
vn 0.9832 -0.1826 -0.0000
vn -0.9999 0.0111 -0.0000
vn 0.9620 -0.2730 0.0001
vn -0.6545 -0.7561 -0.0000
vn 0.9313 0.3644 -0.0000
vn 0.8762 0.4820 -0.0004
vn 0.9462 0.3232 0.0117
vn -0.5185 -0.8551 -0.0000
vn -0.6573 -0.7536 -0.0000
vn 0.7258 0.6879 -0.0000
vn 0.6185 0.7857 -0.0147
vn 0.3026 0.9531 -0.0047
vn 0.0200 -0.9998 -0.0000
vn 0.0659 -0.9978 -0.0001
vn 0.3447 -0.1775 0.9218
vn 0.2881 0.1247 0.9495
vn 0.2241 -0.1220 0.9669
vn 0.3046 -0.1995 0.9313
vn 0.1482 0.3365 0.9299
vn 0.3363 -0.2047 0.9193
vn 0.0516 0.5320 0.8452
vn 0.2052 0.0523 0.9773
vn -0.0301 0.2527 0.9671
vn 0.0273 0.1831 0.9827
vn 0.4338 -0.0298 0.9005
vn -0.0559 0.6082 0.7918
vn 0.2589 -0.0263 0.9655
vn 0.2680 -0.1535 0.9511
vn 0.4724 0.4336 0.7674
vn 0.5769 0.2770 -0.7684
vn 0.5769 0.2770 0.7684
vn 0.2581 0.3788 -0.8887
vn 0.2584 0.3744 0.8905
vn 0.3977 0.4011 -0.8252
vn 0.3977 0.4011 0.8252
vn 0.3791 0.1399 -0.9147
vn 0.3774 0.1401 0.9154
vn 0.3448 0.4222 -0.8383
vn 0.3479 0.4231 0.8366
vn 0.4528 -0.0898 -0.8871
vn 0.4527 -0.0898 0.8871
vn 0.3686 0.1263 -0.9210
vn 0.3835 0.1355 0.9135
vn 0.7275 0.0744 -0.6820
vn 0.7294 0.0740 0.6801
vn 0.5117 -0.2002 -0.8355
vn 0.5115 -0.2001 0.8357
vn 0.5539 -0.1888 -0.8109
vn 0.5209 0.1295 -0.8437
vn 0.4394 -0.1625 -0.8835
vn 0.5130 -0.2414 -0.8237
vn 0.3291 0.3641 -0.8713
vn 0.5272 -0.2581 -0.8096
vn 0.2026 0.5804 -0.7887
vn 0.3388 0.1315 -0.9316
vn -0.1374 0.4345 -0.8901
vn 0.3698 0.3194 0.8725
vn 0.3699 0.3202 -0.8721
vn 0.0864 0.3187 -0.9439
vn 0.5271 0.0083 -0.8498
vn -0.0165 0.6563 -0.7543
vn 0.4170 0.0132 -0.9088
vn 0.4561 -0.1890 -0.8696
vn 0.6304 0.4730 -0.6155
vn 0.8768 -0.4808 -0.0000
vn 0.2993 -0.9535 0.0362
vn 0.5259 0.2419 0.8154
vn 0.1825 0.1738 0.9677
vn 0.3303 -0.0978 0.9388
vn 0.4344 0.0945 0.8957
vn 0.2025 0.3248 0.9238
vn 0.5137 -0.1910 0.8364
vn 0.3503 -0.1654 0.9219
vn 0.4396 -0.2064 0.8742
vn 0.4723 0.2936 0.8311
vn 0.3010 -0.0177 0.9535
vn 0.3103 -0.1955 0.9303
vn 0.2851 0.0746 0.9556
vn 0.3580 -0.2210 0.9072
vn 0.1132 0.6581 0.7444
vn 0.1108 0.3745 0.9206
vn 0.0874 0.3748 0.9230
vn -0.0413 0.2861 0.9573
vn 0.5264 -0.0563 0.8484
vn -0.0681 0.7673 0.6376
vn 0.3575 -0.0825 0.9303
vn 0.2857 -0.0479 0.9571
vn 0.7039 0.4235 0.5702
vn 0.7030 0.4245 -0.5706
vn 0.2717 -0.0611 -0.9604
vn 0.3579 -0.0831 -0.9301
vn -0.0734 0.7652 -0.6396
vn 0.5291 -0.0541 -0.8468
vn -0.0413 0.2861 -0.9573
vn 0.2869 0.2515 -0.9244
vn 0.4381 0.1957 0.8773
vn 0.0874 0.3748 -0.9230
vn 0.1088 0.3723 -0.9217
vn 0.0949 0.6784 -0.7286
vn 0.3505 -0.2308 -0.9077
vn 0.2850 0.0740 -0.9557
vn 0.3102 -0.1955 -0.9303
vn 0.3009 -0.0177 -0.9535
vn 0.4723 0.2939 -0.8310
vn 0.4395 -0.2064 -0.8742
vn 0.3502 -0.1654 -0.9220
vn 0.2735 -0.4273 0.8618
vn 0.5092 -0.1919 -0.8390
vn 0.1837 0.3247 -0.9278
vn 0.3303 -0.0978 -0.9388
vn 0.4345 0.0950 -0.8957
vn 0.1817 0.1733 -0.9680
vn 0.5259 0.2419 -0.8154
vn 0.2868 0.2512 0.9244
vn 0.4381 0.1958 -0.8773
vn 0.3513 -0.1537 -0.9236
vn 0.3514 -0.1535 0.9236
vn 0.2897 -0.0652 -0.9549
vn 0.2889 -0.0668 0.9550
vn 0.2279 -0.1893 -0.9551
vn 0.2280 -0.1891 0.9551
vn 0.1207 -0.1174 -0.9857
vn 0.1209 -0.1173 0.9857
vn -0.3337 0.1182 -0.9353
vn -0.3330 0.1185 0.9355
vn 0.0433 -0.3405 -0.9392
vn 0.0436 -0.3403 0.9393
vn -0.0818 0.0446 -0.9956
vn -0.0637 0.0520 0.9966
vn -0.2870 0.1448 -0.9469
vn -0.2897 0.1445 0.9461
vn -0.2157 -0.1642 -0.9625
vn -0.2151 -0.1643 0.9627
vn -0.2140 -0.1273 -0.9685
vn -0.0974 0.1525 -0.9835
vn -0.0374 -0.0937 -0.9949
vn -0.1099 -0.1601 -0.9810
vn -0.1819 0.3029 -0.9355
vn -0.0629 -0.1771 -0.9822
vn -0.4294 0.4576 -0.7786
vn -0.0116 -0.1027 -0.9946
vn -0.0693 -0.0736 -0.9949
vn 0.3101 -0.0930 0.9461
vn 0.3106 -0.0929 -0.9460
vn -0.0883 -0.0338 -0.9955
vn 0.1318 -0.2780 -0.9515
vn -0.4343 0.3241 -0.8404
vn -0.0415 -0.1475 -0.9882
vn 0.0159 -0.1744 -0.9845
vn -0.2858 0.4437 -0.8494
vn -0.7051 -0.0619 0.7064
vn -0.5709 0.2042 0.7952
vn -0.5532 -0.0532 0.8314
vn -0.6270 -0.1165 0.7703
vn -0.4848 0.1955 0.8525
vn -0.5443 -0.1712 0.8212
vn -0.6582 0.3881 0.6451
vn -0.3246 -0.3223 0.8893
vn -0.3620 -0.3536 0.8625
vn -0.2479 -0.3133 0.9167
vn -0.1227 -0.5470 0.8281
vn -0.7093 0.1352 0.6918
vn -0.3559 -0.3048 0.8834
vn -0.4088 -0.2273 0.8839
vn -0.6526 0.4523 0.6079
vn -0.1162 -0.9932 -0.0000
vn -0.6637 -0.7152 -0.2191
vn 0.3091 -0.2752 -0.9103
vn 0.2788 -0.2418 0.9294
vn 0.2799 -0.3662 -0.8874
vn -0.0997 -0.1792 -0.9787
vn -0.1610 -0.4092 -0.8982
vn -0.0456 -0.4010 -0.9150
vn -0.4168 0.1872 -0.8895
vn -0.4060 -0.0988 -0.9085
vn -0.5254 -0.3062 0.7938
vn -0.5250 -0.0789 -0.8474
vn -0.4577 -0.1170 -0.8814
vn -0.4193 0.3122 -0.8525
vn -0.2878 0.0442 -0.9567
vn -0.3022 -0.1339 -0.9438
vn -0.2179 -0.0873 -0.9721
vn -0.2223 -0.2196 -0.9499
vn -0.5787 0.5655 -0.5877
vn -0.3958 0.0247 -0.9180
vn -0.1080 -0.3056 -0.9460
vn 0.3089 -0.2752 0.9104
vn 0.2795 -0.2419 -0.9292
vn -0.1755 -0.1755 -0.9687
vn 0.1022 -0.4185 -0.9025
vn -0.6891 0.2971 -0.6610
vn -0.1613 -0.3580 -0.9197
vn -0.1898 -0.1137 -0.9752
vn -0.6037 0.4515 -0.6571
vn -0.6045 0.4505 0.6569
vn -0.1754 -0.1056 0.9788
vn -0.1614 -0.3573 0.9199
vn -0.6891 0.2971 0.6610
vn 0.1023 -0.4184 0.9025
vn -0.1755 -0.1755 0.9687
vn -0.1080 -0.3056 0.9460
vn -0.3958 0.0247 0.9180
vn -0.5686 0.5618 0.6009
vn -0.2161 -0.2147 0.9525
vn -0.2174 -0.0852 0.9724
vn -0.3022 -0.1339 0.9438
vn -0.2879 0.0442 0.9566
vn -0.4193 0.3119 0.8526
vn -0.4578 -0.1170 0.8813
vn -0.5251 -0.0789 0.8474
vn -0.4087 -0.0979 0.9074
vn -0.3976 0.1899 0.8977
vn -0.1608 -0.4092 0.8982
vn -0.0456 -0.4009 0.9150
vn -0.0997 -0.1792 0.9788
vn 0.2800 -0.3662 0.8874
vn 0.7248 0.6425 0.2488
vn 0.0669 -0.9751 0.2114
vn 0.2433 0.9277 0.2832
vn 0.5035 0.7890 0.3522
vn 0.7624 0.5127 0.3949
vn 0.6429 0.6646 0.3807
vn 0.9360 0.2444 0.2534
vn 0.9731 0.1771 0.1475
vn 0.9808 0.0210 0.1938
vn 0.9709 -0.2149 -0.1055
vn -0.9828 0.0190 0.1836
vn -0.9711 0.2020 0.1269
vn -0.9955 0.0162 0.0936
vn -0.9917 -0.0266 0.1258
vn -0.9834 0.0284 0.1794
vn -0.9844 -0.1315 0.1169
vn -0.9415 0.2799 0.1879
vn -0.7640 -0.6210 0.1754
vn -0.6006 -0.7733 0.2032
vn 0.4599 0.8468 0.2671
vn 0.0723 -0.9697 0.2334
vn -0.5178 -0.8404 0.1600
vn -0.5308 -0.8036 0.2693
vn -0.9571 -0.0742 0.2800
vn -0.8120 -0.5489 0.1986
vn -0.9616 -0.2496 0.1145
vn -0.8652 0.4555 0.2098
vn -0.1044 -0.9945 0.0119
vn 0.1838 -0.8342 0.5200
vn -0.1740 -0.8014 0.5723
vn -0.4004 -0.7749 0.4891
vn -0.7642 -0.0766 0.6405
vn -0.5100 -0.7387 0.4407
vn -0.9268 -0.1502 0.3442
vn -0.9645 0.1221 0.2343
vn -0.8628 -0.0180 0.5052
vn 0.9204 -0.1981 0.3370
vn 0.9209 0.0809 0.3812
vn 0.9206 -0.2148 0.3262
vn 0.8971 -0.2704 0.3494
vn 0.7274 0.4074 0.5522
vn 0.8715 -0.2994 0.3885
vn 0.5311 0.6438 0.5509
vn 0.7501 0.3993 0.5273
vn -0.1945 0.7436 0.6397
vn 0.2639 0.7215 0.6402
vn 0.7244 0.0946 0.6828
vn 0.1829 0.8133 0.5524
vn 0.7625 0.1123 0.6372
vn 0.9067 -0.1836 0.3797
vn 0.7070 0.4930 0.5071
vn 0.2993 -0.9535 -0.0361
vn -0.6637 -0.7151 0.2191
vn -0.8648 -0.1800 0.4687
vn -0.0318 -0.9050 0.4242
vn 0.0744 -0.8934 0.4431
vn -0.5087 -0.7138 0.4813
vn -0.4926 -0.8234 0.2818
vn -0.6023 -0.7524 0.2666
vn -0.9739 0.0196 0.2263
vn -0.9894 -0.0623 0.1310
vn -0.9358 0.0139 0.3522
vn -0.9742 -0.0175 0.2250
vn -0.9105 0.3277 0.2521
vn -0.9822 0.0956 0.1619
vn -0.9865 -0.0302 0.1609
vn -0.8966 -0.3815 0.2248
vn -0.9621 -0.2046 0.1805
vn -0.8221 0.4964 0.2786
vn -0.8839 -0.2842 0.3714
vn -0.5149 -0.7568 0.4026
vn -0.5566 -0.7761 0.2965
vn -0.4063 -0.8281 0.3863
vn -0.8712 0.1393 0.4707
vn -0.6724 -0.6587 0.3376
vn -0.9532 -0.2504 0.1693
vn -0.8433 0.4547 0.2865
vn -0.1856 -0.8809 0.4355
vn 0.7650 0.4757 0.4341
vn 0.9741 -0.0219 0.2250
vn 0.8704 0.1401 0.4719
vn -0.0234 0.8789 0.4765
vn 0.8295 0.0911 0.5510
vn -0.0059 0.8546 0.5193
vn 0.0952 -0.9371 0.3357
vn 0.6268 0.6948 0.3526
vn 0.0164 0.8276 0.5611
vn 0.5783 0.7068 0.4075
vn 0.5670 0.7145 0.4098
vn 0.9374 -0.2714 0.2183
vn 0.8813 0.1933 0.4313
vn 0.9511 -0.2572 0.1711
vn 0.9776 -0.0934 0.1887
vn 0.8952 0.2930 0.3357
vn 0.9475 -0.2344 0.2173
vn 0.9004 -0.4338 0.0321
vn 0.9837 -0.1708 0.0571
vn 0.9322 -0.2702 0.2406
vn 0.8839 0.3067 0.3531
vn 0.8023 0.4714 0.3662
vn 0.8089 0.2547 0.5300
vn 0.7016 0.6019 0.3814
vn 0.5342 0.6749 0.5091
vn 0.2932 0.8613 0.4149
vn 0.1197 -0.9177 0.3789
vn 0.0929 -0.9556 -0.2795
vn -0.1874 -0.9340 -0.3042
vn -0.4988 -0.8498 -0.1705
vn -0.9153 -0.0954 -0.3913
vn -0.6245 -0.7544 -0.2024
vn -0.9771 -0.1776 -0.1170
vn -0.9869 0.1074 -0.1207
vn -0.9532 -0.0038 -0.3025
vn 0.9780 -0.1946 -0.0749
vn 0.9891 0.0660 -0.1315
vn 0.9746 -0.2103 -0.0775
vn 0.9613 -0.2544 -0.1054
vn 0.8860 0.4072 -0.2217
vn 0.9476 -0.2966 -0.1189
vn 0.6679 0.6946 -0.2672
vn 0.8390 0.5025 -0.2085
vn -0.1721 0.9111 -0.3745
vn 0.3139 0.8812 -0.3535
vn 0.9301 0.1766 -0.3220
vn 0.2695 0.8917 -0.3637
vn 0.9452 0.1539 -0.2880
vn 0.9797 -0.1714 -0.1035
vn 0.8304 0.4899 -0.2653
vn 0.7144 0.5558 -0.4251
vn 0.1293 -0.8729 -0.4704
vn 0.2446 0.8054 -0.5399
vn 0.4715 0.6710 -0.5722
vn 0.6662 0.4096 -0.6231
vn 0.5387 0.5398 -0.6468
vn 0.8096 0.1285 -0.5727
vn 0.8727 0.1675 -0.4587
vn 0.8840 0.0345 -0.4663
vn 0.9344 -0.2070 -0.2898
vn -0.9387 -0.0089 -0.3447
vn -0.9270 0.2090 -0.3115
vn -0.9632 0.0011 -0.2690
vn -0.9552 -0.0520 -0.2914
vn -0.9178 0.0469 -0.3943
vn -0.9506 -0.1384 -0.2779
vn -0.8798 0.3081 -0.3620
vn -0.6888 -0.5687 -0.4497
vn -0.6085 -0.6247 -0.4893
vn 0.4405 0.7382 -0.5108
vn 0.1478 -0.8590 -0.4902
vn -0.4713 -0.7342 -0.4887
vn -0.3703 -0.7522 -0.5450
vn -0.8652 0.0044 -0.5015
vn -0.7271 -0.5207 -0.4475
vn -0.9087 -0.2666 -0.3213
vn -0.8113 0.4532 -0.3692
vn -0.0082 -0.4355 -0.9001
vn 0.2734 -0.4274 -0.8617
vn -0.5254 -0.3063 -0.7938
vn -0.8648 -0.1801 -0.4687
vn -0.0319 -0.9051 -0.4240
vn 0.1188 -0.9178 -0.3789
vn 0.2864 0.8632 -0.4158
vn 0.5379 0.6759 -0.5038
vn 0.7016 0.6019 -0.3814
vn 0.8118 0.2494 -0.5280
vn 0.7993 0.4735 -0.3700
vn 0.8840 0.3067 -0.3528
vn 0.9323 -0.2708 -0.2397
vn 0.9837 -0.1708 -0.0571
vn 0.9005 -0.4338 -0.0320
vn 0.9476 -0.2344 -0.2172
vn 0.8952 0.2931 -0.3357
vn 0.9776 -0.0935 -0.1887
vn 0.9511 -0.2572 -0.1710
vn 0.8812 0.1934 -0.4313
vn 0.9365 -0.2747 -0.2179
vn 0.5398 0.7336 -0.4129
vn 0.5810 0.7073 -0.4028
vn 0.0164 0.8276 -0.5611
vn 0.6247 0.6963 -0.3533
vn 0.0918 -0.9376 -0.3355
vn -0.0055 0.8546 -0.5193
vn 0.8262 0.0942 -0.5555
vn -0.0226 0.8828 -0.4692
vn 0.8704 0.1397 -0.4721
vn 0.9739 -0.0251 -0.2257
vn 0.7650 0.4762 -0.4336
vn -0.1857 -0.8809 -0.4354
vn -0.8433 0.4550 -0.2861
vn -0.9533 -0.2505 -0.1688
vn -0.6722 -0.6589 -0.3377
vn -0.8712 0.1392 -0.4707
vn -0.4063 -0.8280 -0.3863
vn -0.5566 -0.7761 -0.2965
vn -0.5149 -0.7568 -0.4026
vn -0.8839 -0.2842 -0.3713
vn -0.8222 0.4967 -0.2780
vn -0.9622 -0.2045 -0.1799
vn -0.8964 -0.3820 -0.2249
vn -0.9865 -0.0302 -0.1609
vn -0.9822 0.0956 -0.1619
vn -0.9105 0.3278 -0.2520
vn -0.9742 -0.0175 -0.2250
vn -0.9358 0.0139 -0.3522
vn -0.9895 -0.0623 -0.1306
vn -0.9740 0.0196 -0.2256
vn -0.6023 -0.7524 -0.2666
vn -0.4926 -0.8234 -0.2818
vn -0.5087 -0.7138 -0.4813
vn 0.0744 -0.8934 -0.4431
vn -0.1673 -0.6829 0.7111
vn 0.6505 -0.0041 0.7595
vn 0.6417 -0.0045 -0.7669
vn -0.1803 -0.6388 -0.7479
vn 0.3302 -0.0787 0.9406
vn 0.3300 -0.0789 -0.9407
vn -0.5024 -0.8646 -0.0000
vn 0.9396 0.3422 -0.0101
vn 0.4284 0.0136 0.9035
vn 0.4291 0.0128 -0.9032
vn 0.1067 -0.3079 -0.9454
vn 0.1067 -0.3078 0.9454
vn -0.4398 -0.8408 0.3157
vn 0.7865 0.2892 0.5457
vn 0.7812 0.2984 -0.5483
vn -0.4398 -0.8408 -0.3157
vn -0.4618 -0.8600 -0.2170
vn 0.7497 0.1222 -0.6505
vn 0.9100 0.1876 0.3698
vn -0.3202 -0.7981 0.5104
vn 0.2537 -0.2494 0.9346
vn 0.0097 -0.5059 -0.8626
vn 0.4755 -0.0566 -0.8779
vn 0.5262 -0.0205 0.8501
vn 0.9088 0.1940 -0.3693
vn -0.4618 -0.8601 0.2169
vn 0.2535 -0.2496 -0.9346
vn 0.4747 -0.0569 0.8783
vn -0.3203 -0.7981 -0.5103
vn 0.0096 -0.5060 0.8625
vn 0.7558 0.1177 0.6441
vn 0.5298 -0.0193 -0.8479
vn -0.2943 -0.4862 -0.8228
vn -0.2943 -0.4863 0.8228
vn -0.7146 0.5555 0.4252
vn -0.2389 -0.6705 0.7024
vn -0.5732 0.4694 -0.6716
vn -0.1836 -0.8342 -0.5199
vn -0.1994 -0.6781 -0.7074
vn -0.2953 0.5813 0.7582
vn -0.2470 -0.4356 -0.8656
vn -0.1353 -0.8667 0.4801
vn -0.2478 -0.4299 0.8682
vn -0.2492 0.7975 0.5494
vn -0.0028 -0.5341 -0.8454
vn -0.0027 -0.5342 0.8453
vn -0.4715 0.6709 0.5724
vn 0.1740 -0.8014 -0.5722
vn -0.1774 -0.6977 -0.6941
vn -0.1774 -0.6977 0.6941
vn -0.6516 0.4414 0.6169
vn -0.6516 0.4415 -0.6168
vn 0.0911 -0.3854 -0.9182
vn 0.0912 -0.3855 0.9182
vn -0.6551 0.3997 0.6411
vn 0.4005 -0.7749 -0.4890
vn -0.3727 0.4029 0.8359
vn 0.0364 0.6222 -0.7820
vn 0.4588 -0.5566 -0.6926
vn 0.4589 -0.5566 0.6926
vn 0.6762 -0.0432 -0.7354
vn 0.6765 -0.0433 0.7352
vn -0.5361 0.5449 0.6448
vn 0.7643 -0.0767 -0.6402
vn 0.3370 -0.6328 -0.6972
vn 0.1804 -0.6388 0.7479
vn -0.6007 0.1453 0.7861
vn -0.6093 0.1497 -0.7787
vn 0.2117 -0.5567 -0.8033
vn 0.2119 -0.5567 0.8032
vn -0.8095 0.1286 0.5729
vn 0.5101 -0.7387 -0.4406
vn 0.3696 -0.6523 0.6617
vn 0.0536 0.8116 0.5818
vn 0.0578 0.8128 -0.5797
vn 0.8003 0.2080 -0.5624
vn 0.4813 -0.0391 -0.8757
vn 0.4672 -0.0345 0.8835
vn -0.8749 0.1722 0.4527
vn 0.9277 -0.1506 -0.3417
vn -0.5063 0.4095 0.7590
vn -0.6195 0.0113 -0.7849
vn 0.4651 -0.5727 -0.6750
vn 0.4655 -0.5724 0.6751
vn 0.7244 0.1417 -0.6746
vn 0.7256 0.1415 0.6734
vn -0.8834 0.0346 0.4673
vn 0.9646 0.1221 -0.2337
vn -0.7726 -0.2512 0.5831
vn -0.7441 -0.0492 -0.6663
vn 0.7260 -0.2162 -0.6528
vn 0.7208 -0.2140 0.6593
vn 0.7187 -0.0570 -0.6930
vn 0.7189 -0.0570 0.6928
vn -0.9344 -0.2070 0.2900
vn 0.8629 -0.0180 -0.5051
vn -0.7830 -0.1767 0.5965
vn -0.7127 0.4710 -0.5197
vn 0.7823 0.4535 -0.4270
vn 0.7824 0.4532 0.4271
vn -0.7662 -0.2435 0.5947
vn -0.7832 -0.1767 -0.5962
vn 0.8456 -0.0194 -0.5334
vn 0.8456 -0.0194 0.5334
vn -0.5538 -0.1888 0.8109
vn 0.9386 -0.0089 0.3448
vn 0.7048 -0.0619 -0.7067
vn -0.9205 -0.1981 -0.3368
vn -0.7761 -0.0737 -0.6263
vn 0.8282 0.0832 -0.5542
vn 0.8282 0.0832 0.5542
vn -0.7079 0.3152 0.6321
vn -0.9210 0.0809 -0.3812
vn 0.5708 0.2042 -0.7953
vn 0.9270 0.2090 0.3115
vn -0.5209 0.1295 0.8437
vn -0.7760 -0.0737 0.6264
vn -0.7402 -0.2606 -0.6198
vn 0.8442 -0.0761 -0.5306
vn 0.8442 -0.0761 0.5306
vn -0.9206 -0.2148 -0.3261
vn 0.5531 -0.0532 -0.8314
vn 0.9631 0.0011 0.2690
vn -0.4394 -0.1625 0.8835
vn -0.7401 -0.2606 0.6199
vn -0.7663 -0.2435 -0.5946
vn 0.8585 -0.0619 -0.5091
vn 0.8585 -0.0619 0.5091
vn -0.8972 -0.2704 -0.3493
vn 0.6268 -0.1165 -0.7704
vn 0.9552 -0.0520 0.2915
vn -0.5130 -0.2414 0.8238
vn -0.5908 0.1463 0.7934
vn -0.3117 0.6949 -0.6481
vn 0.7489 0.4978 -0.4374
vn 0.7463 0.4971 0.4426
vn -0.3347 0.3552 0.8728
vn 0.9173 0.0471 0.3953
vn 0.4883 0.1959 -0.8504
vn -0.7219 0.4164 -0.5526
vn -0.7227 -0.2739 0.6346
vn -0.7721 -0.2525 -0.5832
vn 0.8686 -0.0787 -0.4891
vn 0.8685 -0.0786 0.4894
vn -0.5311 -0.2531 0.8086
vn 0.9503 -0.1385 0.2789
vn 0.5454 -0.1724 -0.8203
vn -0.8707 -0.3024 -0.3878
vn -0.3402 0.6737 0.6561
vn -0.4910 0.4093 -0.7690
vn 0.8242 0.0770 -0.5610
vn 0.8199 0.0780 0.5672
vn -0.2244 0.5667 0.7928
vn 0.8788 0.3081 0.3645
vn 0.6686 0.3880 -0.6344
vn -0.5093 0.6563 -0.5568
vn 0.7264 -0.1478 0.6712
vn -0.6445 0.0983 0.7582
vn -0.6448 0.0982 -0.7580
vn 0.3696 -0.6523 -0.6617
vn 0.6887 -0.5686 0.4498
vn 0.3245 -0.3222 -0.8893
vn -0.7513 0.3990 -0.5257
vn -0.3389 0.1322 0.9315
vn 0.0364 0.6220 0.7821
vn 0.0242 0.5628 -0.8263
vn 0.4219 -0.5163 -0.7453
vn 0.4219 -0.5163 0.7453
vn 0.1374 0.4345 0.8901
vn 0.6085 -0.6247 0.4894
vn 0.3620 -0.3535 -0.8626
vn 0.1946 0.7437 -0.6396
vn -0.2017 -0.6750 0.7097
vn -0.2940 0.5856 -0.7554
vn -0.2384 -0.6709 -0.7022
vn -0.5736 0.4685 0.6719
vn -0.4444 0.7347 0.5125
vn -0.2642 -0.4382 0.8591
vn -0.2642 -0.4389 -0.8588
vn -0.1504 -0.8579 0.4913
vn 0.0244 0.5625 0.8264
vn -0.3790 0.4063 -0.8314
vn 0.3273 -0.5443 -0.7724
vn 0.3273 -0.5444 0.7723
vn -0.0865 0.3187 0.9439
vn 0.4713 -0.7341 0.4888
vn 0.2478 -0.3132 -0.9168
vn -0.2675 0.7240 -0.6359
vn 0.1672 -0.6829 -0.7111
vn 0.3370 -0.6328 0.6971
vn -0.5957 0.1575 0.7876
vn -0.5895 0.1534 -0.7931
vn 0.1225 -0.5468 -0.8283
vn -0.7125 0.0899 -0.6959
vn -0.5291 0.0074 0.8485
vn 0.3702 -0.7522 0.5451
vn -0.3346 0.5238 0.7834
vn -0.3369 0.5226 -0.7832
vn 0.7263 -0.1478 -0.6713
vn 0.8003 0.2080 0.5624
vn 0.0119 0.6605 0.7507
vn -0.1878 0.8173 -0.5448
vn 0.7092 0.1353 -0.6919
vn 0.8651 0.0044 0.5015
vn -0.5910 0.1463 -0.7933
vn 0.6646 -0.2857 -0.6904
vn 0.6650 -0.2841 0.6907
vn -0.6191 0.0118 0.7852
vn -0.7627 0.1112 -0.6371
vn 0.3553 -0.3064 -0.8831
vn 0.7276 -0.5200 0.4475
vn -0.4161 0.0147 0.9092
vn -0.7189 -0.2828 -0.6350
vn 0.7608 -0.2401 -0.6029
vn 0.7584 -0.2396 0.6062
vn -0.7500 -0.0394 0.6602
vn -0.9050 -0.1905 -0.3804
vn 0.4180 -0.2317 -0.8784
vn 0.9080 -0.2666 0.3233
vn -0.4658 -0.1756 0.8673
vn -0.7080 0.3153 -0.6319
vn 0.7731 0.3378 -0.5369
vn 0.7731 0.3377 0.5369
vn -0.7128 0.4706 0.5200
vn -0.6306 0.4727 0.6156
vn 0.8114 0.4530 0.3694
vn 0.6523 0.4526 -0.6079
vn -0.7069 0.4933 -0.5069
vn -0.4673 0.1426 -0.8725
vn -0.4673 0.1427 0.8725
vn -0.2829 0.2027 -0.9375
vn -0.2828 0.2023 0.9376
vn -0.3724 0.2192 -0.9018
vn -0.3724 0.2193 0.9018
vn -0.2996 0.0604 -0.9522
vn -0.3002 0.0608 0.9519
vn -0.2193 0.3802 -0.8985
vn -0.2199 0.3802 0.8984
vn -0.2981 -0.1623 -0.9406
vn -0.2981 -0.1622 0.9406
vn -0.1747 0.0939 -0.9801
vn -0.1918 0.1025 0.9761
vn -0.5332 0.0901 -0.8412
vn -0.5360 0.0894 0.8395
vn -0.1891 -0.1982 -0.9617
vn -0.1894 -0.1982 0.9617
vn 0.2135 -0.1274 0.9686
vn -0.3445 -0.1775 -0.9219
vn -0.2880 0.1248 -0.9495
vn 0.0972 0.1524 0.9835
vn -0.2240 -0.1220 -0.9669
vn 0.0372 -0.0938 0.9949
vn -0.3045 -0.1995 -0.9314
vn 0.1096 -0.1601 0.9810
vn 0.1750 0.2998 0.9378
vn -0.1419 0.3433 -0.9285
vn 0.0610 -0.1737 0.9829
vn -0.3308 -0.2090 -0.9202
vn 0.4094 0.4546 0.7911
vn -0.0302 0.5435 -0.8389
vn -0.2050 0.0520 -0.9774
vn 0.0114 -0.1026 0.9947
vn 0.0692 -0.0734 0.9949
vn 0.0301 0.2527 -0.9671
vn -0.3428 0.1581 0.9260
vn -0.3428 0.1582 -0.9260
vn 0.0882 -0.0337 0.9955
vn -0.0273 0.1830 -0.9827
vn -0.4343 -0.0291 -0.9003
vn -0.1322 -0.2777 0.9515
vn 0.4341 0.3243 0.8405
vn 0.0577 0.6070 -0.7926
vn -0.2598 -0.0280 -0.9653
vn 0.0413 -0.1453 0.9885
vn -0.2571 -0.1656 -0.9521
vn -0.0268 -0.1649 0.9859
vn 0.2856 0.4427 0.8499
vn -0.4721 0.4345 -0.7670
vn -0.1339 0.4739 -0.8703
vn -0.1344 0.4721 0.8712
vn -0.1492 -0.0536 0.9874
vn -0.1350 -0.0647 -0.9887
vn -0.1534 -0.1690 0.9736
vn -0.1533 -0.1698 -0.9735
vn 0.3075 0.6001 -0.7385
vn 0.3070 0.6004 0.7385
vn -0.3889 -0.1608 0.9071
vn -0.3888 -0.1609 -0.9072
vn 0.0486 0.0963 -0.9942
vn 0.0485 0.0965 0.9941
vn -0.3006 0.0750 -0.9508
vn -0.3711 0.0284 0.9282
vn -0.1368 0.0708 -0.9881
vn -0.1369 0.0710 0.9880
vn 0.0458 0.2459 0.9682
vn 0.0461 0.2457 -0.9682
vn 0.2388 0.6715 -0.7015
vn 0.2199 0.6594 0.7189
vn -0.1748 -0.2104 -0.9619
vn -0.1822 -0.2022 0.9622
vn -0.0998 0.0264 -0.9947
vn -0.1005 0.0278 0.9946
vn -0.1389 -0.1667 0.9762
vn -0.1387 -0.1667 -0.9762
vn -0.1279 0.0023 0.9918
vn -0.1277 0.0023 -0.9918
vn -0.1341 0.2742 0.9523
vn -0.1338 0.2746 -0.9522
vn -0.1448 -0.1757 -0.9737
vn -0.1452 -0.1758 0.9737
vn -0.1034 -0.1585 0.9819
vn -0.1027 -0.1585 -0.9820
vn 0.0077 -0.4355 0.9002
vn -0.1965 -0.1385 0.9707
vn -0.1949 -0.1395 -0.9709
vn 0.0157 0.2667 0.9637
vn 0.0375 0.2654 -0.9634
vn -0.1937 -0.1925 -0.9620
vn -0.1822 -0.0680 -0.9809
vn -0.1828 -0.0678 0.9808
vn -0.1939 -0.1924 0.9620
vn -0.0777 0.0532 0.9956
vn -0.0775 0.0531 -0.9956
vn -0.4020 0.0098 -0.9156
vn -0.4020 0.0099 0.9156
vn -0.3003 0.0746 0.9509
vn -0.3711 0.0283 -0.9281
vn -0.7246 0.6426 -0.2491
vn -0.0930 -0.9556 0.2794
vn -0.0657 -0.9736 -0.2185
vn -0.2391 0.9247 -0.2961
vn -0.5035 0.7890 -0.3522
vn 0.1874 -0.9340 0.3042
vn -0.7508 0.5129 -0.4161
vn 0.4988 -0.8498 0.1705
vn -0.6506 0.6623 -0.3717
vn 0.9154 -0.0954 0.3911
vn -0.9360 0.2444 -0.2535
vn 0.6245 -0.7544 0.2023
vn -0.9732 0.1757 -0.1484
vn 0.9771 -0.1775 0.1172
vn -0.9809 0.0211 -0.1933
vn 0.9868 0.1073 0.1210
vn -0.9709 -0.2149 0.1055
vn 0.9532 -0.0037 0.3024
vn 0.9828 0.0190 -0.1837
vn -0.9780 -0.1946 0.0749
vn -0.9891 0.0660 0.1314
vn 0.9711 0.2020 -0.1269
vn -0.9746 -0.2103 0.0775
vn 0.9955 0.0162 -0.0936
vn -0.9613 -0.2544 0.1054
vn 0.9917 -0.0266 -0.1258
vn 0.9834 0.0283 -0.1794
vn -0.8883 0.4021 0.2220
vn 0.9844 -0.1314 -0.1167
vn -0.9478 -0.2956 0.1193
vn 0.9415 0.2800 -0.1876
vn -0.6777 0.6862 0.2645
vn 0.7640 -0.6210 -0.1754
vn -0.8389 0.5026 0.2090
vn 0.6006 -0.7733 -0.2032
vn 0.1720 0.9111 0.3745
vn -0.4557 0.8477 -0.2714
vn -0.0711 -0.9696 -0.2342
vn 0.5178 -0.8404 -0.1600
vn -0.3121 0.8837 0.3489
vn -0.9215 0.1752 0.3467
vn 0.5308 -0.8035 -0.2694
vn -0.2687 0.8908 0.3666
vn 0.9571 -0.0742 -0.2801
vn -0.9452 0.1545 0.2877
vn 0.8117 -0.5492 -0.1988
vn -0.9800 -0.1695 0.1041
vn 0.9616 -0.2496 -0.1143
vn 0.8650 0.4557 -0.2099
vn -0.8306 0.4896 0.2653
vn 0.1044 -0.9945 -0.0119
vn 0.9878 -0.1557 -0.0000
vn -0.8707 0.4918 -0.0000
vn 0.8798 0.4753 -0.0000
vn 0.9688 -0.2477 -0.0000
vn -0.9999 -0.0157 0.0001
vn 0.7303 -0.6832 -0.0000
vn -0.9830 0.1837 -0.0001
vn 0.9977 0.0671 -0.0000
vn 0.0113 0.9999 0.0004
vn 0.4974 -0.8675 -0.0000
vn -0.9900 0.1402 0.0147
vn -0.0267 0.9996 -0.0004
vn 0.5539 -0.8326 -0.0000
vn -0.0546 -0.9985 -0.0011
vn -0.6510 0.7590 -0.0010
vn -0.0387 0.9993 -0.0000
vn 0.4858 -0.8741 -0.0000
vn -0.6665 0.7455 0.0002
vn 0.9384 -0.3454 -0.0000
vn -0.6349 0.7726 0.0002
vn 0.8554 0.5179 -0.0000
vn -0.9644 -0.2644 0.0002
vn 0.9799 -0.1993 -0.0000
vn -0.9816 0.1911 0.0003
vn 0.9186 -0.3952 -0.0000
vn 0.9998 -0.0199 -0.0000
vn -0.9684 -0.2495 -0.0000
vn 0.9953 0.0964 -0.0000
vn -0.9956 -0.0938 -0.0000
vn 0.9485 0.3167 -0.0000
vn -0.9609 0.2768 -0.0000
vn -0.9734 -0.2290 -0.0000
vn 1.0000 -0.0013 -0.0000
vn 0.9994 0.0354 -0.0000
vn 0.0925 -0.9957 -0.0000
vn 0.9976 -0.0690 -0.0000
vn -0.9832 -0.1826 -0.0000
vn 0.9999 0.0111 -0.0000
vn -0.9620 -0.2730 0.0001
vn 0.6545 -0.7561 -0.0000
vn -0.9313 0.3644 -0.0000
vn -0.8762 0.4820 -0.0004
vn -0.9462 0.3232 0.0117
vn 0.5185 -0.8551 -0.0000
vn 0.6573 -0.7536 -0.0000
vn -0.7258 0.6879 -0.0000
vn -0.6185 0.7857 -0.0147
vn -0.3026 0.9531 -0.0047
vn -0.0200 -0.9998 -0.0000
vn -0.0659 -0.9978 -0.0001
vn -0.3447 -0.1775 0.9218
vn -0.2881 0.1247 0.9495
vn -0.2241 -0.1220 0.9669
vn -0.3046 -0.1995 0.9313
vn -0.1482 0.3365 0.9299
vn -0.3363 -0.2047 0.9193
vn -0.0516 0.5320 0.8452
vn -0.2052 0.0523 0.9773
vn 0.0301 0.2527 0.9671
vn -0.0273 0.1831 0.9827
vn -0.4338 -0.0298 0.9005
vn 0.0559 0.6082 0.7918
vn -0.2589 -0.0263 0.9655
vn -0.2680 -0.1535 0.9511
vn -0.4724 0.4336 0.7674
vn -0.5769 0.2770 -0.7684
vn -0.5769 0.2770 0.7684
vn -0.2581 0.3788 -0.8887
vn -0.2584 0.3744 0.8905
vn -0.3977 0.4011 -0.8252
vn -0.3977 0.4011 0.8252
vn -0.3791 0.1399 -0.9147
vn -0.3774 0.1401 0.9154
vn -0.3448 0.4222 -0.8383
vn -0.3479 0.4231 0.8366
vn -0.4528 -0.0898 -0.8871
vn -0.4527 -0.0898 0.8871
vn -0.3686 0.1263 -0.9210
vn -0.3835 0.1355 0.9135
vn -0.7275 0.0744 -0.6820
vn -0.7294 0.0740 0.6801
vn -0.5117 -0.2002 -0.8355
vn -0.5115 -0.2001 0.8357
vn -0.5539 -0.1888 -0.8109
vn -0.5209 0.1295 -0.8437
vn -0.4394 -0.1625 -0.8835
vn -0.5130 -0.2414 -0.8237
vn -0.3291 0.3641 -0.8713
vn -0.5272 -0.2581 -0.8096
vn -0.2026 0.5804 -0.7887
vn -0.3388 0.1315 -0.9316
vn 0.1374 0.4345 -0.8901
vn -0.3698 0.3194 0.8725
vn -0.3699 0.3202 -0.8721
vn -0.0864 0.3187 -0.9439
vn -0.5271 0.0083 -0.8498
vn 0.0165 0.6563 -0.7543
vn -0.4170 0.0132 -0.9088
vn -0.4561 -0.1890 -0.8696
vn -0.6304 0.4730 -0.6155
vn -0.8768 -0.4808 -0.0000
vn -0.2993 -0.9535 0.0362
vn -0.5259 0.2419 0.8154
vn -0.1825 0.1738 0.9677
vn -0.3303 -0.0978 0.9388
vn -0.4344 0.0945 0.8957
vn -0.2025 0.3248 0.9238
vn -0.5137 -0.1910 0.8364
vn -0.3503 -0.1654 0.9219
vn -0.4396 -0.2064 0.8742
vn -0.4723 0.2936 0.8311
vn -0.3010 -0.0177 0.9535
vn -0.3103 -0.1955 0.9303
vn -0.2851 0.0746 0.9556
vn -0.3580 -0.2210 0.9072
vn -0.1132 0.6581 0.7444
vn -0.1108 0.3745 0.9206
vn -0.0874 0.3748 0.9230
vn 0.0413 0.2861 0.9573
vn -0.5264 -0.0563 0.8484
vn 0.0681 0.7673 0.6376
vn -0.3575 -0.0825 0.9303
vn -0.2857 -0.0479 0.9571
vn -0.7039 0.4235 0.5702
vn -0.7030 0.4245 -0.5706
vn -0.2717 -0.0611 -0.9604
vn -0.3579 -0.0831 -0.9301
vn 0.0734 0.7652 -0.6396
vn -0.5291 -0.0541 -0.8468
vn 0.0413 0.2861 -0.9573
vn -0.2869 0.2515 -0.9244
vn -0.4381 0.1957 0.8773
vn -0.0874 0.3748 -0.9230
vn -0.1088 0.3723 -0.9217
vn -0.0949 0.6784 -0.7286
vn -0.3505 -0.2308 -0.9077
vn -0.2850 0.0740 -0.9557
vn -0.3102 -0.1955 -0.9303
vn -0.3009 -0.0177 -0.9535
vn -0.4723 0.2939 -0.8310
vn -0.4395 -0.2064 -0.8742
vn -0.3502 -0.1654 -0.9220
vn -0.2735 -0.4273 0.8618
vn -0.5092 -0.1919 -0.8390
vn -0.1837 0.3247 -0.9278
vn -0.3303 -0.0978 -0.9388
vn -0.4345 0.0950 -0.8957
vn -0.1817 0.1733 -0.9680
vn -0.5259 0.2419 -0.8154
vn -0.2868 0.2512 0.9244
vn -0.4381 0.1958 -0.8773
vn -0.3513 -0.1537 -0.9236
vn -0.3514 -0.1535 0.9236
vn -0.2897 -0.0652 -0.9549
vn -0.2889 -0.0668 0.9550
vn -0.2279 -0.1893 -0.9551
vn -0.2280 -0.1891 0.9551
vn -0.1207 -0.1174 -0.9857
vn -0.1209 -0.1173 0.9857
vn 0.3337 0.1182 -0.9353
vn 0.3330 0.1185 0.9355
vn -0.0433 -0.3406 -0.9392
vn -0.0436 -0.3403 0.9393
vn 0.0818 0.0446 -0.9956
vn 0.0637 0.0520 0.9966
vn 0.2870 0.1448 -0.9469
vn 0.2897 0.1445 0.9461
vn 0.2158 -0.1642 -0.9625
vn 0.2151 -0.1643 0.9627
vn 0.2140 -0.1273 -0.9685
vn 0.0974 0.1525 -0.9835
vn 0.0374 -0.0938 -0.9949
vn 0.1099 -0.1601 -0.9810
vn 0.1819 0.3029 -0.9355
vn 0.0629 -0.1771 -0.9822
vn 0.4294 0.4576 -0.7786
vn 0.0116 -0.1027 -0.9946
vn 0.0693 -0.0736 -0.9949
vn -0.3101 -0.0930 0.9461
vn -0.3106 -0.0929 -0.9460
vn 0.0883 -0.0338 -0.9955
vn -0.1318 -0.2780 -0.9515
vn 0.4343 0.3241 -0.8404
vn 0.0415 -0.1475 -0.9882
vn -0.0159 -0.1744 -0.9845
vn 0.2858 0.4437 -0.8494
vn 0.7051 -0.0619 0.7064
vn 0.5709 0.2042 0.7952
vn 0.5532 -0.0532 0.8314
vn 0.6270 -0.1165 0.7703
vn 0.4848 0.1955 0.8525
vn 0.5443 -0.1712 0.8212
vn 0.6582 0.3881 0.6451
vn 0.3246 -0.3223 0.8893
vn 0.3620 -0.3536 0.8625
vn 0.2479 -0.3133 0.9167
vn 0.1227 -0.5470 0.8281
vn 0.7093 0.1352 0.6918
vn 0.3559 -0.3048 0.8834
vn 0.4088 -0.2273 0.8839
vn 0.6526 0.4523 0.6079
vn 0.1162 -0.9932 -0.0000
vn 0.6637 -0.7152 -0.2191
vn -0.3091 -0.2752 -0.9103
vn -0.2788 -0.2418 0.9294
vn -0.2799 -0.3662 -0.8874
vn 0.0997 -0.1792 -0.9787
vn 0.1610 -0.4092 -0.8982
vn 0.0456 -0.4010 -0.9150
vn 0.4168 0.1872 -0.8895
vn 0.4060 -0.0988 -0.9085
vn 0.5254 -0.3062 0.7938
vn 0.5250 -0.0789 -0.8474
vn 0.4577 -0.1170 -0.8814
vn 0.4193 0.3122 -0.8525
vn 0.2878 0.0442 -0.9567
vn 0.3022 -0.1339 -0.9438
vn 0.2179 -0.0873 -0.9721
vn 0.2223 -0.2196 -0.9499
vn 0.5787 0.5655 -0.5877
vn 0.3958 0.0247 -0.9180
vn 0.1080 -0.3056 -0.9460
vn -0.3089 -0.2752 0.9104
vn -0.2795 -0.2419 -0.9292
vn 0.1755 -0.1755 -0.9687
vn -0.1022 -0.4185 -0.9025
vn 0.6891 0.2971 -0.6610
vn 0.1613 -0.3580 -0.9197
vn 0.1898 -0.1137 -0.9752
vn 0.6037 0.4515 -0.6571
vn 0.6045 0.4505 0.6569
vn 0.1754 -0.1056 0.9788
vn 0.1614 -0.3573 0.9199
vn 0.6891 0.2971 0.6610
vn -0.1023 -0.4184 0.9025
vn 0.1755 -0.1755 0.9687
vn 0.1080 -0.3056 0.9460
vn 0.3958 0.0247 0.9180
vn 0.5686 0.5618 0.6009
vn 0.2161 -0.2147 0.9525
vn 0.2174 -0.0852 0.9724
vn 0.3022 -0.1339 0.9438
vn 0.2879 0.0442 0.9566
vn 0.4193 0.3119 0.8526
vn 0.4578 -0.1170 0.8813
vn 0.5251 -0.0789 0.8474
vn 0.4087 -0.0979 0.9074
vn 0.3976 0.1899 0.8977
vn 0.1608 -0.4092 0.8982
vn 0.0456 -0.4009 0.9150
vn 0.0997 -0.1792 0.9788
vn -0.2800 -0.3662 0.8874
vn -0.7248 0.6425 0.2488
vn -0.0669 -0.9751 0.2114
vn -0.2433 0.9277 0.2832
vn -0.5035 0.7890 0.3522
vn -0.7624 0.5127 0.3949
vn -0.6429 0.6646 0.3807
vn -0.9360 0.2444 0.2534
vn -0.9731 0.1771 0.1475
vn -0.9808 0.0210 0.1938
vn -0.9709 -0.2149 -0.1055
vn 0.9828 0.0190 0.1836
vn 0.9711 0.2020 0.1269
vn 0.9955 0.0162 0.0936
vn 0.9917 -0.0266 0.1258
vn 0.9834 0.0284 0.1794
vn 0.9844 -0.1315 0.1169
vn 0.9415 0.2799 0.1879
vn 0.7640 -0.6210 0.1754
vn 0.6006 -0.7733 0.2032
vn -0.4599 0.8468 0.2671
vn -0.0723 -0.9697 0.2334
vn 0.5178 -0.8404 0.1600
vn 0.5308 -0.8036 0.2693
vn 0.9571 -0.0742 0.2800
vn 0.8120 -0.5489 0.1986
vn 0.9616 -0.2496 0.1145
vn 0.8652 0.4555 0.2098
vn 0.1044 -0.9945 0.0119
vn -0.1838 -0.8342 0.5200
vn 0.1740 -0.8014 0.5723
vn 0.4004 -0.7749 0.4891
vn 0.7642 -0.0766 0.6405
vn 0.5100 -0.7387 0.4407
vn 0.9268 -0.1502 0.3442
vn 0.9645 0.1221 0.2343
vn 0.8628 -0.0180 0.5052
vn -0.9204 -0.1981 0.3370
vn -0.9209 0.0809 0.3812
vn -0.9206 -0.2148 0.3262
vn -0.8971 -0.2704 0.3494
vn -0.7274 0.4074 0.5522
vn -0.8715 -0.2994 0.3884
vn -0.5311 0.6438 0.5509
vn -0.7501 0.3993 0.5273
vn 0.1945 0.7436 0.6397
vn -0.2639 0.7215 0.6402
vn -0.7244 0.0946 0.6828
vn -0.1829 0.8133 0.5524
vn -0.7625 0.1123 0.6372
vn -0.9067 -0.1836 0.3797
vn -0.7070 0.4930 0.5071
vn -0.2993 -0.9535 -0.0362
vn 0.6638 -0.7151 0.2191
vn 0.8648 -0.1800 0.4687
vn 0.0318 -0.9050 0.4241
vn -0.0744 -0.8934 0.4431
vn 0.5087 -0.7138 0.4813
vn 0.4926 -0.8234 0.2818
vn 0.6023 -0.7524 0.2666
vn 0.9739 0.0196 0.2263
vn 0.9894 -0.0623 0.1310
vn 0.9358 0.0139 0.3522
vn 0.9742 -0.0175 0.2250
vn 0.9105 0.3277 0.2521
vn 0.9822 0.0956 0.1619
vn 0.9865 -0.0302 0.1609
vn 0.8966 -0.3815 0.2248
vn 0.9621 -0.2046 0.1805
vn 0.8221 0.4964 0.2786
vn 0.8839 -0.2842 0.3714
vn 0.5149 -0.7568 0.4026
vn 0.5566 -0.7761 0.2965
vn 0.4063 -0.8281 0.3863
vn 0.8712 0.1393 0.4707
vn 0.6724 -0.6587 0.3376
vn 0.9532 -0.2504 0.1693
vn 0.8433 0.4547 0.2865
vn 0.1856 -0.8809 0.4355
vn -0.7650 0.4757 0.4341
vn -0.9741 -0.0219 0.2250
vn -0.8704 0.1401 0.4719
vn 0.0234 0.8789 0.4765
vn -0.8295 0.0911 0.5510
vn 0.0059 0.8546 0.5193
vn -0.0952 -0.9371 0.3357
vn -0.6268 0.6948 0.3526
vn -0.0164 0.8276 0.5611
vn -0.5783 0.7068 0.4075
vn -0.5670 0.7145 0.4098
vn -0.9374 -0.2714 0.2183
vn -0.8813 0.1933 0.4313
vn -0.9511 -0.2572 0.1711
vn -0.9776 -0.0934 0.1887
vn -0.8952 0.2930 0.3357
vn -0.9475 -0.2344 0.2172
vn -0.9004 -0.4338 0.0321
vn -0.9837 -0.1708 0.0571
vn -0.9322 -0.2702 0.2406
vn -0.8839 0.3067 0.3531
vn -0.8023 0.4714 0.3662
vn -0.8089 0.2547 0.5300
vn -0.7016 0.6019 0.3814
vn -0.5342 0.6749 0.5091
vn -0.2932 0.8613 0.4149
vn -0.1197 -0.9177 0.3789
vn -0.0929 -0.9556 -0.2795
vn 0.1874 -0.9340 -0.3042
vn 0.4988 -0.8498 -0.1705
vn 0.9153 -0.0954 -0.3913
vn 0.6245 -0.7544 -0.2024
vn 0.9771 -0.1776 -0.1170
vn 0.9869 0.1074 -0.1207
vn 0.9532 -0.0038 -0.3025
vn -0.9780 -0.1946 -0.0749
vn -0.9891 0.0660 -0.1315
vn -0.9746 -0.2103 -0.0775
vn -0.9613 -0.2544 -0.1054
vn -0.8860 0.4072 -0.2217
vn -0.9476 -0.2966 -0.1189
vn -0.6679 0.6946 -0.2672
vn -0.8390 0.5025 -0.2085
vn 0.1721 0.9111 -0.3745
vn -0.3139 0.8812 -0.3535
vn -0.9301 0.1766 -0.3220
vn -0.2695 0.8917 -0.3637
vn -0.9452 0.1539 -0.2880
vn -0.9797 -0.1714 -0.1035
vn -0.8304 0.4899 -0.2653
vn -0.7144 0.5558 -0.4251
vn -0.1293 -0.8729 -0.4704
vn -0.2446 0.8054 -0.5399
vn -0.4715 0.6710 -0.5722
vn -0.6662 0.4096 -0.6231
vn -0.5387 0.5398 -0.6468
vn -0.8096 0.1285 -0.5727
vn -0.8727 0.1675 -0.4587
vn -0.8840 0.0345 -0.4663
vn -0.9344 -0.2070 -0.2899
vn 0.9387 -0.0089 -0.3447
vn 0.9270 0.2090 -0.3115
vn 0.9632 0.0011 -0.2690
vn 0.9552 -0.0520 -0.2914
vn 0.9178 0.0469 -0.3943
vn 0.9506 -0.1384 -0.2779
vn 0.8798 0.3081 -0.3620
vn 0.6888 -0.5687 -0.4497
vn 0.6085 -0.6247 -0.4893
vn -0.4405 0.7382 -0.5108
vn -0.1478 -0.8590 -0.4902
vn 0.4713 -0.7342 -0.4887
vn 0.3703 -0.7522 -0.5450
vn 0.8652 0.0044 -0.5015
vn 0.7271 -0.5207 -0.4475
vn 0.9087 -0.2666 -0.3213
vn 0.8113 0.4532 -0.3692
vn 0.0082 -0.4355 -0.9001
vn -0.2734 -0.4274 -0.8617
vn 0.5254 -0.3063 -0.7938
vn 0.8648 -0.1801 -0.4687
vn 0.0319 -0.9051 -0.4240
vn -0.1188 -0.9178 -0.3789
vn -0.2864 0.8632 -0.4158
vn -0.5379 0.6759 -0.5038
vn -0.7016 0.6019 -0.3814
vn -0.8118 0.2494 -0.5280
vn -0.7993 0.4735 -0.3700
vn -0.8840 0.3067 -0.3528
vn -0.9323 -0.2708 -0.2397
vn -0.9837 -0.1708 -0.0571
vn -0.9005 -0.4338 -0.0320
vn -0.9476 -0.2344 -0.2172
vn -0.8952 0.2931 -0.3357
vn -0.9776 -0.0935 -0.1887
vn -0.9511 -0.2572 -0.1710
vn -0.8812 0.1934 -0.4313
vn -0.9365 -0.2747 -0.2179
vn -0.5398 0.7336 -0.4129
vn -0.5810 0.7073 -0.4028
vn -0.0164 0.8276 -0.5611
vn -0.6247 0.6963 -0.3533
vn -0.0918 -0.9376 -0.3355
vn 0.0055 0.8546 -0.5193
vn -0.8262 0.0942 -0.5555
vn 0.0226 0.8828 -0.4692
vn -0.8704 0.1397 -0.4721
vn -0.9739 -0.0251 -0.2257
vn -0.7650 0.4762 -0.4336
vn 0.1858 -0.8809 -0.4354
vn 0.8433 0.4550 -0.2861
vn 0.9533 -0.2505 -0.1688
vn 0.6722 -0.6589 -0.3377
vn 0.8712 0.1392 -0.4707
vn 0.4063 -0.8280 -0.3863
vn 0.5566 -0.7761 -0.2965
vn 0.5149 -0.7568 -0.4026
vn 0.8839 -0.2842 -0.3713
vn 0.8222 0.4967 -0.2780
vn 0.9622 -0.2045 -0.1799
vn 0.8964 -0.3820 -0.2249
vn 0.9865 -0.0302 -0.1609
vn 0.9822 0.0956 -0.1619
vn 0.9105 0.3278 -0.2520
vn 0.9742 -0.0175 -0.2250
vn 0.9358 0.0139 -0.3522
vn 0.9895 -0.0623 -0.1306
vn 0.9740 0.0196 -0.2256
vn 0.6023 -0.7524 -0.2666
vn 0.4926 -0.8234 -0.2818
vn 0.5087 -0.7138 -0.4813
vn -0.0744 -0.8934 -0.4431
vn 0.1673 -0.6829 0.7111
vn -0.6505 -0.0041 0.7595
vn -0.6417 -0.0045 -0.7669
vn 0.1803 -0.6388 -0.7479
vn -0.3302 -0.0787 0.9406
vn -0.3300 -0.0789 -0.9407
vn 0.5024 -0.8646 -0.0000
vn -0.9396 0.3422 -0.0101
vn -0.4284 0.0136 0.9035
vn -0.4291 0.0128 -0.9032
vn -0.1067 -0.3079 -0.9454
vn -0.1067 -0.3078 0.9454
vn 0.4398 -0.8408 0.3157
vn -0.7865 0.2892 0.5457
vn -0.7812 0.2984 -0.5483
vn 0.4398 -0.8408 -0.3157
vn 0.4618 -0.8600 -0.2170
vn -0.7497 0.1222 -0.6505
vn -0.9100 0.1876 0.3698
vn 0.3202 -0.7981 0.5104
vn -0.2537 -0.2494 0.9346
vn -0.0097 -0.5059 -0.8626
vn -0.4755 -0.0566 -0.8779
vn -0.5262 -0.0205 0.8501
vn -0.9088 0.1940 -0.3693
vn 0.4618 -0.8601 0.2169
vn -0.2535 -0.2496 -0.9346
vn -0.4747 -0.0569 0.8783
vn 0.3203 -0.7981 -0.5103
vn -0.0096 -0.5060 0.8625
vn -0.7558 0.1177 0.6441
vn -0.5298 -0.0193 -0.8479
vn 0.1713 -0.8464 0.5042
vn 0.1157 -0.8297 -0.5460
vn 0.4886 0.2861 -0.8243
vn 0.2848 0.3579 0.8893
vn 0.2957 0.7866 0.5421
vn 0.5000 0.5865 0.6372
vn 0.2367 -0.5289 0.8150
vn 0.6966 0.5552 0.4545
vn 0.5788 0.3107 -0.7540
vn -0.4259 -0.6934 -0.5812
vn 0.2370 0.2415 -0.9410
vn -0.4470 -0.7487 -0.4895
vn -0.1970 -0.3309 0.9229
vn -0.1842 -0.5211 0.8334
vn -0.2542 -0.5361 0.8050
vn 0.7139 0.2135 0.6668
vn 0.4902 0.1110 -0.8645
vn 0.7137 0.4544 0.5330
vn 0.8149 0.2246 0.5344
vn 0.4320 -0.0353 -0.9012
vn -0.5347 -0.7367 -0.4139
vn 0.8837 -0.2664 0.3849
vn 0.2734 0.3532 -0.8947
vn -0.9431 0.0316 -0.3309
vn -0.5884 0.1492 0.7947
vn 0.9481 -0.1725 0.2672
vn 0.6115 -0.2209 -0.7598
vn -0.9722 -0.0636 -0.2254
vn -0.6352 -0.0925 0.7668
vn 0.8009 -0.3271 0.5015
vn 0.4846 -0.1668 -0.8587
vn -0.9140 0.0010 -0.4057
vn -0.7104 -0.0466 0.7023
vn -0.6765 -0.0921 0.7307
vn -0.9490 -0.0338 -0.3134
vn 0.5594 -0.2237 -0.7981
vn 0.8997 -0.2427 0.3627
vn 0.8330 0.3052 0.4616
vn 0.5599 0.3133 -0.7671
vn -0.8783 0.3315 -0.3444
vn -0.6050 0.3327 0.7233
vn 0.9337 -0.0884 0.3469
vn 0.4711 -0.0387 -0.8812
vn -0.9545 0.0906 -0.2841
vn -0.5550 0.0668 0.8292
vn 0.9068 -0.2649 0.3279
vn 0.4599 -0.2247 -0.8591
vn -0.9610 -0.0449 -0.2730
vn -0.5764 -0.1122 0.8094
vn -0.3997 -0.1618 0.9022
vn -0.8447 -0.3742 -0.3828
vn 0.3860 0.0979 -0.9173
vn 0.7765 0.1838 0.6027
vn -0.4613 -0.2323 0.8563
vn -0.9250 -0.2205 -0.3096
vn 0.4815 -0.2557 -0.8383
vn 0.8820 -0.2778 0.3806
vn -0.6522 0.5239 0.5479
vn -0.8069 0.4873 -0.3338
vn 0.1709 0.6774 -0.7155
vn 0.4862 0.6940 0.5310
vn -0.8371 -0.2210 -0.5005
vn 0.1619 0.4063 -0.8993
vn 0.5184 0.6569 0.5476
vn -0.5623 -0.0636 0.8245
vn -0.3009 -0.4380 0.8471
vn -0.5225 -0.6690 -0.5287
vn 0.0184 0.4734 -0.8807
vn -0.0175 0.7543 0.6563
vn 0.6218 0.6360 0.4570
vn 0.4886 0.2857 0.8244
vn 0.2848 0.3593 -0.8887
vn 0.1377 -0.8669 0.4791
vn -0.2856 -0.3234 0.9021
vn -0.5303 -0.6936 -0.4875
vn -0.0482 0.3745 -0.9260
vn -0.0124 0.7639 0.6452
vn 0.5572 -0.0457 -0.8292
vn 0.7504 0.0499 0.6591
vn -0.0199 -0.5448 0.8384
vn -0.3170 -0.7888 -0.5265
vn -0.7638 0.2374 0.6002
vn -0.0184 0.8589 0.5118
vn -0.0868 0.7706 -0.6314
vn -0.8288 0.1795 -0.5300
vn 0.7800 0.0890 0.6194
vn 0.4432 -0.0576 -0.8946
vn -0.5989 -0.6492 -0.4689
vn -0.3005 -0.4543 0.8386
vn 0.9205 -0.0287 0.3898
vn 0.4345 -0.0601 -0.8987
vn -0.9115 -0.2464 -0.3293
vn -0.4093 -0.1537 0.8993
vn -0.7091 0.4496 0.5433
vn -0.8263 0.4523 -0.3355
vn 0.7213 0.4495 -0.5270
vn 0.7204 0.4755 0.5048
vn -0.3701 0.4681 -0.8024
vn 0.5662 0.4291 0.7038
vn 0.2339 -0.0473 0.9711
vn -0.0069 -0.0827 -0.9966
vn 0.2872 -0.1053 0.9520
vn -0.0141 -0.2641 -0.9644
vn -0.5420 0.4198 -0.7280
vn -0.1102 0.7324 0.6719
vn 0.4946 -0.0763 0.8658
vn 0.2367 -0.2905 -0.9271
vn -0.0954 -0.0421 -0.9945
vn -0.0329 0.2159 0.9759
vn 0.2947 -0.0750 -0.9527
vn 0.3346 -0.1186 0.9349
vn 0.0518 -0.1371 -0.9892
vn 0.1376 0.2606 0.9556
vn 0.0720 0.3375 0.9386
vn -0.2214 0.1284 -0.9667
vn -0.4577 0.6192 -0.6381
vn 0.0044 0.6680 0.7441
vn -0.0084 -0.2102 -0.9776
vn 0.2970 -0.2094 0.9317
vn -0.0616 -0.0269 -0.9977
vn 0.2218 0.0607 0.9732
vn 0.2504 -0.1810 0.9511
vn -0.0561 -0.1508 -0.9870
vn 0.2382 -0.0101 0.9712
vn -0.0560 0.0215 -0.9982
vn 0.3684 0.2754 0.8879
vn -0.1730 0.2896 -0.9414
vn -0.1729 -0.1462 -0.9740
vn 0.3507 -0.1943 0.9161
vn 0.2805 -0.1682 0.9450
vn -0.2253 -0.1234 -0.9665
vn -0.2217 -0.3971 0.8906
vn 0.4228 -0.1672 0.8907
vn -0.1352 -0.1120 -0.9845
vn 0.1330 0.3025 0.9438
vn -0.2352 0.2228 -0.9461
vn 0.0778 -0.2896 -0.9540
vn -0.0170 -0.2472 -0.9688
vn 0.3565 0.0582 0.9325
vn 0.2800 -0.1286 0.9513
vn 0.1482 0.1342 0.9798
vn -0.0115 -0.0569 -0.9983
vn 0.3298 -0.1872 -0.9253
vn 0.4758 0.1716 0.8627
vn 0.2939 -0.0754 0.9528
vn 0.3347 -0.1187 -0.9348
vn -0.1228 -0.9923 -0.0187
vn 0.8315 0.4839 -0.2728
vn -0.8600 0.4673 0.2052
vn -0.9626 -0.2485 0.1081
vn 0.9932 -0.0190 -0.1146
vn -0.7078 -0.6701 0.2237
vn 0.9415 0.1728 -0.2895
vn -0.9501 0.0883 0.2993
vn -0.0223 0.9328 -0.3596
vn -0.4656 -0.8509 0.2435
vn 0.9330 0.1282 -0.3364
vn 0.0144 0.9330 -0.3595
vn -0.5543 -0.8147 0.1701
vn 0.0663 -0.9734 -0.2194
vn 0.6354 0.7306 -0.2499
vn 0.0324 0.9165 -0.3988
vn -0.4925 -0.8317 0.2564
vn 0.6294 0.7268 -0.2749
vn -0.9132 -0.3269 0.2433
vn 0.5970 0.7601 -0.2566
vn -0.8362 0.5110 0.1991
vn 0.9574 -0.2676 -0.1087
vn -0.9721 -0.2006 0.1219
vn 0.9512 0.1917 -0.2416
vn -0.9083 -0.3872 0.1587
vn -0.9944 -0.0231 0.1033
vn 0.9641 -0.2516 -0.0851
vn -0.9901 0.0963 0.1022
vn 0.9909 -0.0944 -0.0964
vn -0.9329 0.3202 0.1648
vn 0.9395 0.2812 -0.1954
vn 0.9666 -0.2302 -0.1129
vn -0.9886 -0.0067 0.1502
vn -0.9689 0.0279 0.2458
vn 0.8845 -0.4485 0.1283
vn -0.9928 -0.0672 0.0995
vn 0.9840 -0.1777 0.0127
vn -0.9892 0.0130 0.1457
vn 0.9545 -0.2723 -0.1213
vn -0.6362 -0.7532 0.1670
vn 0.9137 0.3476 -0.2104
vn 0.8506 0.4791 -0.2165
vn 0.9009 0.2929 -0.3204
vn -0.5099 -0.8448 0.1621
vn -0.6017 -0.7330 0.3172
vn 0.7088 0.6474 -0.2801
vn 0.5680 0.7294 -0.3811
vn 0.2928 0.9122 -0.2867
vn 0.0395 -0.9520 0.3034
vn 0.0829 -0.9636 -0.2540
vn -0.0885 -0.9960 -0.0140
vn 0.5788 0.3106 0.7540
vn 0.2371 0.2416 0.9410
vn 0.4319 -0.0352 0.9012
vn 0.4922 0.1115 0.8633
vn 0.2924 0.3538 0.8884
vn 0.6142 -0.2197 0.7580
vn 0.4845 -0.1668 0.8587
vn 0.5594 -0.2236 0.7982
vn 0.5599 0.3132 0.7671
vn 0.4710 -0.0386 0.8813
vn 0.4599 -0.2247 0.8591
vn 0.3861 0.0982 0.9172
vn 0.4879 -0.2455 0.8377
vn 0.1927 0.6560 0.7298
vn 0.1631 0.4090 0.8978
vn 0.0184 0.4733 0.8807
vn -0.0482 0.3745 0.9260
vn 0.5567 -0.0476 0.8294
vn -0.0796 0.7731 0.6293
vn 0.4428 -0.0571 0.8948
vn 0.4468 -0.0468 0.8934
vn 0.7219 0.4489 0.5267
vn 0.5651 0.4305 -0.7038
vn 0.2197 -0.0594 -0.9738
vn 0.2874 -0.1060 -0.9519
vn -0.1121 0.7316 -0.6725
vn 0.4957 -0.0754 -0.8652
vn -0.0329 0.2159 -0.9759
vn 0.2973 0.1877 -0.9361
vn 0.4094 0.1390 0.9017
vn 0.1376 0.2605 -0.9556
vn 0.0710 0.3367 -0.9389
vn -0.0142 0.6855 -0.7279
vn 0.2893 -0.2184 -0.9320
vn 0.2216 0.0598 -0.9733
vn 0.2503 -0.1810 -0.9511
vn 0.2381 -0.0101 -0.9712
vn 0.3683 0.2757 -0.8879
vn 0.3505 -0.1943 -0.9162
vn 0.2802 -0.1682 -0.9451
vn 0.0953 -0.4316 0.8970
vn 0.4186 -0.1681 -0.8925
vn 0.1132 0.3021 -0.9465
vn 0.2799 -0.1287 -0.9514
vn 0.3564 0.0584 -0.9325
vn 0.1479 0.1340 -0.9799
vn 0.4758 0.1715 -0.8627
vn 0.2973 0.1876 0.9362
vn 0.4094 0.1390 -0.9017
vn -0.9333 -0.1778 -0.3119
vn 0.2845 -0.4539 -0.8444
vn 0.2509 -0.4358 0.8643
vn 0.2367 -0.5288 -0.8150
vn -0.1970 -0.3308 -0.9229
vn -0.2540 -0.5359 -0.8052
vn -0.1841 -0.5210 -0.8335
vn -0.6017 0.1467 -0.7851
vn -0.6340 -0.0930 -0.7677
vn -0.7782 -0.1194 0.6166
vn -0.7101 -0.0467 -0.7026
vn -0.6763 -0.0921 -0.7308
vn -0.6049 0.3329 -0.7234
vn -0.5549 0.0668 -0.8293
vn -0.5762 -0.1122 -0.8096
vn -0.3997 -0.1638 -0.9019
vn -0.4664 -0.2349 -0.8528
vn -0.6583 0.5258 -0.5386
vn -0.5621 -0.0636 -0.8246
vn -0.3009 -0.4379 -0.8472
vn 0.2845 -0.4538 0.8445
vn 0.2507 -0.4374 -0.8636
vn -0.2855 -0.3233 -0.9022
vn -0.0198 -0.5446 -0.8385
vn -0.7637 0.2375 -0.6004
vn -0.3001 -0.4548 -0.8385
vn -0.4215 -0.1592 -0.8927
vn -0.7085 0.4501 -0.5435
vn -0.3708 0.4666 0.8030
vn 0.0075 -0.0728 0.9973
vn -0.0138 -0.2632 0.9647
vn -0.5417 0.4200 0.7281
vn 0.2371 -0.2903 0.9271
vn -0.0954 -0.0419 0.9946
vn 0.0519 -0.1369 0.9892
vn -0.2212 0.1286 0.9667
vn -0.4427 0.6126 0.6548
vn -0.0016 -0.2033 0.9791
vn -0.0606 -0.0250 0.9978
vn -0.0559 -0.1508 0.9870
vn -0.0559 0.0214 0.9982
vn -0.1728 0.2893 0.9415
vn -0.1726 -0.1463 0.9741
vn -0.2246 -0.1234 0.9666
vn -0.1372 -0.1108 0.9843
vn -0.2133 0.2251 0.9507
vn -0.0165 -0.2469 0.9689
vn 0.0780 -0.2894 0.9540
vn -0.0114 -0.0568 0.9983
vn 0.3299 -0.1870 0.9253
vn -0.9334 -0.1777 0.3118
vn -0.0885 -0.9960 0.0140
vn 0.1158 -0.8297 0.5461
vn -0.4257 -0.6933 0.5814
vn -0.4470 -0.7486 0.4896
vn -0.5347 -0.7367 0.4140
vn -0.9424 0.0317 0.3330
vn -0.9720 -0.0637 0.2261
vn -0.9139 0.0010 0.4059
vn -0.9490 -0.0338 0.3135
vn -0.8783 0.3315 0.3445
vn -0.9545 0.0906 0.2841
vn -0.9610 -0.0449 0.2730
vn -0.8450 -0.3733 0.3829
vn -0.9245 -0.2206 0.3110
vn -0.8063 0.4870 0.3358
vn -0.8370 -0.2210 0.5006
vn -0.5224 -0.6689 0.5288
vn -0.5303 -0.6936 0.4876
vn -0.3169 -0.7888 0.5267
vn -0.8287 0.1795 0.5301
vn -0.5991 -0.6490 0.4690
vn -0.9107 -0.2460 0.3317
vn -0.8263 0.4521 0.3359
vn -0.1227 -0.9923 0.0187
vn 0.8317 0.4835 0.2730
vn 0.9932 -0.0174 0.1147
vn 0.9415 0.1730 0.2892
vn -0.0224 0.9317 0.3624
vn 0.9267 0.1243 0.3547
vn 0.0140 0.9332 0.3590
vn 0.0680 -0.9736 0.2177
vn 0.6369 0.7299 0.2483
vn 0.0324 0.9165 0.3987
vn 0.6288 0.7267 0.2766
vn 0.6144 0.7467 0.2550
vn 0.9578 -0.2659 0.1091
vn 0.9512 0.1916 0.2418
vn 0.9641 -0.2516 0.0851
vn 0.9909 -0.0944 0.0964
vn 0.9396 0.2812 0.1954
vn 0.9666 -0.2302 0.1129
vn 0.8845 -0.4485 -0.1283
vn 0.9840 -0.1777 -0.0127
vn 0.9546 -0.2720 0.1217
vn 0.9137 0.3477 0.2104
vn 0.8518 0.4776 0.2152
vn 0.8940 0.2947 0.3375
vn 0.7088 0.6474 0.2800
vn 0.5704 0.7349 0.3669
vn 0.2977 0.9126 0.2802
vn 0.0833 -0.9637 0.2537
vn -0.7781 -0.1195 -0.6166
vn 0.0951 -0.4318 -0.8970
vn 0.1703 -0.8468 -0.5039
vn 0.2908 0.7911 -0.5381
vn 0.5093 0.5934 -0.6233
vn 0.6966 0.5552 -0.4544
vn 0.7088 0.2067 -0.6745
vn 0.7066 0.4559 -0.5412
vn 0.8152 0.2246 -0.5339
vn 0.8838 -0.2673 -0.3840
vn 0.9481 -0.1725 -0.2670
vn 0.8009 -0.3272 -0.5015
vn 0.8998 -0.2427 -0.3625
vn 0.8330 0.3053 -0.4615
vn 0.9338 -0.0884 -0.3468
vn 0.9068 -0.2649 -0.3278
vn 0.7766 0.1838 -0.6026
vn 0.8802 -0.2836 -0.3805
vn 0.4553 0.7146 -0.5311
vn 0.5228 0.6570 -0.5431
vn -0.0175 0.7544 -0.6562
vn 0.6203 0.6377 -0.4567
vn 0.1337 -0.8690 -0.4764
vn -0.0121 0.7642 -0.6448
vn 0.7380 0.0497 -0.6730
vn -0.0180 0.8640 -0.5031
vn 0.7802 0.0886 -0.6193
vn 0.9191 -0.0342 -0.3926
vn 0.7206 0.4759 -0.5042
vn -0.2222 -0.3971 -0.8905
vn -0.8598 0.4676 -0.2050
vn -0.9626 -0.2485 -0.1079
vn -0.7077 -0.6702 -0.2238
vn -0.9500 0.0883 -0.2994
vn -0.4655 -0.8508 -0.2436
vn -0.5543 -0.8147 -0.1702
vn -0.4925 -0.8317 -0.2565
vn -0.9132 -0.3269 -0.2433
vn -0.8362 0.5111 -0.1989
vn -0.9721 -0.2006 -0.1216
vn -0.9081 -0.3876 -0.1589
vn -0.9944 -0.0231 -0.1033
vn -0.9901 0.0963 -0.1023
vn -0.9329 0.3202 -0.1649
vn -0.9886 -0.0067 -0.1502
vn -0.9689 0.0279 -0.2458
vn -0.9928 -0.0672 -0.0992
vn -0.9893 0.0130 -0.1455
vn -0.6362 -0.7532 -0.1671
vn -0.5099 -0.8448 -0.1621
vn -0.6017 -0.7329 -0.3174
vn 0.0395 -0.9520 -0.3035
vn -0.4823 -0.8553 -0.1894
vn 0.7319 0.2488 -0.6344
vn 0.8621 0.3226 0.3908
vn -0.3536 -0.7936 0.4952
vn 0.2161 -0.1876 0.9582
vn -0.0120 -0.4507 -0.8926
vn 0.4094 -0.0073 -0.9123
vn 0.4675 0.0479 0.8827
vn 0.8520 0.3288 -0.4074
vn -0.4823 -0.8553 0.1894
vn 0.2159 -0.1878 -0.9582
vn 0.4095 -0.0069 0.9123
vn -0.3536 -0.7936 -0.4951
vn -0.0121 -0.4508 0.8925
vn 0.7276 0.2406 0.6424
vn 0.4715 0.0482 -0.8805
vn -0.1713 -0.8464 0.5042
vn -0.1157 -0.8297 -0.5460
vn -0.4886 0.2861 -0.8243
vn -0.2848 0.3579 0.8893
vn -0.2957 0.7866 0.5421
vn -0.5000 0.5865 0.6372
vn -0.2367 -0.5289 0.8150
vn -0.6966 0.5552 0.4545
vn -0.5788 0.3107 -0.7540
vn 0.4259 -0.6934 -0.5812
vn -0.2370 0.2415 -0.9410
vn 0.4470 -0.7487 -0.4895
vn 0.1970 -0.3309 0.9229
vn 0.1842 -0.5211 0.8334
vn 0.2542 -0.5361 0.8050
vn -0.7139 0.2135 0.6668
vn -0.4902 0.1110 -0.8645
vn -0.7137 0.4544 0.5330
vn -0.8149 0.2246 0.5344
vn -0.4320 -0.0353 -0.9012
vn 0.5347 -0.7367 -0.4139
vn -0.8837 -0.2664 0.3849
vn -0.2734 0.3532 -0.8947
vn 0.9431 0.0316 -0.3309
vn 0.5884 0.1492 0.7947
vn -0.9481 -0.1725 0.2672
vn -0.6115 -0.2209 -0.7598
vn 0.9722 -0.0636 -0.2254
vn 0.6352 -0.0925 0.7668
vn -0.8009 -0.3271 0.5015
vn -0.4846 -0.1668 -0.8587
vn 0.9140 0.0010 -0.4057
vn 0.7104 -0.0466 0.7023
vn 0.6765 -0.0921 0.7307
vn 0.9490 -0.0338 -0.3134
vn -0.5594 -0.2236 -0.7982
vn -0.8997 -0.2427 0.3627
vn -0.8330 0.3052 0.4616
vn -0.5599 0.3133 -0.7671
vn 0.8783 0.3315 -0.3444
vn 0.6050 0.3327 0.7233
vn -0.9337 -0.0884 0.3469
vn -0.4711 -0.0387 -0.8812
vn 0.9545 0.0906 -0.2841
vn 0.5550 0.0668 0.8292
vn -0.9068 -0.2649 0.3279
vn -0.4599 -0.2247 -0.8591
vn 0.9610 -0.0449 -0.2730
vn 0.5764 -0.1122 0.8095
vn 0.3997 -0.1618 0.9022
vn 0.8447 -0.3742 -0.3828
vn -0.3860 0.0979 -0.9173
vn -0.7765 0.1838 0.6027
vn 0.4613 -0.2323 0.8563
vn 0.9250 -0.2205 -0.3096
vn -0.4815 -0.2557 -0.8383
vn -0.8820 -0.2778 0.3806
vn 0.6522 0.5239 0.5479
vn 0.8069 0.4873 -0.3338
vn -0.1709 0.6774 -0.7155
vn -0.4862 0.6940 0.5310
vn 0.8371 -0.2210 -0.5005
vn -0.1619 0.4063 -0.8993
vn -0.5184 0.6569 0.5476
vn 0.5622 -0.0636 0.8245
vn 0.3009 -0.4380 0.8471
vn 0.5225 -0.6690 -0.5287
vn -0.0184 0.4734 -0.8807
vn 0.0175 0.7543 0.6563
vn -0.6218 0.6360 0.4570
vn -0.4886 0.2857 0.8244
vn -0.2848 0.3593 -0.8887
vn -0.1377 -0.8669 0.4791
vn 0.2856 -0.3234 0.9021
vn 0.5303 -0.6936 -0.4875
vn 0.0482 0.3745 -0.9260
vn 0.0124 0.7639 0.6452
vn -0.5572 -0.0457 -0.8292
vn -0.7504 0.0499 0.6591
vn 0.0199 -0.5448 0.8384
vn 0.3170 -0.7888 -0.5265
vn 0.7638 0.2374 0.6002
vn 0.0184 0.8589 0.5118
vn 0.0868 0.7706 -0.6314
vn 0.8288 0.1795 -0.5300
vn -0.7800 0.0890 0.6194
vn -0.4432 -0.0576 -0.8946
vn 0.5989 -0.6492 -0.4689
vn 0.3005 -0.4543 0.8386
vn -0.9205 -0.0287 0.3898
vn -0.4345 -0.0601 -0.8987
vn 0.9115 -0.2464 -0.3293
vn 0.4093 -0.1537 0.8993
vn 0.7091 0.4496 0.5433
vn 0.8263 0.4523 -0.3355
vn -0.7213 0.4495 -0.5270
vn -0.7204 0.4755 0.5048
vn 0.3701 0.4681 -0.8024
vn -0.5662 0.4291 0.7038
vn -0.2339 -0.0473 0.9711
vn 0.0069 -0.0827 -0.9966
vn -0.2872 -0.1053 0.9520
vn 0.0141 -0.2641 -0.9644
vn 0.5420 0.4198 -0.7280
vn 0.1102 0.7324 0.6719
vn -0.4946 -0.0763 0.8658
vn -0.2367 -0.2905 -0.9271
vn 0.0954 -0.0421 -0.9945
vn 0.0329 0.2159 0.9759
vn -0.2947 -0.0750 -0.9527
vn -0.3346 -0.1186 0.9349
vn -0.0518 -0.1371 -0.9892
vn -0.1376 0.2606 0.9556
vn -0.0720 0.3375 0.9386
vn 0.2214 0.1284 -0.9667
vn 0.4577 0.6192 -0.6381
vn -0.0044 0.6680 0.7441
vn 0.0084 -0.2102 -0.9776
vn -0.2970 -0.2094 0.9317
vn 0.0616 -0.0269 -0.9977
vn -0.2218 0.0607 0.9732
vn -0.2504 -0.1810 0.9511
vn 0.0561 -0.1508 -0.9870
vn -0.2382 -0.0101 0.9712
vn 0.0560 0.0215 -0.9982
vn -0.3684 0.2754 0.8879
vn 0.1730 0.2896 -0.9414
vn 0.1729 -0.1462 -0.9740
vn -0.3507 -0.1943 0.9161
vn -0.2805 -0.1682 0.9450
vn 0.2253 -0.1234 -0.9665
vn 0.2216 -0.3971 0.8906
vn -0.4228 -0.1672 0.8907
vn 0.1352 -0.1120 -0.9845
vn -0.1330 0.3025 0.9438
vn 0.2352 0.2228 -0.9461
vn -0.0778 -0.2896 -0.9540
vn 0.0170 -0.2472 -0.9688
vn -0.3565 0.0582 0.9325
vn -0.2800 -0.1286 0.9513
vn -0.1482 0.1342 0.9798
vn 0.0115 -0.0569 -0.9983
vn -0.3298 -0.1872 -0.9253
vn -0.4758 0.1716 0.8627
vn -0.2939 -0.0754 0.9528
vn -0.3347 -0.1187 -0.9348
vn 0.1227 -0.9923 -0.0187
vn -0.8315 0.4839 -0.2728
vn 0.8600 0.4673 0.2052
vn 0.9626 -0.2485 0.1081
vn -0.9932 -0.0190 -0.1146
vn 0.7078 -0.6701 0.2237
vn -0.9415 0.1728 -0.2895
vn 0.9501 0.0883 0.2993
vn 0.0223 0.9328 -0.3596
vn 0.4656 -0.8509 0.2435
vn -0.9330 0.1282 -0.3364
vn -0.0144 0.9330 -0.3595
vn 0.5543 -0.8147 0.1701
vn -0.0663 -0.9734 -0.2194
vn -0.6354 0.7306 -0.2499
vn -0.0324 0.9165 -0.3988
vn 0.4925 -0.8317 0.2564
vn -0.6294 0.7268 -0.2749
vn 0.9132 -0.3269 0.2433
vn -0.5970 0.7601 -0.2566
vn 0.8362 0.5110 0.1991
vn -0.9574 -0.2676 -0.1087
vn 0.9721 -0.2006 0.1219
vn -0.9512 0.1917 -0.2416
vn 0.9083 -0.3872 0.1587
vn 0.9944 -0.0231 0.1033
vn -0.9641 -0.2516 -0.0851
vn 0.9901 0.0963 0.1022
vn -0.9909 -0.0944 -0.0964
vn 0.9329 0.3202 0.1648
vn -0.9395 0.2812 -0.1954
vn -0.9666 -0.2302 -0.1129
vn 0.9886 -0.0067 0.1502
vn 0.9689 0.0279 0.2458
vn -0.8845 -0.4485 0.1283
vn 0.9928 -0.0672 0.0995
vn -0.9840 -0.1777 0.0127
vn 0.9892 0.0130 0.1457
vn -0.9545 -0.2723 -0.1213
vn 0.6362 -0.7532 0.1670
vn -0.9137 0.3476 -0.2104
vn -0.8506 0.4791 -0.2165
vn -0.9009 0.2929 -0.3204
vn 0.5099 -0.8448 0.1621
vn 0.6017 -0.7330 0.3172
vn -0.7088 0.6474 -0.2801
vn -0.5680 0.7294 -0.3811
vn -0.2928 0.9122 -0.2867
vn -0.0395 -0.9520 0.3034
vn -0.0829 -0.9636 -0.2540
vn 0.0885 -0.9960 -0.0140
vn -0.5788 0.3106 0.7540
vn -0.2371 0.2416 0.9410
vn -0.4319 -0.0352 0.9012
vn -0.4922 0.1115 0.8633
vn -0.2924 0.3538 0.8884
vn -0.6142 -0.2197 0.7580
vn -0.4845 -0.1668 0.8587
vn -0.5594 -0.2236 0.7982
vn -0.5599 0.3132 0.7671
vn -0.4710 -0.0386 0.8813
vn -0.4599 -0.2247 0.8591
vn -0.3861 0.0982 0.9172
vn -0.4879 -0.2455 0.8377
vn -0.1927 0.6560 0.7298
vn -0.1631 0.4090 0.8978
vn -0.0184 0.4733 0.8807
vn 0.0482 0.3745 0.9260
vn -0.5567 -0.0476 0.8294
vn 0.0796 0.7731 0.6293
vn -0.4428 -0.0571 0.8948
vn -0.4468 -0.0468 0.8934
vn -0.7219 0.4489 0.5267
vn -0.5651 0.4305 -0.7038
vn -0.2197 -0.0594 -0.9738
vn -0.2874 -0.1060 -0.9519
vn 0.1121 0.7316 -0.6725
vn -0.4957 -0.0754 -0.8652
vn 0.0329 0.2159 -0.9759
vn -0.2973 0.1877 -0.9361
vn -0.4094 0.1390 0.9017
vn -0.1376 0.2605 -0.9556
vn -0.0710 0.3367 -0.9389
vn 0.0142 0.6855 -0.7279
vn -0.2893 -0.2184 -0.9320
vn -0.2216 0.0598 -0.9733
vn -0.2503 -0.1810 -0.9511
vn -0.2381 -0.0101 -0.9712
vn -0.3683 0.2757 -0.8879
vn -0.3505 -0.1943 -0.9162
vn -0.2802 -0.1682 -0.9451
vn -0.0953 -0.4316 0.8970
vn -0.4186 -0.1681 -0.8925
vn -0.1132 0.3021 -0.9465
vn -0.2799 -0.1287 -0.9514
vn -0.3564 0.0584 -0.9325
vn -0.1479 0.1340 -0.9799
vn -0.4758 0.1715 -0.8627
vn -0.2973 0.1876 0.9362
vn -0.4094 0.1390 -0.9017
vn 0.9333 -0.1778 -0.3119
vn -0.2845 -0.4539 -0.8444
vn -0.2509 -0.4358 0.8643
vn -0.2367 -0.5288 -0.8150
vn 0.1970 -0.3308 -0.9229
vn 0.2540 -0.5359 -0.8052
vn 0.1841 -0.5210 -0.8335
vn 0.6017 0.1467 -0.7851
vn 0.6340 -0.0930 -0.7677
vn 0.7782 -0.1194 0.6166
vn 0.7101 -0.0467 -0.7026
vn 0.6763 -0.0921 -0.7308
vn 0.6049 0.3329 -0.7234
vn 0.5549 0.0668 -0.8293
vn 0.5762 -0.1122 -0.8096
vn 0.3997 -0.1638 -0.9019
vn 0.4664 -0.2349 -0.8528
vn 0.6583 0.5258 -0.5386
vn 0.5621 -0.0636 -0.8246
vn 0.3009 -0.4379 -0.8472
vn -0.2845 -0.4538 0.8445
vn -0.2507 -0.4374 -0.8636
vn 0.2855 -0.3233 -0.9022
vn 0.0198 -0.5446 -0.8385
vn 0.7637 0.2375 -0.6004
vn 0.3001 -0.4548 -0.8385
vn 0.4215 -0.1592 -0.8927
vn 0.7085 0.4501 -0.5435
vn 0.3708 0.4666 0.8030
vn -0.0075 -0.0728 0.9973
vn 0.0138 -0.2632 0.9647
vn 0.5417 0.4200 0.7281
vn -0.2371 -0.2903 0.9271
vn 0.0954 -0.0419 0.9946
vn -0.0519 -0.1369 0.9892
vn 0.2212 0.1286 0.9667
vn 0.4427 0.6126 0.6548
vn 0.0016 -0.2033 0.9791
vn 0.0606 -0.0250 0.9978
vn 0.0559 -0.1508 0.9870
vn 0.0559 0.0214 0.9982
vn 0.1728 0.2893 0.9415
vn 0.1726 -0.1463 0.9741
vn 0.2246 -0.1234 0.9666
vn 0.1372 -0.1108 0.9843
vn 0.2132 0.2251 0.9507
vn 0.0165 -0.2469 0.9689
vn -0.0780 -0.2894 0.9540
vn 0.0114 -0.0568 0.9983
vn -0.3299 -0.1870 0.9253
vn 0.9334 -0.1777 0.3118
vn 0.0885 -0.9960 0.0140
vn -0.1158 -0.8297 0.5461
vn 0.4257 -0.6933 0.5814
vn 0.4470 -0.7486 0.4896
vn 0.5347 -0.7367 0.4140
vn 0.9424 0.0317 0.3330
vn 0.9720 -0.0637 0.2261
vn 0.9139 0.0010 0.4059
vn 0.9490 -0.0338 0.3135
vn 0.8783 0.3315 0.3445
vn 0.9545 0.0906 0.2841
vn 0.9610 -0.0449 0.2730
vn 0.8450 -0.3733 0.3829
vn 0.9245 -0.2206 0.3110
vn 0.8063 0.4870 0.3358
vn 0.8370 -0.2210 0.5006
vn 0.5224 -0.6689 0.5288
vn 0.5303 -0.6936 0.4876
vn 0.3169 -0.7888 0.5267
vn 0.8287 0.1795 0.5301
vn 0.5991 -0.6490 0.4690
vn 0.9107 -0.2460 0.3317
vn 0.8263 0.4521 0.3359
vn 0.1227 -0.9923 0.0187
vn -0.8317 0.4835 0.2730
vn -0.9932 -0.0174 0.1147
vn -0.9415 0.1730 0.2892
vn 0.0224 0.9317 0.3624
vn -0.9267 0.1243 0.3547
vn -0.0140 0.9332 0.3590
vn -0.0680 -0.9736 0.2177
vn -0.6369 0.7299 0.2483
vn -0.0324 0.9165 0.3987
vn -0.6288 0.7267 0.2766
vn -0.6144 0.7467 0.2550
vn -0.9578 -0.2659 0.1091
vn -0.9512 0.1916 0.2418
vn -0.9641 -0.2516 0.0851
vn -0.9909 -0.0944 0.0964
vn -0.9396 0.2812 0.1954
vn -0.9666 -0.2302 0.1129
vn -0.8845 -0.4485 -0.1283
vn -0.9840 -0.1777 -0.0127
vn -0.9546 -0.2720 0.1217
vn -0.9137 0.3477 0.2104
vn -0.8518 0.4776 0.2152
vn -0.8940 0.2947 0.3375
vn -0.7088 0.6474 0.2800
vn -0.5704 0.7349 0.3669
vn -0.2977 0.9126 0.2802
vn -0.0833 -0.9637 0.2537
vn 0.7781 -0.1195 -0.6166
vn -0.0951 -0.4318 -0.8970
vn -0.1703 -0.8468 -0.5039
vn -0.2908 0.7911 -0.5381
vn -0.5093 0.5934 -0.6233
vn -0.6966 0.5552 -0.4544
vn -0.7088 0.2067 -0.6745
vn -0.7066 0.4559 -0.5412
vn -0.8152 0.2246 -0.5339
vn -0.8838 -0.2673 -0.3840
vn -0.9481 -0.1725 -0.2670
vn -0.8009 -0.3272 -0.5015
vn -0.8998 -0.2427 -0.3625
vn -0.8330 0.3053 -0.4615
vn -0.9338 -0.0884 -0.3468
vn -0.9068 -0.2649 -0.3278
vn -0.7766 0.1838 -0.6026
vn -0.8802 -0.2836 -0.3805
vn -0.4553 0.7146 -0.5311
vn -0.5228 0.6570 -0.5431
vn 0.0175 0.7544 -0.6562
vn -0.6203 0.6377 -0.4567
vn -0.1337 -0.8690 -0.4764
vn 0.0121 0.7642 -0.6448
vn -0.7380 0.0497 -0.6730
vn 0.0180 0.8640 -0.5031
vn -0.7802 0.0886 -0.6193
vn -0.9191 -0.0342 -0.3926
vn -0.7206 0.4759 -0.5042
vn 0.2222 -0.3971 -0.8905
vn 0.8598 0.4677 -0.2050
vn 0.9626 -0.2485 -0.1079
vn 0.7077 -0.6702 -0.2238
vn 0.9500 0.0883 -0.2994
vn 0.4655 -0.8508 -0.2436
vn 0.5543 -0.8147 -0.1702
vn 0.4925 -0.8317 -0.2565
vn 0.9132 -0.3269 -0.2433
vn 0.8362 0.5111 -0.1989
vn 0.9721 -0.2006 -0.1216
vn 0.9081 -0.3876 -0.1589
vn 0.9944 -0.0231 -0.1033
vn 0.9901 0.0963 -0.1023
vn 0.9329 0.3202 -0.1649
vn 0.9886 -0.0067 -0.1502
vn 0.9689 0.0279 -0.2458
vn 0.9928 -0.0672 -0.0992
vn 0.9893 0.0130 -0.1455
vn 0.6362 -0.7532 -0.1671
vn 0.5099 -0.8448 -0.1621
vn 0.6017 -0.7329 -0.3174
vn -0.0395 -0.9520 -0.3035
vn 0.4823 -0.8553 -0.1894
vn -0.7319 0.2488 -0.6344
vn -0.8621 0.3226 0.3908
vn 0.3536 -0.7936 0.4952
vn -0.2161 -0.1876 0.9582
vn 0.0120 -0.4507 -0.8926
vn -0.4094 -0.0073 -0.9123
vn -0.4675 0.0479 0.8827
vn -0.8520 0.3288 -0.4074
vn 0.4823 -0.8553 0.1894
vn -0.2159 -0.1878 -0.9582
vn -0.4095 -0.0069 0.9123
vn 0.3536 -0.7936 -0.4951
vn 0.0121 -0.4508 0.8925
vn -0.7276 0.2406 0.6424
vn -0.4715 0.0482 -0.8805
vt 0.584047 0.411025
vt 0.535890 0.410086
vt 0.535667 0.391331
vt 0.583207 0.390332
vt 0.484663 0.409912
vt 0.485076 0.393564
vt 0.483801 0.379443
vt 0.534165 0.375365
vt 0.581887 0.372827
vt 0.477118 0.482595
vt 0.474952 0.499021
vt 0.418164 0.482945
vt 0.421515 0.469921
vt 0.479200 0.517636
vt 0.414737 0.494554
vt 0.361656 0.479493
vt 0.366439 0.470034
vt 0.371622 0.459515
vt 0.575193 0.110553
vt 0.567894 0.118727
vt 0.515140 0.112132
vt 0.520862 0.104493
vt 0.549061 0.128164
vt 0.508833 0.120141
vt 0.468605 0.112119
vt 0.466667 0.102904
vt 0.470422 0.096136
vt 0.128496 0.610790
vt 0.137460 0.619890
vt 0.078566 0.617460
vt 0.071656 0.608435
vt 0.155532 0.631356
vt 0.086386 0.626723
vt 0.017240 0.622089
vt 0.013276 0.613270
vt 0.009312 0.604451
vt 0.552689 0.281240
vt 0.621882 0.287262
vt 0.619766 0.309304
vt 0.549886 0.301595
vt 0.699650 0.294752
vt 0.698277 0.317261
vt 0.696904 0.339770
vt 0.615580 0.330235
vt 0.534256 0.320701
vt 0.191555 0.251558
vt 0.192947 0.263550
vt 0.149527 0.262816
vt 0.142579 0.250671
vt 0.195338 0.275081
vt 0.154856 0.274723
vt 0.114373 0.274364
vt 0.106147 0.260280
vt 0.091450 0.250418
vt 0.486022 0.356712
vt 0.482548 0.367905
vt 0.423672 0.374655
vt 0.422020 0.365625
vt 0.483801 0.379443
vt 0.425118 0.384909
vt 0.371136 0.388160
vt 0.369438 0.379200
vt 0.358019 0.374539
vt 0.446353 0.268196
vt 0.448155 0.284679
vt 0.394596 0.272686
vt 0.393886 0.259553
vt 0.454254 0.302843
vt 0.394004 0.284753
vt 0.333754 0.266663
vt 0.343305 0.263044
vt 0.344774 0.252786
vt 0.411658 0.090217
vt 0.416001 0.085393
vt 0.407885 0.095285
vt 0.347165 0.078452
vt 0.352829 0.075883
vt 0.358492 0.073313
vt 0.088131 0.418179
vt 0.085906 0.423615
vt 0.063755 0.418167
vt 0.067847 0.413901
vt 0.081564 0.428010
vt 0.058453 0.421801
vt 0.035160 0.416494
vt 0.042194 0.413499
vt 0.049228 0.410503
vt 0.232863 0.075351
vt 0.220161 0.081055
vt 0.183948 0.076537
vt 0.198762 0.070931
vt 0.209153 0.088697
vt 0.168070 0.082624
vt 0.126988 0.076552
vt 0.147080 0.068262
vt 0.163331 0.062803
vt 0.268208 0.451102
vt 0.261350 0.462584
vt 0.239441 0.460845
vt 0.244868 0.449008
vt 0.252980 0.473284
vt 0.233846 0.472293
vt 0.214711 0.471302
vt 0.212587 0.456898
vt 0.216261 0.445132
vt 0.389364 0.578416
vt 0.387309 0.569383
vt 0.404978 0.568931
vt 0.409714 0.577796
vt 0.387323 0.560365
vt 0.401789 0.559973
vt 0.416256 0.559581
vt 0.422185 0.568166
vt 0.428113 0.576752
vt 0.796087 0.661294
vt 0.797443 0.634520
vt 0.827185 0.685243
vt 0.829089 0.711351
vt 0.798799 0.607747
vt 0.829105 0.663351
vt 0.852484 0.708721
vt 0.852030 0.729322
vt 0.859526 0.763059
vt 0.071511 0.374463
vt 0.079817 0.377004
vt 0.056332 0.378582
vt 0.049180 0.374498
vt 0.086384 0.381576
vt 0.062481 0.382992
vt 0.038583 0.383510
vt 0.032716 0.379022
vt 0.026849 0.374534
vt 0.614207 0.578209
vt 0.605417 0.578264
vt 0.620541 0.570693
vt 0.629138 0.571377
vt 0.595205 0.576848
vt 0.612159 0.569528
vt 0.633033 0.563144
vt 0.638550 0.563844
vt 0.644068 0.564545
vt 0.059130 0.018863
vt 0.052253 0.021256
vt 0.032362 0.012578
vt 0.039809 0.011040
vt 0.050917 0.023427
vt 0.025458 0.014088
vt 0.000000 0.004749
vt 0.009120 0.004183
vt 0.018240 0.003617
vt 0.814877 0.342972
vt 0.829263 0.337327
vt 0.831996 0.369943
vt 0.815203 0.376835
vt 0.841294 0.325013
vt 0.846175 0.355966
vt 0.850581 0.396988
vt 0.832452 0.406441
vt 0.814323 0.415894
vt 0.495290 0.682078
vt 0.491794 0.667540
vt 0.526131 0.680033
vt 0.532491 0.692803
vt 0.491682 0.647897
vt 0.519388 0.667161
vt 0.547094 0.686425
vt 0.557207 0.696090
vt 0.567320 0.705755
vt 0.191967 0.296166
vt 0.221739 0.286189
vt 0.260800 0.294747
vt 0.236946 0.303069
vt 0.251511 0.276212
vt 0.285411 0.286529
vt 0.319311 0.296846
vt 0.292838 0.302682
vt 0.273955 0.309495
vt 0.887274 0.578231
vt 0.903037 0.583016
vt 0.909714 0.631080
vt 0.896635 0.627414
vt 0.920898 0.575016
vt 0.922503 0.638639
vt 0.925152 0.689241
vt 0.915286 0.682065
vt 0.905432 0.680543
vt 0.631948 0.957208
vt 0.629353 0.970676
vt 0.591398 0.973517
vt 0.594740 0.962286
vt 0.629202 0.983147
vt 0.587289 0.984512
vt 0.545375 0.985876
vt 0.550768 0.976912
vt 0.556161 0.967948
vt 0.726567 0.261081
vt 0.727045 0.288753
vt 0.713154 0.313389
vt 0.712738 0.281299
vt 0.730630 0.311683
vt 0.716956 0.340402
vt 0.701621 0.379045
vt 0.701621 0.343593
vt 0.701621 0.308141
vt 0.402319 0.124995
vt 0.410168 0.129188
vt 0.410237 0.140048
vt 0.400635 0.136184
vt 0.418018 0.133382
vt 0.419461 0.143809
vt 0.420904 0.154237
vt 0.410400 0.150934
vt 0.399896 0.147632
vt 0.269667 0.114069
vt 0.291218 0.118193
vt 0.279655 0.128334
vt 0.255060 0.124901
vt 0.312770 0.122317
vt 0.302232 0.130520
vt 0.295987 0.141104
vt 0.269712 0.139894
vt 0.240452 0.135734
vt 0.234334 0.830526
vt 0.239304 0.827537
vt 0.278086 0.841867
vt 0.277268 0.845348
vt 0.243314 0.821663
vt 0.280595 0.837816
vt 0.319904 0.858985
vt 0.320054 0.859578
vt 0.320203 0.860170
vt 0.582317 0.756212
vt 0.563179 0.757255
vt 0.596903 0.728299
vt 0.609234 0.728550
vt 0.539650 0.762349
vt 0.584133 0.728453
vt 0.628616 0.694556
vt 0.633814 0.696309
vt 0.639011 0.698062
vt 0.016763 0.511253
vt 0.008656 0.512298
vt 0.016322 0.481007
vt 0.023484 0.481201
vt 0.000548 0.513343
vt 0.009170 0.480910
vt 0.017792 0.448477
vt 0.023985 0.449693
vt 0.030178 0.450909
vt 0.118644 0.505997
vt 0.101985 0.510061
vt 0.092000 0.479329
vt 0.105750 0.477237
vt 0.085326 0.514124
vt 0.079480 0.480930
vt 0.070561 0.448963
vt 0.081708 0.448720
vt 0.092856 0.448477
vt 0.960616 0.581343
vt 0.957636 0.573053
vt 0.960222 0.570637
vt 0.963549 0.579335
vt 0.954690 0.564478
vt 0.956898 0.561886
vt 0.959105 0.559293
vt 0.962771 0.568525
vt 0.966436 0.577757
vt 0.785758 0.702448
vt 0.792194 0.690795
vt 0.802791 0.732606
vt 0.796319 0.742000
vt 0.794192 0.674520
vt 0.808819 0.722750
vt 0.823446 0.770980
vt 0.816378 0.778025
vt 0.809309 0.785070
vt 0.740428 0.744308
vt 0.739026 0.738248
vt 0.763006 0.773301
vt 0.761961 0.778300
vt 0.737623 0.732187
vt 0.764939 0.769126
vt 0.789654 0.804621
vt 0.786779 0.808182
vt 0.783904 0.811743
vt 0.162786 0.950153
vt 0.168252 0.941993
vt 0.205468 0.945394
vt 0.204603 0.951065
vt 0.170634 0.934129
vt 0.206979 0.939890
vt 0.248199 0.947013
vt 0.247310 0.949495
vt 0.246420 0.951978
vt 0.113093 0.951465
vt 0.110934 0.937326
vt 0.139299 0.939669
vt 0.137940 0.950809
vt 0.114966 0.924492
vt 0.142223 0.929518
vt 0.151760 0.864791
vt 0.155012 0.858053
vt 0.173978 0.875859
vt 0.173102 0.881867
vt 0.160803 0.855526
vt 0.174975 0.870408
vt 0.189147 0.885291
vt 0.190288 0.890422
vt 0.191430 0.895553
vt 0.774704 0.630342
vt 0.786360 0.616948
vt 0.787642 0.655172
vt 0.779188 0.667728
vt 0.796884 0.611344
vt 0.795538 0.642932
vt 0.172792 0.823661
vt 0.177454 0.814462
vt 0.206811 0.819382
vt 0.203563 0.827094
vt 0.182115 0.805263
vt 0.211796 0.811659
vt 0.945624 0.869697
vt 0.936725 0.856758
vt 0.956719 0.849846
vt 0.966554 0.864566
vt 0.924441 0.847100
vt 0.942819 0.838755
vt 0.961452 0.829434
vt 0.972863 0.844758
vt 0.984274 0.860082
vt 0.901260 0.973658
vt 0.916379 0.965894
vt 0.931800 0.973360
vt 0.909357 0.979069
vt 0.931698 0.958266
vt 0.951082 0.965329
vt 0.970853 0.973447
vt 0.944154 0.978964
vt 0.917454 0.984481
vt 0.761808 0.945261
vt 0.766191 0.959077
vt 0.749520 0.966957
vt 0.744331 0.951286
vt 0.775447 0.970079
vt 0.760044 0.979537
vt 0.740102 0.989288
vt 0.736859 0.972298
vt 0.731731 0.955287
vt 0.805102 0.834677
vt 0.784852 0.846586
vt 0.772489 0.839785
vt 0.799262 0.829811
vt 0.768050 0.856778
vt 0.751609 0.850791
vt 0.730700 0.845274
vt 0.762061 0.835110
vt 0.793422 0.824946
vt 0.027546 0.805649
vt 0.041711 0.793859
vt 0.055990 0.798496
vt 0.042644 0.810892
vt 0.055876 0.782068
vt 0.070504 0.784815
vt 0.083127 0.790578
vt 0.070033 0.803468
vt 0.056939 0.816358
vt 0.756310 0.500168
vt 0.777565 0.483114
vt 0.781476 0.498811
vt 0.760684 0.516787
vt 0.798820 0.466061
vt 0.799428 0.482169
vt 0.807732 0.492074
vt 0.785041 0.524127
vt 0.765286 0.543088
vt 0.727276 0.976182
vt 0.721703 0.958569
vt 0.732369 0.993034
vt 0.724635 0.996780
vt 0.718929 0.979661
vt 0.713223 0.962541
vt 0.000479 0.945054
vt 0.011812 0.923561
vt 0.024531 0.926906
vt 0.012937 0.948516
vt 0.023146 0.902067
vt 0.034121 0.906960
vt 0.053371 0.911426
vt 0.044083 0.930394
vt 0.025395 0.951977
vt 0.935804 0.368863
vt 0.955190 0.372659
vt 0.957325 0.420051
vt 0.941278 0.418730
vt 0.974576 0.376454
vt 0.972937 0.422191
vt 0.971298 0.467927
vt 0.959559 0.467196
vt 0.947820 0.466465
vt 0.786114 0.568552
vt 0.770082 0.584878
vt 0.802308 0.551709
vt 0.095953 0.815715
vt 0.104303 0.806500
vt 0.130972 0.833920
vt 0.125230 0.842176
vt 0.112653 0.797285
vt 0.136728 0.826405
vt 0.076216 0.934028
vt 0.069244 0.951721
vt 0.082939 0.917850
vt 0.026545 0.063559
vt 0.013439 0.054359
vt 0.036435 0.053689
vt 0.047171 0.062221
vt 0.000333 0.045158
vt 0.025698 0.045158
vt 0.051064 0.045158
vt 0.059430 0.053020
vt 0.067797 0.060882
vt 0.919718 0.753808
vt 0.926104 0.751647
vt 0.933479 0.782659
vt 0.927204 0.784107
vt 0.930526 0.747231
vt 0.939168 0.780607
vt 0.947811 0.813982
vt 0.941738 0.814378
vt 0.935664 0.814774
vt 0.315631 0.321342
vt 0.326848 0.316375
vt 0.345479 0.324435
vt 0.334723 0.328670
vt 0.338150 0.312405
vt 0.356028 0.320956
vt 0.378579 0.329676
vt 0.367020 0.333235
vt 0.355460 0.336794
vt 0.214399 0.133054
vt 0.202528 0.130351
vt 0.216729 0.122463
vt 0.226944 0.125023
vt 0.190966 0.126612
vt 0.206461 0.119058
vt 0.224579 0.111175
vt 0.233242 0.113983
vt 0.241905 0.116791
vt 0.894957 0.061479
vt 0.922984 0.080684
vt 0.909558 0.086958
vt 0.887013 0.070774
vt 0.951010 0.099889
vt 0.926534 0.102637
vt 0.915983 0.106666
vt 0.897527 0.093367
vt 0.879070 0.080069
vt 0.922695 0.201386
vt 0.912016 0.214676
vt 0.898161 0.203375
vt 0.907119 0.191530
vt 0.900706 0.228687
vt 0.889888 0.214933
vt 0.879070 0.201180
vt 0.885405 0.191393
vt 0.891740 0.181606
vt 0.547623 0.798951
vt 0.518428 0.799796
vt 0.536544 0.780174
vt 0.561008 0.779122
vt 0.482299 0.800975
vt 0.510975 0.781662
vt 0.697740 0.949668
vt 0.691717 0.967772
vt 0.661842 0.968931
vt 0.665221 0.952986
vt 0.685693 0.985876
vt 0.657448 0.984512
vt 0.834200 0.208970
vt 0.832623 0.193066
vt 0.855308 0.161155
vt 0.857065 0.182343
vt 0.831045 0.177162
vt 0.851053 0.142972
vt 0.874820 0.099242
vt 0.878618 0.128494
vt 0.882416 0.157745
vt 0.790718 0.169880
vt 0.784664 0.170363
vt 0.774739 0.124948
vt 0.785889 0.120904
vt 0.778609 0.170846
vt 0.764810 0.132584
vt 0.749315 0.084125
vt 0.764508 0.078634
vt 0.779702 0.073143
vt 0.765977 0.249351
vt 0.766500 0.261466
vt 0.745443 0.272566
vt 0.744916 0.251904
vt 0.767022 0.273581
vt 0.748148 0.290082
vt 0.806083 0.292124
vt 0.812770 0.286011
vt 0.822270 0.310021
vt 0.811360 0.315181
vt 0.819458 0.279897
vt 0.831483 0.300120
vt 0.870456 0.530267
vt 0.884385 0.540269
vt 0.894153 0.555923
vt 0.878410 0.548268
vt 0.898313 0.550270
vt 0.909606 0.562643
vt 0.337166 0.740827
vt 0.362080 0.740618
vt 0.402476 0.757587
vt 0.373679 0.757722
vt 0.381439 0.737852
vt 0.425530 0.754457
vt 0.472510 0.772599
vt 0.441139 0.772599
vt 0.409768 0.772599
vt 0.403125 0.672819
vt 0.402073 0.662134
vt 0.450133 0.662565
vt 0.452171 0.675742
vt 0.394536 0.652717
vt 0.441507 0.650570
vt 0.059171 0.287613
vt 0.046005 0.282161
vt 0.065116 0.276020
vt 0.080616 0.281295
vt 0.033285 0.276478
vt 0.048447 0.271314
vt 0.063831 0.264000
vt 0.084339 0.269828
vt 0.104848 0.275656
vt 0.333887 0.377513
vt 0.334052 0.370278
vt 0.334480 0.385898
vt 0.306472 0.378723
vt 0.308278 0.372370
vt 0.310085 0.366017
vt 0.331139 0.465196
vt 0.337876 0.455165
vt 0.325312 0.474228
vt 0.296394 0.475816
vt 0.306088 0.464836
vt 0.313925 0.454131
vt 0.346494 0.174141
vt 0.341118 0.180646
vt 0.309036 0.177196
vt 0.316939 0.171963
vt 0.335742 0.187150
vt 0.303808 0.183505
vt 0.265266 0.177131
vt 0.276325 0.173458
vt 0.287384 0.169784
vt 0.302819 0.261166
vt 0.305049 0.250928
vt 0.301662 0.269351
vt 0.262832 0.274527
vt 0.267216 0.262852
vt 0.270152 0.251663
vt 0.446353 0.268196
vt 0.496753 0.275297
vt 0.496515 0.293909
vt 0.494255 0.311772
vt 0.222685 0.607130
vt 0.228400 0.614453
vt 0.184137 0.618661
vt 0.176705 0.610267
vt 0.228254 0.623590
vt 0.191893 0.627473
vt 0.713063 0.118061
vt 0.712810 0.126587
vt 0.636301 0.123150
vt 0.640639 0.114788
vt 0.712557 0.135114
vt 0.630809 0.131639
vt 0.685722 0.412183
vt 0.634107 0.412212
vt 0.634618 0.389902
vt 0.688966 0.389364
vt 0.584047 0.411025
vt 0.583207 0.390332
vt 0.581887 0.372827
vt 0.634978 0.370885
vt 0.692210 0.366544
vt 0.345799 0.577107
vt 0.350036 0.568867
vt 0.368913 0.569284
vt 0.368571 0.578043
vt 0.354272 0.560626
vt 0.370797 0.560496
vt 0.283399 0.464013
vt 0.291093 0.452864
vt 0.274687 0.474550
vt 0.299305 0.077197
vt 0.287937 0.082049
vt 0.254474 0.082299
vt 0.266249 0.076993
vt 0.276568 0.086902
vt 0.242860 0.087799
vt 0.231627 0.263649
vt 0.233569 0.251993
vt 0.229085 0.274804
vt 0.096484 0.038187
vt 0.083074 0.041926
vt 0.066122 0.030664
vt 0.075760 0.027595
vt 0.060359 0.044084
vt 0.054856 0.032749
vt 0.602811 0.598027
vt 0.588616 0.597066
vt 0.595567 0.587234
vt 0.607871 0.587984
vt 0.574421 0.596104
vt 0.583194 0.585512
vt 0.114925 0.361978
vt 0.132481 0.368201
vt 0.103769 0.373136
vt 0.093218 0.368220
vt 0.141260 0.374963
vt 0.111292 0.378666
vt 0.141611 0.430493
vt 0.139201 0.438894
vt 0.109832 0.430468
vt 0.111653 0.423654
vt 0.133925 0.445627
vt 0.105351 0.435908
vt 0.081564 0.428009
vt 0.085906 0.423615
vt 0.013343 0.296610
vt 0.006779 0.294964
vt 0.026485 0.288514
vt 0.036257 0.292112
vt 0.000216 0.293318
vt 0.016750 0.284898
vt 0.292809 0.671221
vt 0.289346 0.666972
vt 0.347512 0.664011
vt 0.349231 0.671708
vt 0.285883 0.662724
vt 0.341548 0.657075
vt 0.262298 0.698285
vt 0.271576 0.696861
vt 0.317942 0.719878
vt 0.299944 0.720565
vt 0.280854 0.695437
vt 0.332239 0.717592
vt 0.206565 0.677296
vt 0.212686 0.681957
vt 0.211345 0.694744
vt 0.202828 0.685742
vt 0.218807 0.686619
vt 0.220397 0.702899
vt 0.221323 0.720518
vt 0.209870 0.707742
vt 0.198417 0.694965
vt 0.197367 0.147086
vt 0.183850 0.143477
vt 0.192052 0.137178
vt 0.204833 0.140224
vt 0.170333 0.139868
vt 0.179161 0.133031
vt 0.311885 0.309509
vt 0.297955 0.315259
vt 0.326043 0.304920
vt 0.920453 0.720950
vt 0.912827 0.721582
vt 0.928256 0.725742
vt 0.868194 0.760597
vt 0.870917 0.785554
vt 0.868236 0.741831
vt 0.877204 0.761525
vt 0.879756 0.784788
vt 0.882308 0.808050
vt 0.564657 0.898056
vt 0.545807 0.904091
vt 0.535366 0.887390
vt 0.552819 0.880775
vt 0.526956 0.910126
vt 0.515118 0.894281
vt 0.508727 0.877870
vt 0.525600 0.870624
vt 0.542473 0.863378
vt 0.543750 0.836560
vt 0.508300 0.836937
vt 0.511259 0.818463
vt 0.543154 0.817884
vt 0.472850 0.837314
vt 0.483352 0.818785
vt 0.957706 0.220253
vt 0.945432 0.233714
vt 0.928170 0.224516
vt 0.940056 0.210658
vt 0.933157 0.247175
vt 0.916932 0.237931
vt 0.262443 0.154106
vt 0.235980 0.152613
vt 0.288596 0.155298
vt 0.281205 0.169491
vt 0.256357 0.169491
vt 0.231508 0.169491
vt 0.832611 0.864421
vt 0.821708 0.871059
vt 0.802002 0.857831
vt 0.818238 0.851134
vt 0.810804 0.877697
vt 0.789264 0.866200
vt 0.814358 0.926167
vt 0.814634 0.933383
vt 0.788735 0.947346
vt 0.785780 0.936382
vt 0.814910 0.940598
vt 0.795152 0.956389
vt 0.864085 0.944733
vt 0.868929 0.940634
vt 0.894464 0.954306
vt 0.882569 0.959130
vt 0.873772 0.936535
vt 0.905310 0.947987
vt 0.886257 0.886540
vt 0.877961 0.880087
vt 0.909534 0.867341
vt 0.917603 0.877516
vt 0.869665 0.873634
vt 0.899530 0.859434
vt 0.838220 0.950342
vt 0.846310 0.951636
vt 0.841911 0.967813
vt 0.825793 0.966851
vt 0.854399 0.952930
vt 0.856743 0.966674
vt 0.860702 0.982654
vt 0.837852 0.984495
vt 0.815003 0.986336
vt 0.858974 0.866429
vt 0.853628 0.862826
vt 0.862509 0.848165
vt 0.875510 0.851012
vt 0.848282 0.859223
vt 0.848900 0.846534
vt 0.850801 0.830992
vt 0.871519 0.833218
vt 0.892237 0.835443
vt 0.467542 0.927229
vt 0.437835 0.935781
vt 0.435474 0.916742
vt 0.462690 0.909276
vt 0.408128 0.944332
vt 0.408476 0.923361
vt 0.406469 0.904269
vt 0.430448 0.898297
vt 0.454781 0.891882
vt 0.686363 0.823155
vt 0.652364 0.828341
vt 0.640585 0.812771
vt 0.673700 0.809032
vt 0.614649 0.835807
vt 0.607864 0.815780
vt 0.605080 0.796926
vt 0.634126 0.795250
vt 0.664019 0.793037
vt 0.130901 0.123565
vt 0.116646 0.115392
vt 0.142897 0.113291
vt 0.154430 0.120241
vt 0.112333 0.108285
vt 0.130918 0.106441
vt 0.150212 0.103631
vt 0.161228 0.109610
vt 0.170950 0.115624
vt 0.202594 0.337668
vt 0.215284 0.330794
vt 0.248438 0.333128
vt 0.227990 0.338944
vt 0.236024 0.323553
vt 0.267722 0.327160
vt 0.290464 0.331593
vt 0.273301 0.336574
vt 0.253385 0.340220
vt 0.230320 0.695888
vt 0.237032 0.698510
vt 0.251318 0.718688
vt 0.240324 0.715178
vt 0.243743 0.701132
vt 0.264352 0.720681
vt 0.280468 0.741992
vt 0.265105 0.739235
vt 0.249742 0.736477
vt 0.268985 0.654790
vt 0.260536 0.650824
vt 0.293963 0.639571
vt 0.311535 0.645184
vt 0.252088 0.646857
vt 0.277534 0.634944
vt 0.299241 0.619881
vt 0.327957 0.630069
vt 0.353060 0.637455
vt 0.541419 0.586379
vt 0.531675 0.581361
vt 0.554759 0.573996
vt 0.562599 0.578078
vt 0.522540 0.576457
vt 0.546991 0.570062
vt 0.565771 0.564903
vt 0.572652 0.567983
vt 0.579379 0.571165
vt 0.136059 0.021662
vt 0.129092 0.026579
vt 0.103730 0.018567
vt 0.115162 0.015775
vt 0.117341 0.030435
vt 0.093001 0.021374
vt 0.074137 0.014162
vt 0.083581 0.012087
vt 0.094264 0.009889
vt 0.329041 0.051905
vt 0.323846 0.059876
vt 0.295310 0.058307
vt 0.300671 0.050112
vt 0.322043 0.067491
vt 0.288010 0.065628
vt 0.256128 0.063484
vt 0.265737 0.056134
vt 0.273726 0.047950
vt 0.371922 0.605451
vt 0.360989 0.599374
vt 0.386429 0.601768
vt 0.397459 0.608363
vt 0.350057 0.593296
vt 0.377105 0.594690
vt 0.401768 0.595550
vt 0.411754 0.602952
vt 0.423256 0.609863
vt 0.712899 0.078575
vt 0.713235 0.089792
vt 0.651709 0.087335
vt 0.653919 0.076361
vt 0.713570 0.101008
vt 0.648453 0.097424
vt 0.587553 0.093836
vt 0.593599 0.084409
vt 0.598222 0.074186
vt 0.191360 0.575983
vt 0.203097 0.584403
vt 0.155790 0.584004
vt 0.149278 0.574503
vt 0.210016 0.592432
vt 0.162384 0.593236
vt 0.113658 0.592522
vt 0.108578 0.582587
vt 0.107197 0.573022
vt 0.376825 0.058738
vt 0.383201 0.064686
vt 0.350255 0.061721
vt 0.352933 0.055321
vt 0.369820 0.068175
vt 0.345931 0.067833
vt 0.343869 0.279171
vt 0.348926 0.285425
vt 0.322201 0.285102
vt 0.314232 0.280266
vt 0.353983 0.291679
vt 0.330171 0.289937
vt 0.306358 0.288196
vt 0.295476 0.284779
vt 0.284595 0.281361
vt 0.364344 0.624631
vt 0.392878 0.632854
vt 0.335451 0.616122
vt 0.371661 0.612363
vt 0.401666 0.621247
vt 0.431671 0.630130
vt 0.034633 0.338989
vt 0.048685 0.330380
vt 0.079479 0.328982
vt 0.060099 0.339036
vt 0.062738 0.321771
vt 0.097581 0.318945
vt 0.132423 0.316119
vt 0.116648 0.328240
vt 0.084861 0.338621
vt 0.768466 0.201052
vt 0.766700 0.213086
vt 0.746690 0.189030
vt 0.750271 0.169479
vt 0.764933 0.225121
vt 0.744901 0.208840
vt 0.723331 0.190649
vt 0.726251 0.164968
vt 0.729170 0.139287
vt 0.825884 0.256567
vt 0.829097 0.244902
vt 0.848797 0.243064
vt 0.843582 0.263788
vt 0.832311 0.233236
vt 0.853649 0.221938
vt 0.877146 0.209176
vt 0.864567 0.248161
vt 0.857285 0.276827
vt 0.664019 0.793037
vt 0.634126 0.795250
vt 0.633741 0.776695
vt 0.658876 0.775897
vt 0.605080 0.796926
vt 0.609397 0.777377
vt 0.619721 0.755219
vt 0.638567 0.755151
vt 0.658213 0.755108
vt 0.454781 0.891882
vt 0.430448 0.898297
vt 0.420509 0.880360
vt 0.441201 0.875098
vt 0.406469 0.904269
vt 0.400335 0.885540
vt 0.389225 0.865498
vt 0.404886 0.861216
vt 0.421116 0.856947
vt 0.297024 0.341890
vt 0.280671 0.346540
vt 0.311485 0.337412
vt 0.332341 0.343912
vt 0.320833 0.348055
vt 0.309324 0.352199
vt 0.178236 0.104235
vt 0.187528 0.109429
vt 0.168247 0.099056
vt 0.185265 0.093472
vt 0.195094 0.097898
vt 0.204922 0.102324
vt 0.127647 0.758721
vt 0.143980 0.742415
vt 0.178045 0.758035
vt 0.163130 0.771293
vt 0.160619 0.726929
vt 0.192502 0.745238
vt 0.225691 0.765963
vt 0.213913 0.775564
vt 0.200872 0.785230
vt 0.690238 0.620328
vt 0.708307 0.599313
vt 0.722776 0.632982
vt 0.707286 0.649195
vt 0.726699 0.579499
vt 0.738318 0.617092
vt 0.751015 0.657311
vt 0.738905 0.668624
vt 0.726544 0.679324
vt 0.086862 0.746124
vt 0.105664 0.728019
vt 0.120354 0.733283
vt 0.103648 0.750903
vt 0.122361 0.711859
vt 0.137638 0.716774
vt 0.160619 0.726929
vt 0.143980 0.742415
vt 0.127647 0.758721
vt 0.677005 0.581711
vt 0.695399 0.560913
vt 0.699938 0.575915
vt 0.681052 0.598949
vt 0.713987 0.540071
vt 0.719263 0.554531
vt 0.726699 0.579499
vt 0.708307 0.599313
vt 0.690238 0.620328
vt 0.079415 0.732030
vt 0.090165 0.717121
vt 0.096796 0.722782
vt 0.083138 0.739077
vt 0.100915 0.702213
vt 0.111425 0.707787
vt 0.674230 0.561764
vt 0.687350 0.542294
vt 0.691472 0.550697
vt 0.675617 0.571738
vt 0.700470 0.522825
vt 0.708093 0.531172
vt 0.752180 0.698511
vt 0.742296 0.704984
vt 0.761617 0.690699
vt 0.771830 0.722099
vt 0.764561 0.727550
vt 0.756992 0.731306
vt 0.243492 0.790412
vt 0.231898 0.797352
vt 0.253211 0.783260
vt 0.279378 0.799482
vt 0.271315 0.805063
vt 0.261141 0.810490
vt 0.261141 0.810490
vt 0.303336 0.822690
vt 0.295057 0.827809
vt 0.279378 0.799482
vt 0.309813 0.817887
vt 0.344670 0.836618
vt 0.338478 0.842210
vt 0.332287 0.847802
vt 0.756992 0.731306
vt 0.764561 0.727550
vt 0.778766 0.761898
vt 0.774111 0.764091
vt 0.771830 0.722099
vt 0.783709 0.758161
vt 0.795171 0.799160
vt 0.794164 0.799999
vt 0.793157 0.800838
vt 0.968743 0.606324
vt 0.967586 0.601732
vt 0.970840 0.599414
vt 0.971544 0.602699
vt 0.965938 0.596302
vt 0.969429 0.594989
vt 0.973767 0.596222
vt 0.974172 0.597471
vt 0.974576 0.598721
vt 0.421116 0.856947
vt 0.404886 0.861216
vt 0.383751 0.839411
vt 0.394775 0.835677
vt 0.389225 0.865498
vt 0.373072 0.842881
vt 0.354169 0.819616
vt 0.359578 0.816048
vt 0.364987 0.812480
vt 0.658213 0.755108
vt 0.638567 0.755151
vt 0.647100 0.728952
vt 0.661224 0.728507
vt 0.619721 0.755219
vt 0.633955 0.729135
vt 0.649407 0.701567
vt 0.657388 0.700068
vt 0.665369 0.698568
vt 0.872234 0.267395
vt 0.864330 0.299559
vt 0.880664 0.234202
vt 0.884181 0.259227
vt 0.875781 0.293667
vt 0.867381 0.328107
vt 0.713920 0.844283
vt 0.687724 0.850108
vt 0.669070 0.840151
vt 0.700224 0.834439
vt 0.661529 0.855932
vt 0.638089 0.845870
vt 0.166967 0.329092
vt 0.143728 0.338144
vt 0.189658 0.320043
vt 0.063662 0.006469
vt 0.072371 0.004944
vt 0.055322 0.007991
vt 0.036480 0.002485
vt 0.043479 0.001243
vt 0.050478 -0.000000
vt 0.579379 0.571165
vt 0.572652 0.567983
vt 0.589718 0.562981
vt 0.596931 0.565328
vt 0.565771 0.564903
vt 0.582701 0.560660
vt 0.597937 0.556967
vt 0.606711 0.558511
vt 0.615485 0.560055
vt 0.050211 0.128248
vt 0.025155 0.116101
vt 0.074848 0.116056
vt 0.094468 0.126098
vt 0.000098 0.103954
vt 0.056216 0.106120
vt 0.423256 0.609863
vt 0.411754 0.602952
vt 0.437746 0.601728
vt 0.449896 0.608667
vt 0.401768 0.595550
vt 0.427006 0.594409
vt 0.455946 0.590559
vt 0.466936 0.597385
vt 0.479242 0.604000
vt 0.235695 0.052357
vt 0.247193 0.044843
vt 0.223834 0.059285
vt 0.189058 0.052028
vt 0.202775 0.046069
vt 0.221831 0.041494
vt 0.503672 0.068546
vt 0.489149 0.075546
vt 0.433488 0.069813
vt 0.440248 0.063642
vt 0.480774 0.082752
vt 0.426209 0.075497
vt 0.222685 0.607129
vt 0.216375 0.599936
vt 0.266562 0.596620
vt 0.273208 0.602077
vt 0.260170 0.590854
vt 0.310830 0.589320
vt 0.318919 0.592680
vt 0.327008 0.596039
vt 0.056796 0.579519
vt 0.055229 0.568746
vt 0.059804 0.589911
vt 0.001383 0.586812
vt 0.002322 0.575640
vt 0.003261 0.564469
vt 0.540877 0.080475
vt 0.548299 0.071404
vt 0.533103 0.088970
vt 0.954063 0.611047
vt 0.952346 0.606635
vt 0.956537 0.606769
vt 0.958462 0.612253
vt 0.950544 0.601255
vt 0.954563 0.600810
vt 0.958628 0.600001
vt 0.960607 0.606202
vt 0.962515 0.612180
vt 0.888510 0.921050
vt 0.891847 0.912050
vt 0.925069 0.914451
vt 0.920840 0.927087
vt 0.895185 0.903050
vt 0.926306 0.901564
vt 0.955240 0.900188
vt 0.954179 0.916449
vt 0.949714 0.932344
vt 0.812105 0.891657
vt 0.809801 0.900380
vt 0.780834 0.898935
vt 0.782544 0.886810
vt 0.807496 0.909102
vt 0.780210 0.911619
vt 0.755175 0.913941
vt 0.755683 0.897912
vt 0.757718 0.882614
vt 0.987711 0.143430
vt 0.988206 0.165725
vt 0.967224 0.159007
vt 0.967981 0.139161
vt 0.988701 0.188020
vt 0.963323 0.178519
vt 0.943328 0.171108
vt 0.947441 0.153106
vt 0.948679 0.134857
vt 0.607345 0.869989
vt 0.602173 0.878177
vt 0.588956 0.860799
vt 0.594541 0.853775
vt 0.597002 0.886366
vt 0.581179 0.867687
vt 0.570838 0.849347
vt 0.576288 0.843454
vt 0.581738 0.837561
vt 0.865424 0.691268
vt 0.874439 0.685648
vt 0.887613 0.727335
vt 0.879734 0.730453
vt 0.884307 0.681476
vt 0.895954 0.724524
vt 0.904865 0.757261
vt 0.897351 0.759553
vt 0.890145 0.761735
vt 0.342906 0.293649
vt 0.351662 0.293116
vt 0.359355 0.300639
vt 0.349580 0.301153
vt 0.360419 0.292582
vt 0.368529 0.300380
vt 0.376639 0.308177
vt 0.367221 0.308105
vt 0.357803 0.308032
vt 0.063891 0.093220
vt 0.056911 0.092358
vt 0.057679 0.084145
vt 0.070081 0.084576
vt 0.049930 0.091496
vt 0.045276 0.083714
vt 0.040622 0.075932
vt 0.058446 0.075932
vt 0.076271 0.075932
vt 0.290073 0.688904
vt 0.294389 0.685160
vt 0.347105 0.697286
vt 0.344053 0.705374
vt 0.296734 0.680938
vt 0.349173 0.688726
vt 0.400879 0.696588
vt 0.398646 0.708829
vt 0.395791 0.720516
vt 0.145647 0.391610
vt 0.144933 0.401181
vt 0.114167 0.399906
vt 0.114921 0.392170
vt 0.143836 0.411137
vt 0.113199 0.407962
vt 0.090391 0.405606
vt 0.090858 0.399060
vt 0.090773 0.392731
vt 0.033174 0.043087
vt 0.022589 0.042327
vt 0.021276 0.031663
vt 0.030455 0.032519
vt 0.012004 0.041567
vt 0.013338 0.030720
vt 0.014672 0.019873
vt 0.019653 0.021020
vt 0.024634 0.022168
vt 0.271417 0.201046
vt 0.272384 0.213640
vt 0.235081 0.212343
vt 0.234960 0.199252
vt 0.272339 0.226680
vt 0.234642 0.225917
vt 0.188210 0.224776
vt 0.190371 0.210938
vt 0.193482 0.197633
vt 0.319162 0.403673
vt 0.322543 0.416531
vt 0.299779 0.413646
vt 0.296550 0.400286
vt 0.322960 0.429637
vt 0.300120 0.427289
vt 0.276262 0.424827
vt 0.276260 0.410910
vt 0.273789 0.397333
vt 0.682031 0.523919
vt 0.626672 0.512408
vt 0.628987 0.488049
vt 0.680851 0.495870
vt 0.575408 0.502716
vt 0.578378 0.480506
vt 0.580299 0.457073
vt 0.630280 0.462448
vt 0.679670 0.467821
vt 0.448176 0.195286
vt 0.498937 0.191814
vt 0.495963 0.212392
vt 0.444290 0.213231
vt 0.555759 0.189373
vt 0.554057 0.212068
vt 0.552188 0.235659
vt 0.493745 0.233810
vt 0.441769 0.231925
vt 0.346012 0.203285
vt 0.344744 0.215569
vt 0.306544 0.214999
vt 0.306245 0.203092
vt 0.343607 0.228305
vt 0.306169 0.227324
vt 0.376744 0.410169
vt 0.377752 0.422538
vt 0.345491 0.419593
vt 0.342826 0.407478
vt 0.377046 0.435254
vt 0.345599 0.431958
vt 0.447752 0.719121
vt 0.443376 0.732941
vt 0.450838 0.704532
vt 0.496907 0.712291
vt 0.492820 0.727152
vt 0.486228 0.741014
vt 0.819406 0.543952
vt 0.829008 0.528699
vt 0.832744 0.549135
vt 0.820075 0.561566
vt 0.838611 0.513445
vt 0.846102 0.540556
vt 0.855175 0.573680
vt 0.840668 0.580237
vt 0.820743 0.579179
vt 0.777314 0.288659
vt 0.783478 0.293089
vt 0.775626 0.314463
vt 0.764469 0.309532
vt 0.791177 0.295183
vt 0.787513 0.317189
vt 0.783267 0.344763
vt 0.767386 0.341418
vt 0.752457 0.335454
vt 0.819486 0.173346
vt 0.812777 0.168260
vt 0.822585 0.119569
vt 0.833500 0.126638
vt 0.806067 0.163174
vt 0.810866 0.114851
vt 0.816627 0.059142
vt 0.832593 0.070290
vt 0.848559 0.081437
vt 0.675990 0.876991
vt 0.686469 0.893713
vt 0.656336 0.905212
vt 0.646874 0.891681
vt 0.696947 0.910435
vt 0.663009 0.920284
vt 0.629954 0.929700
vt 0.624506 0.916940
vt 0.616497 0.905580
vt 0.929104 0.148488
vt 0.930288 0.132210
vt 0.925613 0.164600
vt 0.911521 0.159538
vt 0.911757 0.144645
vt 0.911992 0.129752
vt 0.781973 0.258864
vt 0.788345 0.268505
vt 0.786295 0.280213
vt 0.779643 0.273761
vt 0.794718 0.278147
vt 0.792948 0.286665
vt 0.890145 0.761735
vt 0.905744 0.788547
vt 0.899185 0.791618
vt 0.904865 0.757261
vt 0.912676 0.785725
vt 0.919501 0.810372
vt 0.913562 0.816331
vt 0.907622 0.822291
vt 0.067821 0.879498
vt 0.074899 0.862305
vt 0.104872 0.876503
vt 0.097132 0.890673
vt 0.076392 0.838185
vt 0.112037 0.862467
vt 0.143271 0.881525
vt 0.136314 0.892160
vt 0.128465 0.903190
vt 0.855361 0.394743
vt 0.873931 0.383265
vt 0.891564 0.429682
vt 0.877140 0.438590
vt 0.892502 0.371787
vt 0.907384 0.422800
vt 0.919623 0.464948
vt 0.906798 0.469894
vt 0.895058 0.476140
vt 0.032944 0.872272
vt 0.039595 0.854085
vt 0.054587 0.856077
vt 0.047669 0.873731
vt 0.046247 0.835897
vt 0.061320 0.837041
vt 0.000655 0.846779
vt 0.001468 0.837499
vt 0.016465 0.844102
vt 0.014475 0.853474
vt 0.002280 0.828220
vt 0.020785 0.834144
vt 0.033464 0.841534
vt 0.030879 0.850852
vt 0.028295 0.860170
vt 0.736941 0.897632
vt 0.739533 0.880160
vt 0.736146 0.915859
vt 0.718095 0.917614
vt 0.721845 0.897726
vt 0.725595 0.877838
vt 0.976086 0.917769
vt 0.971206 0.935840
vt 0.977461 0.899285
vt 0.998588 0.898359
vt 0.994010 0.918726
vt 0.989432 0.939093
vt 0.918333 0.500273
vt 0.908605 0.504423
vt 0.928796 0.496723
vt 0.936260 0.522861
vt 0.927636 0.524801
vt 0.919013 0.526741
vt 0.162661 0.904224
vt 0.154996 0.912904
vt 0.168732 0.895712
vt 0.192782 0.906577
vt 0.188637 0.913788
vt 0.181823 0.920870
vt 0.220013 0.922929
vt 0.214968 0.929034
vt 0.224922 0.916507
vt 0.257062 0.926437
vt 0.254618 0.932120
vt 0.252174 0.937804
vt 0.946228 0.585972
vt 0.943852 0.577521
vt 0.947949 0.578618
vt 0.950194 0.586265
vt 0.941307 0.568784
vt 0.945734 0.571118
vt 0.950160 0.573452
vt 0.951832 0.578592
vt 0.954122 0.585866
vt 0.063276 0.511681
vt 0.048618 0.510844
vt 0.049568 0.481759
vt 0.060286 0.481540
vt 0.033960 0.510006
vt 0.039110 0.481876
vt 0.041779 0.454223
vt 0.050453 0.452699
vt 0.059128 0.451176
vt 0.001302 0.073610
vt 0.007616 0.070021
vt 0.053310 0.070334
vt 0.048808 0.074234
vt 0.013930 0.066433
vt 0.057812 0.066433
vt 0.101695 0.066433
vt 0.099004 0.070646
vt 0.096314 0.074859
vt 0.344575 0.118924
vt 0.364093 0.117331
vt 0.358497 0.128925
vt 0.339051 0.129709
vt 0.383611 0.115739
vt 0.376627 0.129304
vt 0.375096 0.140030
vt 0.353229 0.140228
vt 0.331362 0.140426
vt 0.589348 0.929323
vt 0.582155 0.920235
vt 0.594187 0.939597
vt 0.558543 0.949294
vt 0.552385 0.942024
vt 0.546227 0.934753
vt 0.856882 0.631476
vt 0.845364 0.639424
vt 0.869244 0.625665
vt 0.884307 0.681476
vt 0.874439 0.685648
vt 0.486228 0.741014
vt 0.492820 0.727152
vt 0.533050 0.732321
vt 0.524638 0.743885
vt 0.496907 0.712291
vt 0.538042 0.719699
vt 0.580508 0.727542
vt 0.570948 0.735941
vt 0.561388 0.744341
vt 0.759832 0.375488
vt 0.742486 0.368076
vt 0.778253 0.379846
vt 0.772548 0.422316
vt 0.752573 0.414183
vt 0.732597 0.406050
vt 0.256294 0.686372
vt 0.261894 0.680912
vt 0.277892 0.682982
vt 0.272080 0.687320
vt 0.267495 0.675451
vt 0.280715 0.677977
vt 0.296734 0.680938
vt 0.294389 0.685160
vt 0.290073 0.688904
vt 0.251935 0.408234
vt 0.250514 0.394610
vt 0.251475 0.422267
vt 0.221258 0.419145
vt 0.222124 0.405625
vt 0.221719 0.392555
vt 0.090773 0.392731
vt 0.090858 0.399060
vt 0.072291 0.398301
vt 0.070035 0.392819
vt 0.090391 0.405606
vt 0.073101 0.403846
vt 0.061580 0.402721
vt 0.056343 0.397563
vt 0.051107 0.392406
vt 0.392317 0.214656
vt 0.395376 0.199947
vt 0.441769 0.231925
vt 0.390277 0.229955
vt 0.193482 0.197633
vt 0.190371 0.210938
vt 0.136823 0.209209
vt 0.146143 0.195901
vt 0.129624 0.223131
vt 0.052304 0.220982
vt 0.083442 0.207809
vt 0.099126 0.195100
vt 0.626993 0.187124
vt 0.625242 0.211917
vt 0.554057 0.212068
vt 0.709383 0.183660
vt 0.704526 0.211728
vt 0.699670 0.239795
vt 0.622845 0.237614
vt 0.552188 0.235659
vt 0.484663 0.409912
vt 0.481863 0.427658
vt 0.426371 0.425124
vt 0.427682 0.410501
vt 0.478961 0.446182
vt 0.424405 0.440316
vt 0.527361 0.493322
vt 0.529225 0.473061
vt 0.578378 0.480506
vt 0.477119 0.482595
vt 0.478005 0.464829
vt 0.478961 0.446182
vt 0.530709 0.451746
vt 0.580299 0.457073
vt 0.948472 0.594139
vt 0.952429 0.593846
vt 0.946228 0.585972
vt 0.950194 0.586265
vt 0.954122 0.585866
vt 0.956441 0.593141
vt 0.228400 0.614453
vt 0.279757 0.607535
vt 0.285719 0.613175
vt 0.335096 0.599399
vt 0.343185 0.602759
vt 0.446018 0.625769
vt 0.435240 0.616917
vt 0.463355 0.615800
vt 0.477376 0.623490
vt 0.449896 0.608666
vt 0.479242 0.604000
vt 0.493577 0.611100
vt 0.508733 0.621210
vt 0.100325 0.152542
vt 0.075268 0.140395
vt 0.114523 0.136163
vt 0.135329 0.146205
vt 0.146873 0.131798
vt 0.586618 0.574305
vt 0.604294 0.567625
vt 0.624259 0.561600
vt 0.850201 0.303587
vt 0.856265 0.330626
vt 0.858981 0.362547
vt 0.459516 0.851814
vt 0.437920 0.852963
vt 0.405978 0.831986
vt 0.417661 0.828579
vt 0.370396 0.808912
vt 0.375806 0.805344
vt 0.251018 0.815937
vt 0.286812 0.832939
vt 0.326096 0.853394
vt 0.188332 0.794975
vt 0.220487 0.804325
vt 0.200872 0.785230
vt 0.231898 0.797352
vt 0.908255 0.841448
vt 0.922651 0.833220
vt 0.899638 0.830195
vt 0.907040 0.824946
vt 0.934246 0.827190
vt 0.071369 0.764096
vt 0.087115 0.768504
vt 0.110388 0.775039
vt 0.148051 0.784621
vt 0.132621 0.797920
vt 0.163130 0.771294
vt 0.180583 0.121514
vt 0.196776 0.114536
vt 0.214751 0.106749
vt 0.479537 0.885313
vt 0.462206 0.869871
vt 0.484121 0.864842
vt 0.441201 0.875098
vt 0.822671 0.268232
vt 0.838197 0.283738
vt 0.376832 0.644700
vt 0.420383 0.641131
vt 0.461676 0.639013
vt 0.338812 0.272917
vt 0.306583 0.275296
vt 0.273713 0.277944
vt 0.393787 0.617607
vt 0.382854 0.611529
vt 0.408738 0.614935
vt 0.419903 0.621688
vt 0.553784 0.591539
vt 0.571831 0.582185
vt 0.541419 0.586379
vt 0.562599 0.578078
vt 0.277434 0.658757
vt 0.328547 0.650923
vt 0.166292 0.127089
vt 0.497249 0.918678
vt 0.489788 0.901706
vt 0.864319 0.870032
vt 0.887948 0.854498
vt 0.859242 0.948831
vt 0.870031 0.963382
vt 0.880981 0.978156
vt 0.579199 0.836184
vt 0.575455 0.817189
vt 0.576307 0.798082
vt 0.236024 0.323553
vt 0.255613 0.316464
vt 0.283850 0.321196
vt 0.273955 0.309495
vt 0.315631 0.321342
vt 0.304084 0.326473
vt 0.290464 0.331593
vt 0.253021 0.699709
vt 0.281456 0.720918
vt 0.310949 0.740690
vt 0.117341 0.030435
vt 0.106953 0.034278
vt 0.084137 0.024406
vt 0.093001 0.021374
vt 0.096484 0.038187
vt 0.075760 0.027595
vt 0.059130 0.018863
vt 0.066283 0.016442
vt 0.074137 0.014162
vt 0.310674 0.072344
vt 0.277821 0.071639
vt 0.245052 0.069736
vt 0.713317 0.109534
vt 0.644656 0.106379
vt 0.581348 0.102428
vt 0.210016 0.592432
vt 0.216375 0.599936
vt 0.169402 0.601921
vt 0.162384 0.593236
vt 0.176705 0.610267
vt 0.128496 0.610790
vt 0.120600 0.601859
vt 0.113658 0.592522
vt 0.357247 0.161133
vt 0.351871 0.167637
vt 0.325157 0.166874
vt 0.333374 0.161785
vt 0.298443 0.166111
vt 0.309501 0.162438
vt 0.343924 0.757447
vt 0.313747 0.757296
vt 0.378397 0.772599
vt 0.347026 0.772599
vt 0.765455 0.237236
vt 0.744732 0.230530
vt 0.726348 0.231512
vt 0.576308 0.798083
vt 0.585198 0.778198
vt 0.547623 0.798952
vt 0.561008 0.779122
vt 0.582317 0.756212
vt 0.601017 0.755609
vt 0.304084 0.326473
vt 0.323741 0.333025
vt 0.343901 0.340353
vt 0.745780 0.560942
vt 0.754117 0.601053
vt 0.765286 0.543088
vt 0.770082 0.584878
vt 0.774704 0.630342
vt 0.762915 0.644344
vt 0.733912 0.521328
vt 0.739602 0.535184
vt 0.745780 0.560942
vt 0.717747 0.511019
vt 0.726382 0.514794
vt 0.735024 0.499213
vt 0.745667 0.499691
vt 0.770547 0.680076
vt 0.779188 0.667728
vt 0.785759 0.702448
vt 0.778858 0.713297
vt 0.789785 0.751000
vt 0.802240 0.792115
vt 0.963510 0.589300
vt 0.966790 0.587833
vt 0.970101 0.586990
vt 0.601016 0.755609
vt 0.621481 0.728898
vt 0.644209 0.699814
vt 0.712745 0.248184
vt 0.712476 0.213943
vt 0.701621 0.272690
vt 0.701621 0.237238
vt 0.162195 0.306142
vt 0.213241 0.311444
vt 0.255613 0.316464
vt 0.066283 0.016442
vt 0.047412 0.009503
vt 0.027360 0.003051
vt 0.256128 0.063484
vt 0.245052 0.069736
vt 0.211819 0.065365
vt 0.223834 0.059285
vt 0.232863 0.075351
vt 0.198762 0.070931
vt 0.163331 0.062803
vt 0.176681 0.057583
vt 0.474959 0.089571
vt 0.420617 0.080587
vt 0.364156 0.070744
vt 0.120600 0.601859
vt 0.065146 0.599402
vt 0.005347 0.595631
vt 0.587554 0.093836
vt 0.526575 0.096894
vt 0.533103 0.088970
vt 0.575193 0.110553
vt 0.520862 0.104493
vt 0.470422 0.096136
vt 0.474959 0.089571
vt 0.480774 0.082752
vt 0.957501 0.619578
vt 0.955869 0.615398
vt 0.960475 0.617941
vt 0.962611 0.624055
vt 0.954063 0.611047
vt 0.962515 0.612180
vt 0.964598 0.618717
vt 0.967721 0.628531
vt 0.594754 0.052186
vt 0.599867 0.063338
vt 0.552522 0.061699
vt 0.554570 0.051700
vt 0.509029 0.059880
vt 0.514386 0.051215
vt 0.581683 0.359249
vt 0.636237 0.356498
vt 0.634978 0.370885
vt 0.579108 0.347584
vt 0.637874 0.344377
vt 0.696640 0.341170
vt 0.694425 0.353857
vt 0.473430 0.525624
vt 0.411122 0.503789
vt 0.467660 0.533612
vt 0.406877 0.511519
vt 0.346094 0.489426
vt 0.358184 0.487620
vt 0.284846 0.030527
vt 0.280078 0.039334
vt 0.257014 0.036722
vt 0.265930 0.028365
vt 0.234423 0.033849
vt 0.247015 0.026203
vt 0.074213 0.430991
vt 0.051541 0.424736
vt 0.065579 0.431608
vt 0.043717 0.427131
vt 0.021855 0.422654
vt 0.028507 0.419574
vt 0.935025 0.597639
vt 0.935039 0.656356
vt 0.949153 0.620262
vt 0.947502 0.680090
vt 0.945851 0.739918
vt 0.935702 0.706899
vt 0.771187 0.830739
vt 0.742553 0.837511
vt 0.732530 0.828351
vt 0.765774 0.822140
vt 0.721392 0.817872
vt 0.760362 0.813541
vt 0.697985 0.760895
vt 0.678936 0.755339
vt 0.676768 0.727916
vt 0.692815 0.727726
vt 0.676507 0.696562
vt 0.687645 0.694556
vt 0.970885 0.615272
vt 0.969791 0.610919
vt 0.971930 0.606235
vt 0.972218 0.609938
vt 0.974064 0.601663
vt 0.973552 0.604604
vt 0.748861 0.734700
vt 0.769227 0.766470
vt 0.791405 0.802729
vt 0.706279 0.704606
vt 0.714358 0.690753
vt 0.732134 0.711708
vt 0.721951 0.718397
vt 0.726544 0.679324
vt 0.742296 0.704984
vt 0.793410 0.977688
vt 0.782124 0.987386
vt 0.809926 0.993168
vt 0.804850 1.000000
vt 0.772476 0.994644
vt 0.639131 0.633432
vt 0.658068 0.607572
vt 0.661843 0.623298
vt 0.641742 0.648018
vt 0.671284 0.642108
vt 0.644353 0.662603
vt 0.691540 0.666159
vt 0.675316 0.683605
vt 0.707286 0.649195
vt 0.208840 0.351728
vt 0.231113 0.345974
vt 0.262852 0.351816
vt 0.244485 0.357361
vt 0.294727 0.357597
vt 0.280129 0.362994
vt 0.726097 0.787546
vt 0.695106 0.790371
vt 0.685233 0.774889
vt 0.712041 0.774221
vt 0.773538 0.185949
vt 0.756620 0.149268
vt 0.739242 0.111706
vt 0.008056 0.357359
vt 0.021345 0.348174
vt 0.041394 0.349512
vt 0.023010 0.360177
vt 0.061412 0.350808
vt 0.037963 0.362994
vt 0.323041 0.482002
vt 0.321755 0.488746
vt 0.297416 0.488066
vt 0.296905 0.481941
vt 0.483801 0.379443
vt 0.482548 0.367905
vt 0.533091 0.362833
vt 0.532565 0.352148
vt 0.713168 0.052973
vt 0.713034 0.065774
vt 0.654617 0.064639
vt 0.653961 0.052580
vt 0.327876 0.034825
vt 0.328459 0.043365
vt 0.304015 0.041481
vt 0.306361 0.032676
vt 0.123969 0.450207
vt 0.096871 0.439591
vt 0.105351 0.435908
vt 0.105536 0.452429
vt 0.085558 0.442019
vt 0.224564 0.691254
vt 0.230111 0.709708
vt 0.235533 0.728497
vt 0.937535 0.742009
vt 0.947502 0.765025
vt 0.949153 0.790131
vt 0.939839 0.768682
vt 0.707983 0.804856
vt 0.743230 0.800544
vt 0.826565 0.945470
vt 0.808853 0.962777
vt 0.840447 0.861822
vt 0.834065 0.847623
vt 0.827952 0.832835
vt 0.378178 0.945577
vt 0.381916 0.928212
vt 0.350510 0.950976
vt 0.355909 0.932626
vt 0.361308 0.914276
vt 0.383184 0.909502
vt 0.094621 0.100206
vt 0.116045 0.099589
vt 0.076910 0.092127
vt 0.099737 0.092882
vt 0.122565 0.093637
vt 0.137039 0.097863
vt 0.244873 0.647510
vt 0.264445 0.633213
vt 0.237657 0.648163
vt 0.252858 0.632753
vt 0.268058 0.617343
vt 0.283649 0.618612
vt 0.513155 0.571467
vt 0.538436 0.566221
vt 0.546991 0.570062
vt 0.508376 0.565929
vt 0.529844 0.562366
vt 0.551312 0.558803
vt 0.558357 0.561928
vt 0.349156 0.585535
vt 0.371372 0.586664
vt 0.394184 0.587273
vt 0.300238 0.584548
vt 0.328240 0.584858
vt 0.330444 0.591308
vt 0.309869 0.579513
vt 0.327834 0.578310
vt 0.076747 0.296610
vt 0.067959 0.292112
vt 0.093598 0.286066
vt 0.105464 0.290567
vt 0.119514 0.280090
vt 0.134181 0.284523
vt 0.833256 0.221103
vt 0.856298 0.202233
vt 0.879781 0.183461
vt 0.381136 0.890654
vt 0.400335 0.885540
vt 0.362905 0.895982
vt 0.364501 0.877689
vt 0.374857 0.870097
vt 0.157182 0.093930
vt 0.145419 0.088970
vt 0.168273 0.084304
vt 0.176769 0.088888
vt 0.177437 0.712053
vt 0.206194 0.733117
vt 0.192502 0.745237
vt 0.191266 0.690417
vt 0.219414 0.721094
vt 0.247562 0.751771
vt 0.235680 0.756865
vt 0.225691 0.765963
vt 0.140551 0.697642
vt 0.156118 0.701806
vt 0.158693 0.683636
vt 0.174980 0.687026
vt 0.117878 0.693017
vt 0.128507 0.695195
vt 0.134840 0.683822
vt 0.146767 0.683729
vt 0.259777 0.775793
vt 0.253211 0.783260
vt 0.264349 0.768267
vt 0.281135 0.784763
vt 0.283488 0.793402
vt 0.312820 0.813863
vt 0.313590 0.809914
vt 0.346045 0.835065
vt 0.345358 0.835842
vt 0.363042 0.845754
vt 0.353703 0.848662
vt 0.342904 0.819634
vt 0.348536 0.819625
vt 0.387544 0.970627
vt 0.365224 0.971189
vt 0.372157 0.959216
vt 0.397836 0.957480
vt 0.342904 0.971752
vt 0.346707 0.961364
vt 0.576257 0.558350
vt 0.570055 0.556039
vt 0.588798 0.553276
vt 0.593368 0.555121
vt 0.806839 0.710739
vt 0.801463 0.686016
vt 0.833490 0.736388
vt 0.838891 0.760727
vt 0.865234 0.786887
vt 0.870943 0.810716
vt 0.417559 0.586333
vt 0.427006 0.594409
vt 0.444787 0.583261
vt 0.455946 0.590559
vt 0.203097 0.584402
vt 0.254491 0.584473
vt 0.250614 0.577748
vt 0.967508 0.615678
vt 0.969303 0.621902
vt 0.965857 0.609874
vt 0.960117 0.591373
vt 0.962408 0.598287
vt 0.957552 0.583898
vt 0.963510 0.589300
vt 0.965938 0.596302
vt 0.483801 0.379443
vt 0.485076 0.393564
vt 0.426881 0.396946
vt 0.425118 0.384909
vt 0.373851 0.398625
vt 0.371136 0.388160
vt 0.089720 0.386873
vt 0.066915 0.387728
vt 0.044845 0.387958
vt 0.263463 0.372294
vt 0.269446 0.384590
vt 0.247645 0.381811
vt 0.244531 0.369355
vt 0.273789 0.397333
vt 0.221719 0.392555
vt 0.220550 0.380183
vt 0.225598 0.366415
vt 0.809771 0.593463
vt 0.835771 0.649249
vt 0.857562 0.697538
vt 0.328673 0.120620
vt 0.321063 0.130573
vt 0.313674 0.140765
vt 0.074301 0.512903
vt 0.069635 0.481436
vt 0.064844 0.450069
vt 0.175302 0.927364
vt 0.210333 0.934534
vt 0.250187 0.942409
vt 0.121099 0.913555
vt 0.147721 0.920970
vt 0.142223 0.929518
vt 0.154996 0.912904
vt 0.181823 0.920870
vt 0.175302 0.927364
vt 0.170634 0.934129
vt 0.760294 0.868752
vt 0.742680 0.864425
vt 0.728148 0.861557
vt 0.028045 0.887170
vt 0.041252 0.889954
vt 0.060723 0.895067
vt 0.053371 0.911426
vt 0.060723 0.895067
vt 0.089798 0.903919
vt 0.082939 0.917850
vt 0.067821 0.879498
vt 0.883435 0.763085
vt 0.892967 0.793518
vt 0.886951 0.794605
vt 0.902160 0.824987
vt 0.896699 0.827684
vt 0.949656 0.117837
vt 0.931041 0.117335
vt 0.913988 0.118209
vt 0.825266 0.175254
vt 0.843237 0.133199
vt 0.861690 0.090340
vt 0.016847 0.275531
vt 0.031440 0.268511
vt 0.000410 0.274585
vt 0.014344 0.266568
vt 0.028278 0.258552
vt 0.046054 0.261276
vt 0.373851 0.398625
vt 0.338308 0.396130
vt 0.376744 0.410169
vt 0.342826 0.407478
vt 0.319162 0.403673
vt 0.313702 0.391485
vt 0.291320 0.387700
vt 0.284968 0.375509
vt 0.296550 0.400286
vt 0.141260 0.374963
vt 0.145025 0.382790
vt 0.114548 0.385036
vt 0.111292 0.378666
vt 0.089720 0.386873
vt 0.086384 0.381576
vt 0.025691 0.077674
vt 0.033326 0.079006
vt 0.025649 0.087525
vt 0.013276 0.086860
vt 0.040960 0.080337
vt 0.038021 0.088191
vt 0.035081 0.096045
vt 0.017971 0.096045
vt 0.000861 0.096045
vt 0.872716 0.733747
vt 0.879734 0.730453
vt 0.987846 0.107150
vt 0.987778 0.125290
vt 0.968617 0.120955
vt 0.969428 0.103520
vt 0.811454 0.884677
vt 0.784070 0.875879
vt 0.964250 0.604288
vt 0.965857 0.609874
vt 0.967586 0.601732
vt 0.890721 0.894795
vt 0.923415 0.889121
vt 0.952087 0.884410
vt 0.580830 0.892211
vt 0.568394 0.874276
vt 0.556655 0.856363
vt 0.221683 0.152542
vt 0.209525 0.149814
vt 0.216982 0.142733
vt 0.228705 0.145062
vt 0.225594 0.135251
vt 0.235727 0.137583
vt 0.295766 0.676219
vt 0.349751 0.680073
vt 0.349173 0.688726
vt 0.402396 0.684434
vt 0.632220 0.599461
vt 0.611112 0.599976
vt 0.619258 0.588407
vt 0.631397 0.588486
vt 0.622390 0.577860
vt 0.630574 0.577512
vt 0.271737 0.239526
vt 0.234353 0.239315
vt 0.191555 0.251558
vt 0.189254 0.238513
vt 0.632360 0.436832
vt 0.682696 0.440002
vt 0.582643 0.433597
vt 0.494829 0.255086
vt 0.443357 0.250519
vt 0.552351 0.259048
vt 0.552689 0.281240
vt 0.496753 0.275297
vt 0.344111 0.240885
vt 0.305933 0.239464
vt 0.344774 0.252786
vt 0.305049 0.250928
vt 0.402396 0.684434
vt 0.452250 0.689867
vt 0.403125 0.672819
vt 0.452171 0.675742
vt 0.495290 0.682078
vt 0.497454 0.697011
vt 0.798630 0.293654
vt 0.799588 0.317349
vt 0.799309 0.345263
vt 0.697344 0.930052
vt 0.665705 0.936518
vt 0.632408 0.943343
vt 0.236240 0.126989
vt 0.244982 0.128734
vt 0.248071 0.118338
vt 0.254237 0.119885
vt 0.914153 0.370325
vt 0.924273 0.419311
vt 0.933106 0.462019
vt 0.014913 0.816934
vt 0.030389 0.822856
vt 0.045202 0.828946
vt 0.973710 0.881369
vt 0.991431 0.879220
vt 0.939497 0.493522
vt 0.950432 0.491129
vt 0.953043 0.515792
vt 0.944361 0.519286
vt 0.954922 0.575882
vt 0.957552 0.583898
vt 0.952053 0.564133
vt 0.948473 0.543661
vt 0.943210 0.548157
vt 0.953867 0.540135
vt 0.952053 0.564133
vt 0.595778 0.950807
vt 0.557352 0.958621
vt 0.497454 0.697011
vt 0.537063 0.706221
vt 0.573914 0.716649
vt 0.796969 0.379961
vt 0.793435 0.419105
vt 0.263016 0.668426
vt 0.279251 0.672301
vt 0.258536 0.661400
vt 0.275672 0.666311
vt 0.292809 0.671221
vt 0.443357 0.250519
vt 0.391555 0.245139
vt 0.393886 0.259553
vt 0.189254 0.238513
vt 0.133942 0.237215
vt 0.071877 0.235700
vt 0.622255 0.263049
vt 0.552351 0.259048
vt 0.699660 0.267274
vt 0.533568 0.430490
vt 0.582643 0.433597
vt 0.481863 0.427658
vt 0.949158 0.612453
vt 0.947041 0.610357
vt 0.951421 0.612833
vt 0.953330 0.616015
vt 0.944924 0.608261
vt 0.949688 0.609730
vt 0.944114 0.605762
vt 0.941764 0.596107
vt 0.944952 0.594859
vt 0.946941 0.602224
vt 0.939413 0.586452
vt 0.942679 0.586049
vt 0.948472 0.594139
vt 0.950544 0.601255
vt 0.556389 0.541141
vt 0.517795 0.529388
vt 0.523210 0.511788
vt 0.569320 0.522823
vt 0.474952 0.499021
vt 0.477118 0.482595
vt 0.527360 0.493322
vt 0.538571 0.148124
vt 0.620272 0.142564
vt 0.625098 0.164337
vt 0.553749 0.168327
vt 0.701973 0.137005
vt 0.705678 0.160333
vt 0.197871 0.173776
vt 0.195199 0.185319
vt 0.152356 0.183496
vt 0.156491 0.171442
vt 0.109398 0.183052
vt 0.115111 0.169108
vt 0.457814 0.160455
vt 0.450810 0.178467
vt 0.396754 0.186393
vt 0.396778 0.173803
vt 0.395376 0.199947
vt 0.345070 0.192434
vt 0.229208 0.692713
vt 0.242751 0.689542
vt 0.263992 0.690874
vt 0.255031 0.694075
vt 0.285455 0.692270
vt 0.280854 0.695437
vt 0.739544 0.326520
vt 0.727545 0.357362
vt 0.717109 0.392547
vt 0.478489 0.754076
vt 0.514712 0.754307
vt 0.504395 0.764676
vt 0.548834 0.750547
vt 0.536281 0.756754
vt 0.600111 0.885940
vt 0.606935 0.895769
vt 0.573172 0.912615
vt 0.563690 0.905655
vt 0.536747 0.930062
vt 0.527268 0.925371
vt 0.906250 0.534302
vt 0.912799 0.530123
vt 0.925047 0.548931
vt 0.920481 0.550722
vt 0.930160 0.547762
vt 0.935134 0.565277
vt 0.934711 0.567141
vt 0.937062 0.576797
vt 0.940071 0.576758
vt 0.935134 0.565277
vt 0.879302 0.497525
vt 0.885074 0.483971
vt 0.900210 0.509633
vt 0.892776 0.515913
vt 0.942605 0.946816
vt 0.963402 0.952217
vt 0.980143 0.956270
vt 0.806078 0.457383
vt 0.810452 0.471443
vt 0.813336 0.448705
vt 0.818391 0.463258
vt 0.823446 0.477810
vt 0.815589 0.484942
vt 0.827955 0.423627
vt 0.841658 0.409185
vt 0.864744 0.449022
vt 0.853628 0.460576
vt 0.349298 0.310039
vt 0.365870 0.318863
vt 0.375229 0.317464
vt 0.392655 0.326897
vt 0.385617 0.328286
vt 0.646050 0.853408
vt 0.661020 0.865200
vt 0.635292 0.880216
vt 0.623080 0.869674
vt 0.772168 0.281120
vt 0.754886 0.301904
vt 0.391517 0.730759
vt 0.437416 0.745256
vt 0.395791 0.720516
vt 0.443376 0.732941
vt 0.304540 0.192290
vt 0.306245 0.203092
vt 0.271417 0.201046
vt 0.269055 0.189308
vt 0.498192 0.154290
vt 0.499612 0.172701
vt 0.498937 0.191814
vt 0.671229 0.568678
vt 0.613809 0.554909
vt 0.621279 0.534310
vt 0.676630 0.546298
vt 0.233581 0.187098
vt 0.231569 0.175453
vt 0.234960 0.199252
vt 0.046767 0.043586
vt 0.042339 0.033075
vt 0.037775 0.022798
vt 0.340055 0.712487
vt 0.344053 0.705374
vt 0.331109 0.295248
vt 0.338515 0.302413
vt 0.460394 0.837562
vt 0.466014 0.818450
vt 0.447938 0.837810
vt 0.453329 0.817826
vt 0.458720 0.797842
vt 0.470510 0.799409
vt 0.881141 0.928793
vt 0.914187 0.938617
vt 0.944520 0.607011
vt 0.948356 0.606647
vt 0.952346 0.606635
vt 0.810927 0.917635
vt 0.782487 0.924264
vt 0.757775 0.929951
vt 0.973204 0.204137
vt 0.952962 0.195523
vt 0.934152 0.187130
vt 0.894900 0.680163
vt 0.904538 0.722798
vt 0.905432 0.680543
vt 0.912475 0.755498
vt 0.196444 0.666680
vt 0.201504 0.671988
vt 0.194951 0.675974
vt 0.187344 0.665895
vt 0.188331 0.680037
vt 0.178244 0.665110
vt 0.142869 0.421066
vt 0.112496 0.416008
vt 0.089507 0.412075
vt 0.319865 0.442336
vt 0.296988 0.440535
vt 0.313925 0.454131
vt 0.291093 0.452864
vt 0.268208 0.451102
vt 0.273405 0.438408
vt 0.375132 0.447775
vt 0.342959 0.443981
vt 0.371622 0.459515
vt 0.854534 0.521856
vt 0.861864 0.541705
vt 0.870938 0.573537
vt 0.798392 0.166527
vt 0.798298 0.116643
vt 0.798165 0.066143
vt 0.917268 0.178792
vt 0.901630 0.170572
vt 0.912475 0.755498
vt 0.920055 0.784711
vt 0.927583 0.812573
vt 0.086172 0.826950
vt 0.118939 0.851421
vt 0.148227 0.872522
vt 0.725890 0.936873
vt 0.715360 0.939357
vt 0.708509 0.919315
vt 0.706073 0.941778
vt 0.698922 0.921016
vt 0.739472 0.933982
vt 0.171776 0.888373
vt 0.192106 0.901065
vt 0.741737 0.758624
vt 0.741082 0.751466
vt 0.760673 0.783852
vt 0.759221 0.789623
vt 0.780304 0.816182
vt 0.776704 0.820622
vt 0.025361 0.510629
vt 0.030795 0.481586
vt 0.035978 0.452566
vt 0.392965 0.120367
vt 0.389910 0.132228
vt 0.387496 0.143831
vt 0.855175 0.573680
vt 0.870938 0.573537
vt 0.882812 0.624877
vt 0.869244 0.625665
vt 0.887274 0.578231
vt 0.896635 0.627414
vt 0.249047 0.436055
vt 0.244868 0.449008
vt 0.219333 0.432514
vt 0.089507 0.412075
vt 0.071173 0.409071
vt 0.055404 0.406612
vt 0.478005 0.464829
vt 0.423216 0.455512
vt 0.477118 0.482595
vt 0.421515 0.469921
vt 0.181287 0.427073
vt 0.182701 0.415159
vt 0.179227 0.438354
vt 0.070577 0.185735
vt 0.081305 0.175567
vt 0.058276 0.196137
vt 0.020713 0.197825
vt 0.034106 0.189925
vt 0.047499 0.182026
vt 0.591303 0.631356
vt 0.566637 0.628534
vt 0.591438 0.613763
vt 0.611762 0.615408
vt 0.541971 0.625713
vt 0.572391 0.611870
vt 0.183070 0.380893
vt 0.179564 0.371225
vt 0.184078 0.391614
vt 0.145025 0.382790
vt 0.479319 0.577708
vt 0.490023 0.583940
vt 0.468244 0.571341
vt 0.201994 0.476549
vt 0.160477 0.462832
vt 0.170650 0.457096
vt 0.189276 0.481795
vt 0.147406 0.467112
vt 0.139602 0.046276
vt 0.151336 0.041532
vt 0.127236 0.050899
vt 0.525661 0.602041
vt 0.541577 0.608657
vt 0.511809 0.595806
vt 0.043534 0.207393
vt 0.026160 0.219119
vt 0.000016 0.217256
vt 0.010365 0.207540
vt 0.183769 0.403169
vt 0.184078 0.391614
vt 0.164644 0.036589
vt 0.178945 0.031578
vt 0.151336 0.041532
vt 0.500388 0.589884
vt 0.511809 0.595806
vt 0.176049 0.448531
vt 0.179227 0.438354
vt 0.139201 0.438894
vt 0.141611 0.430493
vt 0.202962 0.349948
vt 0.214280 0.358182
vt 0.170818 0.363211
vt 0.158943 0.355963
vt 0.068137 0.253894
vt 0.056375 0.243939
vt 0.079245 0.264268
vt 0.044117 0.254172
vt 0.032709 0.245816
vt 0.021301 0.237461
vt 0.111848 0.055545
vt 0.093673 0.060318
vt 0.583207 0.390332
vt 0.535667 0.391331
vt 0.535891 0.410086
vt 0.534165 0.375365
vt 0.483801 0.379443
vt 0.421515 0.469921
vt 0.418164 0.482946
vt 0.371622 0.459515
vt 0.366439 0.470034
vt 0.361656 0.479493
vt 0.414737 0.494554
vt 0.575193 0.110553
vt 0.466667 0.102904
vt 0.128496 0.610790
vt 0.071656 0.608435
vt 0.137460 0.619890
vt 0.552689 0.281240
vt 0.619765 0.309304
vt 0.621882 0.287262
vt 0.191555 0.251558
vt 0.142579 0.250671
vt 0.149527 0.262816
vt 0.192947 0.263550
vt 0.423672 0.374655
vt 0.369438 0.379200
vt 0.371136 0.388160
vt 0.425118 0.384909
vt 0.393886 0.259553
vt 0.394596 0.272686
vt 0.344774 0.252786
vt 0.343305 0.263044
vt 0.416001 0.085393
vt 0.411658 0.090217
vt 0.088131 0.418179
vt 0.067847 0.413902
vt 0.063755 0.418167
vt 0.058453 0.421801
vt 0.081564 0.428009
vt 0.183948 0.076537
vt 0.220161 0.081055
vt 0.147080 0.068262
vt 0.268208 0.451102
vt 0.239441 0.460845
vt 0.261350 0.462584
vt 0.216261 0.445132
vt 0.409714 0.577796
vt 0.827185 0.685243
vt 0.852484 0.708721
vt 0.829105 0.663351
vt 0.056332 0.378582
vt 0.079817 0.377004
vt 0.062481 0.382992
vt 0.620541 0.570693
vt 0.612159 0.569528
vt 0.595205 0.576848
vt 0.059130 0.018863
vt 0.032362 0.012578
vt 0.052253 0.021256
vt 0.814877 0.342972
vt 0.815203 0.376835
vt 0.829263 0.337327
vt 0.841294 0.325013
vt 0.495290 0.682078
vt 0.532492 0.692803
vt 0.526131 0.680033
vt 0.491794 0.667540
vt 0.273955 0.309495
vt 0.903037 0.583016
vt 0.905432 0.680543
vt 0.915286 0.682064
vt 0.925152 0.689241
vt 0.922503 0.638639
vt 0.631948 0.957208
vt 0.591398 0.973517
vt 0.629353 0.970676
vt 0.726567 0.261081
vt 0.713154 0.313389
vt 0.716956 0.340402
vt 0.400635 0.136184
vt 0.410237 0.140048
vt 0.279655 0.128334
vt 0.269712 0.139894
vt 0.302233 0.130520
vt 0.239304 0.827537
vt 0.280595 0.837816
vt 0.243314 0.821663
vt 0.582317 0.756212
vt 0.596903 0.728299
vt 0.023484 0.481201
vt 0.016322 0.481007
vt 0.079480 0.480930
vt 0.960616 0.581343
vt 0.963549 0.579335
vt 0.957636 0.573053
vt 0.785759 0.702448
vt 0.802791 0.732606
vt 0.792194 0.690795
vt 0.761961 0.778300
vt 0.763006 0.773301
vt 0.764939 0.769126
vt 0.205468 0.945394
vt 0.168252 0.941993
vt 0.206979 0.939890
vt 0.139299 0.939669
vt 0.110934 0.937326
vt 0.114966 0.924492
vt 0.151760 0.864791
vt 0.173103 0.881867
vt 0.173978 0.875859
vt 0.155012 0.858053
vt 0.774704 0.630342
vt 0.779188 0.667728
vt 0.787642 0.655172
vt 0.786360 0.616948
vt 0.211796 0.811659
vt 0.945625 0.869697
vt 0.966553 0.864566
vt 0.936725 0.856758
vt 0.924441 0.847100
vt 0.931800 0.973360
vt 0.916379 0.965894
vt 0.951082 0.965329
vt 0.931698 0.958266
vt 0.761808 0.945261
vt 0.744331 0.951286
vt 0.749520 0.966957
vt 0.766191 0.959077
vt 0.731731 0.955287
vt 0.736859 0.972298
vt 0.760044 0.979537
vt 0.775447 0.970079
vt 0.784852 0.846586
vt 0.751609 0.850791
vt 0.768050 0.856778
vt 0.055990 0.798496
vt 0.760684 0.516787
vt 0.781476 0.498811
vt 0.765286 0.543088
vt 0.799428 0.482169
vt 0.721703 0.958569
vt 0.727276 0.976182
vt 0.024531 0.926906
vt 0.044083 0.930394
vt 0.941278 0.418730
vt 0.125230 0.842176
vt 0.130972 0.833920
vt 0.076216 0.934028
vt 0.036435 0.053689
vt 0.919718 0.753808
vt 0.927204 0.784107
vt 0.926104 0.751647
vt 0.315631 0.321342
vt 0.345479 0.324435
vt 0.326848 0.316375
vt 0.338150 0.312405
vt 0.214399 0.133054
vt 0.226944 0.125023
vt 0.216729 0.122463
vt 0.909558 0.086958
vt 0.926534 0.102637
vt 0.922695 0.201386
vt 0.907119 0.191530
vt 0.898161 0.203375
vt 0.547623 0.798951
vt 0.561008 0.779122
vt 0.518428 0.799796
vt 0.665221 0.952986
vt 0.661842 0.968931
vt 0.857065 0.182343
vt 0.855308 0.161155
vt 0.851053 0.142972
vt 0.785889 0.120904
vt 0.774739 0.124948
vt 0.748148 0.290083
vt 0.811360 0.315181
vt 0.822270 0.310021
vt 0.878410 0.548268
vt 0.373679 0.757722
vt 0.362080 0.740618
vt 0.381439 0.737852
vt 0.403125 0.672819
vt 0.452171 0.675742
vt 0.450133 0.662565
vt 0.402073 0.662134
vt 0.441507 0.650570
vt 0.394536 0.652716
vt 0.080616 0.281295
vt 0.046005 0.282161
vt 0.048447 0.271314
vt 0.333887 0.377513
vt 0.334480 0.385898
vt 0.337876 0.455165
vt 0.331139 0.465196
vt 0.306088 0.464836
vt 0.325312 0.474228
vt 0.316939 0.171963
vt 0.309036 0.177196
vt 0.303808 0.183505
vt 0.301662 0.269351
vt 0.448155 0.284679
vt 0.496515 0.293909
vt 0.496753 0.275297
vt 0.222685 0.607129
vt 0.184137 0.618661
vt 0.228400 0.614453
vt 0.640639 0.114788
vt 0.634618 0.389902
vt 0.634107 0.412212
vt 0.634978 0.370885
vt 0.581887 0.372827
vt 0.583207 0.390332
vt 0.584047 0.411025
vt 0.368913 0.569284
vt 0.283399 0.464013
vt 0.266249 0.076993
vt 0.233569 0.251993
vt 0.231627 0.263649
vt 0.096484 0.038187
vt 0.066122 0.030664
vt 0.083074 0.041926
vt 0.054856 0.032749
vt 0.607871 0.587984
vt 0.595567 0.587234
vt 0.583194 0.585512
vt 0.103769 0.373136
vt 0.132481 0.368201
vt 0.141260 0.374963
vt 0.141611 0.430493
vt 0.111653 0.423654
vt 0.139201 0.438894
vt 0.088131 0.418179
vt 0.085906 0.423615
vt 0.105351 0.435908
vt 0.026485 0.288514
vt 0.347512 0.664011
vt 0.299944 0.720565
vt 0.317942 0.719878
vt 0.332239 0.717592
vt 0.202828 0.685742
vt 0.211345 0.694744
vt 0.204833 0.140224
vt 0.192052 0.137178
vt 0.179161 0.133031
vt 0.311885 0.309510
vt 0.326043 0.304920
vt 0.912827 0.721582
vt 0.920453 0.720950
vt 0.868194 0.760597
vt 0.535366 0.887390
vt 0.515118 0.894281
vt 0.543154 0.817884
vt 0.483352 0.818785
vt 0.940056 0.210658
vt 0.928169 0.224516
vt 0.262443 0.154106
vt 0.802002 0.857831
vt 0.785780 0.936382
vt 0.788735 0.947346
vt 0.795152 0.956389
vt 0.882569 0.959130
vt 0.894464 0.954306
vt 0.905310 0.947987
vt 0.917603 0.877515
vt 0.825793 0.966851
vt 0.841911 0.967813
vt 0.856743 0.966674
vt 0.875510 0.851012
vt 0.862509 0.848165
vt 0.462690 0.909276
vt 0.435474 0.916742
vt 0.454781 0.891882
vt 0.406469 0.904269
vt 0.408476 0.923361
vt 0.686363 0.823155
vt 0.652364 0.828341
vt 0.607864 0.815780
vt 0.130901 0.123565
vt 0.142897 0.113291
vt 0.116646 0.115392
vt 0.170950 0.115624
vt 0.161228 0.109610
vt 0.130918 0.106441
vt 0.248438 0.333128
vt 0.215284 0.330794
vt 0.273301 0.336574
vt 0.290464 0.331593
vt 0.267722 0.327160
vt 0.240324 0.715178
vt 0.251318 0.718688
vt 0.264352 0.720681
vt 0.293963 0.639571
vt 0.353060 0.637455
vt 0.327957 0.630069
vt 0.541419 0.586379
vt 0.562599 0.578078
vt 0.554759 0.573996
vt 0.531675 0.581361
vt 0.579379 0.571165
vt 0.546991 0.570062
vt 0.103730 0.018567
vt 0.129092 0.026579
vt 0.083581 0.012087
vt 0.074137 0.014162
vt 0.093001 0.021374
vt 0.295310 0.058307
vt 0.323846 0.059876
vt 0.265737 0.056134
vt 0.256128 0.063484
vt 0.288010 0.065628
vt 0.397459 0.608363
vt 0.386429 0.601768
vt 0.411754 0.602952
vt 0.401768 0.595550
vt 0.377105 0.594690
vt 0.653919 0.076361
vt 0.651709 0.087335
vt 0.598221 0.074186
vt 0.593599 0.084409
vt 0.587553 0.093836
vt 0.648453 0.097424
vt 0.155790 0.584004
vt 0.203097 0.584402
vt 0.108578 0.582587
vt 0.113658 0.592522
vt 0.383201 0.064686
vt 0.314232 0.280266
vt 0.322201 0.285102
vt 0.392878 0.632854
vt 0.364344 0.624631
vt 0.060099 0.339036
vt 0.116648 0.328240
vt 0.750271 0.169479
vt 0.746690 0.189030
vt 0.744901 0.208840
vt 0.848797 0.243064
vt 0.853649 0.221939
vt 0.664019 0.793037
vt 0.658876 0.775897
vt 0.633741 0.776695
vt 0.658213 0.755108
vt 0.609397 0.777377
vt 0.605080 0.796926
vt 0.441201 0.875098
vt 0.430448 0.898297
vt 0.421116 0.856947
vt 0.389225 0.865498
vt 0.400335 0.885540
vt 0.280671 0.346540
vt 0.297024 0.341890
vt 0.311485 0.337412
vt 0.187528 0.109429
vt 0.168247 0.099056
vt 0.127647 0.758721
vt 0.163130 0.771294
vt 0.178045 0.758035
vt 0.143980 0.742415
vt 0.200872 0.785230
vt 0.213913 0.775564
vt 0.225691 0.765963
vt 0.192502 0.745238
vt 0.160619 0.726929
vt 0.722776 0.632982
vt 0.708307 0.599313
vt 0.726544 0.679324
vt 0.738905 0.668624
vt 0.738318 0.617092
vt 0.726698 0.579499
vt 0.103648 0.750903
vt 0.120354 0.733283
vt 0.105664 0.728019
vt 0.127647 0.758721
vt 0.143980 0.742415
vt 0.160619 0.726929
vt 0.122361 0.711859
vt 0.681052 0.598949
vt 0.699938 0.575915
vt 0.708307 0.599313
vt 0.726699 0.579499
vt 0.719263 0.554531
vt 0.096796 0.722782
vt 0.111425 0.707787
vt 0.691472 0.550697
vt 0.742296 0.704984
vt 0.752180 0.698511
vt 0.756992 0.731306
vt 0.764561 0.727550
vt 0.771830 0.722099
vt 0.231898 0.797352
vt 0.243492 0.790412
vt 0.261141 0.810490
vt 0.253211 0.783260
vt 0.261141 0.810490
vt 0.295057 0.827809
vt 0.303336 0.822690
vt 0.271315 0.805063
vt 0.279378 0.799482
vt 0.756992 0.731306
vt 0.778766 0.761898
vt 0.764561 0.727550
vt 0.783709 0.758161
vt 0.771830 0.722099
vt 0.970840 0.599414
vt 0.967586 0.601732
vt 0.969429 0.594989
vt 0.965938 0.596302
vt 0.394775 0.835677
vt 0.373072 0.842881
vt 0.389225 0.865498
vt 0.661224 0.728507
vt 0.647100 0.728952
vt 0.638567 0.755151
vt 0.633955 0.729135
vt 0.619721 0.755219
vt 0.864330 0.299559
vt 0.872234 0.267395
vt 0.669070 0.840151
vt 0.166967 0.329092
vt 0.063662 0.006469
vt 0.596931 0.565328
vt 0.589718 0.562981
vt 0.572652 0.567983
vt 0.582701 0.560660
vt 0.094468 0.126098
vt 0.074848 0.116056
vt 0.437746 0.601728
vt 0.411754 0.602952
vt 0.466936 0.597385
vt 0.427006 0.594409
vt 0.247193 0.044843
vt 0.235695 0.052357
vt 0.202775 0.046069
vt 0.223834 0.059285
vt 0.433488 0.069813
vt 0.426209 0.075497
vt 0.480774 0.082752
vt 0.222685 0.607129
vt 0.273208 0.602077
vt 0.266562 0.596620
vt 0.260170 0.590854
vt 0.210016 0.592432
vt 0.059804 0.589911
vt 0.548299 0.071404
vt 0.540877 0.080475
vt 0.533103 0.088970
vt 0.954063 0.611047
vt 0.958462 0.612253
vt 0.958628 0.600001
vt 0.954563 0.600810
vt 0.950544 0.601255
vt 0.920840 0.927087
vt 0.925069 0.914451
vt 0.949714 0.932344
vt 0.954179 0.916449
vt 0.926306 0.901564
vt 0.782544 0.886810
vt 0.780834 0.898934
vt 0.757718 0.882614
vt 0.755683 0.897912
vt 0.755176 0.913941
vt 0.780209 0.911619
vt 0.948679 0.134857
vt 0.588956 0.860799
vt 0.581179 0.867687
vt 0.865424 0.691268
vt 0.879734 0.730453
vt 0.897351 0.759553
vt 0.904865 0.757261
vt 0.884307 0.681476
vt 0.349580 0.301153
vt 0.347105 0.697285
vt 0.398646 0.708829
vt 0.400879 0.696588
vt 0.349173 0.688726
vt 0.145647 0.391610
vt 0.114921 0.392170
vt 0.114167 0.399906
vt 0.090773 0.392731
vt 0.090391 0.405606
vt 0.113199 0.407962
vt 0.143836 0.411137
vt 0.234960 0.199252
vt 0.235081 0.212343
vt 0.272384 0.213640
vt 0.190371 0.210938
vt 0.188210 0.224776
vt 0.319162 0.403673
vt 0.296550 0.400286
vt 0.299779 0.413646
vt 0.322543 0.416531
vt 0.273789 0.397333
vt 0.276260 0.410910
vt 0.276262 0.424827
vt 0.300120 0.427289
vt 0.322960 0.429637
vt 0.628987 0.488049
vt 0.626672 0.512408
vt 0.630280 0.462448
vt 0.575408 0.502716
vt 0.448176 0.195286
vt 0.444290 0.213231
vt 0.495963 0.212392
vt 0.441769 0.231925
vt 0.552188 0.235659
vt 0.555759 0.189373
vt 0.346012 0.203285
vt 0.306544 0.214999
vt 0.343608 0.228305
vt 0.376744 0.410169
vt 0.342826 0.407478
vt 0.345491 0.419593
vt 0.377752 0.422538
vt 0.377046 0.435254
vt 0.443376 0.732941
vt 0.496907 0.712291
vt 0.450838 0.704532
vt 0.832744 0.549135
vt 0.846101 0.540556
vt 0.764469 0.309532
vt 0.775626 0.314463
vt 0.767386 0.341418
vt 0.783267 0.344763
vt 0.787513 0.317189
vt 0.833500 0.126638
vt 0.822585 0.119569
vt 0.810866 0.114851
vt 0.646874 0.891681
vt 0.656336 0.905212
vt 0.624506 0.916940
vt 0.629954 0.929700
vt 0.663009 0.920284
vt 0.930288 0.132210
vt 0.929104 0.148488
vt 0.925613 0.164600
vt 0.786295 0.280213
vt 0.890145 0.761735
vt 0.899185 0.791618
vt 0.905744 0.788547
vt 0.912676 0.785725
vt 0.097132 0.890673
vt 0.104872 0.876503
vt 0.128465 0.903190
vt 0.143271 0.881525
vt 0.877140 0.438590
vt 0.891564 0.429682
vt 0.895058 0.476140
vt 0.906798 0.469894
vt 0.919623 0.464948
vt 0.907384 0.422800
vt 0.016465 0.844102
vt 0.020785 0.834144
vt 0.739533 0.880160
vt 0.736941 0.897632
vt 0.736146 0.915859
vt 0.971206 0.935840
vt 0.976086 0.917769
vt 0.977461 0.899285
vt 0.908605 0.504423
vt 0.918334 0.500273
vt 0.162661 0.904224
vt 0.168732 0.895712
vt 0.220013 0.922929
vt 0.946228 0.585972
vt 0.950194 0.586265
vt 0.947949 0.578618
vt 0.943852 0.577521
vt 0.954122 0.585866
vt 0.951832 0.578592
vt 0.060286 0.481540
vt 0.049568 0.481759
vt 0.039110 0.481876
vt 0.053310 0.070334
vt 0.339051 0.129709
vt 0.582155 0.920235
vt 0.594187 0.939597
vt 0.845364 0.639424
vt 0.856882 0.631476
vt 0.865424 0.691268
vt 0.884307 0.681476
vt 0.869244 0.625665
vt 0.486228 0.741014
vt 0.524638 0.743885
vt 0.538042 0.719699
vt 0.496907 0.712291
vt 0.759832 0.375488
vt 0.778253 0.379846
vt 0.280715 0.677977
vt 0.250514 0.394610
vt 0.251935 0.408234
vt 0.221719 0.392555
vt 0.251475 0.422267
vt 0.070035 0.392819
vt 0.072291 0.398301
vt 0.090858 0.399060
vt 0.392317 0.214656
vt 0.390278 0.229955
vt 0.193482 0.197633
vt 0.136823 0.209209
vt 0.190371 0.210938
vt 0.099126 0.195100
vt 0.083442 0.207809
vt 0.625242 0.211917
vt 0.626993 0.187124
vt 0.622845 0.237614
vt 0.484663 0.409912
vt 0.427682 0.410501
vt 0.426371 0.425124
vt 0.481863 0.427658
vt 0.424405 0.440316
vt 0.478961 0.446182
vt 0.578378 0.480506
vt 0.529225 0.473061
vt 0.530709 0.451746
vt 0.478005 0.464829
vt 0.477118 0.482595
vt 0.948472 0.594139
vt 0.956441 0.593141
vt 0.950194 0.586265
vt 0.946228 0.585972
vt 0.279757 0.607535
vt 0.435240 0.616917
vt 0.479242 0.604000
vt 0.146873 0.131798
vt 0.604294 0.567625
vt 0.586618 0.574305
vt 0.856265 0.330626
vt 0.405978 0.831986
vt 0.437920 0.852962
vt 0.286812 0.832939
vt 0.251018 0.815937
vt 0.220487 0.804325
vt 0.188332 0.794975
vt 0.922651 0.833220
vt 0.908255 0.841447
vt 0.087115 0.768504
vt 0.110388 0.775039
vt 0.148051 0.784621
vt 0.163130 0.771293
vt 0.196776 0.114536
vt 0.180583 0.121514
vt 0.462206 0.869871
vt 0.479537 0.885313
vt 0.838197 0.283739
vt 0.420383 0.641131
vt 0.376831 0.644700
vt 0.306583 0.275296
vt 0.408738 0.614935
vt 0.541419 0.586379
vt 0.328547 0.650923
vt 0.887948 0.854498
vt 0.870031 0.963382
vt 0.575454 0.817189
vt 0.267722 0.327160
vt 0.283850 0.321196
vt 0.255613 0.316464
vt 0.315631 0.321342
vt 0.297955 0.315259
vt 0.273955 0.309495
vt 0.310950 0.740690
vt 0.117341 0.030435
vt 0.093001 0.021374
vt 0.084137 0.024406
vt 0.106953 0.034278
vt 0.074137 0.014162
vt 0.096484 0.038187
vt 0.277821 0.071639
vt 0.245052 0.069736
vt 0.644656 0.106379
vt 0.210016 0.592432
vt 0.169402 0.601921
vt 0.176705 0.610267
vt 0.343924 0.757447
vt 0.744732 0.230530
vt 0.726348 0.231512
vt 0.576308 0.798082
vt 0.601017 0.755609
vt 0.582317 0.756212
vt 0.323741 0.333025
vt 0.762915 0.644344
vt 0.774704 0.630342
vt 0.739602 0.535184
vt 0.733912 0.521328
vt 0.726382 0.514794
vt 0.770547 0.680076
vt 0.778858 0.713296
vt 0.779188 0.667728
vt 0.789785 0.751000
vt 0.778858 0.713297
vt 0.966790 0.587833
vt 0.963510 0.589300
vt 0.621481 0.728898
vt 0.601016 0.755609
vt 0.712745 0.248184
vt 0.213241 0.311444
vt 0.255613 0.316464
vt 0.047412 0.009503
vt 0.223834 0.059285
vt 0.245052 0.069736
vt 0.189058 0.052028
vt 0.176681 0.057583
vt 0.198762 0.070931
vt 0.065146 0.599402
vt 0.120600 0.601859
vt 0.533103 0.088970
vt 0.581348 0.102428
vt 0.470422 0.096136
vt 0.960475 0.617941
vt 0.955869 0.615398
vt 0.964598 0.618717
vt 0.962515 0.612180
vt 0.958462 0.612253
vt 0.954063 0.611047
vt 0.634978 0.370885
vt 0.636237 0.356498
vt 0.581683 0.359249
vt 0.411122 0.503789
vt 0.257014 0.036722
vt 0.074213 0.430991
vt 0.935039 0.656356
vt 0.935702 0.706899
vt 0.732530 0.828351
vt 0.721392 0.817872
vt 0.676768 0.727916
vt 0.678936 0.755339
vt 0.971930 0.606235
vt 0.969791 0.610919
vt 0.714358 0.690753
vt 0.782124 0.987386
vt 0.793410 0.977688
vt 0.661843 0.623298
vt 0.671284 0.642108
vt 0.691540 0.666159
vt 0.707286 0.649195
vt 0.262852 0.351816
vt 0.685233 0.774889
vt 0.695106 0.790371
vt 0.041394 0.349512
vt 0.323041 0.482002
vt 0.483801 0.379443
vt 0.482548 0.367905
vt 0.304015 0.041481
vt 0.133925 0.445627
vt 0.105351 0.435908
vt 0.096871 0.439591
vt 0.230111 0.709708
vt 0.937535 0.742009
vt 0.707982 0.804856
vt 0.808853 0.962777
vt 0.834065 0.847623
vt 0.381916 0.928212
vt 0.378178 0.945577
vt 0.383184 0.909502
vt 0.116045 0.099589
vt 0.137039 0.097863
vt 0.522540 0.576457
vt 0.538436 0.566221
vt 0.513155 0.571468
vt 0.328240 0.584858
vt 0.300238 0.584548
vt 0.093598 0.286066
vt 0.856298 0.202233
vt 0.400335 0.885540
vt 0.381136 0.890654
vt 0.374857 0.870097
vt 0.192502 0.745237
vt 0.206194 0.733117
vt 0.177437 0.712053
vt 0.225691 0.765963
vt 0.235680 0.756865
vt 0.156118 0.701806
vt 0.140551 0.697642
vt 0.128507 0.695195
vt 0.283488 0.793402
vt 0.363042 0.845754
vt 0.372157 0.959216
vt 0.576257 0.558350
vt 0.833490 0.736388
vt 0.417559 0.586333
vt 0.444787 0.583261
vt 0.203097 0.584403
vt 0.965857 0.609873
vt 0.962408 0.598287
vt 0.960117 0.591373
vt 0.960616 0.581343
vt 0.957552 0.583898
vt 0.425118 0.384909
vt 0.426881 0.396946
vt 0.485076 0.393564
vt 0.373851 0.398625
vt 0.066915 0.387728
vt 0.089720 0.386873
vt 0.247645 0.381811
vt 0.269446 0.384590
vt 0.220550 0.380183
vt 0.273789 0.397333
vt 0.835771 0.649249
vt 0.857562 0.697538
vt 0.321063 0.130573
vt 0.069635 0.481436
vt 0.210333 0.934534
vt 0.175302 0.927364
vt 0.114966 0.924492
vt 0.142223 0.929518
vt 0.147721 0.920970
vt 0.154996 0.912904
vt 0.760294 0.868752
vt 0.041252 0.889954
vt 0.082939 0.917850
vt 0.089798 0.903919
vt 0.060723 0.895067
vt 0.097132 0.890673
vt 0.883435 0.763085
vt 0.931041 0.117335
vt 0.949656 0.117837
vt 0.843237 0.133199
vt 0.031440 0.268511
vt 0.373851 0.398625
vt 0.313702 0.391485
vt 0.291320 0.387700
vt 0.296550 0.400286
vt 0.141260 0.374963
vt 0.145025 0.382790
vt 0.086384 0.381576
vt 0.089720 0.386873
vt 0.872716 0.733747
vt 0.968617 0.120955
vt 0.784070 0.875879
vt 0.965857 0.609873
vt 0.968743 0.606324
vt 0.967586 0.601732
vt 0.923415 0.889122
vt 0.952087 0.884410
vt 0.568394 0.874276
vt 0.216982 0.142733
vt 0.225594 0.135251
vt 0.349173 0.688726
vt 0.349751 0.680073
vt 0.619258 0.588407
vt 0.234353 0.239315
vt 0.271737 0.239526
vt 0.189254 0.238513
vt 0.191555 0.251558
vt 0.233569 0.251993
vt 0.270152 0.251663
vt 0.632360 0.436832
vt 0.582643 0.433597
vt 0.494829 0.255086
vt 0.446353 0.268196
vt 0.552351 0.259048
vt 0.305933 0.239464
vt 0.344111 0.240885
vt 0.344775 0.252786
vt 0.452250 0.689867
vt 0.402396 0.684434
vt 0.497454 0.697011
vt 0.495290 0.682078
vt 0.403125 0.672819
vt 0.799588 0.317349
vt 0.799309 0.345263
vt 0.632408 0.943343
vt 0.924273 0.419311
vt 0.933106 0.462019
vt 0.030389 0.822856
vt 0.973710 0.881369
vt 0.939497 0.493522
vt 0.944361 0.519286
vt 0.957552 0.583898
vt 0.948473 0.543661
vt 0.537063 0.706221
vt 0.497454 0.697011
vt 0.391555 0.245139
vt 0.133942 0.237215
vt 0.189254 0.238513
vt 0.552351 0.259048
vt 0.622255 0.263049
vt 0.582643 0.433597
vt 0.481863 0.427658
vt 0.951422 0.612833
vt 0.949688 0.609730
vt 0.946941 0.602224
vt 0.944952 0.594859
vt 0.950544 0.601255
vt 0.942679 0.586050
vt 0.523210 0.511788
vt 0.527360 0.493322
vt 0.474952 0.499021
vt 0.553749 0.168327
vt 0.625098 0.164337
vt 0.152356 0.183496
vt 0.195199 0.185319
vt 0.109398 0.183052
vt 0.396754 0.186393
vt 0.450810 0.178467
vt 0.346012 0.203285
vt 0.395376 0.199947
vt 0.448176 0.195286
vt 0.727545 0.357362
vt 0.514712 0.754307
vt 0.478489 0.754076
vt 0.606935 0.895769
vt 0.925047 0.548931
vt 0.912799 0.530123
vt 0.940071 0.576758
vt 0.935134 0.565277
vt 0.900210 0.509633
vt 0.885074 0.483971
vt 0.963402 0.952217
vt 0.942605 0.946816
vt 0.864744 0.449022
vt 0.365870 0.318863
vt 0.349298 0.310039
vt 0.635292 0.880216
vt 0.754887 0.301904
vt 0.437416 0.745256
vt 0.391517 0.730759
vt 0.304540 0.192290
vt 0.269055 0.189308
vt 0.621279 0.534310
vt 0.234960 0.199252
vt 0.042339 0.033075
vt 0.340055 0.712487
vt 0.338515 0.302413
vt 0.466014 0.818450
vt 0.914187 0.938617
vt 0.948356 0.606647
vt 0.952346 0.606635
vt 0.782487 0.924264
vt 0.904538 0.722798
vt 0.894900 0.680163
vt 0.912827 0.721582
vt 0.905432 0.680543
vt 0.112496 0.416008
vt 0.142869 0.421066
vt 0.089507 0.412075
vt 0.296988 0.440535
vt 0.319865 0.442336
vt 0.273405 0.438409
vt 0.291093 0.452864
vt 0.342959 0.443981
vt 0.375132 0.447775
vt 0.337876 0.455165
vt 0.371622 0.459515
vt 0.870938 0.573537
vt 0.798298 0.116643
vt 0.917268 0.178792
vt 0.920055 0.784711
vt 0.118940 0.851421
vt 0.715360 0.939357
vt 0.725890 0.936873
vt 0.739472 0.933982
vt 0.171776 0.888373
vt 0.760673 0.783852
vt 0.030795 0.481586
vt 0.855175 0.573680
vt 0.869244 0.625665
vt 0.882812 0.624877
vt 0.870938 0.573537
vt 0.887274 0.578231
vt 0.249047 0.436055
vt 0.219333 0.432514
vt 0.244868 0.449008
vt 0.071173 0.409071
vt 0.423216 0.455513
vt 0.421515 0.469921
vt 0.182701 0.415159
vt 0.181287 0.427073
vt 0.070577 0.185735
vt 0.058276 0.196137
vt 0.591438 0.613763
vt 0.179564 0.371225
vt 0.183070 0.380893
vt 0.184078 0.391614
vt 0.490023 0.583940
vt 0.479319 0.577708
vt 0.170650 0.457096
vt 0.160477 0.462832
vt 0.139602 0.046276
vt 0.525661 0.602041
vt 0.043534 0.207393
vt 0.164644 0.036589
vt 0.151336 0.041532
vt 0.500388 0.589884
vt 0.176049 0.448531
vt 0.141611 0.430493
vt 0.139201 0.438894
vt 0.170818 0.363211
vt 0.068137 0.253894
vt 0.111848 0.055545
s 1
usemtl Material
f 324/1/324 1553/2/1553 2531/3/2531 998/4/998
f 1553/2/1553 332/5/332 1477/6/1477 2531/3/2531
f 2531/3/2531 1477/6/1477 4/7/4 854/8/854
f 998/4/998 2531/3/2531 854/8/854 73/9/73
f 357/10/357 856/11/856 2532/12/2532 1658/13/1658
f 856/11/856 2/14/2 867/15/867 2532/12/2532
f 2532/12/2532 867/15/867 10/16/10 866/17/866
f 1658/13/1658 2532/12/2532 866/17/866 358/18/358
f 245/19/245 1290/20/1290 2533/21/2533 1347/22/1347
f 1290/20/1290 74/23/74 855/24/855 2533/21/2533
f 2533/21/2533 855/24/855 1/25/1 1262/26/1262
f 1347/22/1347 2533/21/2533 1262/26/1262 217/27/217
f 244/28/244 1289/29/1289 2534/30/2534 1346/31/1346
f 1289/29/1289 76/32/76 858/33/858 2534/30/2534
f 2534/30/2534 858/33/858 6/34/6 1265/35/1265
f 1346/31/1346 2534/30/2534 1265/35/1265 220/36/220
f 323/37/323 1552/38/1552 2535/39/2535 995/40/995
f 1552/38/1552 306/41/306 862/42/862 2535/39/2535
f 2535/39/2535 862/42/862 6/43/6 858/44/858
f 995/40/995 2535/39/2535 858/44/858 76/45/76
f 349/46/349 1494/47/1494 2536/48/2536 1551/49/1551
f 1494/47/1494 77/50/77 875/51/875 2536/48/2536
f 2536/48/2536 875/51/875 15/52/15 873/53/873
f 1551/49/1551 2536/48/2536 873/53/873 308/54/308
f 254/55/254 852/56/852 2537/57/2537 1448/58/1448
f 852/56/852 4/59/4 868/60/868 2537/57/2537
f 2537/57/2537 868/60/868 12/61/12 864/62/864
f 1448/58/1448 2537/57/2537 864/62/864 258/63/258
f 304/64/304 853/65/853 2538/66/2538 1550/67/1550
f 853/65/853 3/68/3 869/69/869 2538/66/2538
f 2538/66/2538 869/69/869 11/70/11 865/71/865
f 1550/67/1550 2538/66/2538 865/71/865 307/72/307
f 217/27/217 1262/26/1262 2539/73/2539 1345/74/1345
f 1262/26/1262 1/25/1 870/75/870 2539/73/2539
f 2539/73/2539 870/75/870 9/76/9 1266/77/1266
f 1345/74/1345 2539/73/2539 1266/77/1266 221/78/221
f 402/79/402 1599/80/1599 2540/81/2540 1657/82/1657
f 1599/80/1599 81/83/81 883/84/883 2540/81/2540
f 2540/81/2540 883/84/883 18/85/18 882/86/882
f 1657/82/1657 2540/81/2540 882/86/882 360/87/360
f 246/88/246 1291/89/1291 2541/90/2541 1344/91/1344
f 1291/89/1291 78/92/78 1000/93/1000 2541/90/2541
f 2541/90/2541 1000/93/1000 13/94/13 1268/95/1268
f 1344/91/1344 2541/90/2541 1268/95/1268 223/96/223
f 401/97/401 1598/98/1598 2542/99/2542 1656/100/1656
f 1598/98/1598 79/101/79 1001/102/1001 2542/99/2542
f 2542/99/2542 1001/102/1001 14/103/14 874/104/874
f 1656/100/1656 2542/99/2542 874/104/874 359/105/359
f 297/106/297 1392/107/1392 2543/108/2543 1447/109/1447
f 1392/107/1392 80/110/80 1002/111/1002 2543/108/2543
f 2543/108/2543 1002/111/1002 16/112/16 872/113/872
f 1447/109/1447 2543/108/2543 872/113/872 260/114/260
f 295/115/295 1390/116/1390 2544/117/2544 1446/118/1446
f 1390/116/1390 65/119/65 891/120/891 2544/117/2544
f 2544/117/2544 891/120/891 24/121/24 888/122/888
f 1446/118/1446 2544/117/2544 888/122/888 264/123/264
f 298/124/298 1393/125/1393 2545/126/2545 1445/127/1445
f 1393/125/1393 82/128/82 1008/129/1008 2545/126/2545
f 2545/126/2545 1008/129/1008 20/130/20 880/131/880
f 1445/127/1445 2545/126/2545 880/131/880 262/132/262
f 350/133/350 1495/134/1495 2546/135/2546 1549/136/1549
f 1495/134/1495 83/137/83 1009/138/1009 2546/135/2546
f 2546/135/2546 1009/138/1009 19/139/19 881/140/881
f 1549/136/1549 2546/135/2546 881/140/881 309/141/309
f 247/142/247 1292/143/1292 2547/144/2547 1343/145/1343
f 1292/143/1292 84/146/84 1010/147/1010 2547/144/2547
f 2547/144/2547 1010/147/1010 17/148/17 1270/149/1270
f 1343/145/1343 2547/144/2547 1270/149/1270 225/150/225
f 346/151/346 1491/152/1491 2548/153/2548 1548/154/1548
f 1491/152/1491 61/155/61 899/156/899 2548/153/2548
f 2548/153/2548 899/156/899 27/157/27 897/158/897
f 1548/154/1548 2548/153/2548 897/158/897 311/159/311
f 347/160/347 1492/161/1492 2549/162/2549 1547/163/1547
f 1492/161/1492 66/164/66 976/165/976 2549/162/2549
f 2549/162/2549 976/165/976 23/166/23 889/167/889
f 1547/163/1547 2549/162/2549 889/167/889 310/168/310
f 242/169/242 1287/170/1287 2550/171/2550 1342/172/1342
f 1287/170/1287 67/173/67 977/174/977 2550/171/2550
f 2550/171/2550 977/174/977 21/175/21 1272/176/1272
f 1342/172/1342 2550/171/2550 1272/176/1272 227/177/227
f 397/178/397 1594/179/1594 2551/180/2551 1655/181/1655
f 1594/179/1594 68/182/68 978/183/978 2551/180/2551
f 2551/180/2551 978/183/978 22/184/22 890/185/890
f 1655/181/1655 2551/180/2551 890/185/890 361/186/361
f 345/187/345 1490/188/1490 2552/189/2552 1546/190/1546
f 1490/188/1490 57/191/57 907/192/907 2552/189/2552
f 2552/189/2552 907/192/907 31/193/31 905/194/905
f 1546/190/1546 2552/189/2552 905/194/905 312/195/312
f 241/196/241 1286/197/1286 2553/198/2553 1341/199/1341
f 1286/197/1286 62/200/62 968/201/968 2553/198/2553
f 2553/198/2553 968/201/968 25/202/25 1274/203/1274
f 1341/199/1341 2553/198/2553 1274/203/1274 229/204/229
f 396/205/396 1593/206/1593 2554/207/2554 1654/208/1654
f 1593/206/1593 63/209/63 969/210/969 2554/207/2554
f 2554/207/2554 969/210/969 26/211/26 898/212/898
f 1654/208/1654 2554/207/2554 898/212/898 362/213/362
f 294/214/294 1389/215/1389 2555/216/2555 1444/217/1444
f 1389/215/1389 64/218/64 970/219/970 2555/216/2555
f 2555/216/2555 970/219/970 28/220/28 896/221/896
f 1444/217/1444 2555/216/2555 896/221/896 266/222/266
f 340/223/340 1485/224/1485 2556/225/2556 1545/226/1545
f 1485/224/1485 37/227/37 915/228/915 2556/225/2556
f 2556/225/2556 915/228/915 35/229/35 913/230/913
f 1545/226/1545 2556/225/2556 913/230/913 313/231/313
f 240/232/240 1285/233/1285 2557/234/2557 1340/235/1340
f 1285/233/1285 58/236/58 960/237/960 2557/234/2557
f 2557/234/2557 960/237/960 29/238/29 1276/239/1276
f 1340/235/1340 2557/234/2557 1276/239/1276 231/240/231
f 395/241/395 1592/242/1592 2558/243/2558 1653/244/1653
f 1592/242/1592 59/245/59 961/246/961 2558/243/2558
f 2558/243/2558 961/246/961 30/247/30 906/248/906
f 1653/244/1653 2558/243/2558 906/248/906 363/249/363
f 293/250/293 1388/251/1388 2559/252/2559 1443/253/1443
f 1388/251/1388 60/254/60 962/255/962 2559/252/2559
f 2559/252/2559 962/255/962 32/256/32 904/257/904
f 1443/253/1443 2559/252/2559 904/257/904 268/258/268
f 355/259/355 1544/260/1544 2560/261/2560 1339/262/1339
f 1544/260/1544 313/263/313 913/264/913 2560/261/2560
f 2560/261/2560 913/264/913 35/265/35 1279/266/1279
f 1339/262/1339 2560/261/2560 1279/266/1279 234/267/234
f 235/268/235 1280/269/1280 2561/270/2561 1338/271/1338
f 1280/269/1280 38/272/38 920/273/920 2561/270/2561
f 2561/270/2561 920/273/920 33/274/33 1278/275/1278
f 1338/271/1338 2561/270/2561 1278/275/1278 233/276/233
f 390/277/390 1587/278/1587 2562/279/2562 1652/280/1652
f 1587/278/1587 39/281/39 921/282/921 2562/279/2562
f 2562/279/2562 921/282/921 34/283/34 914/284/914
f 1652/280/1652 2562/279/2562 914/284/914 364/285/364
f 288/286/288 1383/287/1383 2563/288/2563 1442/289/1442
f 1383/287/1383 40/290/40 922/291/922 2563/288/2563
f 2563/288/2563 922/291/922 36/292/36 912/293/912
f 1442/289/1442 2563/288/2563 912/293/912 270/294/270
f 291/295/291 1386/296/1386 2564/297/2564 1441/298/1441
f 1386/296/1386 52/299/52 946/300/946 2564/297/2564
f 2564/297/2564 946/300/946 40/290/40 1383/287/1383
f 1441/298/1441 2564/297/2564 1383/287/1383 288/286/288
f 393/301/393 1590/302/1590 2565/303/2565 1651/304/1651
f 1590/302/1590 51/305/51 945/306/945 2565/303/2565
f 2565/303/2565 945/306/945 39/307/39 1587/308/1587
f 1651/304/1651 2565/303/2565 1587/308/1587 390/309/390
f 238/310/238 1283/311/1283 2566/312/2566 1337/313/1337
f 1283/311/1283 50/314/50 944/315/944 2566/312/2566
f 2566/312/2566 944/315/944 38/272/38 1280/269/1280
f 1337/313/1337 2566/312/2566 1280/269/1280 235/268/235
f 343/316/343 1488/317/1488 2567/318/2567 1543/319/1543
f 1488/317/1488 49/320/49 919/321/919 2567/318/2567
f 2567/318/2567 919/321/919 37/227/37 1485/224/1485
f 1543/319/1543 2567/318/2567 1485/224/1485 340/223/340
f 354/322/354 1499/323/1499 2568/324/2568 1542/325/1542
f 1499/323/1499 100/326/100 930/327/930 2568/324/2568
f 2568/324/2568 930/327/930 44/328/44 1486/329/1486
f 1542/325/1542 2568/324/2568 1486/329/1486 341/330/341
f 251/331/251 1296/332/1296 2569/333/2569 1336/334/1336
f 1296/332/1296 97/335/97 1039/336/1039 2569/333/2569
f 2569/333/2569 1039/336/1039 41/337/41 1281/338/1281
f 1336/334/1336 2569/333/2569 1281/338/1281 236/339/236
f 406/340/406 1603/341/1603 2570/342/2570 1650/343/1650
f 1603/341/1603 98/344/98 1040/345/1040 2570/342/2570
f 2570/342/2570 1040/345/1040 42/346/42 1588/347/1588
f 1650/343/1650 2570/342/2570 1588/347/1588 391/348/391
f 302/349/302 1397/350/1397 2571/351/2571 1440/352/1440
f 1397/350/1397 99/353/99 1041/354/1041 2571/351/2571
f 2571/351/2571 1041/354/1041 43/355/43 1384/356/1384
f 1440/352/1440 2571/351/2571 1384/356/1384 289/357/289
f 341/358/341 1486/359/1486 2572/360/2572 1541/361/1541
f 1486/359/1486 44/362/44 935/363/935 2572/360/2572
f 2572/360/2572 935/363/935 45/364/45 1487/365/1487
f 1541/361/1541 2572/360/2572 1487/365/1487 342/366/342
f 236/367/236 1281/368/1281 2573/369/2573 1335/370/1335
f 1281/368/1281 41/371/41 927/372/927 2573/369/2573
f 2573/369/2573 927/372/927 46/373/46 1282/374/1282
f 1335/370/1335 2573/369/2573 1282/374/1282 237/375/237
f 391/348/391 1588/347/1588 2574/376/2574 1649/377/1649
f 1588/347/1588 42/346/42 928/378/928 2574/376/2574
f 2574/376/2574 928/378/928 47/379/47 1589/380/1589
f 1649/377/1649 2574/376/2574 1589/380/1589 392/381/392
f 289/382/289 1384/383/1384 2575/384/2575 1439/385/1439
f 1384/383/1384 43/386/43 929/387/929 2575/384/2575
f 2575/384/2575 929/387/929 48/388/48 1385/389/1385
f 1439/385/1439 2575/384/2575 1385/389/1385 290/390/290
f 342/391/342 1487/392/1487 2576/393/2576 1540/394/1540
f 1487/392/1487 45/395/45 943/396/943 2576/393/2576
f 2576/393/2576 943/396/943 49/397/49 1488/398/1488
f 1540/394/1540 2576/393/2576 1488/398/1488 343/399/343
f 237/375/237 1282/374/1282 2577/400/2577 1334/401/1334
f 1282/374/1282 46/373/46 936/402/936 2577/400/2577
f 2577/400/2577 936/402/936 50/314/50 1283/311/1283
f 1334/401/1334 2577/400/2577 1283/311/1283 238/310/238
f 392/403/392 1589/404/1589 2578/405/2578 1648/406/1648
f 1589/404/1589 47/407/47 937/408/937 2578/405/2578
f 2578/405/2578 937/408/937 51/305/51 1590/302/1590
f 1648/406/1648 2578/405/2578 1590/302/1590 393/301/393
f 290/390/290 1385/389/1385 2579/409/2579 1438/410/1438
f 1385/389/1385 48/388/48 938/411/938 2579/409/2579
f 2579/409/2579 938/411/938 52/299/52 1386/296/1386
f 1438/410/1438 2579/409/2579 1386/296/1386 291/295/291
f 300/412/300 1395/413/1395 2580/414/2580 1437/415/1437
f 1395/413/1395 91/416/91 1025/417/1025 2580/414/2580
f 2580/414/2580 1025/417/1025 56/418/56 1387/419/1387
f 1437/415/1437 2580/414/2580 1387/419/1387 292/420/292
f 404/421/404 1601/422/1601 2581/423/2581 1647/424/1647
f 1601/422/1601 90/425/90 1024/426/1024 2581/423/2581
f 2581/423/2581 1024/426/1024 55/427/55 1591/428/1591
f 1647/424/1647 2581/423/2581 1591/428/1591 394/429/394
f 249/430/249 1294/431/1294 2582/432/2582 1333/433/1333
f 1294/431/1294 89/434/89 1023/435/1023 2582/432/2582
f 2582/432/2582 1023/435/1023 54/436/54 1284/437/1284
f 1333/433/1333 2582/432/2582 1284/437/1284 239/438/239
f 352/439/352 1497/440/1497 2583/441/2583 1539/442/1539
f 1497/440/1497 92/443/92 951/444/951 2583/441/2583
f 2583/441/2583 951/444/951 53/445/53 1489/446/1489
f 1539/442/1539 2583/441/2583 1489/446/1489 344/447/344
f 301/448/301 1396/449/1396 2584/450/2584 1436/451/1436
f 1396/449/1396 95/452/95 1033/453/1033 2584/450/2584
f 2584/450/2584 1033/453/1033 60/454/60 1388/455/1388
f 1436/451/1436 2584/450/2584 1388/455/1388 293/456/293
f 405/457/405 1602/458/1602 2585/459/2585 1646/460/1646
f 1602/458/1602 94/461/94 1032/462/1032 2585/459/2585
f 2585/459/2585 1032/462/1032 59/463/59 1592/464/1592
f 1646/460/1646 2585/459/2585 1592/464/1592 395/465/395
f 250/466/250 1295/467/1295 2586/468/2586 1332/469/1332
f 1295/467/1295 93/470/93 1031/471/1031 2586/468/2586
f 2586/468/2586 1031/471/1031 58/236/58 1285/233/1285
f 1332/469/1332 2586/468/2586 1285/233/1285 240/232/240
f 353/472/353 1498/473/1498 2587/474/2587 1538/475/1538
f 1498/473/1498 96/476/96 959/477/959 2587/474/2587
f 2587/474/2587 959/477/959 57/191/57 1490/188/1490
f 1538/475/1538 2587/474/2587 1490/188/1490 345/187/345
f 292/478/292 1387/479/1387 2588/480/2588 1435/481/1435
f 1387/479/1387 56/482/56 954/483/954 2588/480/2588
f 2588/480/2588 954/483/954 64/484/64 1389/485/1389
f 1435/481/1435 2588/480/2588 1389/485/1389 294/486/294
f 394/487/394 1591/488/1591 2589/489/2589 1645/490/1645
f 1591/488/1591 55/491/55 953/492/953 2589/489/2589
f 2589/489/2589 953/492/953 63/493/63 1593/494/1593
f 1645/490/1645 2589/489/2589 1593/494/1593 396/495/396
f 239/496/239 1284/497/1284 2590/498/2590 1331/499/1331
f 1284/497/1284 54/500/54 952/501/952 2590/498/2590
f 2590/498/2590 952/501/952 62/200/62 1286/197/1286
f 1331/499/1331 2590/498/2590 1286/197/1286 241/196/241
f 344/502/344 1489/503/1489 2591/504/2591 1537/505/1537
f 1489/503/1489 53/506/53 967/507/967 2591/504/2591
f 2591/504/2591 967/507/967 61/155/61 1491/152/1491
f 1537/505/1537 2591/504/2591 1491/152/1491 346/151/346
f 403/508/403 1600/509/1600 2592/510/2592 1644/511/1644
f 1600/509/1600 87/512/87 1017/513/1017 2592/510/2592
f 2592/510/2592 1017/513/1017 68/182/68 1594/179/1594
f 1644/511/1644 2592/510/2592 1594/179/1594 397/178/397
f 248/514/248 1293/515/1293 2593/516/2593 1330/517/1330
f 1293/515/1293 86/518/86 1016/519/1016 2593/516/2593
f 2593/516/2593 1016/519/1016 67/520/67 1287/521/1287
f 1330/517/1330 2593/516/2593 1287/521/1287 242/522/242
f 351/523/351 1496/524/1496 2594/525/2594 1536/526/1536
f 1496/524/1496 85/527/85 1015/528/1015 2594/525/2594
f 2594/525/2594 1015/528/1015 66/164/66 1492/161/1492
f 1536/526/1536 2594/525/2594 1492/161/1492 347/160/347
f 299/529/299 1394/530/1394 2595/531/2595 1434/532/1434
f 1394/530/1394 88/533/88 975/534/975 2595/531/2595
f 2595/531/2595 975/534/975 65/535/65 1390/536/1390
f 1434/532/1434 2595/531/2595 1390/536/1390 295/537/295
f 258/63/258 864/62/864 2596/538/2596 1433/539/1433
f 864/62/864 12/61/12 878/540/878 2596/538/2596
f 2596/538/2596 878/540/878 72/541/72 1391/542/1391
f 1433/539/1433 2596/538/2596 1391/542/1391 296/543/296
f 358/18/358 866/17/866 2597/544/2597 1643/545/1643
f 866/17/866 10/16/10 877/546/877 2597/544/2597
f 2597/544/2597 877/546/877 71/547/71 1595/548/1595
f 1643/545/1643 2597/544/2597 1595/548/1595 398/549/398
f 221/550/221 1266/551/1266 2598/552/2598 1329/553/1329
f 1266/551/1266 9/554/9 876/555/876 2598/552/2598
f 2598/552/2598 876/555/876 70/556/70 1288/557/1288
f 1329/553/1329 2598/552/2598 1288/557/1288 243/558/243
f 307/72/307 865/71/865 2599/559/2599 1535/560/1535
f 865/71/865 11/70/11 983/561/983 2599/559/2599
f 2599/559/2599 983/561/983 69/562/69 1493/563/1493
f 1535/560/1535 2599/559/2599 1493/563/1493 348/564/348
f 304/565/304 1534/566/1534 2600/567/2600 853/65/853
f 1534/566/1534 323/37/323 995/40/995 2600/567/2600
f 2600/567/2600 995/40/995 76/45/76 994/568/994
f 853/65/853 2600/567/2600 994/568/994 3/68/3
f 218/569/218 1263/570/1263 2601/571/2601 1328/572/1328
f 1263/570/1263 3/573/3 994/574/994 2601/571/2601
f 2601/571/2601 994/574/994 76/32/76 1289/29/1289
f 1328/572/1328 2601/571/2601 1289/29/1289 244/28/244
f 219/575/219 1264/576/1264 2602/577/2602 1327/578/1327
f 1264/576/1264 8/579/8 992/580/992 2602/577/2602
f 2602/577/2602 992/580/992 74/23/74 1290/20/1290
f 1327/578/1327 2602/577/2602 1290/20/1290 245/19/245
f 305/581/305 1533/582/1533 2603/583/2603 860/584/860
f 1533/582/1533 324/585/324 998/586/998 2603/583/2603
f 2603/583/2603 998/586/998 73/587/73 991/588/991
f 860/584/860 2603/583/2603 991/588/991 7/589/7
f 296/590/296 1391/591/1391 2604/592/2604 1432/593/1432
f 1391/591/1391 72/594/72 986/595/986 2604/592/2604
f 2604/592/2604 986/595/986 80/110/80 1392/107/1392
f 1432/593/1432 2604/592/2604 1392/107/1392 297/106/297
f 398/549/398 1595/548/1595 2605/596/2605 1642/597/1642
f 1595/548/1595 71/547/71 985/598/985 2605/596/2605
f 2605/596/2605 985/598/985 79/101/79 1598/98/1598
f 1642/597/1642 2605/596/2605 1598/98/1598 401/97/401
f 243/599/243 1288/600/1288 2606/601/2606 1326/602/1326
f 1288/600/1288 70/603/70 984/604/984 2606/601/2606
f 2606/601/2606 984/604/984 78/92/78 1291/89/1291
f 1326/602/1326 2606/601/2606 1291/89/1291 246/88/246
f 348/564/348 1493/563/1493 2607/605/2607 1532/606/1532
f 1493/563/1493 69/562/69 999/607/999 2607/605/2607
f 2607/605/2607 999/607/999 77/50/77 1494/47/1494
f 1532/606/1532 2607/605/2607 1494/47/1494 349/46/349
f 419/608/419 1690/609/1690 2608/610/2608 1325/611/1325
f 1690/609/1690 412/612/412 1661/613/1661 2608/610/2608
f 2608/610/2608 1661/613/1661 84/146/84 1292/143/1292
f 1325/611/1325 2608/610/2608 1292/143/1292 247/142/247
f 423/614/423 1689/615/1689 2609/616/2609 1531/617/1531
f 1689/615/1689 411/618/411 1660/619/1660 2609/616/2609
f 2609/616/2609 1660/619/1660 83/137/83 1495/134/1495
f 1531/617/1531 2609/616/2609 1495/134/1495 350/133/350
f 421/620/421 1688/621/1688 2610/622/2610 1431/623/1431
f 1688/621/1688 410/624/410 1659/625/1659 2610/622/2610
f 2610/622/2610 1659/625/1659 82/128/82 1393/125/1393
f 1431/623/1431 2610/622/2610 1393/125/1393 298/124/298
f 425/626/425 1687/627/1687 2611/628/2611 1641/629/1641
f 1687/627/1687 413/630/413 1007/631/1007 2611/628/2611
f 2611/628/2611 1007/631/1007 81/632/81 1599/633/1599
f 1641/629/1641 2611/628/2611 1599/633/1599 402/79/402
f 262/634/262 880/635/880 2612/636/2612 1430/637/1430
f 880/635/880 20/638/20 1018/639/1018 2612/636/2612
f 2612/636/2612 1018/639/1018 88/533/88 1394/530/1394
f 1430/637/1430 2612/636/2612 1394/530/1394 299/529/299
f 309/640/309 881/641/881 2613/642/2613 1530/643/1530
f 881/641/881 19/644/19 892/645/892 2613/642/2613
f 2613/642/2613 892/645/892 85/527/85 1496/524/1496
f 1530/643/1530 2613/642/2613 1496/524/1496 351/523/351
f 225/646/225 1270/647/1270 2614/648/2614 1324/649/1324
f 1270/647/1270 17/650/17 893/651/893 2614/648/2614
f 2614/648/2614 893/651/893 86/518/86 1293/515/1293
f 1324/649/1324 2614/648/2614 1293/515/1293 248/514/248
f 360/652/360 882/653/882 2615/654/2615 1640/655/1640
f 882/653/882 18/656/18 894/657/894 2615/654/2615
f 2615/654/2615 894/657/894 87/658/87 1600/659/1600
f 1640/655/1640 2615/654/2615 1600/659/1600 403/660/403
f 310/661/310 889/662/889 2616/663/2616 1529/664/1529
f 889/662/889 23/665/23 1026/666/1026 2616/663/2616
f 2616/663/2616 1026/666/1026 92/443/92 1497/440/1497
f 1529/664/1529 2616/663/2616 1497/440/1497 352/439/352
f 227/177/227 1272/176/1272 2617/667/2617 1323/668/1323
f 1272/176/1272 21/175/21 900/669/900 2617/667/2617
f 2617/667/2617 900/669/900 89/434/89 1294/431/1294
f 1323/668/1323 2617/667/2617 1294/431/1294 249/430/249
f 361/186/361 890/185/890 2618/670/2618 1639/671/1639
f 890/185/890 22/184/22 901/672/901 2618/670/2618
f 2618/670/2618 901/672/901 90/425/90 1601/422/1601
f 1639/671/1639 2618/670/2618 1601/422/1601 404/421/404
f 264/123/264 888/122/888 2619/673/2619 1429/674/1429
f 888/122/888 24/121/24 902/675/902 2619/673/2619
f 2619/673/2619 902/675/902 91/676/91 1395/677/1395
f 1429/674/1429 2619/673/2619 1395/677/1395 300/678/300
f 311/679/311 897/680/897 2620/681/2620 1528/682/1528
f 897/680/897 27/683/27 1034/684/1034 2620/681/2620
f 2620/681/2620 1034/684/1034 96/685/96 1498/686/1498
f 1528/682/1528 2620/681/2620 1498/686/1498 353/687/353
f 229/688/229 1274/689/1274 2621/690/2621 1322/691/1322
f 1274/689/1274 25/692/25 908/693/908 2621/690/2621
f 2621/690/2621 908/693/908 93/470/93 1295/467/1295
f 1322/691/1322 2621/690/2621 1295/467/1295 250/466/250
f 362/694/362 898/695/898 2622/696/2622 1638/697/1638
f 898/695/898 26/698/26 909/699/909 2622/696/2622
f 2622/696/2622 909/699/909 94/461/94 1602/458/1602
f 1638/697/1638 2622/696/2622 1602/458/1602 405/457/405
f 266/222/266 896/221/896 2623/700/2623 1428/701/1428
f 896/221/896 28/220/28 910/702/910 2623/700/2623
f 2623/700/2623 910/702/910 95/703/95 1396/704/1396
f 1428/701/1428 2623/700/2623 1396/704/1396 301/705/301
f 268/706/268 904/707/904 2624/708/2624 1427/709/1427
f 904/707/904 32/710/32 918/711/918 2624/708/2624
f 2624/708/2624 918/711/918 99/353/99 1397/350/1397
f 1427/709/1427 2624/708/2624 1397/350/1397 302/349/302
f 363/712/363 906/713/906 2625/714/2625 1637/715/1637
f 906/713/906 30/716/30 917/717/917 2625/714/2625
f 2625/714/2625 917/717/917 98/344/98 1603/341/1603
f 1637/715/1637 2625/714/2625 1603/341/1603 406/340/406
f 231/718/231 1276/719/1276 2626/720/2626 1321/721/1321
f 1276/719/1276 29/722/29 916/723/916 2626/720/2626
f 2626/720/2626 916/723/916 97/335/97 1296/332/1296
f 1321/721/1321 2626/720/2626 1296/332/1296 251/331/251
f 312/724/312 905/725/905 2627/726/2627 1527/727/1527
f 905/725/905 31/728/31 1042/729/1042 2627/726/2627
f 2627/726/2627 1042/729/1042 100/326/100 1499/323/1499
f 1527/727/1527 2627/726/2627 1499/323/1499 354/322/354
f 267/730/267 1362/731/1362 2628/732/2628 1426/733/1426
f 1362/731/1362 115/734/115 1097/735/1097 2628/732/2628
f 2628/732/2628 1097/735/1097 150/736/150 1382/737/1382
f 1426/733/1426 2628/732/2628 1382/737/1382 287/738/287
f 232/739/232 1062/740/1062 2629/741/2629 1320/742/1320
f 1062/740/1062 116/743/116 1098/744/1098 2629/741/2629
f 2629/741/2629 1098/744/1098 149/745/149 1261/746/1261
f 1320/742/1320 2629/741/2629 1261/746/1261 216/747/216
f 230/748/230 1060/749/1060 2630/750/2630 1319/751/1319
f 1060/749/1060 114/752/114 1099/753/1099 2630/750/2630
f 2630/750/2630 1099/753/1099 148/754/148 1260/755/1260
f 1319/751/1319 2630/750/2630 1260/755/1260 215/756/215
f 265/757/265 1360/758/1360 2631/759/2631 1425/760/1425
f 1360/758/1360 113/761/113 1100/762/1100 2631/759/2631
f 2631/759/2631 1100/762/1100 147/763/147 1381/764/1381
f 1425/760/1425 2631/759/2631 1381/764/1381 286/765/286
f 228/766/228 1058/767/1058 2632/768/2632 1318/769/1318
f 1058/767/1058 112/770/112 1101/771/1101 2632/768/2632
f 2632/768/2632 1101/771/1101 146/772/146 1259/773/1259
f 1318/769/1318 2632/768/2632 1259/773/1259 214/774/214
f 263/775/263 1358/776/1358 2633/777/2633 1424/778/1424
f 1358/776/1358 111/779/111 1102/780/1102 2633/777/2633
f 2633/777/2633 1102/780/1102 145/781/145 1380/782/1380
f 1424/778/1424 2633/777/2633 1380/782/1380 285/783/285
f 261/784/261 1356/785/1356 2634/786/2634 1423/787/1423
f 1356/785/1356 109/788/109 1103/789/1103 2634/786/2634
f 2634/786/2634 1103/789/1103 144/790/144 1379/791/1379
f 1423/787/1423 2634/786/2634 1379/791/1379 284/792/284
f 226/793/226 1056/794/1056 2635/795/2635 1317/796/1317
f 1056/794/1056 110/797/110 1104/798/1104 2635/795/2635
f 2635/795/2635 1104/798/1104 143/799/143 1258/800/1258
f 1317/796/1317 2635/795/2635 1258/800/1258 213/801/213
f 418/802/418 1686/803/1686 2636/804/2636 1316/805/1316
f 1686/803/1686 414/806/414 1105/807/1105 2636/804/2636
f 2636/804/2636 1105/807/1105 142/808/142 1257/809/1257
f 1316/805/1316 2636/804/2636 1257/809/1257 212/810/212
f 420/811/420 1685/812/1685 2637/813/2637 1422/814/1422
f 1685/812/1685 415/815/415 1106/816/1106 2637/813/2637
f 2637/813/2637 1106/816/1106 141/817/141 1378/818/1378
f 1422/814/1422 2637/813/2637 1378/818/1378 283/819/283
f 279/820/279 1374/821/1374 2638/822/2638 1421/823/1421
f 1374/821/1374 136/824/136 1107/825/1107 2638/822/2638
f 2638/822/2638 1107/825/1107 140/826/140 1377/827/1377
f 1421/823/1421 2638/822/2638 1377/827/1377 282/828/282
f 210/829/210 1255/830/1255 2639/831/2639 1315/832/1315
f 1255/830/1255 135/833/135 1108/834/1108 2639/831/2639
f 2639/831/2639 1108/834/1108 139/835/139 1256/836/1256
f 1315/832/1315 2639/831/2639 1256/836/1256 211/837/211
f 255/838/255 1350/839/1350 2640/840/2640 1420/841/1420
f 1350/839/1350 103/842/103 1109/843/1109 2640/840/2640
f 2640/840/2640 1109/843/1109 138/844/138 1376/845/1376
f 1420/841/1420 2640/840/2640 1376/845/1376 281/846/281
f 254/847/254 1349/848/1349 2641/849/2641 1419/850/1419
f 1349/848/1349 102/851/102 1110/852/1110 2641/849/2641
f 2641/849/2641 1110/852/1110 137/853/137 1375/854/1375
f 1419/850/1419 2641/849/2641 1375/854/1375 280/855/280
f 257/856/257 1352/857/1352 2642/858/2642 1418/859/1418
f 1352/857/1352 105/860/105 1111/861/1111 2642/858/2642
f 2642/858/2642 1111/861/1111 136/824/136 1374/821/1374
f 1418/859/1418 2642/858/2642 1374/821/1374 279/820/279
f 222/862/222 1052/863/1052 2643/864/2643 1314/865/1314
f 1052/863/1052 106/866/106 1112/867/1112 2643/864/2643
f 2643/864/2643 1112/867/1112 135/868/135 1255/869/1255
f 1314/865/1314 2643/864/2643 1255/869/1255 210/870/210
f 213/801/213 1258/800/1258 2644/871/2644 1313/872/1313
f 1258/800/1258 143/799/143 1113/873/1113 2644/871/2644
f 2644/871/2644 1113/873/1113 134/874/134 1254/875/1254
f 1313/872/1313 2644/871/2644 1254/875/1254 209/876/209
f 284/877/284 1379/878/1379 2645/879/2645 1417/880/1417
f 1379/878/1379 144/881/144 1114/882/1114 2645/879/2645
f 2645/879/2645 1114/882/1114 133/883/133 1373/884/1373
f 1417/880/1417 2645/879/2645 1373/884/1373 278/885/278
f 275/886/275 1370/887/1370 2646/888/2646 1416/889/1416
f 1370/887/1370 128/890/128 1115/891/1115 2646/888/2646
f 2646/888/2646 1115/891/1115 132/892/132 1372/893/1372
f 1416/889/1416 2646/888/2646 1372/893/1372 277/894/277
f 206/895/206 1251/896/1251 2647/897/2647 1312/898/1312
f 1251/896/1251 127/899/127 1116/900/1116 2647/897/2647
f 2647/897/2647 1116/900/1116 131/901/131 1253/902/1253
f 1312/898/1312 2647/897/2647 1253/902/1253 208/903/208
f 286/904/286 1381/905/1381 2648/906/2648 1415/907/1415
f 1381/905/1381 147/908/147 1117/909/1117 2648/906/2648
f 2648/906/2648 1117/909/1117 130/910/130 1371/911/1371
f 1415/907/1415 2648/906/2648 1371/911/1371 276/912/276
f 215/913/215 1260/914/1260 2649/915/2649 1311/916/1311
f 1260/914/1260 148/917/148 1118/918/1118 2649/915/2649
f 2649/915/2649 1118/918/1118 129/919/129 1252/920/1252
f 1311/916/1311 2649/915/2649 1252/920/1252 207/921/207
f 285/783/285 1380/782/1380 2650/922/2650 1414/923/1414
f 1380/782/1380 145/781/145 1119/924/1119 2650/922/2650
f 2650/922/2650 1119/924/1119 128/925/128 1370/926/1370
f 1414/923/1414 2650/922/2650 1370/926/1370 275/927/275
f 214/774/214 1259/773/1259 2651/928/2651 1310/929/1310
f 1259/773/1259 146/772/146 1120/930/1120 2651/928/2651
f 2651/928/2651 1120/930/1120 127/931/127 1251/932/1251
f 1310/929/1310 2651/928/2651 1251/932/1251 206/933/206
f 204/934/204 1249/935/1249 2652/936/2652 1309/937/1309
f 1249/935/1249 124/938/124 1121/939/1121 2652/936/2652
f 2652/936/2652 1121/939/1121 126/940/126 1250/941/1250
f 1309/937/1309 2652/936/2652 1250/941/1250 205/942/205
f 273/943/273 1368/944/1368 2653/945/2653 1413/946/1413
f 1368/944/1368 123/947/123 1122/948/1122 2653/945/2653
f 2653/945/2653 1122/948/1122 125/949/125 1369/950/1369
f 1413/946/1413 2653/945/2653 1369/950/1369 274/951/274
f 203/952/203 1248/953/1248 2654/954/2654 1308/955/1308
f 1248/953/1248 122/956/122 1123/957/1123 2654/954/2654
f 2654/954/2654 1123/957/1123 124/958/124 1249/959/1249
f 1308/955/1308 2654/954/2654 1249/959/1249 204/960/204
f 272/961/272 1367/962/1367 2655/963/2655 1412/964/1412
f 1367/962/1367 121/965/121 1124/966/1124 2655/963/2655
f 2655/963/2655 1124/966/1124 123/967/123 1368/968/1368
f 1412/964/1412 2655/963/2655 1368/968/1368 273/969/273
f 216/970/216 1261/971/1261 2656/972/2656 1307/973/1307
f 1261/971/1261 149/974/149 1125/975/1125 2656/972/2656
f 2656/972/2656 1125/975/1125 122/956/122 1248/953/1248
f 1307/973/1307 2656/972/2656 1248/953/1248 203/952/203
f 287/976/287 1382/977/1382 2657/978/2657 1411/979/1411
f 1382/977/1382 150/980/150 1126/981/1126 2657/978/2657
f 2657/978/2657 1126/981/1126 121/965/121 1367/962/1367
f 1411/979/1411 2657/978/2657 1367/962/1367 272/961/272
f 274/951/274 1369/950/1369 2658/982/2658 1410/983/1410
f 1369/950/1369 125/949/125 1127/984/1127 2658/982/2658
f 2658/982/2658 1127/984/1127 120/985/120 1366/986/1366
f 1410/983/1410 2658/982/2658 1366/986/1366 271/987/271
f 205/942/205 1250/941/1250 2659/988/2659 1306/989/1306
f 1250/941/1250 126/940/126 1128/990/1128 2659/988/2659
f 2659/988/2659 1128/990/1128 119/991/119 1247/992/1247
f 1306/989/1306 2659/988/2659 1247/992/1247 202/993/202
f 202/994/202 1247/992/1247 2660/995/2660 1305/996/1305
f 1247/992/1247 119/997/119 1129/998/1129 2660/995/2660
f 2660/995/2660 1129/998/1129 118/999/118 1064/1000/1064
f 1305/996/1305 2660/995/2660 1064/1000/1064 234/1001/234
f 271/1002/271 1366/1003/1366 2661/1004/2661 1409/1005/1409
f 1366/1003/1366 120/1006/120 1130/1007/1130 2661/1004/2661
f 2661/1004/2661 1130/1007/1130 117/1008/117 1364/1009/1364
f 1409/1005/1409 2661/1004/2661 1364/1009/1364 269/1010/269
f 356/1011/356 1526/1012/1526 2662/1013/2662 1408/1014/1408
f 1526/1012/1526 331/1015/331 1131/1016/1131 2662/1013/2662
f 2662/1013/2662 1131/1016/1131 118/1017/118 1365/1018/1365
f 1408/1014/1408 2662/1013/2662 1365/1018/1365 270/1019/270
f 207/1020/207 1252/1021/1252 2663/1022/2663 1304/1023/1304
f 1252/1021/1252 129/1024/129 1132/1025/1132 2663/1022/2663
f 2663/1022/2663 1132/1025/1132 116/1026/116 1062/1027/1062
f 1304/1023/1304 2663/1022/2663 1062/1027/1062 232/1028/232
f 276/1029/276 1371/1030/1371 2664/1031/2664 1407/1032/1407
f 1371/1030/1371 130/1033/130 1133/1034/1133 2664/1031/2664
f 2664/1031/2664 1133/1034/1133 115/1035/115 1362/1036/1362
f 1407/1032/1407 2664/1031/2664 1362/1036/1362 267/1037/267
f 208/903/208 1253/902/1253 2665/1038/2665 1303/1039/1303
f 1253/902/1253 131/901/131 1134/1040/1134 2665/1038/2665
f 2665/1038/2665 1134/1040/1134 114/1041/114 1060/1042/1060
f 1303/1039/1303 2665/1038/2665 1060/1042/1060 230/1043/230
f 277/1044/277 1372/1045/1372 2666/1046/2666 1406/1047/1406
f 1372/1045/1372 132/1048/132 1135/1049/1135 2666/1046/2666
f 2666/1046/2666 1135/1049/1135 113/761/113 1360/758/1360
f 1406/1047/1406 2666/1046/2666 1360/758/1360 265/757/265
f 278/885/278 1373/884/1373 2667/1050/2667 1405/1051/1405
f 1373/884/1373 133/883/133 1136/1052/1136 2667/1050/2667
f 2667/1050/2667 1136/1052/1136 111/779/111 1358/776/1358
f 1405/1051/1405 2667/1050/2667 1358/776/1358 263/775/263
f 283/819/283 1378/818/1378 2668/1053/2668 1404/1054/1404
f 1378/818/1378 141/817/141 1137/1055/1137 2668/1053/2668
f 2668/1053/2668 1137/1055/1137 109/1056/109 1356/1057/1356
f 1404/1054/1404 2668/1053/2668 1356/1057/1356 261/1058/261
f 212/1059/212 1257/1060/1257 2669/1061/2669 1302/1062/1302
f 1257/1060/1257 142/1063/142 1138/1064/1138 2669/1061/2669
f 2669/1061/2669 1138/1064/1138 110/1065/110 1056/1066/1056
f 1302/1062/1302 2669/1061/2669 1056/1066/1056 226/1067/226
f 209/1068/209 1254/1069/1254 2670/1070/2670 1301/1071/1301
f 1254/1069/1254 134/1072/134 1139/1073/1139 2670/1070/2670
f 2670/1070/2670 1139/1073/1139 112/770/112 1058/767/1058
f 1301/1071/1301 2670/1070/2670 1058/767/1058 228/766/228
f 211/1074/211 1256/1075/1256 2671/1076/2671 1300/1077/1300
f 1256/1075/1256 139/1078/139 1140/1079/1140 2671/1076/2671
f 2671/1076/2671 1140/1079/1140 108/1080/108 1054/1081/1054
f 1300/1077/1300 2671/1076/2671 1054/1081/1054 224/1082/224
f 282/828/282 1377/827/1377 2672/1083/2672 1403/1084/1403
f 1377/827/1377 140/826/140 1141/1085/1141 2672/1083/2672
f 2672/1083/2672 1141/1085/1141 107/1086/107 1354/1087/1354
f 1403/1084/1403 2672/1083/2672 1354/1087/1354 259/1088/259
f 253/1089/253 1348/1090/1348 2673/1091/2673 1402/1092/1402
f 1348/1090/1348 101/1093/101 1142/1094/1142 2673/1091/2673
f 2673/1091/2673 1142/1094/1142 105/860/105 1352/857/1352
f 1402/1092/1402 2673/1091/2673 1352/857/1352 257/856/257
f 218/1095/218 1048/1096/1048 2674/1097/2674 1299/1098/1299
f 1048/1096/1048 102/851/102 1143/1099/1143 2674/1097/2674
f 2674/1097/2674 1143/1099/1143 106/1100/106 1052/1101/1052
f 1299/1098/1299 2674/1097/2674 1052/1101/1052 222/1102/222
f 280/855/280 1375/854/1375 2675/1103/2675 1401/1104/1401
f 1375/854/1375 137/853/137 1144/1105/1144 2675/1103/2675
f 2675/1103/2675 1144/1105/1144 104/1106/104 1351/1107/1351
f 1401/1104/1401 2675/1103/2675 1351/1107/1351 256/1108/256
f 281/846/281 1376/845/1376 2676/1109/2676 1400/1110/1400
f 1376/845/1376 138/844/138 1145/1111/1145 2676/1109/2676
f 2676/1109/2676 1145/1111/1145 101/1093/101 1348/1090/1348
f 1400/1110/1400 2676/1109/2676 1348/1090/1348 253/1089/253
f 409/1112/409 1636/1113/1636 2677/1114/2677 1399/1115/1399
f 1636/1113/1636 407/1116/407 1196/1117/1196 2677/1114/2677
f 2677/1114/2677 1196/1117/1196 201/1118/201 1398/1119/1398
f 1399/1115/1399 2677/1114/2677 1398/1119/1398 303/1120/303
f 388/1121/388 1160/1122/1160 2678/1123/2678 1635/1124/1635
f 1160/1122/1160 165/1125/165 1198/1126/1198 2678/1123/2678
f 2678/1123/2678 1198/1126/1198 200/1127/200 1576/1128/1576
f 1635/1124/1635 2678/1123/2678 1576/1128/1576 379/1129/379
f 338/1130/338 1161/1131/1161 2679/1132/2679 1525/1133/1525
f 1161/1131/1161 166/1134/166 1199/1135/1199 2679/1132/2679
f 2679/1132/2679 1199/1135/1199 199/1136/199 1475/1137/1475
f 1525/1133/1525 2679/1132/2679 1475/1137/1475 330/1138/330
f 337/1139/337 1159/1140/1159 2680/1141/2680 1524/1142/1524
f 1159/1140/1159 164/1143/164 1200/1144/1200 2680/1141/2680
f 2680/1141/2680 1200/1144/1200 198/1145/198 1474/1146/1474
f 1524/1142/1524 2680/1141/2680 1474/1146/1474 329/1147/329
f 387/1148/387 1158/1149/1158 2681/1150/2681 1634/1151/1634
f 1158/1149/1158 163/1152/163 1201/1153/1201 2681/1150/2681
f 2681/1150/2681 1201/1153/1201 197/1154/197 1575/1155/1575
f 1634/1151/1634 2681/1150/2681 1575/1155/1575 378/1156/378
f 336/1157/336 1157/1158/1157 2682/1159/2682 1523/1160/1523
f 1157/1158/1157 162/1161/162 1202/1162/1202 2682/1159/2682
f 2682/1159/2682 1202/1162/1202 196/1163/196 1473/1164/1473
f 1523/1160/1523 2682/1159/2682 1473/1164/1473 328/1165/328
f 386/1166/386 1156/1167/1156 2683/1168/2683 1633/1169/1633
f 1156/1167/1156 161/1170/161 1203/1171/1203 2683/1168/2683
f 2683/1168/2683 1203/1171/1203 195/1172/195 1574/1173/1574
f 1633/1169/1633 2683/1168/2683 1574/1173/1574 377/1174/377
f 335/1175/335 1155/1176/1155 2684/1177/2684 1522/1178/1522
f 1155/1176/1155 160/1179/160 1204/1180/1204 2684/1177/2684
f 2684/1177/2684 1204/1180/1204 194/1181/194 1472/1182/1472
f 1522/1178/1522 2684/1177/2684 1472/1182/1472 327/1183/327
f 385/1184/385 1154/1185/1154 2685/1186/2685 1632/1187/1632
f 1154/1185/1154 159/1188/159 1205/1189/1205 2685/1186/2685
f 2685/1186/2685 1205/1189/1205 193/1190/193 1573/1191/1573
f 1632/1187/1632 2685/1186/2685 1573/1191/1573 376/1192/376
f 422/1193/422 1684/1194/1684 2686/1195/2686 1521/1196/1521
f 1684/1194/1684 416/1197/416 1206/1198/1206 2686/1195/2686
f 2686/1195/2686 1206/1198/1206 192/1199/192 1471/1200/1471
f 1521/1196/1521 2686/1195/2686 1471/1200/1471 326/1201/326
f 424/1202/424 1683/1203/1683 2687/1204/2687 1631/1205/1631
f 1683/1203/1683 417/1206/417 1207/1207/1207 2687/1204/2687
f 2687/1204/2687 1207/1207/1207 191/1208/191 1572/1209/1572
f 1631/1205/1631 2687/1204/2687 1572/1209/1572 375/1210/375
f 373/1211/373 1570/1212/1570 2688/1213/2688 1630/1214/1630
f 1570/1212/1570 186/1215/186 1208/1216/1208 2688/1213/2688
f 2688/1213/2688 1208/1216/1208 190/1217/190 1571/1218/1571
f 1630/1214/1630 2688/1213/2688 1571/1218/1571 374/1219/374
f 322/1220/322 1467/1221/1467 2689/1222/2689 1520/1223/1520
f 1467/1221/1467 185/1224/185 1209/1225/1209 2689/1222/2689
f 2689/1222/2689 1209/1225/1209 189/1226/189 1470/1227/1470
f 1520/1223/1520 2689/1222/2689 1470/1227/1470 325/1228/325
f 381/1229/381 1629/1230/1629 2690/1231/2690 1148/1232/1148
f 1629/1230/1629 400/1233/400 1183/1234/1183 2690/1231/2690
f 2690/1231/2690 1183/1234/1183 188/1235/188 1210/1236/1210
f 1148/1232/1148 2690/1231/2690 1210/1236/1210 153/1237/153
f 380/1238/380 1628/1239/1628 2691/1240/2691 1146/1241/1146
f 1628/1239/1628 399/1242/399 1182/1243/1182 2691/1240/2691
f 2691/1240/2691 1182/1243/1182 187/1244/187 1211/1245/1211
f 1146/1241/1146 2691/1240/2691 1211/1245/1211 151/1246/151
f 383/1247/383 1150/1248/1150 2692/1249/2692 1627/1250/1627
f 1150/1248/1150 155/1251/155 1212/1252/1212 2692/1249/2692
f 2692/1249/2692 1212/1252/1212 186/1215/186 1570/1212/1570
f 1627/1250/1627 2692/1249/2692 1570/1212/1570 373/1211/373
f 333/1253/333 1151/1254/1151 2693/1255/2693 1519/1256/1519
f 1151/1254/1151 156/1257/156 1213/1258/1213 2693/1255/2693
f 2693/1255/2693 1213/1258/1213 185/1224/185 1467/1221/1467
f 1519/1256/1519 2693/1255/2693 1467/1221/1467 322/1220/322
f 376/1192/376 1573/1191/1573 2694/1259/2694 1626/1260/1626
f 1573/1191/1573 193/1190/193 1214/1261/1214 2694/1259/2694
f 2694/1259/2694 1214/1261/1214 184/1262/184 1569/1263/1569
f 1626/1260/1626 2694/1259/2694 1569/1263/1569 372/1264/372
f 327/1265/327 1472/1266/1472 2695/1267/2695 1518/1268/1518
f 1472/1266/1472 194/1269/194 1215/1270/1215 2695/1267/2695
f 2695/1267/2695 1215/1270/1215 183/1271/183 1466/1272/1466
f 1518/1268/1518 2695/1267/2695 1466/1272/1466 321/1273/321
f 369/1274/369 1566/1275/1566 2696/1276/2696 1625/1277/1625
f 1566/1275/1566 178/1278/178 1216/1279/1216 2696/1276/2696
f 2696/1276/2696 1216/1279/1216 182/1280/182 1568/1281/1568
f 1625/1277/1625 2696/1276/2696 1568/1281/1568 371/1282/371
f 318/1283/318 1463/1284/1463 2697/1285/2697 1517/1286/1517
f 1463/1284/1463 177/1287/177 1217/1288/1217 2697/1285/2697
f 2697/1285/2697 1217/1288/1217 181/1289/181 1465/1290/1465
f 1517/1286/1517 2697/1285/2697 1465/1290/1465 320/1291/320
f 378/1292/378 1575/1293/1575 2698/1294/2698 1624/1295/1624
f 1575/1293/1575 197/1296/197 1218/1297/1218 2698/1294/2698
f 2698/1294/2698 1218/1297/1218 180/1298/180 1567/1299/1567
f 1624/1295/1624 2698/1294/2698 1567/1299/1567 370/1300/370
f 329/1147/329 1474/1146/1474 2699/1301/2699 1516/1302/1516
f 1474/1146/1474 198/1145/198 1219/1303/1219 2699/1301/2699
f 2699/1301/2699 1219/1303/1219 179/1304/179 1464/1305/1464
f 1516/1302/1516 2699/1301/2699 1464/1305/1464 319/1306/319
f 377/1307/377 1574/1308/1574 2700/1309/2700 1623/1310/1623
f 1574/1308/1574 195/1311/195 1220/1312/1220 2700/1309/2700
f 2700/1309/2700 1220/1312/1220 178/1278/178 1566/1275/1566
f 1623/1310/1623 2700/1309/2700 1566/1275/1566 369/1274/369
f 328/1313/328 1473/1164/1473 2701/1314/2701 1515/1315/1515
f 1473/1164/1473 196/1316/196 1221/1317/1221 2701/1314/2701
f 2701/1314/2701 1221/1317/1221 177/1318/177 1463/1319/1463
f 1515/1315/1515 2701/1314/2701 1463/1319/1463 318/1320/318
f 316/1321/316 1461/1322/1461 2702/1323/2702 1514/1324/1514
f 1461/1322/1461 174/1325/174 1222/1326/1222 2702/1323/2702
f 2702/1323/2702 1222/1326/1222 176/1327/176 1462/1328/1462
f 1514/1324/1514 2702/1323/2702 1462/1328/1462 317/1329/317
f 367/1330/367 1564/1331/1564 2703/1332/2703 1622/1333/1622
f 1564/1331/1564 173/1334/173 1223/1335/1223 2703/1332/2703
f 2703/1332/2703 1223/1335/1223 175/1336/175 1565/1337/1565
f 1622/1333/1622 2703/1332/2703 1565/1337/1565 368/1338/368
f 315/1339/315 1460/1340/1460 2704/1341/2704 1513/1342/1513
f 1460/1340/1460 172/1343/172 1224/1344/1224 2704/1341/2704
f 2704/1341/2704 1224/1344/1224 174/1325/174 1461/1322/1461
f 1513/1342/1513 2704/1341/2704 1461/1322/1461 316/1321/316
f 366/1345/366 1563/1346/1563 2705/1347/2705 1621/1348/1621
f 1563/1346/1563 171/1349/171 1225/1350/1225 2705/1347/2705
f 2705/1347/2705 1225/1350/1225 173/1351/173 1564/1352/1564
f 1621/1348/1621 2705/1347/2705 1564/1352/1564 367/1353/367
f 330/1138/330 1475/1137/1475 2706/1354/2706 1512/1355/1512
f 1475/1137/1475 199/1136/199 1226/1356/1226 2706/1354/2706
f 2706/1354/2706 1226/1356/1226 172/1357/172 1460/1358/1460
f 1512/1355/1512 2706/1354/2706 1460/1358/1460 315/1359/315
f 379/1129/379 1576/1128/1576 2707/1360/2707 1620/1361/1620
f 1576/1128/1576 200/1127/200 1227/1362/1227 2707/1360/2707
f 2707/1360/2707 1227/1362/1227 171/1363/171 1563/1364/1563
f 1620/1361/1620 2707/1360/2707 1563/1364/1563 366/1365/366
f 368/1338/368 1565/1337/1565 2708/1366/2708 1619/1367/1619
f 1565/1337/1565 175/1336/175 1228/1368/1228 2708/1366/2708
f 2708/1366/2708 1228/1368/1228 170/1369/170 1562/1370/1562
f 1619/1367/1619 2708/1366/2708 1562/1370/1562 365/1371/365
f 317/1329/317 1462/1328/1462 2709/1372/2709 1511/1373/1511
f 1462/1328/1462 176/1327/176 1229/1374/1229 2709/1372/2709
f 2709/1372/2709 1229/1374/1229 169/1375/169 1459/1376/1459
f 1511/1373/1511 2709/1372/2709 1459/1376/1459 314/1377/314
f 314/1377/314 1459/1376/1459 2710/1378/2710 1510/1379/1510
f 1459/1376/1459 169/1375/169 1230/1380/1230 2710/1378/2710
f 2710/1378/2710 1230/1380/1230 168/1381/168 1163/1382/1163
f 1510/1379/1510 2710/1378/2710 1163/1382/1163 339/1383/339
f 408/1384/408 1618/1385/1618 2711/1386/2711 1298/1387/1298
f 1618/1385/1618 389/1388/389 1162/1389/1162 2711/1386/2711
f 2711/1386/2711 1162/1389/1162 167/1390/167 1297/1391/1297
f 1298/1387/1298 2711/1386/2711 1297/1391/1297 252/1392/252
f 319/1393/319 1464/1394/1464 2712/1395/2712 1509/1396/1509
f 1464/1394/1464 179/1397/179 1232/1398/1232 2712/1395/2712
f 2712/1395/2712 1232/1398/1232 166/1399/166 1161/1400/1161
f 1509/1396/1509 2712/1395/2712 1161/1400/1161 338/1401/338
f 365/1402/365 1562/1403/1562 2713/1404/2713 1617/1405/1617
f 1562/1403/1562 170/1406/170 1233/1407/1233 2713/1404/2713
f 2713/1404/2713 1233/1407/1233 167/1408/167 1162/1409/1162
f 1617/1405/1617 2713/1404/2713 1162/1409/1162 389/1410/389
f 320/1411/320 1465/1412/1465 2714/1413/2714 1508/1414/1508
f 1465/1412/1465 181/1415/181 1234/1416/1234 2714/1413/2714
f 2714/1413/2714 1234/1416/1234 164/1417/164 1159/1418/1159
f 1508/1414/1508 2714/1413/2714 1159/1418/1159 337/1419/337
f 370/1300/370 1567/1299/1567 2715/1420/2715 1616/1421/1616
f 1567/1299/1567 180/1298/180 1235/1422/1235 2715/1420/2715
f 2715/1420/2715 1235/1422/1235 165/1423/165 1160/1424/1160
f 1616/1421/1616 2715/1420/2715 1160/1424/1160 388/1425/388
f 321/1273/321 1466/1272/1466 2716/1426/2716 1507/1427/1507
f 1466/1272/1466 183/1271/183 1236/1428/1236 2716/1426/2716
f 2716/1426/2716 1236/1428/1236 162/1429/162 1157/1430/1157
f 1507/1427/1507 2716/1426/2716 1157/1430/1157 336/1157/336
f 372/1431/372 1569/1432/1569 2717/1433/2717 1615/1434/1615
f 1569/1432/1569 184/1435/184 1237/1436/1237 2717/1433/2717
f 2717/1433/2717 1237/1436/1237 161/1437/161 1156/1438/1156
f 1615/1434/1615 2717/1433/2717 1156/1438/1156 386/1439/386
f 371/1282/371 1568/1281/1568 2718/1440/2718 1614/1441/1614
f 1568/1281/1568 182/1280/182 1238/1442/1238 2718/1440/2718
f 2718/1440/2718 1238/1442/1238 163/1443/163 1158/1444/1158
f 1614/1441/1614 2718/1440/2718 1158/1444/1158 387/1445/387
f 375/1446/375 1572/1447/1572 2719/1448/2719 1613/1449/1613
f 1572/1447/1572 191/1450/191 1239/1451/1239 2719/1448/2719
f 2719/1448/2719 1239/1451/1239 159/1452/159 1154/1453/1154
f 1613/1449/1613 2719/1448/2719 1154/1453/1154 385/1454/385
f 325/1228/325 1470/1227/1470 2720/1455/2720 1506/1456/1506
f 1470/1227/1470 189/1226/189 1240/1457/1240 2720/1455/2720
f 2720/1455/2720 1240/1457/1240 158/1458/158 1153/1459/1153
f 1506/1456/1506 2720/1455/2720 1153/1459/1153 334/1460/334
f 326/1461/326 1471/1462/1471 2721/1463/2721 1505/1464/1505
f 1471/1462/1471 192/1465/192 1241/1466/1241 2721/1463/2721
f 2721/1463/2721 1241/1466/1241 160/1467/160 1155/1468/1155
f 1505/1464/1505 2721/1463/2721 1155/1468/1155 335/1469/335
f 380/1238/380 1146/1241/1146 2722/1470/2722 1612/1471/1612
f 1146/1241/1146 151/1472/151 1242/1473/1242 2722/1470/2722
f 2722/1470/2722 1242/1473/1242 155/1251/155 1150/1248/1150
f 1612/1471/1612 2722/1470/2722 1150/1248/1150 383/1247/383
f 374/1474/374 1571/1475/1571 2723/1476/2723 1611/1477/1611
f 1571/1475/1571 190/1217/190 1243/1478/1243 2723/1476/2723
f 2723/1476/2723 1243/1478/1243 157/1479/157 1152/1480/1152
f 1611/1477/1611 2723/1476/2723 1152/1480/1152 384/1481/384
f 399/1242/399 1610/1482/1610 2724/1483/2724 1182/1484/1182
f 1610/1482/1610 382/1485/382 1149/1486/1149 2724/1483/2724
f 2724/1483/2724 1149/1486/1149 154/1487/154 1244/1488/1244
f 1182/1484/1182 2724/1483/2724 1244/1488/1244 187/1489/187
f 332/1490/332 1147/1491/1147 2725/1492/2725 1504/1493/1504
f 1147/1491/1147 152/1494/152 1245/1495/1245 2725/1492/2725
f 2725/1492/2725 1245/1495/1245 156/1257/156 1151/1254/1151
f 1504/1493/1504 2725/1492/2725 1151/1254/1151 333/1253/333
f 400/1233/400 1609/1496/1609 2726/1497/2726 1183/1498/1183
f 1609/1496/1609 357/1499/357 1554/1500/1554 2726/1497/2726
f 2726/1497/2726 1554/1500/1554 152/1501/152 1246/1502/1246
f 1183/1498/1183 2726/1497/2726 1246/1502/1246 188/1503/188
f 407/1116/407 1608/1504/1608 2727/1505/2727 1196/1117/1196
f 1608/1504/1608 408/1506/408 1298/1507/1298 2727/1505/2727
f 2727/1505/2727 1298/1507/1298 252/1508/252 1231/1509/1231
f 1196/1117/1196 2727/1505/2727 1231/1509/1231 201/1118/201
f 3/573/3 1263/1510/1263 2728/1511/2728 869/1512/869
f 1263/1510/1263 218/1095/218 1299/1098/1299 2728/1511/2728
f 2728/1511/2728 1299/1098/1299 222/1102/222 1267/1513/1267
f 869/1512/869 2728/1511/2728 1267/1513/1267 11/1514/11
f 77/1515/77 1003/1516/1003 2729/1517/2729 875/1518/875
f 1003/1516/1003 211/837/211 1300/1519/1300 2729/1517/2729
f 2729/1517/2729 1300/1519/1300 224/1520/224 1269/1521/1269
f 875/1518/875 2729/1517/2729 1269/1521/1269 15/1522/15
f 66/1523/66 982/1524/982 2730/1525/2730 976/1526/976
f 982/1524/982 209/1068/209 1301/1071/1301 2730/1525/2730
f 2730/1525/2730 1301/1071/1301 228/766/228 1273/1527/1273
f 976/1526/976 2730/1525/2730 1273/1527/1273 23/665/23
f 83/137/83 1013/1528/1013 2731/1529/2731 1009/138/1009
f 1013/1528/1013 212/1059/212 1302/1062/1302 2731/1529/2731
f 2731/1529/2731 1302/1062/1302 226/1067/226 1271/1530/1271
f 1009/138/1009 2731/1529/2731 1271/1530/1271 19/139/19
f 61/155/61 971/1531/971 2732/1532/2732 899/156/899
f 971/1531/971 208/903/208 1303/1039/1303 2732/1532/2732
f 2732/1532/2732 1303/1039/1303 230/1043/230 1275/1533/1275
f 899/156/899 2732/1532/2732 1275/1533/1275 27/157/27
f 57/1534/57 963/1535/963 2733/1536/2733 907/1537/907
f 963/1535/963 207/1020/207 1304/1023/1304 2733/1536/2733
f 2733/1536/2733 1304/1023/1304 232/1028/232 1277/1538/1277
f 907/1537/907 2733/1536/2733 1277/1538/1277 31/1539/31
f 37/227/37 923/1540/923 2734/1541/2734 915/228/915
f 923/1540/923 202/994/202 1305/996/1305 2734/1541/2734
f 2734/1541/2734 1305/996/1305 234/1001/234 1279/1542/1279
f 915/228/915 2734/1541/2734 1279/1542/1279 35/229/35
f 49/320/49 950/1543/950 2735/1544/2735 919/321/919
f 950/1543/950 205/1545/205 1306/1546/1306 2735/1544/2735
f 2735/1544/2735 1306/1546/1306 202/994/202 923/1540/923
f 919/321/919 2735/1544/2735 923/1540/923 37/227/37
f 100/326/100 1043/1547/1043 2736/1548/2736 930/327/930
f 1043/1547/1043 216/747/216 1307/1549/1307 2736/1548/2736
f 2736/1548/2736 1307/1549/1307 203/1550/203 934/1551/934
f 930/327/930 2736/1548/2736 934/1551/934 44/328/44
f 44/362/44 934/1552/934 2737/1553/2737 935/363/935
f 934/1552/934 203/952/203 1308/955/1308 2737/1553/2737
f 2737/1553/2737 1308/955/1308 204/960/204 942/1554/942
f 935/363/935 2737/1553/2737 942/1554/942 45/364/45
f 45/364/45 942/1554/942 2738/1555/2738 943/1556/943
f 942/1554/942 204/960/204 1309/1557/1309 2738/1555/2738
f 2738/1555/2738 1309/1557/1309 205/1545/205 950/1543/950
f 943/1556/943 2738/1555/2738 950/1543/950 49/320/49
f 92/443/92 1030/1558/1030 2739/1559/2739 951/444/951
f 1030/1558/1030 214/774/214 1310/929/1310 2739/1559/2739
f 2739/1559/2739 1310/929/1310 206/933/206 955/1560/955
f 951/444/951 2739/1559/2739 955/1560/955 53/445/53
f 96/685/96 1038/1561/1038 2740/1562/2740 959/1563/959
f 1038/1561/1038 215/756/215 1311/1564/1311 2740/1562/2740
f 2740/1562/2740 1311/1564/1311 207/1020/207 963/1535/963
f 959/1563/959 2740/1562/2740 963/1535/963 57/1534/57
f 53/506/53 955/1565/955 2741/1566/2741 967/507/967
f 955/1565/955 206/895/206 1312/898/1312 2741/1566/2741
f 2741/1566/2741 1312/898/1312 208/903/208 971/1531/971
f 967/507/967 2741/1566/2741 971/1531/971 61/155/61
f 85/527/85 1019/1567/1019 2742/1568/2742 1015/528/1015
f 1019/1567/1019 213/801/213 1313/872/1313 2742/1568/2742
f 2742/1568/2742 1313/872/1313 209/876/209 982/1569/982
f 1015/528/1015 2742/1568/2742 982/1569/982 66/164/66
f 11/70/11 1267/1570/1267 2743/1571/2743 983/561/983
f 1267/1570/1267 222/862/222 1314/865/1314 2743/1571/2743
f 2743/1571/2743 1314/865/1314 210/870/210 987/1572/987
f 983/561/983 2743/1571/2743 987/1572/987 69/562/69
f 69/1573/69 987/1574/987 2744/1575/2744 999/1576/999
f 987/1574/987 210/829/210 1315/832/1315 2744/1575/2744
f 2744/1575/2744 1315/832/1315 211/837/211 1003/1516/1003
f 999/1576/999 2744/1575/2744 1003/1516/1003 77/1515/77
f 411/618/411 1682/1577/1682 2745/1578/2745 1660/619/1660
f 1682/1577/1682 418/1579/418 1316/1580/1316 2745/1578/2745
f 2745/1578/2745 1316/1580/1316 212/1059/212 1013/1528/1013
f 1660/619/1660 2745/1578/2745 1013/1528/1013 83/137/83
f 19/644/19 1271/1581/1271 2746/1582/2746 892/645/892
f 1271/1581/1271 226/793/226 1317/796/1317 2746/1582/2746
f 2746/1582/2746 1317/796/1317 213/801/213 1019/1567/1019
f 892/645/892 2746/1582/2746 1019/1567/1019 85/527/85
f 23/665/23 1273/1527/1273 2747/1583/2747 1026/666/1026
f 1273/1527/1273 228/766/228 1318/769/1318 2747/1583/2747
f 2747/1583/2747 1318/769/1318 214/774/214 1030/1558/1030
f 1026/666/1026 2747/1583/2747 1030/1558/1030 92/443/92
f 27/683/27 1275/1584/1275 2748/1585/2748 1034/684/1034
f 1275/1584/1275 230/748/230 1319/751/1319 2748/1585/2748
f 2748/1585/2748 1319/751/1319 215/756/215 1038/1561/1038
f 1034/684/1034 2748/1585/2748 1038/1561/1038 96/685/96
f 31/728/31 1277/1586/1277 2749/1587/2749 1042/729/1042
f 1277/1586/1277 232/739/232 1320/742/1320 2749/1587/2749
f 2749/1587/2749 1320/742/1320 216/747/216 1043/1547/1043
f 1042/729/1042 2749/1587/2749 1043/1547/1043 100/326/100
f 115/734/115 1061/1588/1061 2750/1589/2750 1097/735/1097
f 1061/1588/1061 231/718/231 1321/721/1321 2750/1589/2750
f 2750/1589/2750 1321/721/1321 251/331/251 1096/1590/1096
f 1097/735/1097 2750/1589/2750 1096/1590/1096 150/736/150
f 113/761/113 1059/1591/1059 2751/1592/2751 1100/762/1100
f 1059/1591/1059 229/688/229 1322/691/1322 2751/1592/2751
f 2751/1592/2751 1322/691/1322 250/466/250 1093/1593/1093
f 1100/762/1100 2751/1592/2751 1093/1593/1093 147/763/147
f 111/1594/111 1057/1595/1057 2752/1596/2752 1102/780/1102
f 1057/1595/1057 227/1597/227 1323/668/1323 2752/1596/2752
f 2752/1596/2752 1323/668/1323 249/1598/249 1091/1599/1091
f 1102/780/1102 2752/1596/2752 1091/1599/1091 145/1600/145
f 109/788/109 1055/1601/1055 2753/1602/2753 1103/789/1103
f 1055/1601/1055 225/646/225 1324/649/1324 2753/1602/2753
f 2753/1602/2753 1324/649/1324 248/514/248 1090/1603/1090
f 1103/789/1103 2753/1602/2753 1090/1603/1090 144/790/144
f 415/1604/415 1681/1605/1681 2754/1606/2754 1106/1607/1106
f 1681/1605/1681 419/1608/419 1325/1609/1325 2754/1606/2754
f 2754/1606/2754 1325/1609/1325 247/1610/247 1087/1611/1087
f 1106/1607/1106 2754/1606/2754 1087/1611/1087 141/1612/141
f 136/824/136 1082/1613/1082 2755/1614/2755 1107/825/1107
f 1082/1613/1082 243/599/243 1326/602/1326 2755/1614/2755
f 2755/1614/2755 1326/602/1326 246/88/246 1086/1615/1086
f 1107/825/1107 2755/1614/2755 1086/1615/1086 140/826/140
f 103/842/103 1049/1616/1049 2756/1617/2756 1109/843/1109
f 1049/1616/1049 219/575/219 1327/578/1327 2756/1617/2756
f 2756/1617/2756 1327/578/1327 245/19/245 1084/1618/1084
f 1109/843/1109 2756/1617/2756 1084/1618/1084 138/844/138
f 102/1619/102 1048/1620/1048 2757/1621/2757 1110/1622/1110
f 1048/1620/1048 218/569/218 1328/1623/1328 2757/1621/2757
f 2757/1621/2757 1328/1623/1328 244/1624/244 1083/1625/1083
f 1110/1622/1110 2757/1621/2757 1083/1625/1083 137/1626/137
f 105/1627/105 1051/1628/1051 2758/1629/2758 1111/1630/1111
f 1051/1628/1051 221/550/221 1329/553/1329 2758/1629/2758
f 2758/1629/2758 1329/553/1329 243/558/243 1082/1631/1082
f 1111/1630/1111 2758/1629/2758 1082/1631/1082 136/1632/136
f 144/790/144 1090/1603/1090 2759/1633/2759 1114/1634/1114
f 1090/1603/1090 248/514/248 1330/517/1330 2759/1633/2759
f 2759/1633/2759 1330/517/1330 242/522/242 1079/1635/1079
f 1114/1634/1114 2759/1633/2759 1079/1635/1079 133/1636/133
f 128/890/128 1074/1637/1074 2760/1638/2760 1115/891/1115
f 1074/1637/1074 239/496/239 1331/499/1331 2760/1638/2760
f 2760/1638/2760 1331/499/1331 241/196/241 1078/1639/1078
f 1115/891/1115 2760/1638/2760 1078/1639/1078 132/892/132
f 147/908/147 1093/1640/1093 2761/1641/2761 1117/909/1117
f 1093/1640/1093 250/1642/250 1332/1643/1332 2761/1641/2761
f 2761/1641/2761 1332/1643/1332 240/1644/240 1076/1645/1076
f 1117/909/1117 2761/1641/2761 1076/1645/1076 130/910/130
f 145/781/145 1091/1646/1091 2762/1647/2762 1119/924/1119
f 1091/1646/1091 249/430/249 1333/433/1333 2762/1647/2762
f 2762/1647/2762 1333/433/1333 239/438/239 1074/1648/1074
f 1119/924/1119 2762/1647/2762 1074/1648/1074 128/925/128
f 123/947/123 1069/1649/1069 2763/1650/2763 1122/948/1122
f 1069/1649/1069 237/1651/237 1334/1652/1334 2763/1650/2763
f 2763/1650/2763 1334/1652/1334 238/1653/238 1071/1654/1071
f 1122/948/1122 2763/1650/2763 1071/1654/1071 125/949/125
f 121/965/121 1067/1655/1067 2764/1656/2764 1124/966/1124
f 1067/1655/1067 236/367/236 1335/370/1335 2764/1656/2764
f 2764/1656/2764 1335/370/1335 237/375/237 1069/1657/1069
f 1124/966/1124 2764/1656/2764 1069/1657/1069 123/967/123
f 150/980/150 1096/1658/1096 2765/1659/2765 1126/981/1126
f 1096/1658/1096 251/1660/251 1336/1661/1336 2765/1659/2765
f 2765/1659/2765 1336/1661/1336 236/367/236 1067/1655/1067
f 1126/981/1126 2765/1659/2765 1067/1655/1067 121/965/121
f 125/949/125 1071/1654/1071 2766/1662/2766 1127/984/1127
f 1071/1654/1071 238/1653/238 1337/1663/1337 2766/1662/2766
f 2766/1662/2766 1337/1663/1337 235/1664/235 1066/1665/1066
f 1127/984/1127 2766/1662/2766 1066/1665/1066 120/985/120
f 120/1006/120 1066/1665/1066 2767/1666/2767 1130/1007/1130
f 1066/1665/1066 235/268/235 1338/271/1338 2767/1666/2767
f 2767/1666/2767 1338/271/1338 233/276/233 1063/1667/1063
f 1130/1007/1130 2767/1666/2767 1063/1667/1063 117/1008/117
f 331/1015/331 1503/1668/1503 2768/1669/2768 1131/1016/1131
f 1503/1668/1503 355/259/355 1339/262/1339 2768/1669/2768
f 2768/1669/2768 1339/262/1339 234/267/234 1064/1670/1064
f 1131/1016/1131 2768/1669/2768 1064/1670/1064 118/1017/118
f 130/1033/130 1076/1671/1076 2769/1672/2769 1133/1034/1133
f 1076/1671/1076 240/232/240 1340/235/1340 2769/1672/2769
f 2769/1672/2769 1340/235/1340 231/240/231 1061/1673/1061
f 1133/1034/1133 2769/1672/2769 1061/1673/1061 115/1035/115
f 132/892/132 1078/1639/1078 2770/1674/2770 1135/1675/1135
f 1078/1639/1078 241/196/241 1341/199/1341 2770/1674/2770
f 2770/1674/2770 1341/199/1341 229/204/229 1059/1676/1059
f 1135/1675/1135 2770/1674/2770 1059/1676/1059 113/1677/113
f 133/883/133 1079/1678/1079 2771/1679/2771 1136/1052/1136
f 1079/1678/1079 242/169/242 1342/172/1342 2771/1679/2771
f 2771/1679/2771 1342/172/1342 227/177/227 1057/1680/1057
f 1136/1052/1136 2771/1679/2771 1057/1680/1057 111/779/111
f 141/817/141 1087/1681/1087 2772/1682/2772 1137/1055/1137
f 1087/1681/1087 247/142/247 1343/145/1343 2772/1682/2772
f 2772/1682/2772 1343/145/1343 225/150/225 1055/1683/1055
f 1137/1055/1137 2772/1682/2772 1055/1683/1055 109/1056/109
f 140/1684/140 1086/1685/1086 2773/1686/2773 1141/1687/1141
f 1086/1685/1086 246/1688/246 1344/1689/1344 2773/1686/2773
f 2773/1686/2773 1344/1689/1344 223/1690/223 1053/1691/1053
f 1141/1687/1141 2773/1686/2773 1053/1691/1053 107/1086/107
f 101/1093/101 1047/1692/1047 2774/1693/2774 1142/1094/1142
f 1047/1692/1047 217/27/217 1345/74/1345 2774/1693/2774
f 2774/1693/2774 1345/74/1345 221/78/221 1051/1694/1051
f 1142/1094/1142 2774/1693/2774 1051/1694/1051 105/860/105
f 137/853/137 1083/1695/1083 2775/1696/2775 1144/1105/1144
f 1083/1695/1083 244/28/244 1346/31/1346 2775/1696/2775
f 2775/1696/2775 1346/31/1346 220/36/220 1050/1697/1050
f 1144/1105/1144 2775/1696/2775 1050/1697/1050 104/1106/104
f 138/1698/138 1084/1618/1084 2776/1699/2776 1145/1700/1145
f 1084/1618/1084 245/1701/245 1347/1702/1347 2776/1699/2776
f 2776/1699/2776 1347/1702/1347 217/1703/217 1047/1704/1047
f 1145/1700/1145 2776/1699/2776 1047/1704/1047 101/1705/101
f 364/1706/364 1607/1707/1607 2777/1708/2777 1561/1709/1561
f 1607/1707/1607 409/1710/409 1399/1115/1399 2777/1708/2777
f 2777/1708/2777 1399/1115/1399 303/1711/303 1197/1712/1197
f 1561/1709/1561 2777/1708/2777 1197/1712/1197 168/1713/168
f 75/1714/75 997/1715/997 2778/1716/2778 993/1717/993
f 997/1715/997 281/846/281 1400/1110/1400 2778/1716/2778
f 2778/1716/2778 1400/1110/1400 253/1089/253 851/1718/851
f 993/1717/993 2778/1716/2778 851/1718/851 2/1719/2
f 73/587/73 996/1720/996 2779/1721/2779 991/1722/991
f 996/1720/996 280/1723/280 1401/1724/1401 2779/1721/2779
f 2779/1721/2779 1401/1724/1401 256/1725/256 861/1726/861
f 991/1722/991 2779/1721/2779 861/1726/861 7/589/7
f 2/14/2 851/1727/851 2780/1728/2780 867/15/867
f 851/1727/851 253/1729/253 1402/1730/1402 2780/1728/2780
f 2780/1728/2780 1402/1730/1402 257/1731/257 863/1732/863
f 867/15/867 2780/1728/2780 863/1732/863 10/16/10
f 79/1733/79 1005/1734/1005 2781/1735/2781 1001/1736/1001
f 1005/1734/1005 282/828/282 1403/1084/1403 2781/1735/2781
f 2781/1735/2781 1403/1084/1403 259/1088/259 871/1737/871
f 1001/1736/1001 2781/1735/2781 871/1737/871 14/1738/14
f 81/83/81 1011/1739/1011 2782/1740/2782 883/84/883
f 1011/1739/1011 283/1741/283 1404/1742/1404 2782/1740/2782
f 2782/1740/2782 1404/1742/1404 261/1743/261 879/1744/879
f 883/84/883 2782/1740/2782 879/1744/879 18/85/18
f 68/182/68 980/1745/980 2783/1746/2783 978/183/978
f 980/1745/980 278/1747/278 1405/1748/1405 2783/1746/2783
f 2783/1746/2783 1405/1748/1405 263/1749/263 887/1750/887
f 978/183/978 2783/1746/2783 887/1750/887 22/184/22
f 63/1751/63 973/1752/973 2784/1753/2784 969/1754/969
f 973/1752/973 277/1044/277 1406/1047/1406 2784/1753/2784
f 2784/1753/2784 1406/1047/1406 265/757/265 895/1755/895
f 969/1754/969 2784/1753/2784 895/1755/895 26/1756/26
f 59/1757/59 965/1758/965 2785/1759/2785 961/1760/961
f 965/1758/965 276/1029/276 1407/1032/1407 2785/1759/2785
f 2785/1759/2785 1407/1032/1407 267/1037/267 903/1761/903
f 961/1760/961 2785/1759/2785 903/1761/903 30/1762/30
f 339/1763/339 1502/1764/1502 2786/1765/2786 1484/1766/1484
f 1502/1764/1502 356/1011/356 1408/1014/1408 2786/1765/2786
f 2786/1765/2786 1408/1014/1408 270/1019/270 912/1767/912
f 1484/1766/1484 2786/1765/2786 912/1767/912 36/1768/36
f 39/281/39 925/1769/925 2787/1770/2787 921/282/921
f 925/1769/925 271/1002/271 1409/1005/1409 2787/1770/2787
f 2787/1770/2787 1409/1005/1409 269/1010/269 911/1771/911
f 921/282/921 2787/1770/2787 911/1771/911 34/283/34
f 51/1772/51 948/1773/948 2788/1774/2788 945/1775/945
f 948/1773/948 274/1776/274 1410/1777/1410 2788/1774/2788
f 2788/1774/2788 1410/1777/1410 271/1002/271 925/1769/925
f 945/1775/945 2788/1774/2788 925/1769/925 39/281/39
f 98/344/98 1045/1778/1045 2789/1779/2789 1040/345/1040
f 1045/1778/1045 287/738/287 1411/1780/1411 2789/1779/2789
f 2789/1779/2789 1411/1780/1411 272/1781/272 932/1782/932
f 1040/345/1040 2789/1779/2789 932/1782/932 42/346/42
f 42/1783/42 932/1784/932 2790/1785/2790 928/1786/928
f 932/1784/932 272/961/272 1412/964/1412 2790/1785/2790
f 2790/1785/2790 1412/964/1412 273/969/273 940/1787/940
f 928/1786/928 2790/1785/2790 940/1787/940 47/1788/47
f 47/1788/47 940/1787/940 2791/1789/2791 937/1790/937
f 940/1787/940 273/969/273 1413/1791/1413 2791/1789/2791
f 2791/1789/2791 1413/1791/1413 274/1776/274 948/1773/948
f 937/1790/937 2791/1789/2791 948/1773/948 51/1772/51
f 90/1792/90 1028/1793/1028 2792/1794/2792 1024/1795/1024
f 1028/1793/1028 285/783/285 1414/923/1414 2792/1794/2792
f 2792/1794/2792 1414/923/1414 275/927/275 957/1796/957
f 1024/1795/1024 2792/1794/2792 957/1796/957 55/1797/55
f 94/1798/94 1036/1799/1036 2793/1800/2793 1032/1801/1032
f 1036/1799/1036 286/765/286 1415/907/1415 2793/1800/2793
f 2793/1800/2793 1415/907/1415 276/1029/276 965/1758/965
f 1032/1801/1032 2793/1800/2793 965/1758/965 59/1757/59
f 55/491/55 957/1802/957 2794/1803/2794 953/492/953
f 957/1802/957 275/886/275 1416/889/1416 2794/1803/2794
f 2794/1803/2794 1416/889/1416 277/894/277 973/1804/973
f 953/492/953 2794/1803/2794 973/1804/973 63/493/63
f 87/1805/87 1021/1806/1021 2795/1807/2795 1017/1808/1017
f 1021/1806/1021 284/877/284 1417/880/1417 2795/1807/2795
f 2795/1807/2795 1417/880/1417 278/885/278 980/1809/980
f 1017/1808/1017 2795/1807/2795 980/1809/980 68/1810/68
f 10/16/10 863/1732/863 2796/1811/2796 877/546/877
f 863/1732/863 257/1731/257 1418/1812/1418 2796/1811/2796
f 2796/1811/2796 1418/1812/1418 279/1813/279 989/1814/989
f 877/546/877 2796/1811/2796 989/1814/989 71/547/71
f 4/1815/4 852/1816/852 2797/1817/2797 854/8/854
f 852/1816/852 254/55/254 1419/1818/1419 2797/1817/2797
f 2797/1817/2797 1419/1818/1419 280/1723/280 996/1720/996
f 854/8/854 2797/1817/2797 996/1720/996 73/587/73
f 5/1819/5 859/1820/859 2798/1821/2798 857/1822/857
f 859/1820/859 255/838/255 1420/841/1420 2798/1821/2798
f 2798/1821/2798 1420/841/1420 281/846/281 997/1715/997
f 857/1822/857 2798/1821/2798 997/1715/997 75/1714/75
f 71/1823/71 989/1824/989 2799/1825/2799 985/1826/985
f 989/1824/989 279/820/279 1421/823/1421 2799/1825/2799
f 2799/1825/2799 1421/823/1421 282/828/282 1005/1734/1005
f 985/1826/985 2799/1825/2799 1005/1734/1005 79/1733/79
f 413/630/413 1680/1827/1680 2800/1828/2800 1007/1829/1007
f 1680/1827/1680 420/1830/420 1422/1831/1422 2800/1828/2800
f 2800/1828/2800 1422/1831/1422 283/1741/283 1011/1739/1011
f 1007/1829/1007 2800/1828/2800 1011/1739/1011 81/83/81
f 18/656/18 879/1832/879 2801/1833/2801 894/657/894
f 879/1832/879 261/784/261 1423/787/1423 2801/1833/2801
f 2801/1833/2801 1423/787/1423 284/792/284 1021/1834/1021
f 894/657/894 2801/1833/2801 1021/1834/1021 87/658/87
f 22/184/22 887/1750/887 2802/1835/2802 901/672/901
f 887/1750/887 263/1749/263 1424/1836/1424 2802/1835/2802
f 2802/1835/2802 1424/1836/1424 285/1837/285 1028/1838/1028
f 901/672/901 2802/1835/2802 1028/1838/1028 90/425/90
f 26/1756/26 895/1755/895 2803/1839/2803 909/1840/909
f 895/1755/895 265/757/265 1425/760/1425 2803/1839/2803
f 2803/1839/2803 1425/760/1425 286/765/286 1036/1799/1036
f 909/1840/909 2803/1839/2803 1036/1799/1036 94/1798/94
f 30/716/30 903/1841/903 2804/1842/2804 917/717/917
f 903/1841/903 267/730/267 1426/733/1426 2804/1842/2804
f 2804/1842/2804 1426/733/1426 287/738/287 1045/1778/1045
f 917/717/917 2804/1842/2804 1045/1778/1045 98/344/98
f 116/743/116 1363/1843/1363 2805/1844/2805 1098/744/1098
f 1363/1843/1363 268/706/268 1427/709/1427 2805/1844/2805
f 2805/1844/2805 1427/709/1427 302/349/302 1095/1845/1095
f 1098/744/1098 2805/1844/2805 1095/1845/1095 149/745/149
f 114/752/114 1361/1846/1361 2806/1847/2806 1099/753/1099
f 1361/1846/1361 266/1848/266 1428/1849/1428 2806/1847/2806
f 2806/1847/2806 1428/1849/1428 301/1850/301 1094/1851/1094
f 1099/753/1099 2806/1847/2806 1094/1851/1094 148/754/148
f 112/770/112 1359/1852/1359 2807/1853/2807 1101/771/1101
f 1359/1852/1359 264/1854/264 1429/1855/1429 2807/1853/2807
f 2807/1853/2807 1429/1855/1429 300/1856/300 1092/1857/1092
f 1101/771/1101 2807/1853/2807 1092/1857/1092 146/772/146
f 110/797/110 1357/1858/1357 2808/1859/2808 1104/798/1104
f 1357/1858/1357 262/1860/262 1430/1861/1430 2808/1859/2808
f 2808/1859/2808 1430/1861/1430 299/1862/299 1089/1863/1089
f 1104/798/1104 2808/1859/2808 1089/1863/1089 143/799/143
f 414/806/414 1679/1864/1679 2809/1865/2809 1105/1866/1105
f 1679/1864/1679 421/1867/421 1431/1868/1431 2809/1865/2809
f 2809/1865/2809 1431/1868/1431 298/1869/298 1088/1870/1088
f 1105/1866/1105 2809/1865/2809 1088/1870/1088 142/1063/142
f 135/833/135 1081/1871/1081 2810/1872/2810 1108/834/1108
f 1081/1871/1081 296/590/296 1432/593/1432 2810/1872/2810
f 2810/1872/2810 1432/593/1432 297/106/297 1085/1873/1085
f 1108/834/1108 2810/1872/2810 1085/1873/1085 139/835/139
f 106/1100/106 1353/1874/1353 2811/1875/2811 1112/1876/1112
f 1353/1874/1353 258/1877/258 1433/1878/1433 2811/1875/2811
f 2811/1875/2811 1433/1878/1433 296/590/296 1081/1871/1081
f 1112/1876/1112 2811/1875/2811 1081/1871/1081 135/833/135
f 143/1879/143 1089/1880/1089 2812/1881/2812 1113/1882/1113
f 1089/1880/1089 299/529/299 1434/532/1434 2812/1881/2812
f 2812/1881/2812 1434/532/1434 295/537/295 1080/1883/1080
f 1113/1882/1113 2812/1881/2812 1080/1883/1080 134/1884/134
f 127/899/127 1073/1885/1073 2813/1886/2813 1116/900/1116
f 1073/1885/1073 292/478/292 1435/481/1435 2813/1886/2813
f 2813/1886/2813 1435/481/1435 294/486/294 1077/1887/1077
f 1116/900/1116 2813/1886/2813 1077/1887/1077 131/901/131
f 148/754/148 1094/1851/1094 2814/1888/2814 1118/1889/1118
f 1094/1851/1094 301/1850/301 1436/1890/1436 2814/1888/2814
f 2814/1888/2814 1436/1890/1436 293/1891/293 1075/1892/1075
f 1118/1889/1118 2814/1888/2814 1075/1892/1075 129/1024/129
f 146/772/146 1092/1857/1092 2815/1893/2815 1120/930/1120
f 1092/1857/1092 300/1856/300 1437/1894/1437 2815/1893/2815
f 2815/1893/2815 1437/1894/1437 292/1895/292 1073/1896/1073
f 1120/930/1120 2815/1893/2815 1073/1896/1073 127/931/127
f 124/958/124 1070/1897/1070 2816/1898/2816 1121/1899/1121
f 1070/1897/1070 290/1900/290 1438/1901/1438 2816/1898/2816
f 2816/1898/2816 1438/1901/1438 291/1902/291 1072/1903/1072
f 1121/1899/1121 2816/1898/2816 1072/1903/1072 126/1904/126
f 122/956/122 1068/1905/1068 2817/1906/2817 1123/957/1123
f 1068/1905/1068 289/1907/289 1439/1908/1439 2817/1906/2817
f 2817/1906/2817 1439/1908/1439 290/1900/290 1070/1897/1070
f 1123/957/1123 2817/1906/2817 1070/1897/1070 124/958/124
f 149/974/149 1095/1909/1095 2818/1910/2818 1125/975/1125
f 1095/1909/1095 302/1911/302 1440/1912/1440 2818/1910/2818
f 2818/1910/2818 1440/1912/1440 289/1907/289 1068/1905/1068
f 1125/975/1125 2818/1910/2818 1068/1905/1068 122/956/122
f 126/1904/126 1072/1903/1072 2819/1913/2819 1128/1914/1128
f 1072/1903/1072 291/1902/291 1441/1915/1441 2819/1913/2819
f 2819/1913/2819 1441/1915/1441 288/1916/288 1065/1917/1065
f 1128/1914/1128 2819/1913/2819 1065/1917/1065 119/997/119
f 119/997/119 1065/1917/1065 2820/1918/2820 1129/998/1129
f 1065/1917/1065 288/1916/288 1442/1919/1442 2820/1918/2820
f 2820/1918/2820 1442/1919/1442 270/1920/270 1365/1921/1365
f 1129/998/1129 2820/1918/2820 1365/1921/1365 118/999/118
f 129/1024/129 1075/1892/1075 2821/1922/2821 1132/1025/1132
f 1075/1892/1075 293/1891/293 1443/1923/1443 2821/1922/2821
f 2821/1922/2821 1443/1923/1443 268/1924/268 1363/1925/1363
f 1132/1025/1132 2821/1922/2821 1363/1925/1363 116/1026/116
f 131/1926/131 1077/1927/1077 2822/1928/2822 1134/1929/1134
f 1077/1927/1077 294/1930/294 1444/1931/1444 2822/1928/2822
f 2822/1928/2822 1444/1931/1444 266/1848/266 1361/1846/1361
f 1134/1929/1134 2822/1928/2822 1361/1846/1361 114/752/114
f 142/1063/142 1088/1870/1088 2823/1932/2823 1138/1064/1138
f 1088/1870/1088 298/1869/298 1445/1933/1445 2823/1932/2823
f 2823/1932/2823 1445/1933/1445 262/1934/262 1357/1935/1357
f 1138/1064/1138 2823/1932/2823 1357/1935/1357 110/1065/110
f 134/1936/134 1080/1937/1080 2824/1938/2824 1139/1939/1139
f 1080/1937/1080 295/115/295 1446/118/1446 2824/1938/2824
f 2824/1938/2824 1446/118/1446 264/123/264 1359/1940/1359
f 1139/1939/1139 2824/1938/2824 1359/1940/1359 112/1941/112
f 139/835/139 1085/1873/1085 2825/1942/2825 1140/1943/1140
f 1085/1873/1085 297/106/297 1447/109/1447 2825/1942/2825
f 2825/1942/2825 1447/109/1447 260/114/260 1355/1944/1355
f 1140/1943/1140 2825/1942/2825 1355/1944/1355 108/1945/108
f 102/851/102 1349/1946/1349 2826/1947/2826 1143/1099/1143
f 1349/1946/1349 254/847/254 1448/1948/1448 2826/1947/2826
f 2826/1947/2826 1448/1948/1448 258/1877/258 1353/1874/1353
f 1143/1099/1143 2826/1947/2826 1353/1874/1353 106/1100/106
f 168/1713/168 1197/1712/1197 2827/1949/2827 1163/1950/1163
f 1197/1712/1197 303/1711/303 1501/1951/1501 2827/1949/2827
f 2827/1949/2827 1501/1951/1501 356/1011/356 1502/1764/1502
f 1163/1950/1163 2827/1949/2827 1502/1764/1502 339/1763/339
f 201/1118/201 1231/1509/1231 2828/1952/2828 1476/1953/1476
f 1231/1509/1231 252/1508/252 1500/1954/1500 2828/1952/2828
f 2828/1952/2828 1500/1954/1500 355/259/355 1503/1955/1503
f 1476/1953/1476 2828/1952/2828 1503/1955/1503 331/1956/331
f 4/1957/4 1477/1958/1477 2829/1959/2829 868/1960/868
f 1477/1958/1477 332/1490/332 1504/1493/1504 2829/1959/2829
f 2829/1959/2829 1504/1493/1504 333/1253/333 1478/1961/1478
f 868/1960/868 2829/1959/2829 1478/1961/1478 12/1962/12
f 82/128/82 1014/1963/1014 2830/1964/2830 1008/129/1008
f 1014/1963/1014 326/1461/326 1505/1464/1505 2830/1964/2830
f 2830/1964/2830 1505/1464/1505 335/1469/335 1480/1965/1480
f 1008/129/1008 2830/1964/2830 1480/1965/1480 20/130/20
f 80/1966/80 1004/1967/1004 2831/1968/2831 1002/1969/1002
f 1004/1967/1004 325/1970/325 1506/1456/1506 2831/1968/2831
f 2831/1968/2831 1506/1456/1506 334/1971/334 1479/1972/1479
f 1002/1969/1002 2831/1968/2831 1479/1972/1479 16/1973/16
f 65/119/65 979/1974/979 2832/1975/2832 891/120/891
f 979/1974/979 321/1273/321 1507/1427/1507 2832/1975/2832
f 2832/1975/2832 1507/1427/1507 336/1157/336 1481/1976/1481
f 891/120/891 2832/1975/2832 1481/1976/1481 24/121/24
f 64/218/64 972/1977/972 2833/1978/2833 970/219/970
f 972/1977/972 320/1411/320 1508/1414/1508 2833/1978/2833
f 2833/1978/2833 1508/1414/1508 337/1419/337 1482/1979/1482
f 970/219/970 2833/1978/2833 1482/1979/1482 28/220/28
f 60/254/60 964/1980/964 2834/1981/2834 962/255/962
f 964/1980/964 319/1393/319 1509/1396/1509 2834/1981/2834
f 2834/1981/2834 1509/1396/1509 338/1401/338 1483/1982/1483
f 962/255/962 2834/1981/2834 1483/1982/1483 32/256/32
f 40/290/40 924/1983/924 2835/1984/2835 922/291/922
f 924/1983/924 314/1377/314 1510/1379/1510 2835/1984/2835
f 2835/1984/2835 1510/1379/1510 339/1383/339 1484/1985/1484
f 922/291/922 2835/1984/2835 1484/1985/1484 36/292/36
f 52/299/52 949/1986/949 2836/1987/2836 946/1988/946
f 949/1986/949 317/1329/317 1511/1989/1511 2836/1987/2836
f 2836/1987/2836 1511/1989/1511 314/1990/314 924/1991/924
f 946/1988/946 2836/1987/2836 924/1991/924 40/1992/40
f 99/353/99 1044/1993/1044 2837/1994/2837 1041/354/1041
f 1044/1993/1044 330/1138/330 1512/1355/1512 2837/1994/2837
f 2837/1994/2837 1512/1355/1512 315/1359/315 933/1995/933
f 1041/354/1041 2837/1994/2837 933/1995/933 43/355/43
f 43/386/43 933/1996/933 2838/1997/2838 929/387/929
f 933/1996/933 315/1339/315 1513/1342/1513 2838/1997/2838
f 2838/1997/2838 1513/1342/1513 316/1321/316 941/1998/941
f 929/387/929 2838/1997/2838 941/1998/941 48/388/48
f 48/1999/48 941/2000/941 2839/2001/2839 938/2002/938
f 941/2000/941 316/2003/316 1514/1324/1514 2839/2001/2839
f 2839/2001/2839 1514/1324/1514 317/1329/317 949/1986/949
f 938/2002/938 2839/2001/2839 949/1986/949 52/299/52
f 91/676/91 1029/2004/1029 2840/2005/2840 1025/2006/1025
f 1029/2004/1029 328/1313/328 1515/1315/1515 2840/2005/2840
f 2840/2005/2840 1515/1315/1515 318/1320/318 956/2007/956
f 1025/2006/1025 2840/2005/2840 956/2007/956 56/2008/56
f 95/452/95 1037/2009/1037 2841/2010/2841 1033/453/1033
f 1037/2009/1037 329/1147/329 1516/1302/1516 2841/2010/2841
f 2841/2010/2841 1516/1302/1516 319/1306/319 964/2011/964
f 1033/453/1033 2841/2010/2841 964/2011/964 60/454/60
f 56/482/56 956/2012/956 2842/2013/2842 954/483/954
f 956/2012/956 318/1283/318 1517/1286/1517 2842/2013/2842
f 2842/2013/2842 1517/1286/1517 320/1291/320 972/2014/972
f 954/483/954 2842/2013/2842 972/2014/972 64/484/64
f 88/533/88 1022/2015/1022 2843/2016/2843 975/534/975
f 1022/2015/1022 327/2017/327 1518/2018/1518 2843/2016/2843
f 2843/2016/2843 1518/2018/1518 321/2019/321 979/2020/979
f 975/534/975 2843/2016/2843 979/2020/979 65/535/65
f 12/61/12 1478/2021/1478 2844/2022/2844 878/540/878
f 1478/2021/1478 333/2023/333 1519/2024/1519 2844/2022/2844
f 2844/2022/2844 1519/2024/1519 322/2025/322 988/2026/988
f 878/540/878 2844/2022/2844 988/2026/988 72/541/72
f 72/541/72 988/2026/988 2845/2027/2845 986/2028/986
f 988/2026/988 322/2025/322 1520/2029/1520 2845/2027/2845
f 2845/2027/2845 1520/2029/1520 325/1970/325 1004/1967/1004
f 986/2028/986 2845/2027/2845 1004/1967/1004 80/1966/80
f 410/2030/410 1678/2031/1678 2846/2032/2846 1659/2033/1659
f 1678/2031/1678 422/1193/422 1521/1196/1521 2846/2032/2846
f 2846/2032/2846 1521/1196/1521 326/1201/326 1014/2034/1014
f 1659/2033/1659 2846/2032/2846 1014/2034/1014 82/2035/82
f 20/2036/20 1480/2037/1480 2847/2038/2847 1018/2039/1018
f 1480/2037/1480 335/2040/335 1522/2041/1522 2847/2038/2847
f 2847/2038/2847 1522/2041/1522 327/2042/327 1022/2043/1022
f 1018/2039/1018 2847/2038/2847 1022/2043/1022 88/2044/88
f 24/121/24 1481/1976/1481 2848/2045/2848 902/675/902
f 1481/1976/1481 336/1157/336 1523/2046/1523 2848/2045/2848
f 2848/2045/2848 1523/2046/1523 328/1313/328 1029/2004/1029
f 902/675/902 2848/2045/2848 1029/2004/1029 91/676/91
f 28/2047/28 1482/2048/1482 2849/2049/2849 910/2050/910
f 1482/2048/1482 337/1139/337 1524/1142/1524 2849/2049/2849
f 2849/2049/2849 1524/1142/1524 329/1147/329 1037/2009/1037
f 910/2050/910 2849/2049/2849 1037/2009/1037 95/452/95
f 32/710/32 1483/2051/1483 2850/2052/2850 918/711/918
f 1483/2051/1483 338/1130/338 1525/1133/1525 2850/2052/2850
f 2850/2052/2850 1525/1133/1525 330/1138/330 1044/1993/1044
f 918/711/918 2850/2052/2850 1044/1993/1044 99/353/99
f 303/1120/303 1398/1119/1398 2851/2053/2851 1501/2054/1501
f 1398/1119/1398 201/1118/201 1476/1953/1476 2851/2053/2851
f 2851/2053/2851 1476/1953/1476 331/1956/331 1526/2055/1526
f 1501/2054/1501 2851/2053/2851 1526/2055/1526 356/1011/356
f 165/1125/165 1457/2056/1457 2852/2057/2852 1198/1126/1198
f 1457/2056/1457 312/724/312 1527/727/1527 2852/2057/2852
f 2852/2057/2852 1527/727/1527 354/322/354 1195/2058/1195
f 1198/1126/1198 2852/2057/2852 1195/2058/1195 200/1127/200
f 163/1152/163 1456/2059/1456 2853/2060/2853 1201/1153/1201
f 1456/2059/1456 311/679/311 1528/682/1528 2853/2060/2853
f 2853/2060/2853 1528/682/1528 353/687/353 1192/2061/1192
f 1201/1153/1201 2853/2060/2853 1192/2061/1192 197/1154/197
f 161/2062/161 1455/2063/1455 2854/2064/2854 1203/2065/1203
f 1455/2063/1455 310/661/310 1529/664/1529 2854/2064/2854
f 2854/2064/2854 1529/664/1529 352/439/352 1190/2066/1190
f 1203/2065/1203 2854/2064/2854 1190/2066/1190 195/2067/195
f 159/1452/159 1454/2068/1454 2855/2069/2855 1205/2070/1205
f 1454/2068/1454 309/640/309 1530/643/1530 2855/2069/2855
f 2855/2069/2855 1530/643/1530 351/523/351 1188/2071/1188
f 1205/2070/1205 2855/2069/2855 1188/2071/1188 193/1190/193
f 417/2072/417 1677/2073/1677 2856/2074/2856 1207/2075/1207
f 1677/2073/1677 423/614/423 1531/617/1531 2856/2074/2856
f 2856/2074/2856 1531/617/1531 350/133/350 1186/2076/1186
f 1207/2075/1207 2856/2074/2856 1186/2076/1186 191/2077/191
f 186/1215/186 1181/2078/1181 2857/2079/2857 1208/1216/1208
f 1181/2078/1181 348/564/348 1532/606/1532 2857/2079/2857
f 2857/2079/2857 1532/606/1532 349/2080/349 1185/2081/1185
f 1208/1216/1208 2857/2079/2857 1185/2081/1185 190/1217/190
f 153/1237/153 1210/1236/1210 2858/2082/2858 1450/2083/1450
f 1210/1236/1210 188/1235/188 1469/2084/1469 2858/2082/2858
f 2858/2082/2858 1469/2084/1469 324/585/324 1533/582/1533
f 1450/2083/1450 2858/2082/2858 1533/582/1533 305/581/305
f 151/1246/151 1211/1245/1211 2859/2085/2859 1449/2086/1449
f 1211/1245/1211 187/1244/187 1468/2087/1468 2859/2085/2859
f 2859/2085/2859 1468/2087/1468 323/2088/323 1534/2089/1534
f 1449/2086/1449 2859/2085/2859 1534/2089/1534 304/64/304
f 155/1251/155 1452/2090/1452 2860/2091/2860 1212/1252/1212
f 1452/2090/1452 307/2092/307 1535/2093/1535 2860/2091/2860
f 2860/2091/2860 1535/2093/1535 348/564/348 1181/2078/1181
f 1212/1252/1212 2860/2091/2860 1181/2078/1181 186/1215/186
f 193/1190/193 1188/2094/1188 2861/2095/2861 1214/1261/1214
f 1188/2094/1188 351/2096/351 1536/2097/1536 2861/2095/2861
f 2861/2095/2861 1536/2097/1536 347/2098/347 1179/2099/1179
f 1214/1261/1214 2861/2095/2861 1179/2099/1179 184/1262/184
f 178/1278/178 1173/2100/1173 2862/2101/2862 1216/1279/1216
f 1173/2100/1173 344/502/344 1537/505/1537 2862/2101/2862
f 2862/2101/2862 1537/505/1537 346/151/346 1177/2102/1177
f 1216/1279/1216 2862/2101/2862 1177/2102/1177 182/1280/182
f 197/1296/197 1192/2103/1192 2863/2104/2863 1218/1297/1218
f 1192/2103/1192 353/472/353 1538/475/1538 2863/2104/2863
f 2863/2104/2863 1538/475/1538 345/187/345 1175/2105/1175
f 1218/1297/1218 2863/2104/2863 1175/2105/1175 180/1298/180
f 195/2067/195 1190/2066/1190 2864/2106/2864 1220/2107/1220
f 1190/2066/1190 352/439/352 1539/442/1539 2864/2106/2864
f 2864/2106/2864 1539/442/1539 344/447/344 1173/2108/1173
f 1220/2107/1220 2864/2106/2864 1173/2108/1173 178/2109/178
f 173/1334/173 1168/2110/1168 2865/2111/2865 1223/1335/1223
f 1168/2110/1168 342/391/342 1540/394/1540 2865/2111/2865
f 2865/2111/2865 1540/394/1540 343/399/343 1170/2112/1170
f 1223/1335/1223 2865/2111/2865 1170/2112/1170 175/1336/175
f 171/1349/171 1166/2113/1166 2866/2114/2866 1225/1350/1225
f 1166/2113/1166 341/358/341 1541/361/1541 2866/2114/2866
f 2866/2114/2866 1541/361/1541 342/366/342 1168/2115/1168
f 1225/1350/1225 2866/2114/2866 1168/2115/1168 173/1351/173
f 200/1127/200 1195/2058/1195 2867/2116/2867 1227/1362/1227
f 1195/2058/1195 354/322/354 1542/325/1542 2867/2116/2867
f 2867/2116/2867 1542/325/1542 341/330/341 1166/2117/1166
f 1227/1362/1227 2867/2116/2867 1166/2117/1166 171/1363/171
f 175/1336/175 1170/2112/1170 2868/2118/2868 1228/1368/1228
f 1170/2112/1170 343/399/343 1543/2119/1543 2868/2118/2868
f 2868/2118/2868 1543/2119/1543 340/2120/340 1165/2121/1165
f 1228/1368/1228 2868/2118/2868 1165/2121/1165 170/1369/170
f 252/1392/252 1297/1391/1297 2869/2122/2869 1500/2123/1500
f 1297/1391/1297 167/1390/167 1458/2124/1458 2869/2122/2869
f 2869/2122/2869 1458/2124/1458 313/263/313 1544/260/1544
f 1500/2123/1500 2869/2122/2869 1544/260/1544 355/259/355
f 170/1369/170 1165/2121/1165 2870/2125/2870 1233/2126/1233
f 1165/2121/1165 340/2120/340 1545/2127/1545 2870/2125/2870
f 2870/2125/2870 1545/2127/1545 313/263/313 1458/2128/1458
f 1233/2126/1233 2870/2125/2870 1458/2128/1458 167/1390/167
f 180/1298/180 1175/2105/1175 2871/2129/2871 1235/1422/1235
f 1175/2105/1175 345/187/345 1546/190/1546 2871/2129/2871
f 2871/2129/2871 1546/190/1546 312/195/312 1457/2130/1457
f 1235/1422/1235 2871/2129/2871 1457/2130/1457 165/1423/165
f 184/1435/184 1179/2131/1179 2872/2132/2872 1237/1436/1237
f 1179/2131/1179 347/160/347 1547/163/1547 2872/2132/2872
f 2872/2132/2872 1547/163/1547 310/168/310 1455/2133/1455
f 1237/1436/1237 2872/2132/2872 1455/2133/1455 161/1437/161
f 182/1280/182 1177/2102/1177 2873/2134/2873 1238/1442/1238
f 1177/2102/1177 346/151/346 1548/154/1548 2873/2134/2873
f 2873/2134/2873 1548/154/1548 311/159/311 1456/2135/1456
f 1238/1442/1238 2873/2134/2873 1456/2135/1456 163/1443/163
f 191/1450/191 1186/2136/1186 2874/2137/2874 1239/1451/1239
f 1186/2136/1186 350/2138/350 1549/2139/1549 2874/2137/2874
f 2874/2137/2874 1549/2139/1549 309/2140/309 1454/2068/1454
f 1239/1451/1239 2874/2137/2874 1454/2068/1454 159/1452/159
f 151/1472/151 1449/2141/1449 2875/2142/2875 1242/1473/1242
f 1449/2141/1449 304/64/304 1550/2143/1550 2875/2142/2875
f 2875/2142/2875 1550/2143/1550 307/2092/307 1452/2090/1452
f 1242/1473/1242 2875/2142/2875 1452/2090/1452 155/1251/155
f 190/1217/190 1185/2144/1185 2876/2145/2876 1243/1478/1243
f 1185/2144/1185 349/46/349 1551/49/1551 2876/2145/2876
f 2876/2145/2876 1551/49/1551 308/54/308 1453/2146/1453
f 1243/1478/1243 2876/2145/2876 1453/2146/1453 157/1479/157
f 187/1489/187 1244/1488/1244 2877/2147/2877 1468/2148/1468
f 1244/1488/1244 154/1487/154 1451/2149/1451 2877/2147/2877
f 2877/2147/2877 1451/2149/1451 306/41/306 1552/38/1552
f 1468/2148/1468 2877/2147/2877 1552/38/1552 323/37/323
f 188/1503/188 1246/1502/1246 2878/2150/2878 1469/2151/1469
f 1246/1502/1246 152/1501/152 1147/2152/1147 2878/2150/2878
f 2878/2150/2878 1147/2152/1147 332/5/332 1553/2/1553
f 1469/2151/1469 2878/2150/2878 1553/2/1553 324/1/324
f 34/2153/34 911/2154/911 2879/2155/2879 914/2156/914
f 911/2154/911 269/2157/269 1606/2158/1606 2879/2155/2879
f 2879/2155/2879 1606/2158/1606 409/1710/409 1607/1707/1607
f 914/2156/914 2879/2155/2879 1607/1707/1607 364/1706/364
f 117/2159/117 1063/2160/1063 2880/2161/2880 1604/2162/1604
f 1063/2160/1063 233/2163/233 1605/2164/1605 2880/2161/2880
f 2880/2161/2880 1605/2164/1605 408/1384/408 1608/2165/1608
f 1604/2162/1604 2880/2161/2880 1608/2165/1608 407/2166/407
f 75/2167/75 993/2168/993 2881/2169/2881 1597/2170/1597
f 993/2168/993 2/14/2 856/2171/856 2881/2169/2881
f 2881/2169/2881 856/2171/856 357/2172/357 1609/2173/1609
f 1597/2170/1597 2881/2169/2881 1609/2173/1609 400/1233/400
f 74/2174/74 992/2175/992 2882/2176/2882 1596/2177/1596
f 992/2175/992 8/2178/8 1579/2179/1579 2882/2176/2882
f 2882/2176/2882 1579/2179/1579 382/1485/382 1610/1482/1610
f 1596/2177/1596 2882/2176/2882 1610/1482/1610 399/1242/399
f 78/2180/78 1006/2181/1006 2883/2182/2883 1000/2183/1000
f 1006/2181/1006 374/1474/374 1611/1477/1611 2883/2182/2883
f 2883/2182/2883 1611/1477/1611 384/1481/384 1581/2184/1581
f 1000/2183/1000 2883/2182/2883 1581/2184/1581 13/2185/13
f 1/2186/1 1577/2187/1577 2884/2188/2884 870/2189/870
f 1577/2187/1577 380/1238/380 1612/2190/1612 2884/2188/2884
f 2884/2188/2884 1612/2190/1612 383/1247/383 1580/2191/1580
f 870/2189/870 2884/2188/2884 1580/2191/1580 9/554/9
f 84/2192/84 1012/2193/1012 2885/2194/2885 1010/2195/1010
f 1012/2193/1012 375/1446/375 1613/1449/1613 2885/2194/2885
f 2885/2194/2885 1613/1449/1613 385/1454/385 1582/2196/1582
f 1010/2195/1010 2885/2194/2885 1582/2196/1582 17/2197/17
f 62/200/62 974/2198/974 2886/2199/2886 968/201/968
f 974/2198/974 371/1282/371 1614/1441/1614 2886/2199/2886
f 2886/2199/2886 1614/1441/1614 387/1445/387 1584/2200/1584
f 968/201/968 2886/2199/2886 1584/2200/1584 25/202/25
f 67/520/67 981/2201/981 2887/2202/2887 977/2203/977
f 981/2201/981 372/1431/372 1615/1434/1615 2887/2202/2887
f 2887/2202/2887 1615/1434/1615 386/1439/386 1583/2204/1583
f 977/2203/977 2887/2202/2887 1583/2204/1583 21/2205/21
f 58/2206/58 966/2207/966 2888/2208/2888 960/2209/960
f 966/2207/966 370/1300/370 1616/1421/1616 2888/2208/2888
f 2888/2208/2888 1616/1421/1616 388/1425/388 1585/2210/1585
f 960/2209/960 2888/2208/2888 1585/2210/1585 29/2211/29
f 38/2212/38 926/2213/926 2889/2214/2889 920/2215/920
f 926/2213/926 365/1371/365 1617/2216/1617 2889/2214/2889
f 2889/2214/2889 1617/2216/1617 389/1388/389 1586/2217/1586
f 920/2215/920 2889/2214/2889 1586/2217/1586 33/2218/33
f 233/2163/233 1278/2219/1278 2890/2220/2890 1605/2164/1605
f 1278/2219/1278 33/2218/33 1586/2221/1586 2890/2220/2890
f 2890/2220/2890 1586/2221/1586 389/1388/389 1618/1385/1618
f 1605/2164/1605 2890/2220/2890 1618/1385/1618 408/1384/408
f 50/2222/50 947/2223/947 2891/2224/2891 944/2225/944
f 947/2223/947 368/1338/368 1619/1367/1619 2891/2224/2891
f 2891/2224/2891 1619/1367/1619 365/1371/365 926/2213/926
f 944/2225/944 2891/2224/2891 926/2213/926 38/2212/38
f 97/335/97 1046/2226/1046 2892/2227/2892 1039/336/1039
f 1046/2226/1046 379/1129/379 1620/1361/1620 2892/2227/2892
f 2892/2227/2892 1620/1361/1620 366/1365/366 931/2228/931
f 1039/336/1039 2892/2227/2892 931/2228/931 41/337/41
f 41/371/41 931/2229/931 2893/2230/2893 927/372/927
f 931/2229/931 366/2231/366 1621/2232/1621 2893/2230/2893
f 2893/2230/2893 1621/2232/1621 367/2233/367 939/2234/939
f 927/372/927 2893/2230/2893 939/2234/939 46/373/46
f 46/2235/46 939/2236/939 2894/2237/2894 936/2238/936
f 939/2236/939 367/1330/367 1622/1333/1622 2894/2237/2894
f 2894/2237/2894 1622/1333/1622 368/1338/368 947/2223/947
f 936/2238/936 2894/2237/2894 947/2223/947 50/2222/50
f 89/434/89 1027/2239/1027 2895/2240/2895 1023/435/1023
f 1027/2239/1027 377/1174/377 1623/2241/1623 2895/2240/2895
f 2895/2240/2895 1623/2241/1623 369/2242/369 958/2243/958
f 1023/435/1023 2895/2240/2895 958/2243/958 54/436/54
f 93/2244/93 1035/2245/1035 2896/2246/2896 1031/2247/1031
f 1035/2245/1035 378/1292/378 1624/1295/1624 2896/2246/2896
f 2896/2246/2896 1624/1295/1624 370/1300/370 966/2207/966
f 1031/2247/1031 2896/2246/2896 966/2207/966 58/2206/58
f 54/500/54 958/2248/958 2897/2249/2897 952/501/952
f 958/2248/958 369/1274/369 1625/1277/1625 2897/2249/2897
f 2897/2249/2897 1625/1277/1625 371/1282/371 974/2198/974
f 952/501/952 2897/2249/2897 974/2198/974 62/200/62
f 86/518/86 1020/2250/1020 2898/2251/2898 1016/519/1016
f 1020/2250/1020 376/2252/376 1626/2253/1626 2898/2251/2898
f 2898/2251/2898 1626/2253/1626 372/1431/372 981/2201/981
f 1016/519/1016 2898/2251/2898 981/2201/981 67/520/67
f 9/554/9 1580/2191/1580 2899/2254/2899 876/555/876
f 1580/2191/1580 383/1247/383 1627/2255/1627 2899/2254/2899
f 2899/2254/2899 1627/2255/1627 373/2256/373 990/2257/990
f 876/555/876 2899/2254/2899 990/2257/990 70/556/70
f 1/2186/1 855/2258/855 2900/2259/2900 1577/2187/1577
f 855/2258/855 74/2174/74 1596/2177/1596 2900/2259/2900
f 2900/2259/2900 1596/2177/1596 399/1242/399 1628/2260/1628
f 1577/2187/1577 2900/2259/2900 1628/2260/1628 380/1238/380
f 5/2261/5 857/2262/857 2901/2263/2901 1578/2264/1578
f 857/2262/857 75/2167/75 1597/2170/1597 2901/2263/2901
f 2901/2263/2901 1597/2170/1597 400/1233/400 1629/1230/1629
f 1578/2264/1578 2901/2263/2901 1629/1230/1629 381/1229/381
f 70/556/70 990/2257/990 2902/2265/2902 984/2266/984
f 990/2257/990 373/2256/373 1630/2267/1630 2902/2265/2902
f 2902/2265/2902 1630/2267/1630 374/1474/374 1006/2181/1006
f 984/2266/984 2902/2265/2902 1006/2181/1006 78/2180/78
f 412/612/412 1676/2268/1676 2903/2269/2903 1661/613/1661
f 1676/2268/1676 424/1202/424 1631/1205/1631 2903/2269/2903
f 2903/2269/2903 1631/1205/1631 375/1210/375 1012/2270/1012
f 1661/613/1661 2903/2269/2903 1012/2270/1012 84/146/84
f 17/650/17 1582/2196/1582 2904/2271/2904 893/651/893
f 1582/2196/1582 385/1454/385 1632/2272/1632 2904/2271/2904
f 2904/2271/2904 1632/2272/1632 376/2252/376 1020/2250/1020
f 893/651/893 2904/2271/2904 1020/2250/1020 86/518/86
f 21/175/21 1583/2273/1583 2905/2274/2905 900/669/900
f 1583/2273/1583 386/1166/386 1633/1169/1633 2905/2274/2905
f 2905/2274/2905 1633/1169/1633 377/1174/377 1027/2239/1027
f 900/669/900 2905/2274/2905 1027/2239/1027 89/434/89
f 25/692/25 1584/2275/1584 2906/2276/2906 908/693/908
f 1584/2275/1584 387/2277/387 1634/2278/1634 2906/2276/2906
f 2906/2276/2906 1634/2278/1634 378/2279/378 1035/2280/1035
f 908/693/908 2906/2276/2906 1035/2280/1035 93/470/93
f 29/722/29 1585/2281/1585 2907/2282/2907 916/723/916
f 1585/2281/1585 388/1121/388 1635/1124/1635 2907/2282/2907
f 2907/2282/2907 1635/1124/1635 379/1129/379 1046/2226/1046
f 916/723/916 2907/2282/2907 1046/2226/1046 97/335/97
f 269/2157/269 1364/2283/1364 2908/2284/2908 1606/2158/1606
f 1364/2283/1364 117/2159/117 1604/2162/1604 2908/2284/2908
f 2908/2284/2908 1604/2162/1604 407/2166/407 1636/2285/1636
f 1606/2158/1606 2908/2284/2908 1636/2285/1636 409/1710/409
f 166/1134/166 1560/2286/1560 2909/2287/2909 1199/1135/1199
f 1560/2286/1560 363/712/363 1637/715/1637 2909/2287/2909
f 2909/2287/2909 1637/715/1637 406/340/406 1194/2288/1194
f 1199/1135/1199 2909/2287/2909 1194/2288/1194 199/1136/199
f 164/1143/164 1559/2289/1559 2910/2290/2910 1200/1144/1200
f 1559/2289/1559 362/694/362 1638/697/1638 2910/2290/2910
f 2910/2290/2910 1638/697/1638 405/457/405 1193/2291/1193
f 1200/1144/1200 2910/2290/2910 1193/2291/1193 198/1145/198
f 162/1161/162 1558/2292/1558 2911/2293/2911 1202/1162/1202
f 1558/2292/1558 361/2294/361 1639/671/1639 2911/2293/2911
f 2911/2293/2911 1639/671/1639 404/421/404 1191/2295/1191
f 1202/1162/1202 2911/2293/2911 1191/2295/1191 196/1163/196
f 160/2296/160 1557/2297/1557 2912/2298/2912 1204/2299/1204
f 1557/2297/1557 360/652/360 1640/655/1640 2912/2298/2912
f 2912/2298/2912 1640/655/1640 403/660/403 1189/2300/1189
f 1204/2299/1204 2912/2298/2912 1189/2300/1189 194/2301/194
f 416/1197/416 1675/2302/1675 2913/2303/2913 1206/1198/1206
f 1675/2302/1675 425/626/425 1641/629/1641 2913/2303/2913
f 2913/2303/2913 1641/629/1641 402/79/402 1187/2304/1187
f 1206/1198/1206 2913/2303/2913 1187/2304/1187 192/1199/192
f 185/1224/185 1180/2305/1180 2914/2306/2914 1209/1225/1209
f 1180/2305/1180 398/2307/398 1642/2308/1642 2914/2306/2914
f 2914/2306/2914 1642/2308/1642 401/2309/401 1184/2310/1184
f 1209/1225/1209 2914/2306/2914 1184/2310/1184 189/1226/189
f 156/1257/156 1555/2311/1555 2915/2312/2915 1213/1258/1213
f 1555/2311/1555 358/2313/358 1643/545/1643 2915/2312/2915
f 2915/2312/2915 1643/545/1643 398/2307/398 1180/2305/1180
f 1213/1258/1213 2915/2312/2915 1180/2305/1180 185/1224/185
f 194/1269/194 1189/2314/1189 2916/2315/2916 1215/1270/1215
f 1189/2314/1189 403/508/403 1644/511/1644 2916/2315/2916
f 2916/2315/2916 1644/511/1644 397/178/397 1178/2316/1178
f 1215/1270/1215 2916/2315/2916 1178/2316/1178 183/1271/183
f 177/1287/177 1172/2317/1172 2917/2318/2917 1217/1288/1217
f 1172/2317/1172 394/487/394 1645/490/1645 2917/2318/2917
f 2917/2318/2917 1645/490/1645 396/495/396 1176/2319/1176
f 1217/1288/1217 2917/2318/2917 1176/2319/1176 181/1289/181
f 198/1145/198 1193/2291/1193 2918/2320/2918 1219/1303/1219
f 1193/2291/1193 405/457/405 1646/460/1646 2918/2320/2918
f 2918/2320/2918 1646/460/1646 395/465/395 1174/2321/1174
f 1219/1303/1219 2918/2320/2918 1174/2321/1174 179/1304/179
f 196/1316/196 1191/2322/1191 2919/2323/2919 1221/1317/1221
f 1191/2322/1191 404/421/404 1647/424/1647 2919/2323/2919
f 2919/2323/2919 1647/424/1647 394/429/394 1172/2324/1172
f 1221/1317/1221 2919/2323/2919 1172/2324/1172 177/1318/177
f 174/1325/174 1169/2325/1169 2920/2326/2920 1222/1326/1222
f 1169/2325/1169 392/403/392 1648/406/1648 2920/2326/2920
f 2920/2326/2920 1648/406/1648 393/301/393 1171/2327/1171
f 1222/1326/1222 2920/2326/2920 1171/2327/1171 176/1327/176
f 172/1357/172 1167/2328/1167 2921/2329/2921 1224/2330/1224
f 1167/2328/1167 391/348/391 1649/377/1649 2921/2329/2921
f 2921/2329/2921 1649/377/1649 392/381/392 1169/2331/1169
f 1224/2330/1224 2921/2329/2921 1169/2331/1169 174/2332/174
f 199/1136/199 1194/2288/1194 2922/2333/2922 1226/1356/1226
f 1194/2288/1194 406/340/406 1650/343/1650 2922/2333/2922
f 2922/2333/2922 1650/343/1650 391/348/391 1167/2328/1167
f 1226/1356/1226 2922/2333/2922 1167/2328/1167 172/1357/172
f 176/1327/176 1171/2327/1171 2923/2334/2923 1229/1374/1229
f 1171/2327/1171 393/301/393 1651/304/1651 2923/2334/2923
f 2923/2334/2923 1651/304/1651 390/309/390 1164/2335/1164
f 1229/1374/1229 2923/2334/2923 1164/2335/1164 169/1375/169
f 169/2336/169 1164/2337/1164 2924/2338/2924 1230/2339/1230
f 1164/2337/1164 390/277/390 1652/280/1652 2924/2338/2924
f 2924/2338/2924 1652/280/1652 364/285/364 1561/2340/1561
f 1230/2339/1230 2924/2338/2924 1561/2340/1561 168/2341/168
f 179/1397/179 1174/2342/1174 2925/2343/2925 1232/1398/1232
f 1174/2342/1174 395/241/395 1653/244/1653 2925/2343/2925
f 2925/2343/2925 1653/244/1653 363/249/363 1560/2344/1560
f 1232/1398/1232 2925/2343/2925 1560/2344/1560 166/1399/166
f 181/1415/181 1176/2345/1176 2926/2346/2926 1234/1416/1234
f 1176/2345/1176 396/205/396 1654/208/1654 2926/2346/2926
f 2926/2346/2926 1654/208/1654 362/213/362 1559/2347/1559
f 1234/1416/1234 2926/2346/2926 1559/2347/1559 164/1417/164
f 183/2348/183 1178/2349/1178 2927/2350/2927 1236/2351/1236
f 1178/2349/1178 397/2352/397 1655/2353/1655 2927/2350/2927
f 2927/2350/2927 1655/2353/1655 361/2294/361 1558/2292/1558
f 1236/2351/1236 2927/2350/2927 1558/2292/1558 162/1161/162
f 189/1226/189 1184/2310/1184 2928/2354/2928 1240/1457/1240
f 1184/2310/1184 401/2309/401 1656/2355/1656 2928/2354/2928
f 2928/2354/2928 1656/2355/1656 359/105/359 1556/2356/1556
f 1240/1457/1240 2928/2354/2928 1556/2356/1556 158/1458/158
f 192/1465/192 1187/2357/1187 2929/2358/2929 1241/1466/1241
f 1187/2357/1187 402/79/402 1657/82/1657 2929/2358/2929
f 2929/2358/2929 1657/82/1657 360/87/360 1557/2359/1557
f 1241/1466/1241 2929/2358/2929 1557/2359/1557 160/1467/160
f 152/1494/152 1554/2360/1554 2930/2361/2930 1245/1495/1245
f 1554/2360/1554 357/2362/357 1658/2363/1658 2930/2361/2930
f 2930/2361/2930 1658/2363/1658 358/2313/358 1555/2311/1555
f 1245/1495/1245 2930/2361/2930 1555/2311/1555 156/1257/156
f 158/1458/158 1556/2356/1556 2931/2364/2931 1665/2365/1665
f 1556/2356/1556 359/105/359 1674/2366/1674 2931/2364/2931
f 2931/2364/2931 1674/2366/1674 425/626/425 1675/2302/1675
f 1665/2365/1665 2931/2364/2931 1675/2302/1675 416/1197/416
f 13/2185/13 1581/2184/1581 2932/2367/2932 886/2368/886
f 1581/2184/1581 384/1481/384 1673/2369/1673 2932/2367/2932
f 2932/2367/2932 1673/2369/1673 424/2370/424 1676/2371/1676
f 886/2368/886 2932/2367/2932 1676/2371/1676 412/2372/412
f 157/2373/157 1453/2374/1453 2933/2375/2933 1666/2376/1666
f 1453/2374/1453 308/2377/308 1672/2378/1672 2933/2375/2933
f 2933/2375/2933 1672/2378/1672 423/614/423 1677/2073/1677
f 1666/2376/1666 2933/2375/2933 1677/2073/1677 417/2072/417
f 16/1973/16 1479/1972/1479 2934/2379/2934 884/2380/884
f 1479/1972/1479 334/1971/334 1671/2381/1671 2934/2379/2934
f 2934/2379/2934 1671/2381/1671 422/1193/422 1678/2382/1678
f 884/2380/884 2934/2379/2934 1678/2382/1678 410/624/410
f 108/1945/108 1355/1944/1355 2935/2383/2935 1663/2384/1663
f 1355/1944/1355 260/114/260 1670/2385/1670 2935/2383/2935
f 2935/2383/2935 1670/2385/1670 421/1867/421 1679/1864/1679
f 1663/2384/1663 2935/2383/2935 1679/1864/1679 414/806/414
f 14/103/14 871/2386/871 2936/2387/2936 1662/2388/1662
f 871/2386/871 259/2389/259 1669/2390/1669 2936/2387/2936
f 2936/2387/2936 1669/2390/1669 420/1830/420 1680/1827/1680
f 1662/2388/1662 2936/2387/2936 1680/1827/1680 413/630/413
f 107/1086/107 1053/1691/1053 2937/2391/2937 1664/2392/1664
f 1053/1691/1053 223/1690/223 1668/2393/1668 2937/2391/2937
f 2937/2391/2937 1668/2393/1668 419/1608/419 1681/1605/1681
f 1664/2392/1664 2937/2391/2937 1681/1605/1681 415/1604/415
f 15/1522/15 1269/1521/1269 2938/2394/2938 885/2395/885
f 1269/1521/1269 224/1520/224 1667/2396/1667 2938/2394/2938
f 2938/2394/2938 1667/2396/1667 418/1579/418 1682/1577/1682
f 885/2395/885 2938/2394/2938 1682/1577/1682 411/618/411
f 384/1481/384 1152/1480/1152 2939/2397/2939 1673/2369/1673
f 1152/1480/1152 157/1479/157 1666/2398/1666 2939/2397/2939
f 2939/2397/2939 1666/2398/1666 417/2399/417 1683/2400/1683
f 1673/2369/1673 2939/2397/2939 1683/2400/1683 424/2370/424
f 334/1460/334 1153/1459/1153 2940/2401/2940 1671/2402/1671
f 1153/1459/1153 158/1458/158 1665/2365/1665 2940/2401/2940
f 2940/2401/2940 1665/2365/1665 416/1197/416 1684/1194/1684
f 1671/2402/1671 2940/2401/2940 1684/1194/1684 422/1193/422
f 259/1088/259 1354/1087/1354 2941/2403/2941 1669/2404/1669
f 1354/1087/1354 107/1086/107 1664/2405/1664 2941/2403/2941
f 2941/2403/2941 1664/2405/1664 415/815/415 1685/812/1685
f 1669/2404/1669 2941/2403/2941 1685/812/1685 420/811/420
f 224/1082/224 1054/1081/1054 2942/2406/2942 1667/2407/1667
f 1054/1081/1054 108/1080/108 1663/2384/1663 2942/2406/2942
f 2942/2406/2942 1663/2384/1663 414/806/414 1686/803/1686
f 1667/2407/1667 2942/2406/2942 1686/803/1686 418/802/418
f 359/105/359 874/104/874 2943/2408/2943 1674/2409/1674
f 874/104/874 14/103/14 1662/2388/1662 2943/2408/2943
f 2943/2408/2943 1662/2388/1662 413/630/413 1687/2410/1687
f 1674/2409/1674 2943/2408/2943 1687/2410/1687 425/2411/425
f 260/2412/260 872/2413/872 2944/2414/2944 1670/2415/1670
f 872/2413/872 16/1973/16 884/2380/884 2944/2414/2944
f 2944/2414/2944 884/2380/884 410/624/410 1688/621/1688
f 1670/2415/1670 2944/2414/2944 1688/621/1688 421/620/421
f 308/54/308 873/53/873 2945/2416/2945 1672/2417/1672
f 873/53/873 15/52/15 885/2418/885 2945/2416/2945
f 2945/2416/2945 885/2418/885 411/2419/411 1689/2420/1689
f 1672/2417/1672 2945/2416/2945 1689/2420/1689 423/2421/423
f 223/96/223 1268/95/1268 2946/2422/2946 1668/2393/1668
f 1268/95/1268 13/94/13 886/2423/886 2946/2422/2946
f 2946/2422/2946 886/2423/886 412/612/412 1690/609/1690
f 1668/2393/1668 2946/2422/2946 1690/609/1690 419/608/419
f 749/1/749 1838/2424/1838 2947/2425/2947 2393/2426/2393
f 1838/2424/1838 498/587/498 1694/2427/1694 2947/2425/2947
f 2947/2425/2947 1694/2427/1694 429/2428/429 2317/1958/2317
f 2393/2426/2393 2947/2425/2947 2317/1958/2317 757/5/757
f 782/2172/782 2498/2429/2498 2948/2430/2948 1696/11/1696
f 2498/2429/2498 783/2431/783 1706/2432/1706 2948/2430/2948
f 2948/2430/2948 1706/2432/1706 435/2433/435 1707/2434/1707
f 1696/11/1696 2948/2430/2948 1707/2434/1707 427/14/427
f 670/2435/670 2187/22/2187 2949/21/2949 2130/20/2130
f 2187/22/2187 642/27/642 2102/2436/2102 2949/21/2949
f 2949/21/2949 2102/2436/2102 426/25/426 1695/24/1695
f 2130/20/2130 2949/21/2949 1695/24/1695 499/23/499
f 669/2437/669 2186/2438/2186 2950/30/2950 2129/2439/2129
f 2186/2438/2186 645/36/645 2105/35/2105 2950/30/2950
f 2950/30/2950 2105/35/2105 431/34/431 1698/33/1698
f 2129/2439/2129 2950/30/2950 1698/33/1698 501/32/501
f 748/2440/748 1835/40/1835 2951/2441/2951 2392/2442/2392
f 1835/40/1835 501/45/501 1698/44/1698 2951/2441/2951
f 2951/2441/2951 1698/44/1698 431/43/431 1702/42/1702
f 2392/2442/2392 2951/2441/2951 1702/42/1702 731/41/731
f 774/2443/774 2391/2444/2391 2952/2445/2952 2334/2446/2334
f 2391/2444/2391 733/54/733 1713/53/1713 2952/2445/2952
f 2952/2445/2952 1713/53/1713 440/52/440 1715/51/1715
f 2334/2446/2334 2952/2445/2952 1715/51/1715 502/50/502
f 679/55/679 2288/58/2288 2953/2447/2953 1692/1816/1692
f 2288/58/2288 683/63/683 1704/2448/1704 2953/2447/2953
f 2953/2447/2953 1704/2448/1704 437/2449/437 1708/2450/1708
f 1692/1816/1692 2953/2447/2953 1708/2450/1708 429/59/429
f 729/565/729 2390/2451/2390 2954/2452/2954 1693/65/1693
f 2390/2451/2390 732/2453/732 1705/2454/1705 2954/2452/2954
f 2954/2452/2954 1705/2454/1705 436/70/436 1709/69/1709
f 1693/65/1693 2954/2452/2954 1709/69/1709 428/68/428
f 642/27/642 2185/2455/2185 2955/2456/2955 2102/2436/2102
f 2185/2455/2185 646/78/646 2106/77/2106 2955/2456/2955
f 2955/2456/2955 2106/77/2106 434/76/434 1710/75/1710
f 2102/2436/2102 2955/2456/2955 1710/75/1710 426/25/426
f 827/2457/827 2497/2458/2497 2956/2459/2956 2439/80/2439
f 2497/2458/2497 785/87/785 1722/86/1722 2956/2459/2956
f 2956/2459/2956 1722/86/1722 443/85/443 1723/2460/1723
f 2439/80/2439 2956/2459/2956 1723/2460/1723 506/2461/506
f 671/88/671 2184/91/2184 2957/2462/2957 2131/2463/2131
f 2184/91/2184 648/96/648 2108/2464/2108 2957/2462/2957
f 2957/2462/2957 2108/2464/2108 438/94/438 1840/93/1840
f 2131/2463/2131 2957/2462/2957 1840/93/1840 503/92/503
f 826/2465/826 2496/100/2496 2958/2466/2958 2438/2467/2438
f 2496/100/2496 784/2468/784 1714/104/1714 2958/2466/2958
f 2958/2466/2958 1714/104/1714 439/103/439 1841/102/1841
f 2438/2467/2438 2958/2466/2958 1841/102/1841 504/101/504
f 722/106/722 2287/2469/2287 2959/108/2959 2232/107/2232
f 2287/2469/2287 685/114/685 1712/113/1712 2959/108/2959
f 2959/108/2959 1712/113/1712 441/112/441 1842/111/1842
f 2232/107/2232 2959/108/2959 1842/111/1842 505/110/505
f 720/115/720 2286/118/2286 2960/2470/2960 2230/116/2230
f 2286/118/2286 689/123/689 1728/122/1728 2960/2470/2960
f 2960/2470/2960 1728/122/1728 449/2471/449 1731/2472/1731
f 2230/116/2230 2960/2470/2960 1731/2472/1731 490/119/490
f 723/124/723 2285/127/2285 2961/2473/2961 2233/2474/2233
f 2285/127/2285 687/132/687 1720/131/1720 2961/2473/2961
f 2961/2473/2961 1720/131/1720 445/130/445 1848/2475/1848
f 2233/2474/2233 2961/2473/2961 1848/2475/1848 507/2035/507
f 775/133/775 2389/136/2389 2962/2476/2962 2335/134/2335
f 2389/136/2389 734/141/734 1721/140/1721 2962/2476/2962
f 2962/2476/2962 1721/140/1721 444/139/444 1849/2477/1849
f 2335/134/2335 2962/2476/2962 1849/2477/1849 508/2478/508
f 672/2479/672 2183/145/2183 2963/2480/2963 2132/2481/2132
f 2183/145/2183 650/150/650 2110/149/2110 2963/2480/2963
f 2963/2480/2963 2110/149/2110 442/148/442 1850/147/1850
f 2132/2481/2132 2963/2480/2963 1850/147/1850 509/146/509
f 771/2482/771 2388/2483/2388 2964/153/2964 2331/2484/2331
f 2388/2483/2388 736/159/736 1737/158/1737 2964/153/2964
f 2964/153/2964 1737/158/1737 452/157/452 1739/156/1739
f 2331/2484/2331 2964/153/2964 1739/156/1739 486/2485/486
f 772/2486/772 2387/2487/2387 2965/2488/2965 2332/2489/2332
f 2387/2487/2387 735/168/735 1729/167/1729 2965/2488/2965
f 2965/2488/2965 1729/167/1729 448/166/448 1816/165/1816
f 2332/2489/2332 2965/2488/2965 1816/165/1816 491/164/491
f 667/169/667 2182/172/2182 2966/171/2966 2127/170/2127
f 2182/172/2182 652/2490/652 2112/176/2112 2966/171/2966
f 2966/171/2966 2112/176/2112 446/175/446 1817/174/1817
f 2127/170/2127 2966/171/2966 1817/174/1817 492/173/492
f 822/2352/822 2495/181/2495 2967/180/2967 2434/2491/2434
f 2495/181/2495 786/2492/786 1730/2493/1730 2967/180/2967
f 2967/180/2967 1730/2493/1730 447/2494/447 1818/2495/1818
f 2434/2491/2434 2967/180/2967 1818/2495/1818 493/182/493
f 770/2496/770 2386/190/2386 2968/2497/2968 2330/2498/2330
f 2386/190/2386 737/195/737 1745/194/1745 2968/2497/2968
f 2968/2497/2968 1745/194/1745 456/193/456 1747/192/1747
f 2330/2498/2330 2968/2497/2968 1747/192/1747 482/191/482
f 666/2499/666 2181/199/2181 2969/2500/2969 2126/197/2126
f 2181/199/2181 654/204/654 2114/203/2114 2969/2500/2969
f 2969/2500/2969 2114/203/2114 450/202/450 1808/2501/1808
f 2126/197/2126 2969/2500/2969 1808/2501/1808 487/200/487
f 821/205/821 2494/2502/2494 2970/2503/2970 2433/206/2433
f 2494/2502/2494 787/213/787 1738/212/1738 2970/2503/2970
f 2970/2503/2970 1738/212/1738 451/211/451 1809/210/1809
f 2433/206/2433 2970/2503/2970 1809/210/1809 488/209/488
f 719/214/719 2284/217/2284 2971/2504/2971 2229/215/2229
f 2284/217/2284 691/222/691 1736/2505/1736 2971/2504/2971
f 2971/2504/2971 1736/2505/1736 453/220/453 1810/2506/1810
f 2229/215/2229 2971/2504/2971 1810/2506/1810 489/218/489
f 765/223/765 2385/226/2385 2972/225/2972 2325/2507/2325
f 2385/226/2385 738/231/738 1753/230/1753 2972/225/2972
f 2972/225/2972 1753/230/1753 460/229/460 1755/2508/1755
f 2325/2507/2325 2972/225/2972 1755/2508/1755 462/2509/462
f 665/2510/665 2180/235/2180 2973/2511/2973 2125/233/2125
f 2180/235/2180 656/240/656 2116/239/2116 2973/2511/2973
f 2973/2511/2973 2116/239/2116 454/238/454 1800/237/1800
f 2125/233/2125 2973/2511/2973 1800/237/1800 483/236/483
f 820/241/820 2493/2512/2493 2974/2513/2974 2432/242/2432
f 2493/2512/2493 788/249/788 1746/248/1746 2974/2513/2974
f 2974/2513/2974 1746/248/1746 455/247/455 1801/246/1801
f 2432/242/2432 2974/2513/2974 1801/246/1801 484/245/484
f 718/250/718 2283/253/2283 2975/252/2975 2228/251/2228
f 2283/253/2283 693/258/693 1744/257/1744 2975/252/2975
f 2975/252/2975 1744/257/1744 457/256/457 1802/2514/1802
f 2228/251/2228 2975/252/2975 1802/2514/1802 485/254/485
f 780/2515/780 2179/2516/2179 2976/261/2976 2384/2517/2384
f 2179/2516/2179 659/267/659 2119/266/2119 2976/261/2976
f 2976/261/2976 2119/266/2119 460/265/460 1753/264/1753
f 2384/2517/2384 2976/261/2976 1753/264/1753 738/263/738
f 660/2518/660 2178/271/2178 2977/2519/2977 2120/2520/2120
f 2178/271/2178 658/276/658 2118/275/2118 2977/2519/2977
f 2977/2519/2977 2118/275/2118 458/274/458 1760/273/1760
f 2120/2520/2120 2977/2519/2977 1760/273/1760 463/272/463
f 815/277/815 2492/2521/2492 2978/2522/2978 2427/278/2427
f 2492/2521/2492 789/285/789 1754/284/1754 2978/2522/2978
f 2978/2522/2978 1754/284/1754 459/283/459 1761/2523/1761
f 2427/278/2427 2978/2522/2978 1761/2523/1761 464/281/464
f 713/286/713 2282/289/2282 2979/2524/2979 2223/2525/2223
f 2282/289/2282 695/294/695 1752/293/1752 2979/2524/2979
f 2979/2524/2979 1752/293/1752 461/292/461 1762/2526/1762
f 2223/2525/2223 2979/2524/2979 1762/2526/1762 465/1992/465
f 716/295/716 2281/298/2281 2980/2527/2980 2226/2528/2226
f 2281/298/2281 713/286/713 2223/2525/2223 2980/2527/2980
f 2980/2527/2980 2223/2525/2223 465/1992/465 1786/300/1786
f 2226/2528/2226 2980/2527/2980 1786/300/1786 477/2529/477
f 818/2530/818 2491/2531/2491 2981/2532/2981 2430/2533/2430
f 2491/2531/2491 815/309/815 2427/308/2427 2981/2532/2981
f 2981/2532/2981 2427/308/2427 464/307/464 1785/306/1785
f 2430/2533/2430 2981/2532/2981 1785/306/1785 476/305/476
f 663/2534/663 2177/2535/2177 2982/2536/2982 2123/2537/2123
f 2177/2535/2177 660/2518/660 2120/2520/2120 2982/2536/2982
f 2982/2536/2982 2120/2520/2120 463/272/463 1784/315/1784
f 2123/2537/2123 2982/2536/2982 1784/315/1784 475/314/475
f 768/316/768 2383/319/2383 2983/318/2983 2328/317/2328
f 2383/319/2383 765/223/765 2325/2507/2325 2983/318/2983
f 2983/318/2983 2325/2507/2325 462/2509/462 1759/2538/1759
f 2328/317/2328 2983/318/2983 1759/2538/1759 474/320/474
f 779/2539/779 2382/2540/2382 2984/324/2984 2339/2541/2339
f 2382/2540/2382 766/330/766 2326/329/2326 2984/324/2984
f 2984/324/2984 2326/329/2326 469/328/469 1770/327/1770
f 2339/2541/2339 2984/324/2984 1770/327/1770 525/2542/525
f 676/331/676 2176/334/2176 2985/2543/2985 2136/2544/2136
f 2176/334/2176 661/339/661 2121/338/2121 2985/2543/2985
f 2985/2543/2985 2121/338/2121 466/337/466 1879/2545/1879
f 2136/2544/2136 2985/2543/2985 1879/2545/1879 522/2546/522
f 831/2547/831 2490/2548/2490 2986/2549/2986 2443/2550/2443
f 2490/2548/2490 816/2551/816 2428/2552/2428 2986/2549/2986
f 2986/2549/2986 2428/2552/2428 467/346/467 1880/2553/1880
f 2443/2550/2443 2986/2549/2986 1880/2553/1880 523/2554/523
f 727/349/727 2280/352/2280 2987/351/2987 2237/2555/2237
f 2280/352/2280 714/357/714 2224/356/2224 2987/351/2987
f 2987/351/2987 2224/356/2224 468/355/468 1881/2556/1881
f 2237/2555/2237 2987/351/2987 1881/2556/1881 524/2557/524
f 766/358/766 2381/361/2381 2988/2558/2988 2326/359/2326
f 2381/361/2381 767/366/767 2327/365/2327 2988/2558/2988
f 2988/2558/2988 2327/365/2327 470/364/470 1775/363/1775
f 2326/359/2326 2988/2558/2988 1775/363/1775 469/362/469
f 661/367/661 2175/2559/2175 2989/2560/2989 2121/368/2121
f 2175/2559/2175 662/2561/662 2122/374/2122 2989/2560/2989
f 2989/2560/2989 2122/374/2122 471/373/471 1767/2562/1767
f 2121/368/2121 2989/2560/2989 1767/2562/1767 466/371/466
f 816/2551/816 2489/2563/2489 2990/2564/2990 2428/2552/2428
f 2489/2563/2489 817/381/817 2429/380/2429 2990/2564/2990
f 2990/2564/2990 2429/380/2429 472/379/472 1768/378/1768
f 2428/2552/2428 2990/2564/2990 1768/378/1768 467/346/467
f 714/382/714 2279/385/2279 2991/2565/2991 2224/383/2224
f 2279/385/2279 715/390/715 2225/2566/2225 2991/2565/2991
f 2991/2565/2991 2225/2566/2225 473/388/473 1769/387/1769
f 2224/383/2224 2991/2565/2991 1769/387/1769 468/386/468
f 767/391/767 2380/2567/2380 2992/393/2992 2327/392/2327
f 2380/2567/2380 768/399/768 2328/398/2328 2992/393/2992
f 2992/393/2992 2328/398/2328 474/397/474 1783/396/1783
f 2327/392/2327 2992/393/2992 1783/396/1783 470/395/470
f 662/2561/662 2174/401/2174 2993/400/2993 2122/374/2122
f 2174/401/2174 663/2534/663 2123/2537/2123 2993/400/2993
f 2993/400/2993 2123/2537/2123 475/314/475 1776/402/1776
f 2122/374/2122 2993/400/2993 1776/402/1776 471/373/471
f 817/403/817 2488/2568/2488 2994/2569/2994 2429/404/2429
f 2488/2568/2488 818/2530/818 2430/2533/2430 2994/2569/2994
f 2994/2569/2994 2430/2533/2430 476/305/476 1777/408/1777
f 2429/404/2429 2994/2569/2994 1777/408/1777 472/407/472
f 715/390/715 2278/410/2278 2995/2570/2995 2225/2566/2225
f 2278/410/2278 716/295/716 2226/2528/2226 2995/2570/2995
f 2995/2570/2995 2226/2528/2226 477/2529/477 1778/2002/1778
f 2225/2566/2225 2995/2570/2995 1778/2002/1778 473/388/473
f 725/412/725 2277/415/2277 2996/2571/2996 2235/413/2235
f 2277/415/2277 717/420/717 2227/419/2227 2996/2571/2996
f 2996/2571/2996 2227/419/2227 481/418/481 1865/417/1865
f 2235/413/2235 2996/2571/2996 1865/417/1865 516/416/516
f 829/2572/829 2487/2573/2487 2997/423/2997 2441/2574/2441
f 2487/2573/2487 819/429/819 2431/428/2431 2997/423/2997
f 2997/423/2997 2431/428/2431 480/427/480 1864/426/1864
f 2441/2574/2441 2997/423/2997 1864/426/1864 515/425/515
f 674/2575/674 2173/433/2173 2998/2576/2998 2134/2577/2134
f 2173/433/2173 664/438/664 2124/437/2124 2998/2576/2998
f 2998/2576/2998 2124/437/2124 479/436/479 1863/435/1863
f 2134/2577/2134 2998/2576/2998 1863/435/1863 514/2578/514
f 777/2579/777 2379/2580/2379 2999/2581/2999 2337/440/2337
f 2379/2580/2379 769/447/769 2329/446/2329 2999/2581/2999
f 2999/2581/2999 2329/446/2329 478/445/478 1791/444/1791
f 2337/440/2337 2999/2581/2999 1791/444/1791 517/443/517
f 726/448/726 2276/451/2276 3000/2582/3000 2236/449/2236
f 2276/451/2276 718/456/718 2228/455/2228 3000/2582/3000
f 3000/2582/3000 2228/455/2228 485/454/485 1873/2583/1873
f 2236/449/2236 3000/2582/3000 1873/2583/1873 520/452/520
f 830/2584/830 2486/2585/2486 3001/2586/3001 2442/458/2442
f 2486/2585/2486 820/465/820 2432/464/2432 3001/2586/3001
f 3001/2586/3001 2432/464/2432 484/463/484 1872/462/1872
f 2442/458/2442 3001/2586/3001 1872/462/1872 519/461/519
f 675/2587/675 2172/2588/2172 3002/468/3002 2135/2589/2135
f 2172/2588/2172 665/2510/665 2125/233/2125 3002/468/3002
f 3002/468/3002 2125/233/2125 483/236/483 1871/471/1871
f 2135/2589/2135 3002/468/3002 1871/471/1871 518/470/518
f 778/472/778 2378/2590/2378 3003/2591/3003 2338/473/2338
f 2378/2590/2378 770/2496/770 2330/2498/2330 3003/2591/3003
f 3003/2591/3003 2330/2498/2330 482/191/482 1799/477/1799
f 2338/473/2338 3003/2591/3003 1799/477/1799 521/476/521
f 717/478/717 2275/2592/2275 3004/2593/3004 2227/479/2227
f 2275/2592/2275 719/486/719 2229/485/2229 3004/2593/3004
f 3004/2593/3004 2229/485/2229 489/484/489 1794/2594/1794
f 2227/479/2227 3004/2593/3004 1794/2594/1794 481/482/481
f 819/487/819 2485/2595/2485 3005/2596/3005 2431/488/2431
f 2485/2595/2485 821/495/821 2433/494/2433 3005/2596/3005
f 3005/2596/3005 2433/494/2433 488/493/488 1793/492/1793
f 2431/488/2431 3005/2596/3005 1793/492/1793 480/491/480
f 664/496/664 2171/499/2171 3006/498/3006 2124/497/2124
f 2171/499/2171 666/2499/666 2126/197/2126 3006/498/3006
f 3006/498/3006 2126/197/2126 487/200/487 1792/2597/1792
f 2124/497/2124 3006/498/3006 1792/2597/1792 479/500/479
f 769/502/769 2377/2598/2377 3007/2599/3007 2329/503/2329
f 2377/2598/2377 771/2482/771 2331/2484/2331 3007/2599/3007
f 3007/2599/3007 2331/2484/2331 486/2485/486 1807/507/1807
f 2329/503/2329 3007/2599/3007 1807/507/1807 478/506/478
f 828/508/828 2484/2600/2484 3008/510/3008 2440/509/2440
f 2484/2600/2484 822/2352/822 2434/2491/2434 3008/510/3008
f 3008/510/3008 2434/2491/2434 493/182/493 1857/513/1857
f 2440/509/2440 3008/510/3008 1857/513/1857 512/512/512
f 673/514/673 2170/2601/2170 3009/516/3009 2133/2602/2133
f 2170/2601/2170 667/522/667 2127/521/2127 3009/516/3009
f 3009/516/3009 2127/521/2127 492/520/492 1856/519/1856
f 2133/2602/2133 3009/516/3009 1856/519/1856 511/2603/511
f 776/2604/776 2376/2605/2376 3010/2606/3010 2336/2607/2336
f 2376/2605/2376 772/2486/772 2332/2489/2332 3010/2606/3010
f 3010/2606/3010 2332/2489/2332 491/164/491 1855/2608/1855
f 2336/2607/2336 3010/2606/3010 1855/2608/1855 510/2609/510
f 724/529/724 2274/2610/2274 3011/531/3011 2234/2611/2234
f 2274/2610/2274 720/537/720 2230/536/2230 3011/531/3011
f 3011/531/3011 2230/536/2230 490/535/490 1815/2612/1815
f 2234/2611/2234 3011/531/3011 1815/2612/1815 513/533/513
f 683/63/683 2273/539/2273 3012/2613/3012 1704/2448/1704
f 2273/539/2273 721/543/721 2231/542/2231 3012/2613/3012
f 3012/2613/3012 2231/542/2231 497/541/497 1718/2614/1718
f 1704/2448/1704 3012/2613/3012 1718/2614/1718 437/2449/437
f 783/2431/783 2483/2615/2483 3013/2616/3013 1706/2432/1706
f 2483/2615/2483 823/2307/823 2435/2617/2435 3013/2616/3013
f 3013/2616/3013 2435/2617/2435 496/547/496 1717/2618/1717
f 1706/2432/1706 3013/2616/3013 1717/2618/1717 435/2433/435
f 646/550/646 2169/2619/2169 3014/2620/3014 2106/551/2106
f 2169/2619/2169 668/558/668 2128/557/2128 3014/2620/3014
f 3014/2620/3014 2128/557/2128 495/556/495 1716/2621/1716
f 2106/551/2106 3014/2620/3014 1716/2621/1716 434/554/434
f 732/2453/732 2375/560/2375 3015/559/3015 1705/2454/1705
f 2375/560/2375 773/564/773 2333/563/2333 3015/559/3015
f 3015/559/3015 2333/563/2333 494/562/494 1823/2622/1823
f 1705/2454/1705 3015/559/3015 1823/2622/1823 436/70/436
f 729/64/729 1693/2623/1693 3016/2624/3016 2374/2625/2374
f 1693/2623/1693 428/68/428 1834/568/1834 3016/2624/3016
f 3016/2624/3016 1834/568/1834 501/45/501 1835/40/1835
f 2374/2625/2374 3016/2624/3016 1835/40/1835 748/2440/748
f 643/2626/643 2168/1623/2168 3017/2627/3017 2103/2628/2103
f 2168/1623/2168 669/2437/669 2129/2439/2129 3017/2627/3017
f 3017/2627/3017 2129/2439/2129 501/32/501 1834/574/1834
f 2103/2628/2103 3017/2627/3017 1834/574/1834 428/573/428
f 644/575/644 2167/2629/2167 3018/577/3018 2104/576/2104
f 2167/2629/2167 670/2435/670 2130/20/2130 3018/577/3018
f 3018/577/3018 2130/20/2130 499/23/499 1832/580/1832
f 2104/576/2104 3018/577/3018 1832/580/1832 433/579/433
f 730/581/730 1700/584/1700 3019/2630/3019 2373/2631/2373
f 1700/584/1700 432/589/432 1831/2632/1831 3019/2630/3019
f 3019/2630/3019 1831/2632/1831 498/2633/498 1838/2634/1838
f 2373/2631/2373 3019/2630/3019 1838/2634/1838 749/2635/749
f 721/590/721 2272/593/2272 3020/2636/3020 2231/591/2231
f 2272/593/2272 722/106/722 2232/107/2232 3020/2636/3020
f 3020/2636/3020 2232/107/2232 505/110/505 1826/595/1826
f 2231/591/2231 3020/2636/3020 1826/595/1826 497/594/497
f 823/2307/823 2482/597/2482 3021/2637/3021 2435/2617/2435
f 2482/597/2482 826/2465/826 2438/2467/2438 3021/2637/3021
f 3021/2637/3021 2438/2467/2438 504/101/504 1825/598/1825
f 2435/2617/2435 3021/2637/3021 1825/598/1825 496/547/496
f 668/599/668 2166/2638/2166 3022/601/3022 2128/600/2128
f 2166/2638/2166 671/88/671 2131/2463/2131 3022/601/3022
f 3022/601/3022 2131/2463/2131 503/92/503 1824/604/1824
f 2128/600/2128 3022/601/3022 1824/604/1824 495/603/495
f 773/564/773 2372/2639/2372 3023/2640/3023 2333/563/2333
f 2372/2639/2372 774/2443/774 2334/2446/2334 3023/2640/3023
f 3023/2640/3023 2334/2446/2334 502/50/502 1839/607/1839
f 2333/563/2333 3023/2640/3023 1839/607/1839 494/562/494
f 844/2641/844 2165/611/2165 3024/2642/3024 2530/2643/2530
f 2165/611/2165 672/2479/672 2132/2481/2132 3024/2642/3024
f 3024/2642/3024 2132/2481/2132 509/146/509 2501/2644/2501
f 2530/2643/2530 3024/2642/3024 2501/2644/2501 837/612/837
f 848/614/848 2371/2645/2371 3025/2646/3025 2529/615/2529
f 2371/2645/2371 775/133/775 2335/134/2335 3025/2646/3025
f 3025/2646/3025 2335/134/2335 508/2478/508 2500/2647/2500
f 2529/615/2529 3025/2646/3025 2500/2647/2500 836/618/836
f 846/620/846 2271/623/2271 3026/2648/3026 2528/2649/2528
f 2271/623/2271 723/124/723 2233/2474/2233 3026/2648/3026
f 3026/2648/3026 2233/2474/2233 507/2035/507 2499/625/2499
f 2528/2649/2528 3026/2648/3026 2499/625/2499 835/2650/835
f 850/2651/850 2481/2652/2481 3027/628/3027 2527/2653/2527
f 2481/2652/2481 827/2654/827 2439/2655/2439 3027/628/3027
f 3027/628/3027 2439/2655/2439 506/632/506 1847/2656/1847
f 2527/2653/2527 3027/628/3027 1847/2656/1847 838/630/838
f 687/634/687 2270/637/2270 3028/2657/3028 1720/635/1720
f 2270/637/2270 724/529/724 2234/2611/2234 3028/2657/3028
f 3028/2657/3028 2234/2611/2234 513/533/513 1858/639/1858
f 1720/635/1720 3028/2657/3028 1858/639/1858 445/638/445
f 734/640/734 2370/643/2370 3029/2658/3029 1721/641/1721
f 2370/643/2370 776/2604/776 2336/2607/2336 3029/2658/3029
f 3029/2658/3029 2336/2607/2336 510/2609/510 1732/645/1732
f 1721/641/1721 3029/2658/3029 1732/645/1732 444/644/444
f 650/646/650 2164/2659/2164 3030/2660/3030 2110/647/2110
f 2164/2659/2164 673/514/673 2133/2602/2133 3030/2660/3030
f 3030/2660/3030 2133/2602/2133 511/2603/511 1733/2661/1733
f 2110/647/2110 3030/2660/3030 1733/2661/1733 442/650/442
f 785/652/785 2480/2662/2480 3031/2663/3031 1722/653/1722
f 2480/2662/2480 828/660/828 2440/659/2440 3031/2663/3031
f 3031/2663/3031 2440/659/2440 512/658/512 1734/657/1734
f 1722/653/1722 3031/2663/3031 1734/657/1734 443/656/443
f 735/661/735 2369/2664/2369 3032/2665/3032 1729/662/1729
f 2369/2664/2369 777/2579/777 2337/440/2337 3032/2665/3032
f 3032/2665/3032 2337/440/2337 517/443/517 1866/2666/1866
f 1729/662/1729 3032/2665/3032 1866/2666/1866 448/665/448
f 652/2490/652 2163/668/2163 3033/2667/3033 2112/176/2112
f 2163/668/2163 674/2575/674 2134/2577/2134 3033/2667/3033
f 3033/2667/3033 2134/2577/2134 514/2578/514 1740/2668/1740
f 2112/176/2112 3033/2667/3033 1740/2668/1740 446/175/446
f 786/2492/786 2479/2669/2479 3034/2670/3034 1730/2493/1730
f 2479/2669/2479 829/2572/829 2441/2574/2441 3034/2670/3034
f 3034/2670/3034 2441/2574/2441 515/425/515 1741/672/1741
f 1730/2493/1730 3034/2670/3034 1741/672/1741 447/2494/447
f 689/123/689 2269/674/2269 3035/2671/3035 1728/122/1728
f 2269/674/2269 725/678/725 2235/677/2235 3035/2671/3035
f 3035/2671/3035 2235/677/2235 516/676/516 1742/675/1742
f 1728/122/1728 3035/2671/3035 1742/675/1742 449/2471/449
f 736/679/736 2368/682/2368 3036/2672/3036 1737/680/1737
f 2368/682/2368 778/687/778 2338/686/2338 3036/2672/3036
f 3036/2672/3036 2338/686/2338 521/685/521 1874/2673/1874
f 1737/680/1737 3036/2672/3036 1874/2673/1874 452/683/452
f 654/688/654 2162/2674/2162 3037/690/3037 2114/689/2114
f 2162/2674/2162 675/2587/675 2135/2589/2135 3037/690/3037
f 3037/690/3037 2135/2589/2135 518/470/518 1748/2675/1748
f 2114/689/2114 3037/690/3037 1748/2675/1748 450/692/450
f 787/694/787 2478/2676/2478 3038/2677/3038 1738/695/1738
f 2478/2676/2478 830/2584/830 2442/458/2442 3038/2677/3038
f 3038/2677/3038 2442/458/2442 519/461/519 1749/699/1749
f 1738/695/1738 3038/2677/3038 1749/699/1749 451/698/451
f 691/222/691 2268/701/2268 3039/2678/3039 1736/2505/1736
f 2268/701/2268 726/705/726 2236/704/2236 3039/2678/3039
f 3039/2678/3039 2236/704/2236 520/703/520 1750/702/1750
f 1736/2505/1736 3039/2678/3039 1750/702/1750 453/220/453
f 693/706/693 2267/709/2267 3040/2679/3040 1744/707/1744
f 2267/709/2267 727/349/727 2237/2555/2237 3040/2679/3040
f 3040/2679/3040 2237/2555/2237 524/2557/524 1758/711/1758
f 1744/707/1744 3040/2679/3040 1758/711/1758 457/710/457
f 788/712/788 2477/2680/2477 3041/2681/3041 1746/713/1746
f 2477/2680/2477 831/2547/831 2443/2550/2443 3041/2681/3041
f 3041/2681/3041 2443/2550/2443 523/2554/523 1757/2682/1757
f 1746/713/1746 3041/2681/3041 1757/2682/1757 455/716/455
f 656/718/656 2161/2683/2161 3042/2684/3042 2116/719/2116
f 2161/2683/2161 676/331/676 2136/2544/2136 3042/2684/3042
f 3042/2684/3042 2136/2544/2136 522/2546/522 1756/2685/1756
f 2116/719/2116 3042/2684/3042 1756/2685/1756 454/722/454
f 737/724/737 2367/2686/2367 3043/726/3043 1745/725/1745
f 2367/2686/2367 779/2539/779 2339/2541/2339 3043/726/3043
f 3043/726/3043 2339/2541/2339 525/2542/525 1882/729/1882
f 1745/725/1745 3043/726/3043 1882/729/1882 456/728/456
f 692/730/692 2266/2687/2266 3044/2688/3044 2202/731/2202
f 2266/2687/2266 712/738/712 2222/737/2222 3044/2688/3044
f 3044/2688/3044 2222/737/2222 575/736/575 1937/2689/1937
f 2202/731/2202 3044/2688/3044 1937/2689/1937 540/734/540
f 657/739/657 2160/2690/2160 3045/2691/3045 1902/740/1902
f 2160/2690/2160 641/747/641 2101/746/2101 3045/2691/3045
f 3045/2691/3045 2101/746/2101 574/745/574 1938/744/1938
f 1902/740/1902 3045/2691/3045 1938/744/1938 541/743/541
f 655/748/655 2159/2692/2159 3046/2693/3046 1900/749/1900
f 2159/2692/2159 640/2694/640 2100/755/2100 3046/2693/3046
f 3046/2693/3046 2100/755/2100 573/2695/573 1939/2696/1939
f 1900/749/1900 3046/2693/3046 1939/2696/1939 539/752/539
f 690/2697/690 2265/760/2265 3047/759/3047 2200/2698/2200
f 2265/760/2265 711/904/711 2221/764/2221 3047/759/3047
f 3047/759/3047 2221/764/2221 572/908/572 1940/2699/1940
f 2200/2698/2200 3047/759/3047 1940/2699/1940 538/761/538
f 653/2700/653 2158/769/2158 3048/2701/3048 1898/2702/1898
f 2158/769/2158 639/2703/639 2099/2704/2099 3048/2701/3048
f 3048/2701/3048 2099/2704/2099 571/772/571 1941/2705/1941
f 1898/2702/1898 3048/2701/3048 1941/2705/1941 537/770/537
f 688/775/688 2264/778/2264 3049/2706/3049 2198/2707/2198
f 2264/778/2264 710/783/710 2220/2708/2220 3049/2706/3049
f 3049/2706/3049 2220/2708/2220 570/2709/570 1942/2710/1942
f 2198/2707/2198 3049/2706/3049 1942/2710/1942 536/779/536
f 686/784/686 2263/2711/2263 3050/2712/3050 2196/785/2196
f 2263/2711/2263 709/792/709 2219/791/2219 3050/2712/3050
f 3050/2712/3050 2219/791/2219 569/790/569 1943/2713/1943
f 2196/785/2196 3050/2712/3050 1943/2713/1943 534/788/534
f 651/793/651 2157/796/2157 3051/2714/3051 1896/794/1896
f 2157/796/2157 638/2715/638 2098/2716/2098 3051/2714/3051
f 3051/2714/3051 2098/2716/2098 568/799/568 1944/798/1944
f 1896/794/1896 3051/2714/3051 1944/798/1944 535/797/535
f 843/2717/843 2156/2718/2156 3052/2719/3052 2526/2720/2526
f 2156/2718/2156 637/2721/637 2097/1060/2097 3052/2719/3052
f 3052/2719/3052 2097/1060/2097 567/1063/567 1945/2722/1945
f 2526/2720/2526 3052/2719/3052 1945/2722/1945 839/806/839
f 845/811/845 2262/814/2262 3053/2723/3053 2525/2724/2525
f 2262/814/2262 708/819/708 2218/2725/2218 3053/2723/3053
f 3053/2723/3053 2218/2725/2218 566/2726/566 1946/2727/1946
f 2525/2724/2525 3053/2723/3053 1946/2727/1946 840/1604/840
f 704/820/704 2261/823/2261 3054/2728/3054 2214/2729/2214
f 2261/823/2261 707/828/707 2217/2730/2217 3054/2728/3054
f 3054/2728/3054 2217/2730/2217 565/2731/565 1947/2732/1947
f 2214/2729/2214 3054/2728/3054 1947/2732/1947 561/824/561
f 635/829/635 2155/2733/2155 3055/2734/3055 2095/830/2095
f 2155/2733/2155 636/837/636 2096/2735/2096 3055/2734/3055
f 3055/2734/3055 2096/2735/2096 564/2736/564 1948/2737/1948
f 2095/830/2095 3055/2734/3055 1948/2737/1948 560/833/560
f 680/838/680 2260/2738/2260 3056/2739/3056 2190/839/2190
f 2260/2738/2260 706/2740/706 2216/2741/2216 3056/2739/3056
f 3056/2739/3056 2216/2741/2216 563/2742/563 1949/2743/1949
f 2190/839/2190 3056/2739/3056 1949/2743/1949 528/842/528
f 679/847/679 2259/850/2259 3057/2744/3057 2189/2745/2189
f 2259/850/2259 705/855/705 2215/2746/2215 3057/2744/3057
f 3057/2744/3057 2215/2746/2215 562/2747/562 1950/852/1950
f 2189/2745/2189 3057/2744/3057 1950/852/1950 527/851/527
f 682/856/682 2258/859/2258 3058/858/3058 2192/2748/2192
f 2258/859/2258 704/820/704 2214/2729/2214 3058/858/3058
f 3058/858/3058 2214/2729/2214 561/824/561 1951/861/1951
f 2192/2748/2192 3058/858/3058 1951/861/1951 530/860/530
f 647/862/647 2154/2749/2154 3059/2750/3059 1892/863/1892
f 2154/2749/2154 635/870/635 2095/869/2095 3059/2750/3059
f 3059/2750/3059 2095/869/2095 560/868/560 1952/867/1952
f 1892/863/1892 3059/2750/3059 1952/867/1952 531/866/531
f 638/2715/638 2153/2751/2153 3060/2752/3060 2098/2716/2098
f 2153/2751/2153 634/876/634 2094/875/2094 3060/2752/3060
f 3060/2752/3060 2094/875/2094 559/874/559 1953/873/1953
f 2098/2716/2098 3060/2752/3060 1953/873/1953 568/799/568
f 709/877/709 2257/2753/2257 3061/879/3061 2219/878/2219
f 2257/2753/2257 703/885/703 2213/2754/2213 3061/879/3061
f 3061/879/3061 2213/2754/2213 558/883/558 1954/882/1954
f 2219/878/2219 3061/879/3061 1954/882/1954 569/881/569
f 700/886/700 2256/2755/2256 3062/2756/3062 2210/887/2210
f 2256/2755/2256 702/894/702 2212/893/2212 3062/2756/3062
f 3062/2756/3062 2212/893/2212 557/892/557 1955/2757/1955
f 2210/887/2210 3062/2756/3062 1955/2757/1955 553/890/553
f 631/895/631 2152/898/2152 3063/2758/3063 2091/896/2091
f 2152/898/2152 633/903/633 2093/902/2093 3063/2758/3063
f 3063/2758/3063 2093/902/2093 556/901/556 1956/2759/1956
f 2091/896/2091 3063/2758/3063 1956/2759/1956 552/899/552
f 711/2760/711 2255/2761/2255 3064/2762/3064 2221/905/2221
f 2255/2761/2255 701/2763/701 2211/911/2211 3064/2762/3064
f 3064/2762/3064 2211/911/2211 555/910/555 1957/2764/1957
f 2221/905/2221 3064/2762/3064 1957/2764/1957 572/2765/572
f 640/913/640 2151/2766/2151 3065/915/3065 2100/2767/2100
f 2151/2766/2151 632/2768/632 2092/1021/2092 3065/915/3065
f 3065/915/3065 2092/1021/2092 554/2769/554 1958/2770/1958
f 2100/2767/2100 3065/915/3065 1958/2770/1958 573/2695/573
f 710/783/710 2254/2771/2254 3066/2772/3066 2220/2708/2220
f 2254/2771/2254 700/927/700 2210/926/2210 3066/2772/3066
f 3066/2772/3066 2210/926/2210 553/925/553 1959/2773/1959
f 2220/2708/2220 3066/2772/3066 1959/2773/1959 570/2709/570
f 639/2703/639 2150/2774/2150 3067/928/3067 2099/2704/2099
f 2150/2774/2150 631/933/631 2091/932/2091 3067/928/3067
f 3067/928/3067 2091/932/2091 552/931/552 1960/2775/1960
f 2099/2704/2099 3067/928/3067 1960/2775/1960 571/772/571
f 629/2776/629 2149/2777/2149 3068/2778/3068 2089/2779/2089
f 2149/2777/2149 630/2780/630 2090/2781/2090 3068/2778/3068
f 3068/2778/3068 2090/2781/2090 551/2782/551 1961/2783/1961
f 2089/2779/2089 3068/2778/3068 1961/2783/1961 549/2784/549
f 698/969/698 2253/1791/2253 3069/2785/3069 2208/2786/2208
f 2253/1791/2253 699/2787/699 2209/2788/2209 3069/2785/3069
f 3069/2785/3069 2209/2788/2209 550/949/550 1962/2789/1962
f 2208/2786/2208 3069/2785/3069 1962/2789/1962 548/2790/548
f 628/952/628 2148/2791/2148 3070/2792/3070 2088/2793/2088
f 2148/2791/2148 629/2794/629 2089/2795/2089 3070/2792/3070
f 3070/2792/3070 2089/2795/2089 549/2796/549 1963/957/1963
f 2088/2793/2088 3070/2792/3070 1963/957/1963 547/2797/547
f 697/961/697 2252/2798/2252 3071/2799/3071 2207/962/2207
f 2252/2798/2252 698/943/698 2208/2800/2208 3071/2799/3071
f 3071/2799/3071 2208/2800/2208 548/2801/548 1964/2802/1964
f 2207/962/2207 3071/2799/3071 1964/2802/1964 546/965/546
f 641/970/641 2147/973/2147 3072/2803/3072 2101/971/2101
f 2147/973/2147 628/952/628 2088/2793/2088 3072/2803/3072
f 3072/2803/3072 2088/2793/2088 547/2797/547 1965/2804/1965
f 2101/971/2101 3072/2803/3072 1965/2804/1965 574/974/574
f 712/976/712 2251/979/2251 3073/2805/3073 2222/977/2222
f 2251/979/2251 697/961/697 2207/962/2207 3073/2805/3073
f 3073/2805/3073 2207/962/2207 546/965/546 1966/981/1966
f 2222/977/2222 3073/2805/3073 1966/981/1966 575/980/575
f 699/2787/699 2250/2806/2250 3074/2807/3074 2209/2788/2209
f 2250/2806/2250 696/2808/696 2206/2809/2206 3074/2807/3074
f 3074/2807/3074 2206/2809/2206 545/2810/545 1967/984/1967
f 2209/2788/2209 3074/2807/3074 1967/984/1967 550/949/550
f 630/2780/630 2146/2811/2146 3075/2812/3075 2090/2781/2090
f 2146/2811/2146 627/2813/627 2087/992/2087 3075/2812/3075
f 3075/2812/3075 2087/992/2087 544/991/544 1968/2814/1968
f 2090/2781/2090 3075/2812/3075 1968/2814/1968 551/2782/551
f 627/2815/627 2145/2816/2145 3076/2817/3076 2087/2818/2087
f 2145/2816/2145 659/1001/659 1904/1000/1904 3076/2817/3076
f 3076/2817/3076 1904/1000/1904 543/999/543 1969/998/1969
f 2087/2818/2087 3076/2817/3076 1969/998/1969 544/2819/544
f 696/2820/696 2249/1005/2249 3077/2821/3077 2206/2822/2206
f 2249/1005/2249 694/1010/694 2204/1009/2204 3077/2821/3077
f 3077/2821/3077 2204/1009/2204 542/1008/542 1970/2823/1970
f 2206/2822/2206 3077/2821/3077 1970/2823/1970 545/2824/545
f 781/1011/781 2248/1014/2248 3078/2825/3078 2366/2826/2366
f 2248/1014/2248 695/1019/695 2205/1018/2205 3078/2825/3078
f 3078/2825/3078 2205/1018/2205 543/1017/543 1971/2827/1971
f 2366/2826/2366 3078/2825/3078 1971/2827/1971 756/2828/756
f 632/1020/632 2144/2829/2144 3079/1022/3079 2092/1021/2092
f 2144/2829/2144 657/1028/657 1902/1027/1902 3079/1022/3079
f 3079/1022/3079 1902/1027/1902 541/1026/541 1972/2830/1972
f 2092/1021/2092 3079/1022/3079 1972/2830/1972 554/2831/554
f 701/912/701 2247/2832/2247 3080/2833/3080 2211/2834/2211
f 2247/2832/2247 692/1037/692 2202/1036/2202 3080/2833/3080
f 3080/2833/3080 2202/1036/2202 540/1035/540 1973/2835/1973
f 2211/2834/2211 3080/2833/3080 1973/2835/1973 555/2836/555
f 633/903/633 2143/2837/2143 3081/2838/3081 2093/902/2093
f 2143/2837/2143 655/1043/655 1900/1042/1900 3081/2838/3081
f 3081/2838/3081 1900/1042/1900 539/1041/539 1974/1040/1974
f 2093/902/2093 3081/2838/3081 1974/1040/1974 556/901/556
f 702/1044/702 2246/1047/2246 3082/2839/3082 2212/1045/2212
f 2246/1047/2246 690/2697/690 2200/2698/2200 3082/2839/3082
f 3082/2839/3082 2200/2698/2200 538/761/538 1975/1049/1975
f 2212/1045/2212 3082/2839/3082 1975/1049/1975 557/1048/557
f 703/885/703 2245/1051/2245 3083/2840/3083 2213/2754/2213
f 2245/1051/2245 688/775/688 2198/2707/2198 3083/2840/3083
f 3083/2840/3083 2198/2707/2198 536/779/536 1976/1052/1976
f 2213/2754/2213 3083/2840/3083 1976/1052/1976 558/883/558
f 708/819/708 2244/1054/2244 3084/2841/3084 2218/2725/2218
f 2244/1054/2244 686/1058/686 2196/1057/2196 3084/2841/3084
f 3084/2841/3084 2196/1057/2196 534/1056/534 1977/1055/1977
f 2218/2725/2218 3084/2841/3084 1977/1055/1977 566/2726/566
f 637/810/637 2142/2842/2142 3085/2843/3085 2097/2844/2097
f 2142/2842/2142 651/1067/651 1896/1066/1896 3085/2843/3085
f 3085/2843/3085 1896/1066/1896 535/1065/535 1978/2845/1978
f 2097/2844/2097 3085/2843/3085 1978/2845/1978 567/808/567
f 634/1068/634 2141/2846/2141 3086/2847/3086 2094/1069/2094
f 2141/2846/2141 653/2700/653 1898/2702/1898 3086/2847/3086
f 3086/2847/3086 1898/2702/1898 537/770/537 1979/1073/1979
f 2094/1069/2094 3086/2847/3086 1979/1073/1979 559/1072/559
f 636/837/636 2140/1077/2140 3087/2848/3087 2096/2849/2096
f 2140/1077/2140 649/1520/649 1894/2850/1894 3087/2848/3087
f 3087/2848/3087 1894/2850/1894 533/1945/533 1980/2851/1980
f 2096/2849/2096 3087/2848/3087 1980/2851/1980 564/1078/564
f 707/828/707 2243/2852/2243 3088/2853/3088 2217/2730/2217
f 2243/2852/2243 684/1088/684 2194/2854/2194 3088/2853/3088
f 3088/2853/3088 2194/2854/2194 532/1086/532 1981/2855/1981
f 2217/2730/2217 3088/2853/3088 1981/2855/1981 565/2731/565
f 678/1089/678 2242/1092/2242 3089/2856/3089 2188/1090/2188
f 2242/1092/2242 682/856/682 2192/2748/2192 3089/2856/3089
f 3089/2856/3089 2192/2748/2192 530/860/530 1982/2857/1982
f 2188/1090/2188 3089/2856/3089 1982/2857/1982 526/2858/526
f 643/2859/643 2139/2860/2139 3090/2861/3090 1888/1096/1888
f 2139/2860/2139 647/1102/647 1892/1101/1892 3090/2861/3090
f 3090/2861/3090 1892/1101/1892 531/1100/531 1983/2862/1983
f 1888/1096/1888 3090/2861/3090 1983/2862/1983 527/2863/527
f 705/855/705 2241/1104/2241 3091/1103/3091 2215/2746/2215
f 2241/1104/2241 681/1108/681 2191/1107/2191 3091/1103/3091
f 3091/1103/3091 2191/1107/2191 529/1106/529 1984/2864/1984
f 2215/2746/2215 3091/1103/3091 1984/2864/1984 562/2747/562
f 706/2740/706 2240/2865/2240 3092/2866/3092 2216/2741/2216
f 2240/2865/2240 678/1089/678 2188/1090/2188 3092/2866/3092
f 3092/2866/3092 2188/1090/2188 526/2858/526 1985/2867/1985
f 2216/2741/2216 3092/2866/3092 1985/2867/1985 563/2742/563
f 834/2868/834 2239/2869/2239 3093/1114/3093 2476/1113/2476
f 2239/2869/2239 728/1711/728 2238/1119/2238 3093/1114/3093
f 3093/1114/3093 2238/1119/2238 626/2870/626 2036/2871/2036
f 2476/1113/2476 3093/1114/3093 2036/2871/2036 832/2872/832
f 813/1121/813 2475/2873/2475 3094/2874/3094 2000/1122/2000
f 2475/2873/2475 804/2875/804 2416/2876/2416 3094/2874/3094
f 3094/2874/3094 2416/2876/2416 625/1127/625 2038/2877/2038
f 2000/1122/2000 3094/2874/3094 2038/2877/2038 590/1125/590
f 763/1130/763 2365/2878/2365 3095/2879/3095 2001/1131/2001
f 2365/2878/2365 755/2880/755 2315/2881/2315 3095/2879/3095
f 3095/2879/3095 2315/2881/2315 624/2882/624 2039/2883/2039
f 2001/1131/2001 3095/2879/3095 2039/2883/2039 591/1134/591
f 762/1139/762 2364/1142/2364 3096/1141/3096 1999/1140/1999
f 2364/1142/2364 754/2884/754 2314/1146/2314 3096/1141/3096
f 3096/1141/3096 2314/1146/2314 623/1145/623 2040/1144/2040
f 1999/1140/1999 3096/1141/3096 2040/1144/2040 589/1143/589
f 812/1148/812 2474/1151/2474 3097/2885/3097 1998/1149/1998
f 2474/1151/2474 803/1156/803 2415/1155/2415 3097/2885/3097
f 3097/2885/3097 2415/1155/2415 622/1154/622 2041/2886/2041
f 1998/1149/1998 3097/2885/3097 2041/2886/2041 588/1152/588
f 761/2887/761 2363/2888/2363 3098/1159/3098 1997/1158/1997
f 2363/2888/2363 753/1165/753 2313/2889/2313 3098/1159/3098
f 3098/1159/3098 2313/2889/2313 621/2890/621 2042/1162/2042
f 1997/1158/1997 3098/1159/3098 2042/1162/2042 587/2891/587
f 811/1166/811 2473/2892/2473 3099/1168/3099 1996/1167/1996
f 2473/2892/2473 802/1174/802 2414/1173/2414 3099/1168/3099
f 3099/1168/3099 2414/1173/2414 620/1172/620 2043/1171/2043
f 1996/1167/1996 3099/1168/3099 2043/1171/2043 586/1170/586
f 760/1175/760 2362/1178/2362 3100/1177/3100 1995/1176/1995
f 2362/1178/2362 752/1183/752 2312/1182/2312 3100/1177/3100
f 3100/1177/3100 2312/1182/2312 619/1181/619 2044/1180/2044
f 1995/1176/1995 3100/1177/3100 2044/1180/2044 585/1179/585
f 810/1184/810 2472/2272/2472 3101/2893/3101 1994/1185/1994
f 2472/2272/2472 801/1192/801 2413/2894/2413 3101/2893/3101
f 3101/2893/3101 2413/2894/2413 618/2895/618 2045/2896/2045
f 1994/1185/1994 3101/2893/3101 2045/2896/2045 584/1188/584
f 847/2897/847 2361/2898/2361 3102/2899/3102 2524/1194/2524
f 2361/2898/2361 751/2900/751 2311/1462/2311 3102/2899/3102
f 3102/2899/3102 2311/1462/2311 617/2901/617 2046/2902/2046
f 2524/1194/2524 3102/2899/3102 2046/2902/2046 841/2903/841
f 849/1202/849 2471/1205/2471 3103/1204/3103 2523/1203/2523
f 2471/1205/2471 800/1210/800 2412/1209/2412 3103/1204/3103
f 3103/1204/3103 2412/1209/2412 616/1208/616 2047/1207/2047
f 2523/1203/2523 3103/1204/3103 2047/1207/2047 842/1206/842
f 798/2256/798 2470/2904/2470 3104/2905/3104 2410/2906/2410
f 2470/2904/2470 799/1219/799 2411/2907/2411 3104/2905/3104
f 3104/2905/3104 2411/2907/2411 615/2908/615 2048/1216/2048
f 2410/2906/2410 3104/2905/3104 2048/1216/2048 611/1215/611
f 747/2909/747 2360/2910/2360 3105/2911/3105 2307/2912/2307
f 2360/2910/2360 750/2913/750 2310/2914/2310 3105/2911/3105
f 3105/2911/3105 2310/2914/2310 614/2915/614 2049/2916/2049
f 2307/2912/2307 3105/2911/3105 2049/2916/2049 610/2917/610
f 806/1229/806 1988/1232/1988 3106/2918/3106 2469/2919/2469
f 1988/1232/1988 578/1237/578 2050/2920/2050 3106/2918/3106
f 3106/2918/3106 2050/2920/2050 613/1235/613 2023/1234/2023
f 2469/2919/2469 3106/2918/3106 2023/1234/2023 825/2921/825
f 805/2922/805 1986/2923/1986 3107/2924/3107 2468/1239/2468
f 1986/2923/1986 576/2925/576 2051/1245/2051 3107/2924/3107
f 3107/2924/3107 2051/1245/2051 612/2926/612 2022/1484/2022
f 2468/1239/2468 3107/2924/3107 2022/1484/2022 824/2927/824
f 808/2928/808 2467/1250/2467 3108/2929/3108 1990/1248/1990
f 2467/1250/2467 798/2256/798 2410/2906/2410 3108/2929/3108
f 3108/2929/3108 2410/2906/2410 611/1215/611 2052/1252/2052
f 1990/1248/1990 3108/2929/3108 2052/1252/2052 580/2930/580
f 758/2931/758 2359/2932/2359 3109/2933/3109 1991/2934/1991
f 2359/2932/2359 747/2909/747 2307/2912/2307 3109/2933/3109
f 3109/2933/3109 2307/2912/2307 610/2917/610 2053/1258/2053
f 1991/2934/1991 3109/2933/3109 2053/1258/2053 581/2935/581
f 801/1192/801 2466/2936/2466 3110/1259/3110 2413/2894/2413
f 2466/2936/2466 797/1264/797 2409/1432/2409 3110/1259/3110
f 3110/1259/3110 2409/1432/2409 609/2937/609 2054/2938/2054
f 2413/2894/2413 3110/1259/3110 2054/2938/2054 618/2895/618
f 752/1265/752 2358/1268/2358 3111/2939/3111 2312/1266/2312
f 2358/1268/2358 746/1273/746 2306/1272/2306 3111/2939/3111
f 3111/2939/3111 2306/1272/2306 608/1271/608 2055/2940/2055
f 2312/1266/2312 3111/2939/3111 2055/2940/2055 619/1269/619
f 794/1274/794 2465/2941/2465 3112/2942/3112 2406/1275/2406
f 2465/2941/2465 796/1282/796 2408/2943/2408 3112/2942/3112
f 3112/2942/3112 2408/2943/2408 607/2944/607 2056/2945/2056
f 2406/1275/2406 3112/2942/3112 2056/2945/2056 603/1278/603
f 743/1283/743 2357/2946/2357 3113/2947/3113 2303/1284/2303
f 2357/2946/2357 745/1291/745 2305/1290/2305 3113/2947/3113
f 3113/2947/3113 2305/1290/2305 606/1289/606 2057/2948/2057
f 2303/1284/2303 3113/2947/3113 2057/2948/2057 602/1287/602
f 803/1292/803 2464/2949/2464 3114/2950/3114 2415/1293/2415
f 2464/2949/2464 795/1300/795 2407/2951/2407 3114/2950/3114
f 3114/2950/3114 2407/2951/2407 605/2952/605 2058/2953/2058
f 2415/1293/2415 3114/2950/3114 2058/2953/2058 622/1296/622
f 754/2884/754 2356/2954/2356 3115/2955/3115 2314/1146/2314
f 2356/2954/2356 744/1306/744 2304/1305/2304 3115/2955/3115
f 3115/2955/3115 2304/1305/2304 604/1304/604 2059/2956/2059
f 2314/1146/2314 3115/2955/3115 2059/2956/2059 623/1145/623
f 802/1307/802 2463/1310/2463 3116/2957/3116 2414/1308/2414
f 2463/1310/2463 794/1274/794 2406/1275/2406 3116/2957/3116
f 3116/2957/3116 2406/1275/2406 603/1278/603 2060/1312/2060
f 2414/1308/2414 3116/2957/3116 2060/1312/2060 620/1311/620
f 753/2958/753 2355/2959/2355 3117/2960/3117 2313/1164/2313
f 2355/2959/2355 743/1320/743 2303/1319/2303 3117/2960/3117
f 3117/2960/3117 2303/1319/2303 602/1318/602 2061/2961/2061
f 2313/1164/2313 3117/2960/3117 2061/2961/2061 621/1163/621
f 741/1321/741 2354/2962/2354 3118/2963/3118 2301/1322/2301
f 2354/2962/2354 742/2964/742 2302/1328/2302 3118/2963/3118
f 3118/2963/3118 2302/1328/2302 601/2965/601 2062/1326/2062
f 2301/1322/2301 3118/2963/3118 2062/1326/2062 599/1325/599
f 792/1330/792 2462/2966/2462 3119/2967/3119 2404/1331/2404
f 2462/2966/2462 793/2968/793 2405/2969/2405 3119/2967/3119
f 3119/2967/3119 2405/2969/2405 600/2970/600 2063/2971/2063
f 2404/1331/2404 3119/2967/3119 2063/2971/2063 598/1334/598
f 740/1339/740 2353/1342/2353 3120/1341/3120 2300/1340/2300
f 2353/1342/2353 741/1321/741 2301/1322/2301 3120/1341/3120
f 3120/1341/3120 2301/1322/2301 599/1325/599 2064/1344/2064
f 2300/1340/2300 3120/1341/3120 2064/1344/2064 597/1343/597
f 791/1345/791 2461/1348/2461 3121/2972/3121 2403/1346/2403
f 2461/1348/2461 792/1353/792 2404/1352/2404 3121/2972/3121
f 3121/2972/3121 2404/1352/2404 598/1351/598 2065/2973/2065
f 2403/1346/2403 3121/2972/3121 2065/2973/2065 596/1349/596
f 755/2880/755 2352/2974/2352 3122/2975/3122 2315/2881/2315
f 2352/2974/2352 740/1359/740 2300/1358/2300 3122/2975/3122
f 3122/2975/3122 2300/1358/2300 597/1357/597 2066/2976/2066
f 2315/2881/2315 3122/2975/3122 2066/2976/2066 624/2882/624
f 804/2875/804 2460/2977/2460 3123/2978/3123 2416/2876/2416
f 2460/2977/2460 791/1365/791 2403/1364/2403 3123/2978/3123
f 3123/2978/3123 2403/1364/2403 596/1363/596 2067/2979/2067
f 2416/2876/2416 3123/2978/3123 2067/2979/2067 625/1127/625
f 793/2968/793 2459/2980/2459 3124/2981/3124 2405/2969/2405
f 2459/2980/2459 790/1371/790 2402/1370/2402 3124/2981/3124
f 3124/2981/3124 2402/1370/2402 595/1369/595 2068/1368/2068
f 2405/2969/2405 3124/2981/3124 2068/1368/2068 600/2970/600
f 742/2964/742 2351/1373/2351 3125/2982/3125 2302/1328/2302
f 2351/1373/2351 739/1377/739 2299/1376/2299 3125/2982/3125
f 3125/2982/3125 2299/1376/2299 594/1375/594 2069/2983/2069
f 2302/1328/2302 3125/2982/3125 2069/2983/2069 601/2965/601
f 739/1377/739 2350/1379/2350 3126/2984/3126 2299/1376/2299
f 2350/1379/2350 764/1383/764 2003/1382/2003 3126/2984/3126
f 3126/2984/3126 2003/1382/2003 593/1381/593 2070/1380/2070
f 2299/1376/2299 3126/2984/3126 2070/1380/2070 594/1375/594
f 833/2985/833 2138/2986/2138 3127/2987/3127 2458/2988/2458
f 2138/2986/2138 677/2989/677 2137/2990/2137 3127/2987/3127
f 3127/2987/3127 2137/2990/2137 592/1390/592 2002/1389/2002
f 2458/2988/2458 3127/2987/3127 2002/1389/2002 814/1388/814
f 744/1393/744 2349/2991/2349 3128/2992/3128 2304/1394/2304
f 2349/2991/2349 763/1401/763 2001/1400/2001 3128/2992/3128
f 3128/2992/3128 2001/1400/2001 591/1399/591 2072/2993/2072
f 2304/1394/2304 3128/2992/3128 2072/2993/2072 604/1397/604
f 790/1402/790 2457/1405/2457 3129/2994/3129 2402/1403/2402
f 2457/1405/2457 814/1410/814 2002/1409/2002 3129/2994/3129
f 3129/2994/3129 2002/1409/2002 592/1408/592 2073/1407/2073
f 2402/1403/2402 3129/2994/3129 2073/1407/2073 595/1406/595
f 745/1411/745 2348/2995/2348 3130/1413/3130 2305/1412/2305
f 2348/2995/2348 762/1419/762 1999/1418/1999 3130/1413/3130
f 3130/1413/3130 1999/1418/1999 589/1417/589 2074/1416/2074
f 2305/1412/2305 3130/1413/3130 2074/1416/2074 606/1415/606
f 795/1300/795 2456/2996/2456 3131/1420/3131 2407/2951/2407
f 2456/2996/2456 813/1425/813 2000/1424/2000 3131/1420/3131
f 3131/1420/3131 2000/1424/2000 590/1423/590 2075/2997/2075
f 2407/2951/2407 3131/1420/3131 2075/2997/2075 605/2952/605
f 746/1273/746 2347/2998/2347 3132/2999/3132 2306/1272/2306
f 2347/2998/2347 761/3000/761 1997/1430/1997 3132/2999/3132
f 3132/2999/3132 1997/1430/1997 587/3001/587 2076/3002/2076
f 2306/1272/2306 3132/2999/3132 2076/3002/2076 608/1271/608
f 797/3003/797 2455/3004/2455 3133/1433/3133 2409/1432/2409
f 2455/3004/2455 811/1439/811 1996/1438/1996 3133/1433/3133
f 3133/1433/3133 1996/1438/1996 586/1437/586 2077/3005/2077
f 2409/1432/2409 3133/1433/3133 2077/3005/2077 609/3006/609
f 796/1282/796 2454/1441/2454 3134/3007/3134 2408/2943/2408
f 2454/1441/2454 812/1445/812 1998/1444/1998 3134/3007/3134
f 3134/3007/3134 1998/1444/1998 588/1443/588 2078/3008/2078
f 2408/2943/2408 3134/3007/3134 2078/3008/2078 607/2944/607
f 800/1446/800 2453/1449/2453 3135/1448/3135 2412/1447/2412
f 2453/1449/2453 810/1454/810 1994/1453/1994 3135/1448/3135
f 3135/1448/3135 1994/1453/1994 584/1452/584 2079/3009/2079
f 2412/1447/2412 3135/1448/3135 2079/3009/2079 616/1450/616
f 750/2913/750 2346/3010/2346 3136/3011/3136 2310/2914/2310
f 2346/3010/2346 759/3012/759 1993/1459/1993 3136/3011/3136
f 3136/3011/3136 1993/1459/1993 583/1458/583 2080/3013/2080
f 2310/2914/2310 3136/3011/3136 2080/3013/2080 614/2915/614
f 751/1461/751 2345/3014/2345 3137/3015/3137 2311/3016/2311
f 2345/3014/2345 760/1469/760 1995/1468/1995 3137/3015/3137
f 3137/3015/3137 1995/1468/1995 585/1467/585 2081/1466/2081
f 2311/3016/2311 3137/3015/3137 2081/1466/2081 617/1465/617
f 805/1238/805 2452/2190/2452 3138/3017/3138 1986/2923/1986
f 2452/2190/2452 808/2928/808 1990/1248/1990 3138/3017/3138
f 3138/3017/3138 1990/1248/1990 580/2930/580 2082/3018/2082
f 1986/2923/1986 3138/3017/3138 2082/3018/2082 576/1472/576
f 799/3019/799 2451/1477/2451 3139/3020/3139 2411/3021/2411
f 2451/1477/2451 809/3022/809 1992/3023/1992 3139/3020/3139
f 3139/3020/3139 1992/3023/1992 582/1479/582 2083/1478/2083
f 2411/3021/2411 3139/3020/3139 2083/1478/2083 615/2908/615
f 824/1242/824 2022/1484/2022 3140/3024/3140 2450/3025/2450
f 2022/1484/2022 612/1244/612 2084/3026/2084 3140/3024/3140
f 3140/3024/3140 2084/3026/2084 579/1487/579 1989/1486/1989
f 2450/3025/2450 3140/3024/3140 1989/1486/1989 807/1485/807
f 757/3027/757 2344/3028/2344 3141/3029/3141 1987/3030/1987
f 2344/3028/2344 758/2931/758 1991/2934/1991 3141/3029/3141
f 3141/3029/3141 1991/2934/1991 581/2935/581 2085/3031/2085
f 1987/3030/1987 3141/3029/3141 2085/3031/2085 577/3032/577
f 825/1233/825 2023/3033/2023 3142/3034/3142 2449/1496/2449
f 2023/3033/2023 613/1503/613 2086/3035/2086 3142/3034/3142
f 3142/3034/3142 2086/3035/2086 577/3032/577 2394/3036/2394
f 2449/1496/2449 3142/3034/3142 2394/3036/2394 782/3037/782
f 832/2872/832 2036/2871/2036 3143/1505/3143 2448/3038/2448
f 2036/2871/2036 626/2870/626 2071/3039/2071 3143/1505/3143
f 3143/1505/3143 2071/3039/2071 677/1392/677 2138/3040/2138
f 2448/3038/2448 3143/1505/3143 2138/3040/2138 833/3041/833
f 428/573/428 1709/1512/1709 3144/3042/3144 2103/2628/2103
f 1709/1512/1709 436/1514/436 2107/1513/2107 3144/3042/3144
f 3144/3042/3144 2107/1513/2107 647/1102/647 2139/2860/2139
f 2103/2628/2103 3144/3042/3144 2139/2860/2139 643/2859/643
f 502/1515/502 1715/1518/1715 3145/1517/3145 1843/3043/1843
f 1715/1518/1715 440/1522/440 2109/1521/2109 3145/1517/3145
f 3145/1517/3145 2109/1521/2109 649/3044/649 2140/1519/2140
f 1843/3043/1843 3145/1517/3145 2140/1519/2140 636/837/636
f 491/1523/491 1816/1526/1816 3146/1525/3146 1822/1524/1822
f 1816/1526/1816 448/665/448 2113/3045/2113 3146/1525/3146
f 3146/1525/3146 2113/3045/2113 653/2700/653 2141/2846/2141
f 1822/1524/1822 3146/1525/3146 2141/2846/2141 634/1068/634
f 508/2478/508 1849/2477/1849 3147/3046/3147 1853/3047/1853
f 1849/2477/1849 444/139/444 2111/1530/2111 3147/3046/3147
f 3147/3046/3147 2111/1530/2111 651/1067/651 2142/2842/2142
f 1853/3047/1853 3147/3046/3147 2142/2842/2142 637/810/637
f 486/2485/486 1739/156/1739 3148/3048/3148 1811/1531/1811
f 1739/156/1739 452/157/452 2115/1533/2115 3148/3048/3148
f 3148/3048/3148 2115/1533/2115 655/1043/655 2143/2837/2143
f 1811/1531/1811 3148/3048/3148 2143/2837/2143 633/903/633
f 482/1534/482 1747/1537/1747 3149/3049/3149 1803/3050/1803
f 1747/1537/1747 456/1539/456 2117/1538/2117 3149/3049/3149
f 3149/3049/3149 2117/1538/2117 657/1028/657 2144/2829/2144
f 1803/3050/1803 3149/3049/3149 2144/2829/2144 632/1020/632
f 462/2509/462 1755/2508/1755 3150/3051/3150 1763/3052/1763
f 1755/2508/1755 460/229/460 2119/1542/2119 3150/3051/3150
f 3150/3051/3150 2119/1542/2119 659/1001/659 2145/2816/2145
f 1763/3052/1763 3150/3051/3150 2145/2816/2145 627/2815/627
f 474/320/474 1759/2538/1759 3151/3053/3151 1790/3054/1790
f 1759/2538/1759 462/2509/462 1763/3052/1763 3151/3053/3151
f 3151/3053/3151 1763/3052/1763 627/2815/627 2146/1546/2146
f 1790/3054/1790 3151/3053/3151 2146/1546/2146 630/1545/630
f 525/2542/525 1770/327/1770 3152/3055/3152 1883/3056/1883
f 1770/327/1770 469/328/469 1774/1551/1774 3152/3055/3152
f 3152/3055/3152 1774/1551/1774 628/1550/628 2147/1549/2147
f 1883/3056/1883 3152/3055/3152 2147/1549/2147 641/747/641
f 469/362/469 1775/363/1775 3153/3057/3153 1774/1552/1774
f 1775/363/1775 470/364/470 1782/3058/1782 3153/3057/3153
f 3153/3057/3153 1782/3058/1782 629/2794/629 2148/2791/2148
f 1774/1552/1774 3153/3057/3153 2148/2791/2148 628/952/628
f 470/364/470 1783/1556/1783 3154/3059/3154 1782/3058/1782
f 1783/1556/1783 474/320/474 1790/3054/1790 3154/3059/3154
f 3154/3059/3154 1790/3054/1790 630/1545/630 2149/3060/2149
f 1782/3058/1782 3154/3059/3154 2149/3060/2149 629/2794/629
f 517/443/517 1791/444/1791 3155/3061/3155 1870/3062/1870
f 1791/444/1791 478/445/478 1795/1560/1795 3155/3061/3155
f 3155/3061/3155 1795/1560/1795 631/933/631 2150/2774/2150
f 1870/3062/1870 3155/3061/3155 2150/2774/2150 639/2703/639
f 521/685/521 1799/1563/1799 3156/3063/3156 1878/3064/1878
f 1799/1563/1799 482/1534/482 1803/3050/1803 3156/3063/3156
f 3156/3063/3156 1803/3050/1803 632/1020/632 2151/1564/2151
f 1878/3064/1878 3156/3063/3156 2151/1564/2151 640/2694/640
f 478/506/478 1807/507/1807 3157/3065/3157 1795/1565/1795
f 1807/507/1807 486/2485/486 1811/1531/1811 3157/3065/3157
f 3157/3065/3157 1811/1531/1811 633/903/633 2152/898/2152
f 1795/1565/1795 3157/3065/3157 2152/898/2152 631/895/631
f 510/2609/510 1855/2608/1855 3158/3066/3158 1859/3067/1859
f 1855/2608/1855 491/164/491 1822/1569/1822 3158/3066/3158
f 3158/3066/3158 1822/1569/1822 634/876/634 2153/2751/2153
f 1859/3067/1859 3158/3066/3158 2153/2751/2153 638/2715/638
f 436/70/436 1823/2622/1823 3159/3068/3159 2107/1570/2107
f 1823/2622/1823 494/562/494 1827/1572/1827 3159/3068/3159
f 3159/3068/3159 1827/1572/1827 635/870/635 2154/2749/2154
f 2107/1570/2107 3159/3068/3159 2154/2749/2154 647/862/647
f 494/1573/494 1839/1576/1839 3160/3069/3160 1827/1574/1827
f 1839/1576/1839 502/1515/502 1843/3043/1843 3160/3069/3160
f 3160/3069/3160 1843/3043/1843 636/837/636 2155/2733/2155
f 1827/1574/1827 3160/3069/3160 2155/2733/2155 635/829/635
f 836/618/836 2500/2647/2500 3161/1578/3161 2522/1577/2522
f 2500/2647/2500 508/2478/508 1853/3047/1853 3161/1578/3161
f 3161/1578/3161 1853/3047/1853 637/810/637 2156/1580/2156
f 2522/1577/2522 3161/1578/3161 2156/1580/2156 843/3070/843
f 444/644/444 1732/645/1732 3162/3071/3162 2111/1581/2111
f 1732/645/1732 510/2609/510 1859/3067/1859 3162/3071/3162
f 3162/3071/3162 1859/3067/1859 638/2715/638 2157/796/2157
f 2111/1581/2111 3162/3071/3162 2157/796/2157 651/793/651
f 448/665/448 1866/2666/1866 3163/1583/3163 2113/3045/2113
f 1866/2666/1866 517/443/517 1870/3062/1870 3163/1583/3163
f 3163/1583/3163 1870/3062/1870 639/2703/639 2158/769/2158
f 2113/3045/2113 3163/1583/3163 2158/769/2158 653/2700/653
f 452/683/452 1874/2673/1874 3164/1585/3164 2115/1584/2115
f 1874/2673/1874 521/685/521 1878/3064/1878 3164/1585/3164
f 3164/1585/3164 1878/3064/1878 640/2694/640 2159/2692/2159
f 2115/1584/2115 3164/1585/3164 2159/2692/2159 655/748/655
f 456/728/456 1882/729/1882 3165/3072/3165 2117/1586/2117
f 1882/729/1882 525/2542/525 1883/3056/1883 3165/3072/3165
f 3165/3072/3165 1883/3056/1883 641/747/641 2160/2690/2160
f 2117/1586/2117 3165/3072/3165 2160/2690/2160 657/739/657
f 540/734/540 1937/2689/1937 3166/3073/3166 1901/1588/1901
f 1937/2689/1937 575/736/575 1936/1590/1936 3166/3073/3166
f 3166/3073/3166 1936/1590/1936 676/331/676 2161/2683/2161
f 1901/1588/1901 3166/3073/3166 2161/2683/2161 656/718/656
f 538/761/538 1940/2699/1940 3167/3074/3167 1899/1591/1899
f 1940/2699/1940 572/908/572 1933/1593/1933 3167/3074/3167
f 3167/3074/3167 1933/1593/1933 675/2587/675 2162/2674/2162
f 1899/1591/1899 3167/3074/3167 2162/2674/2162 654/688/654
f 536/779/536 1942/3075/1942 3168/3076/3168 1897/3077/1897
f 1942/3075/1942 570/1600/570 1931/1599/1931 3168/3076/3168
f 3168/3076/3168 1931/1599/1931 674/3078/674 2163/3079/2163
f 1897/3077/1897 3168/3076/3168 2163/3079/2163 652/3080/652
f 534/788/534 1943/2713/1943 3169/1602/3169 1895/1601/1895
f 1943/2713/1943 569/790/569 1930/3081/1930 3169/1602/3169
f 3169/1602/3169 1930/3081/1930 673/514/673 2164/2659/2164
f 1895/1601/1895 3169/1602/3169 2164/2659/2164 650/646/650
f 840/3082/840 1946/3083/1946 3170/3084/3170 2521/3085/2521
f 1946/3083/1946 566/3086/566 1927/1611/1927 3170/3084/3170
f 3170/3084/3170 1927/1611/1927 672/1610/672 2165/1609/2165
f 2521/3085/2521 3170/3084/3170 2165/1609/2165 844/3087/844
f 561/824/561 1947/2732/1947 3171/3088/3171 1922/1613/1922
f 1947/2732/1947 565/2731/565 1926/3089/1926 3171/3088/3171
f 3171/3088/3171 1926/3089/1926 671/88/671 2166/2638/2166
f 1922/1613/1922 3171/3088/3171 2166/2638/2166 668/599/668
f 528/842/528 1949/2743/1949 3172/3090/3172 1889/1616/1889
f 1949/2743/1949 563/2742/563 1924/1618/1924 3172/3090/3172
f 3172/3090/3172 1924/1618/1924 670/2435/670 2167/2629/2167
f 1889/1616/1889 3172/3090/3172 2167/2629/2167 644/575/644
f 527/3091/527 1950/1622/1950 3173/3092/3173 1888/1620/1888
f 1950/1622/1950 562/853/562 1923/1625/1923 3173/3092/3173
f 3173/3092/3173 1923/1625/1923 669/28/669 2168/3093/2168
f 1888/1620/1888 3173/3092/3173 2168/3093/2168 643/569/643
f 530/1627/530 1951/1630/1951 3174/1629/3174 1891/1628/1891
f 1951/1630/1951 561/1632/561 1922/1631/1922 3174/1629/3174
f 3174/1629/3174 1922/1631/1922 668/558/668 2169/2619/2169
f 1891/1628/1891 3174/1629/3174 2169/2619/2169 646/550/646
f 569/790/569 1954/1634/1954 3175/3094/3175 1930/3081/1930
f 1954/1634/1954 558/1636/558 1919/1635/1919 3175/3094/3175
f 3175/3094/3175 1919/1635/1919 667/522/667 2170/2601/2170
f 1930/3081/1930 3175/3094/3175 2170/2601/2170 673/514/673
f 553/890/553 1955/2757/1955 3176/3095/3176 1914/1637/1914
f 1955/2757/1955 557/892/557 1918/3096/1918 3176/3095/3176
f 3176/3095/3176 1918/3096/1918 666/2499/666 2171/499/2171
f 1914/1637/1914 3176/3095/3176 2171/499/2171 664/496/664
f 572/2765/572 1957/2764/1957 3177/1641/3177 1933/3097/1933
f 1957/2764/1957 555/910/555 1916/3098/1916 3177/1641/3177
f 3177/1641/3177 1916/3098/1916 665/3099/665 2172/1643/2172
f 1933/3097/1933 3177/1641/3177 2172/1643/2172 675/466/675
f 570/2709/570 1959/2773/1959 3178/3100/3178 1931/1646/1931
f 1959/2773/1959 553/925/553 1914/1648/1914 3178/3100/3178
f 3178/3100/3178 1914/1648/1914 664/438/664 2173/433/2173
f 1931/1646/1931 3178/3100/3178 2173/433/2173 674/2575/674
f 548/2790/548 1962/2789/1962 3179/1650/3179 1909/1649/1909
f 1962/2789/1962 550/949/550 1911/3101/1911 3179/1650/3179
f 3179/1650/3179 1911/3101/1911 663/3102/663 2174/1652/2174
f 1909/1649/1909 3179/1650/3179 2174/1652/2174 662/375/662
f 546/965/546 1964/2802/1964 3180/3103/3180 1907/3104/1907
f 1964/2802/1964 548/2801/548 1909/1657/1909 3180/3103/3180
f 3180/3103/3180 1909/1657/1909 662/2561/662 2175/2559/2175
f 1907/3104/1907 3180/3103/3180 2175/2559/2175 661/367/661
f 575/980/575 1966/981/1966 3181/3105/3181 1936/1658/1936
f 1966/981/1966 546/965/546 1907/3104/1907 3181/3105/3181
f 3181/3105/3181 1907/3104/1907 661/367/661 2176/1661/2176
f 1936/1658/1936 3181/3105/3181 2176/1661/2176 676/1660/676
f 550/949/550 1967/984/1967 3182/3106/3182 1911/3101/1911
f 1967/984/1967 545/2810/545 1906/3107/1906 3182/3106/3182
f 3182/3106/3182 1906/3107/1906 660/2518/660 2177/3108/2177
f 1911/3101/1911 3182/3106/3182 2177/3108/2177 663/3102/663
f 545/2824/545 1970/2823/1970 3183/3109/3183 1906/3110/1906
f 1970/2823/1970 542/1008/542 1903/1667/1903 3183/3109/3183
f 3183/3109/3183 1903/1667/1903 658/276/658 2178/271/2178
f 1906/3110/1906 3183/3109/3183 2178/271/2178 660/2518/660
f 756/2828/756 1971/2827/1971 3184/3111/3184 2343/3112/2343
f 1971/2827/1971 543/1017/543 1904/1670/1904 3184/3111/3184
f 3184/3111/3184 1904/1670/1904 659/267/659 2179/2516/2179
f 2343/3112/2343 3184/3111/3184 2179/2516/2179 780/2515/780
f 555/2836/555 1973/2835/1973 3185/3113/3185 1916/3114/1916
f 1973/2835/1973 540/1035/540 1901/1673/1901 3185/3113/3185
f 3185/3113/3185 1901/1673/1901 656/240/656 2180/235/2180
f 1916/3114/1916 3185/3113/3185 2180/235/2180 665/2510/665
f 557/892/557 1975/1675/1975 3186/3115/3186 1918/3096/1918
f 1975/1675/1975 538/1677/538 1899/1676/1899 3186/3115/3186
f 3186/3115/3186 1899/1676/1899 654/204/654 2181/199/2181
f 1918/3096/1918 3186/3115/3186 2181/199/2181 666/2499/666
f 558/883/558 1976/1052/1976 3187/3116/3187 1919/1678/1919
f 1976/1052/1976 536/779/536 1897/3117/1897 3187/3116/3187
f 3187/3116/3187 1897/3117/1897 652/2490/652 2182/172/2182
f 1919/1678/1919 3187/3116/3187 2182/172/2182 667/169/667
f 566/2726/566 1977/1055/1977 3188/3118/3188 1927/1681/1927
f 1977/1055/1977 534/1056/534 1895/1683/1895 3188/3118/3188
f 3188/3118/3188 1895/1683/1895 650/150/650 2183/145/2183
f 1927/1681/1927 3188/3118/3188 2183/145/2183 672/2479/672
f 565/2731/565 1981/3119/1981 3189/1686/3189 1926/3120/1926
f 1981/3119/1981 532/3121/532 1893/3122/1893 3189/1686/3189
f 3189/1686/3189 1893/3122/1893 648/1690/648 2184/3123/2184
f 1926/3120/1926 3189/1686/3189 2184/3123/2184 671/1688/671
f 526/2858/526 1982/2857/1982 3190/1693/3190 1887/1692/1887
f 1982/2857/1982 530/860/530 1891/1694/1891 3190/1693/3190
f 3190/1693/3190 1891/1694/1891 646/78/646 2185/2455/2185
f 1887/1692/1887 3190/1693/3190 2185/2455/2185 642/27/642
f 562/2747/562 1984/2864/1984 3191/3124/3191 1923/3125/1923
f 1984/2864/1984 529/1106/529 1890/1697/1890 3191/3124/3191
f 3191/3124/3191 1890/1697/1890 645/36/645 2186/2438/2186
f 1923/3125/1923 3191/3124/3191 2186/2438/2186 669/2437/669
f 563/1698/563 1985/3126/1985 3192/1699/3192 1924/3127/1924
f 1985/3126/1985 526/1705/526 1887/1704/1887 3192/1699/3192
f 3192/1699/3192 1887/1704/1887 642/3128/642 2187/1702/2187
f 1924/3127/1924 3192/1699/3192 2187/1702/2187 670/1701/670
f 789/1706/789 2401/1709/2401 3193/3129/3193 2447/3130/2447
f 2401/1709/2401 593/1713/593 2037/3131/2037 3193/3129/3193
f 3193/3129/3193 2037/3131/2037 728/3132/728 2239/3133/2239
f 2447/3130/2447 3193/3129/3193 2239/3133/2239 834/3134/834
f 500/1714/500 1833/1717/1833 3194/1716/3194 1837/1715/1837
f 1833/1717/1833 427/1719/427 1691/1718/1691 3194/1716/3194
f 3194/1716/3194 1691/1718/1691 678/1089/678 2240/2865/2240
f 1837/1715/1837 3194/1716/3194 2240/2865/2240 706/2740/706
f 498/587/498 1831/3135/1831 3195/3136/3195 1836/3137/1836
f 1831/3135/1831 432/589/432 1701/1726/1701 3195/3136/3195
f 3195/3136/3195 1701/1726/1701 681/1725/681 2241/1724/2241
f 1836/3137/1836 3195/3136/3195 2241/1724/2241 705/1723/705
f 427/14/427 1707/2434/1707 3196/3138/3196 1691/1727/1691
f 1707/2434/1707 435/2433/435 1703/1732/1703 3196/3138/3196
f 3196/3138/3196 1703/1732/1703 682/1731/682 2242/1730/2242
f 1691/1727/1691 3196/3138/3196 2242/1730/2242 678/1729/678
f 504/1733/504 1841/1736/1841 3197/3139/3197 1845/1734/1845
f 1841/1736/1841 439/1738/439 1711/1737/1711 3197/3139/3197
f 3197/3139/3197 1711/1737/1711 684/1088/684 2243/2852/2243
f 1845/1734/1845 3197/3139/3197 2243/2852/2243 707/828/707
f 506/2461/506 1723/2460/1723 3198/1740/3198 1851/3140/1851
f 1723/2460/1723 443/85/443 1719/1744/1719 3198/1740/3198
f 3198/1740/3198 1719/1744/1719 686/1743/686 2244/1742/2244
f 1851/3140/1851 3198/1740/3198 2244/1742/2244 708/1741/708
f 493/182/493 1818/2495/1818 3199/3141/3199 1820/1745/1820
f 1818/2495/1818 447/2494/447 1727/3142/1727 3199/3141/3199
f 3199/3141/3199 1727/3142/1727 688/1749/688 2245/1748/2245
f 1820/1745/1820 3199/3141/3199 2245/1748/2245 703/1747/703
f 488/1751/488 1809/1754/1809 3200/3143/3200 1813/1752/1813
f 1809/1754/1809 451/1756/451 1735/3144/1735 3200/3143/3200
f 3200/3143/3200 1735/3144/1735 690/2697/690 2246/1047/2246
f 1813/1752/1813 3200/3143/3200 2246/1047/2246 702/1044/702
f 484/1757/484 1801/1760/1801 3201/3145/3201 1805/3146/1805
f 1801/1760/1801 455/1762/455 1743/1761/1743 3201/3145/3201
f 3201/3145/3201 1743/1761/1743 692/1037/692 2247/2832/2247
f 1805/3146/1805 3201/3145/3201 2247/2832/2247 701/912/701
f 764/1763/764 2324/1766/2324 3202/3147/3202 2342/3148/2342
f 2324/1766/2324 461/1768/461 1752/1767/1752 3202/3147/3202
f 3202/3147/3202 1752/1767/1752 695/1019/695 2248/1014/2248
f 2342/3148/2342 3202/3147/3202 2248/1014/2248 781/1011/781
f 464/281/464 1761/2523/1761 3203/1770/3203 1765/1769/1765
f 1761/2523/1761 459/283/459 1751/1771/1751 3203/1770/3203
f 3203/1770/3203 1751/1771/1751 694/1010/694 2249/1005/2249
f 1765/1769/1765 3203/1770/3203 2249/1005/2249 696/2820/696
f 476/1772/476 1785/1775/1785 3204/1774/3204 1788/3149/1788
f 1785/1775/1785 464/281/464 1765/1769/1765 3204/1774/3204
f 3204/1774/3204 1765/1769/1765 696/2820/696 2250/983/2250
f 1788/3149/1788 3204/1774/3204 2250/983/2250 699/1776/699
f 523/2554/523 1880/2553/1880 3205/3150/3205 1885/3151/1885
f 1880/2553/1880 467/346/467 1772/1782/1772 3205/3150/3205
f 3205/3150/3205 1772/1782/1772 697/1781/697 2251/1780/2251
f 1885/3151/1885 3205/3150/3205 2251/1780/2251 712/738/712
f 467/1783/467 1768/1786/1768 3206/3152/3206 1772/1784/1772
f 1768/1786/1768 472/1788/472 1780/3153/1780 3206/3152/3206
f 3206/3152/3206 1780/3153/1780 698/943/698 2252/2798/2252
f 1772/1784/1772 3206/3152/3206 2252/2798/2252 697/961/697
f 472/1788/472 1777/1790/1777 3207/3154/3207 1780/3153/1780
f 1777/1790/1777 476/1772/476 1788/3149/1788 3207/3154/3207
f 3207/3154/3207 1788/3149/1788 699/1776/699 2253/3155/2253
f 1780/3153/1780 3207/3154/3207 2253/3155/2253 698/943/698
f 515/1792/515 1864/1795/1864 3208/3156/3208 1868/1793/1868
f 1864/1795/1864 480/1797/480 1797/1796/1797 3208/3156/3208
f 3208/3156/3208 1797/1796/1797 700/927/700 2254/2771/2254
f 1868/1793/1868 3208/3156/3208 2254/2771/2254 710/783/710
f 519/1798/519 1872/1801/1872 3209/3157/3209 1876/3158/1876
f 1872/1801/1872 484/1757/484 1805/3146/1805 3209/3157/3209
f 3209/3157/3209 1805/3146/1805 701/912/701 2255/907/2255
f 1876/3158/1876 3209/3157/3209 2255/907/2255 711/904/711
f 480/491/480 1793/492/1793 3210/1803/3210 1797/1802/1797
f 1793/492/1793 488/493/488 1813/1804/1813 3210/1803/3210
f 3210/1803/3210 1813/1804/1813 702/894/702 2256/2755/2256
f 1797/1802/1797 3210/1803/3210 2256/2755/2256 700/886/700
f 512/1805/512 1857/1808/1857 3211/3159/3211 1861/1806/1861
f 1857/1808/1857 493/1810/493 1820/1809/1820 3211/3159/3211
f 3211/3159/3211 1820/1809/1820 703/885/703 2257/2753/2257
f 1861/1806/1861 3211/3159/3211 2257/2753/2257 709/877/709
f 435/2433/435 1717/2618/1717 3212/3160/3212 1703/1732/1703
f 1717/2618/1717 496/547/496 1829/1814/1829 3212/3160/3212
f 3212/3160/3212 1829/1814/1829 704/1813/704 2258/1812/2258
f 1703/1732/1703 3212/3160/3212 2258/1812/2258 682/1731/682
f 429/3161/429 1694/8/1694 3213/1817/3213 1692/3162/1692
f 1694/8/1694 498/587/498 1836/3137/1836 3213/1817/3213
f 3213/1817/3213 1836/3137/1836 705/1723/705 2259/1818/2259
f 1692/3162/1692 3213/1817/3213 2259/1818/2259 679/55/679
f 430/1819/430 1697/1822/1697 3214/1821/3214 1699/1820/1699
f 1697/1822/1697 500/1714/500 1837/1715/1837 3214/1821/3214
f 3214/1821/3214 1837/1715/1837 706/2740/706 2260/2738/2260
f 1699/1820/1699 3214/1821/3214 2260/2738/2260 680/838/680
f 496/1823/496 1825/1826/1825 3215/3163/3215 1829/1824/1829
f 1825/1826/1825 504/1733/504 1845/1734/1845 3215/3163/3215
f 3215/3163/3215 1845/1734/1845 707/828/707 2261/823/2261
f 1829/1824/1829 3215/3163/3215 2261/823/2261 704/820/704
f 838/3164/838 1847/3165/1847 3216/3166/3216 2520/1827/2520
f 1847/3165/1847 506/2461/506 1851/3140/1851 3216/3166/3216
f 3216/3166/3216 1851/3140/1851 708/1741/708 2262/1831/2262
f 2520/1827/2520 3216/3166/3216 2262/1831/2262 845/1830/845
f 443/656/443 1734/657/1734 3217/3167/3217 1719/1832/1719
f 1734/657/1734 512/658/512 1861/1834/1861 3217/3167/3217
f 3217/3167/3217 1861/1834/1861 709/792/709 2263/2711/2263
f 1719/1832/1719 3217/3167/3217 2263/2711/2263 686/784/686
f 447/2494/447 1741/672/1741 3218/3168/3218 1727/3142/1727
f 1741/672/1741 515/425/515 1868/1838/1868 3218/3168/3218
f 3218/3168/3218 1868/1838/1868 710/1837/710 2264/1836/2264
f 1727/3142/1727 3218/3168/3218 2264/1836/2264 688/1749/688
f 451/1756/451 1749/1840/1749 3219/3169/3219 1735/3144/1735
f 1749/1840/1749 519/1798/519 1876/3158/1876 3219/3169/3219
f 3219/3169/3219 1876/3158/1876 711/904/711 2265/760/2265
f 1735/3144/1735 3219/3169/3219 2265/760/2265 690/2697/690
f 455/716/455 1757/2682/1757 3220/3170/3220 1743/1841/1743
f 1757/2682/1757 523/2554/523 1885/3151/1885 3220/3170/3220
f 3220/3170/3220 1885/3151/1885 712/738/712 2266/2687/2266
f 1743/1841/1743 3220/3170/3220 2266/2687/2266 692/730/692
f 541/743/541 1938/744/1938 3221/3171/3221 2203/1843/2203
f 1938/744/1938 574/745/574 1935/1845/1935 3221/3171/3221
f 3221/3171/3221 1935/1845/1935 727/349/727 2267/709/2267
f 2203/1843/2203 3221/3171/3221 2267/709/2267 693/706/693
f 539/752/539 1939/2696/1939 3222/3172/3222 2201/3173/2201
f 1939/2696/1939 573/2695/573 1934/3174/1934 3222/3172/3222
f 3222/3172/3222 1934/3174/1934 726/1850/726 2268/1849/2268
f 2201/3173/2201 3222/3172/3222 2268/1849/2268 691/1848/691
f 537/770/537 1941/2705/1941 3223/3175/3223 2199/1852/2199
f 1941/2705/1941 571/772/571 1932/3176/1932 3223/3175/3223
f 3223/3175/3223 1932/3176/1932 725/1856/725 2269/1855/2269
f 2199/1852/2199 3223/3175/3223 2269/1855/2269 689/1854/689
f 535/797/535 1944/798/1944 3224/1859/3224 2197/1858/2197
f 1944/798/1944 568/799/568 1929/1863/1929 3224/1859/3224
f 3224/1859/3224 1929/1863/1929 724/1862/724 2270/1861/2270
f 2197/1858/2197 3224/1859/3224 2270/1861/2270 687/1860/687
f 839/3177/839 1945/1866/1945 3225/3178/3225 2519/3179/2519
f 1945/1866/1945 567/808/567 1928/1870/1928 3225/3178/3225
f 3225/3178/3225 1928/1870/1928 723/1869/723 2271/1868/2271
f 2519/3179/2519 3225/3178/3225 2271/1868/2271 846/1867/846
f 560/833/560 1948/2737/1948 3226/1872/3226 1921/1871/1921
f 1948/2737/1948 564/2736/564 1925/1873/1925 3226/1872/3226
f 3226/1872/3226 1925/1873/1925 722/106/722 2272/593/2272
f 1921/1871/1921 3226/1872/3226 2272/593/2272 721/590/721
f 531/1100/531 1952/1876/1952 3227/3180/3227 2193/3181/2193
f 1952/1876/1952 560/833/560 1921/1871/1921 3227/3180/3227
f 3227/3180/3227 1921/1871/1921 721/590/721 2273/1878/2273
f 2193/3181/2193 3227/3180/3227 2273/1878/2273 683/1877/683
f 568/1879/568 1953/1882/1953 3228/3182/3228 1929/1880/1929
f 1953/1882/1953 559/1884/559 1920/1883/1920 3228/3182/3228
f 3228/3182/3228 1920/1883/1920 720/537/720 2274/2610/2274
f 1929/1880/1929 3228/3182/3228 2274/2610/2274 724/529/724
f 552/899/552 1956/2759/1956 3229/3183/3229 1913/1885/1913
f 1956/2759/1956 556/901/556 1917/1887/1917 3229/3183/3229
f 3229/3183/3229 1917/1887/1917 719/486/719 2275/2592/2275
f 1913/1885/1913 3229/3183/3229 2275/2592/2275 717/478/717
f 573/2695/573 1958/3184/1958 3230/3185/3230 1934/3174/1934
f 1958/3184/1958 554/2831/554 1915/3186/1915 3230/3185/3230
f 3230/3185/3230 1915/3186/1915 718/1891/718 2276/1890/2276
f 1934/3174/1934 3230/3185/3230 2276/1890/2276 726/1850/726
f 571/772/571 1960/2775/1960 3231/1893/3231 1932/3176/1932
f 1960/2775/1960 552/931/552 1913/1896/1913 3231/1893/3231
f 3231/1893/3231 1913/1896/1913 717/1895/717 2277/1894/2277
f 1932/3176/1932 3231/1893/3231 2277/1894/2277 725/1856/725
f 549/2796/549 1961/3187/1961 3232/3188/3232 1910/3189/1910
f 1961/3187/1961 551/3190/551 1912/3191/1912 3232/3188/3232
f 3232/3188/3232 1912/3191/1912 716/1902/716 2278/1901/2278
f 1910/3189/1910 3232/3188/3232 2278/1901/2278 715/1900/715
f 547/2797/547 1963/957/1963 3233/3192/3233 1908/3193/1908
f 1963/957/1963 549/2796/549 1910/3189/1910 3233/3192/3233
f 3233/3192/3233 1910/3189/1910 715/1900/715 2279/1908/2279
f 1908/3193/1908 3233/3192/3233 2279/1908/2279 714/1907/714
f 574/974/574 1965/2804/1965 3234/3194/3234 1935/1909/1935
f 1965/2804/1965 547/2797/547 1908/3193/1908 3234/3194/3234
f 3234/3194/3234 1908/3193/1908 714/1907/714 2280/1912/2280
f 1935/1909/1935 3234/3194/3234 2280/1912/2280 727/1911/727
f 551/3190/551 1968/990/1968 3235/1913/3235 1912/3191/1912
f 1968/990/1968 544/2819/544 1905/3195/1905 3235/1913/3235
f 3235/1913/3235 1905/3195/1905 713/1916/713 2281/1915/2281
f 1912/3191/1912 3235/1913/3235 2281/1915/2281 716/1902/716
f 544/2819/544 1969/998/1969 3236/1918/3236 1905/3195/1905
f 1969/998/1969 543/999/543 2205/1921/2205 3236/1918/3236
f 3236/1918/3236 2205/1921/2205 695/1920/695 2282/1919/2282
f 1905/3195/1905 3236/1918/3236 2282/1919/2282 713/1916/713
f 554/2831/554 1972/2830/1972 3237/3196/3237 1915/3186/1915
f 1972/2830/1972 541/1026/541 2203/1925/2203 3237/3196/3237
f 3237/3196/3237 2203/1925/2203 693/1924/693 2283/1923/2283
f 1915/3186/1915 3237/3196/3237 2283/1923/2283 718/1891/718
f 556/1926/556 1974/1929/1974 3238/3197/3238 1917/1927/1917
f 1974/1929/1974 539/752/539 2201/3173/2201 3238/3197/3238
f 3238/3197/3238 2201/3173/2201 691/1848/691 2284/1931/2284
f 1917/1927/1917 3238/3197/3238 2284/1931/2284 719/1930/719
f 567/808/567 1978/2845/1978 3239/3198/3239 1928/1870/1928
f 1978/2845/1978 535/1065/535 2197/1935/2197 3239/3198/3239
f 3239/3198/3239 2197/1935/2197 687/1934/687 2285/1933/2285
f 1928/1870/1928 3239/3198/3239 2285/1933/2285 723/1869/723
f 559/1936/559 1979/1939/1979 3240/3199/3240 1920/1937/1920
f 1979/1939/1979 537/1941/537 2199/1940/2199 3240/3199/3240
f 3240/3199/3240 2199/1940/2199 689/123/689 2286/118/2286
f 1920/1937/1920 3240/3199/3240 2286/118/2286 720/115/720
f 564/2736/564 1980/1943/1980 3241/3200/3241 1925/1873/1925
f 1980/1943/1980 533/1080/533 2195/3201/2195 3241/3200/3241
f 3241/3200/3241 2195/3201/2195 685/114/685 2287/2469/2287
f 1925/1873/1925 3241/3200/3241 2287/2469/2287 722/106/722
f 527/2863/527 1983/2862/1983 3242/1947/3242 2189/3202/2189
f 1983/2862/1983 531/1100/531 2193/3181/2193 3242/1947/3242
f 3242/1947/3242 2193/3181/2193 683/1877/683 2288/1948/2288
f 2189/3202/2189 3242/1947/3242 2288/1948/2288 679/847/679
f 593/1713/593 2003/1950/2003 3243/1949/3243 2037/3131/2037
f 2003/1950/2003 764/1763/764 2342/3148/2342 3243/1949/3243
f 3243/1949/3243 2342/3148/2342 781/1011/781 2341/3203/2341
f 2037/3131/2037 3243/1949/3243 2341/3203/2341 728/3132/728
f 626/2870/626 2316/3204/2316 3244/3205/3244 2071/3039/2071
f 2316/3204/2316 756/1015/756 2343/1955/2343 3244/3205/3244
f 3244/3205/3244 2343/1955/2343 780/3206/780 2340/3207/2340
f 2071/3039/2071 3244/3205/3244 2340/3207/2340 677/1392/677
f 429/7/429 1708/3208/1708 3245/3209/3245 2317/3210/2317
f 1708/3208/1708 437/1962/437 2318/3211/2318 3245/3209/3245
f 3245/3209/3245 2318/3211/2318 758/2931/758 2344/3028/2344
f 2317/3210/2317 3245/3209/3245 2344/3028/2344 757/3027/757
f 507/2035/507 1848/2475/1848 3246/3212/3246 1854/3213/1854
f 1848/2475/1848 445/130/445 2320/1965/2320 3246/3212/3246
f 3246/3212/3246 2320/1965/2320 760/1469/760 2345/3014/2345
f 1854/3213/1854 3246/3212/3246 2345/3014/2345 751/1461/751
f 505/1966/505 1842/1969/1842 3247/3214/3247 1844/3215/1844
f 1842/1969/1842 441/1973/441 2319/3216/2319 3247/3214/3247
f 3247/3214/3247 2319/3216/2319 759/1971/759 2346/3010/2346
f 1844/3215/1844 3247/3214/3247 2346/3010/2346 750/3217/750
f 490/119/490 1731/2472/1731 3248/3218/3248 1819/1974/1819
f 1731/2472/1731 449/2471/449 2321/3219/2321 3248/3218/3248
f 3248/3218/3248 2321/3219/2321 761/3000/761 2347/2998/2347
f 1819/1974/1819 3248/3218/3248 2347/2998/2347 746/1273/746
f 489/218/489 1810/2506/1810 3249/3220/3249 1812/1977/1812
f 1810/2506/1810 453/220/453 2322/1979/2322 3249/3220/3249
f 3249/3220/3249 2322/1979/2322 762/1419/762 2348/2995/2348
f 1812/1977/1812 3249/3220/3249 2348/2995/2348 745/1411/745
f 485/254/485 1802/2514/1802 3250/3221/3250 1804/1980/1804
f 1802/2514/1802 457/256/457 2323/1982/2323 3250/3221/3250
f 3250/3221/3250 2323/1982/2323 763/1401/763 2349/2991/2349
f 1804/1980/1804 3250/3221/3250 2349/2991/2349 744/1393/744
f 465/1992/465 1762/2526/1762 3251/3222/3251 1764/3223/1764
f 1762/2526/1762 461/292/461 2324/1985/2324 3251/3222/3251
f 3251/3222/3251 2324/1985/2324 764/1383/764 2350/1379/2350
f 1764/3223/1764 3251/3222/3251 2350/1379/2350 739/1377/739
f 477/3224/477 1786/3225/1786 3252/3226/3252 1789/1986/1789
f 1786/3225/1786 465/290/465 1764/1991/1764 3252/3226/3252
f 3252/3226/3252 1764/1991/1764 739/1990/739 2351/3227/2351
f 1789/1986/1789 3252/3226/3252 2351/3227/2351 742/1329/742
f 524/2557/524 1881/2556/1881 3253/1994/3253 1884/3228/1884
f 1881/2556/1881 468/355/468 1773/1995/1773 3253/1994/3253
f 3253/1994/3253 1773/1995/1773 740/1359/740 2352/2974/2352
f 1884/3228/1884 3253/1994/3253 2352/2974/2352 755/2880/755
f 468/386/468 1769/387/1769 3254/3229/3254 1773/1996/1773
f 1769/387/1769 473/388/473 1781/1998/1781 3254/3229/3254
f 3254/3229/3254 1781/1998/1781 741/1321/741 2353/1342/2353
f 1773/1996/1773 3254/3229/3254 2353/1342/2353 740/1339/740
f 473/388/473 1778/3230/1778 3255/3231/3255 1781/3232/1781
f 1778/3230/1778 477/3224/477 1789/1986/1789 3255/3231/3255
f 3255/3231/3255 1789/1986/1789 742/1329/742 2354/3233/2354
f 1781/3232/1781 3255/3231/3255 2354/3233/2354 741/1321/741
f 516/676/516 1865/2006/1865 3256/2005/3256 1869/3234/1869
f 1865/2006/1865 481/2008/481 1796/2007/1796 3256/2005/3256
f 3256/2005/3256 1796/2007/1796 743/1320/743 2355/2959/2355
f 1869/3234/1869 3256/2005/3256 2355/2959/2355 753/2958/753
f 520/452/520 1873/2583/1873 3257/3235/3257 1877/3236/1877
f 1873/2583/1873 485/454/485 1804/2011/1804 3257/3235/3257
f 3257/3235/3257 1804/2011/1804 744/1306/744 2356/2954/2356
f 1877/3236/1877 3257/3235/3257 2356/2954/2356 754/2884/754
f 481/482/481 1794/2594/1794 3258/3237/3258 1796/2012/1796
f 1794/2594/1794 489/484/489 1812/2014/1812 3258/3237/3258
f 3258/3237/3258 1812/2014/1812 745/1291/745 2357/2946/2357
f 1796/2012/1796 3258/3237/3258 2357/2946/2357 743/1283/743
f 513/533/513 1815/2612/1815 3259/3238/3259 1862/2015/1862
f 1815/2612/1815 490/535/490 1819/2020/1819 3259/3238/3259
f 3259/3238/3259 1819/2020/1819 746/2019/746 2358/2018/2358
f 1862/2015/1862 3259/3238/3259 2358/2018/2358 752/2017/752
f 437/2449/437 1718/2614/1718 3260/2022/3260 2318/3239/2318
f 1718/2614/1718 497/541/497 1828/3240/1828 3260/2022/3260
f 3260/2022/3260 1828/3240/1828 747/2025/747 2359/2024/2359
f 2318/3239/2318 3260/2022/3260 2359/2024/2359 758/2023/758
f 497/541/497 1826/2028/1826 3261/3241/3261 1828/3240/1828
f 1826/2028/1826 505/1966/505 1844/3215/1844 3261/3241/3261
f 3261/3241/3261 1844/3215/1844 750/3217/750 2360/3242/2360
f 1828/3240/1828 3261/3241/3261 2360/3242/2360 747/2025/747
f 835/3243/835 2499/625/2499 3262/2032/3262 2518/3244/2518
f 2499/625/2499 507/3245/507 1854/3246/1854 3262/2032/3262
f 3262/2032/3262 1854/3246/1854 751/2900/751 2361/2898/2361
f 2518/3244/2518 3262/2032/3262 2361/2898/2361 847/2897/847
f 445/2036/445 1858/2039/1858 3263/2038/3263 2320/2037/2320
f 1858/2039/1858 513/2044/513 1862/2043/1862 3263/2038/3263
f 3263/2038/3263 1862/2043/1862 752/2042/752 2362/2041/2362
f 2320/2037/2320 3263/2038/3263 2362/2041/2362 760/2040/760
f 449/2471/449 1742/675/1742 3264/3247/3264 2321/3219/2321
f 1742/675/1742 516/676/516 1869/3234/1869 3264/3247/3264
f 3264/3247/3264 1869/3234/1869 753/2958/753 2363/2888/2363
f 2321/3219/2321 3264/3247/3264 2363/2888/2363 761/3000/761
f 453/2047/453 1750/2050/1750 3265/3248/3265 2322/2048/2322
f 1750/2050/1750 520/452/520 1877/3236/1877 3265/3248/3265
f 3265/3248/3265 1877/3236/1877 754/2884/754 2364/1142/2364
f 2322/2048/2322 3265/3248/3265 2364/1142/2364 762/1139/762
f 457/710/457 1758/711/1758 3266/3249/3266 2323/2051/2323
f 1758/711/1758 524/2557/524 1884/3228/1884 3266/3249/3266
f 3266/3249/3266 1884/3228/1884 755/2880/755 2365/2878/2365
f 2323/2051/2323 3266/3249/3266 2365/2878/2365 763/1130/763
f 728/1711/728 2341/3250/2341 3267/2053/3267 2238/1119/2238
f 2341/3250/2341 781/3251/781 2366/3252/2366 3267/2053/3267
f 3267/2053/3267 2366/3252/2366 756/1015/756 2316/3204/2316
f 2238/1119/2238 3267/2053/3267 2316/3204/2316 626/2870/626
f 590/1125/590 2038/2877/2038 3268/3253/3268 2297/2056/2297
f 2038/2877/2038 625/1127/625 2035/3254/2035 3268/3253/3268
f 3268/3253/3268 2035/3254/2035 779/2539/779 2367/2686/2367
f 2297/2056/2297 3268/3253/3268 2367/2686/2367 737/724/737
f 588/1152/588 2041/2886/2041 3269/3255/3269 2296/2059/2296
f 2041/2886/2041 622/1154/622 2032/2061/2032 3269/3255/3269
f 3269/3255/3269 2032/2061/2032 778/687/778 2368/682/2368
f 2296/2059/2296 3269/3255/3269 2368/682/2368 736/679/736
f 586/2062/586 2043/2065/2043 3270/3256/3270 2295/2063/2295
f 2043/2065/2043 620/2067/620 2030/3257/2030 3270/3256/3270
f 3270/3256/3270 2030/3257/2030 777/2579/777 2369/2664/2369
f 2295/2063/2295 3270/3256/3270 2369/2664/2369 735/661/735
f 584/1452/584 2045/3258/2045 3271/3259/3271 2294/2068/2294
f 2045/3258/2045 618/2895/618 2028/2094/2028 3271/3259/3271
f 3271/3259/3271 2028/2094/2028 776/2604/776 2370/643/2370
f 2294/2068/2294 3271/3259/3271 2370/643/2370 734/640/734
f 842/2072/842 2047/2075/2047 3272/3260/3272 2517/2073/2517
f 2047/2075/2047 616/2077/616 2026/2076/2026 3272/3260/3272
f 3272/3260/3272 2026/2076/2026 775/133/775 2371/2645/2371
f 2517/2073/2517 3272/3260/3272 2371/2645/2371 848/614/848
f 611/1215/611 2048/1216/2048 3273/3261/3273 2021/3262/2021
f 2048/1216/2048 615/2908/615 2025/3263/2025 3273/3261/3273
f 3273/3261/3273 2025/3263/2025 774/3264/774 2372/3265/2372
f 2021/3262/2021 3273/3261/3273 2372/3265/2372 773/3266/773
f 578/1237/578 2290/2083/2290 3274/3267/3274 2050/2920/2050
f 2290/2083/2290 730/581/730 2373/2631/2373 3274/3267/3274
f 3274/3267/3274 2373/2631/2373 749/2635/749 2309/3268/2309
f 2050/2920/2050 3274/3267/3274 2309/3268/2309 613/1235/613
f 576/2925/576 2289/2086/2289 3275/3269/3275 2051/1245/2051
f 2289/2086/2289 729/3270/729 2374/2089/2374 3275/3269/3275
f 3275/3269/3275 2374/2089/2374 748/37/748 2308/3271/2308
f 2051/1245/2051 3275/3269/3275 2308/3271/2308 612/2926/612
f 580/2930/580 2052/1252/2052 3276/3272/3276 2292/3273/2292
f 2052/1252/2052 611/1215/611 2021/3262/2021 3276/3272/3276
f 3276/3272/3276 2021/3262/2021 773/3266/773 2375/2093/2375
f 2292/3273/2292 3276/3272/3276 2375/2093/2375 732/3274/732
f 618/2895/618 2054/2938/2054 3277/3275/3277 2028/3276/2028
f 2054/2938/2054 609/2937/609 2019/3277/2019 3277/3275/3277
f 3277/3275/3277 2019/3277/2019 772/3278/772 2376/2097/2376
f 2028/3276/2028 3277/3275/3277 2376/2097/2376 776/3279/776
f 603/1278/603 2056/2945/2056 3278/3280/3278 2013/2100/2013
f 2056/2945/2056 607/2944/607 2017/3281/2017 3278/3280/3278
f 3278/3280/3278 2017/3281/2017 771/2482/771 2377/2598/2377
f 2013/2100/2013 3278/3280/3278 2377/2598/2377 769/502/769
f 622/1296/622 2058/2953/2058 3279/2104/3279 2032/2103/2032
f 2058/2953/2058 605/2952/605 2015/3282/2015 3279/2104/3279
f 3279/2104/3279 2015/3282/2015 770/2496/770 2378/2590/2378
f 2032/2103/2032 3279/2104/3279 2378/2590/2378 778/472/778
f 620/2067/620 2060/2107/2060 3280/2106/3280 2030/3257/2030
f 2060/2107/2060 603/2109/603 2013/2108/2013 3280/2106/3280
f 3280/2106/3280 2013/2108/2013 769/447/769 2379/2580/2379
f 2030/3257/2030 3280/2106/3280 2379/2580/2379 777/2579/777
f 598/1334/598 2063/2971/2063 3281/3283/3281 2008/2110/2008
f 2063/2971/2063 600/2970/600 2010/3284/2010 3281/3283/3281
f 3281/3283/3281 2010/3284/2010 768/399/768 2380/2567/2380
f 2008/2110/2008 3281/3283/3281 2380/2567/2380 767/391/767
f 596/1349/596 2065/2973/2065 3282/3285/3282 2006/2113/2006
f 2065/2973/2065 598/1351/598 2008/2115/2008 3282/3285/3282
f 3282/3285/3282 2008/2115/2008 767/366/767 2381/361/2381
f 2006/2113/2006 3282/3285/3282 2381/361/2381 766/358/766
f 625/1127/625 2067/2979/2067 3283/3286/3283 2035/3254/2035
f 2067/2979/2067 596/1363/596 2006/2117/2006 3283/3286/3283
f 3283/3286/3283 2006/2117/2006 766/330/766 2382/2540/2382
f 2035/3254/2035 3283/3286/3283 2382/2540/2382 779/2539/779
f 600/2970/600 2068/1368/2068 3284/3287/3284 2010/3284/2010
f 2068/1368/2068 595/1369/595 2005/3288/2005 3284/3287/3284
f 3284/3287/3284 2005/3288/2005 765/2120/765 2383/2119/2383
f 2010/3284/2010 3284/3287/3284 2383/2119/2383 768/399/768
f 677/2989/677 2340/3289/2340 3285/2122/3285 2137/2990/2137
f 2340/3289/2340 780/2515/780 2384/2517/2384 3285/2122/3285
f 3285/2122/3285 2384/2517/2384 738/263/738 2298/2124/2298
f 2137/2990/2137 3285/2122/3285 2298/2124/2298 592/1390/592
f 595/1369/595 2073/2126/2073 3286/3290/3286 2005/3288/2005
f 2073/2126/2073 592/1390/592 2298/2124/2298 3286/3290/3286
f 3286/3290/3286 2298/2124/2298 738/263/738 2385/2127/2385
f 2005/3288/2005 3286/3290/3286 2385/2127/2385 765/2120/765
f 605/2952/605 2075/2997/2075 3287/2129/3287 2015/3282/2015
f 2075/2997/2075 590/1423/590 2297/2130/2297 3287/2129/3287
f 3287/2129/3287 2297/2130/2297 737/195/737 2386/190/2386
f 2015/3282/2015 3287/2129/3287 2386/190/2386 770/2496/770
f 609/3006/609 2077/3005/2077 3288/3291/3288 2019/3292/2019
f 2077/3005/2077 586/1437/586 2295/2133/2295 3288/3291/3288
f 3288/3291/3288 2295/2133/2295 735/168/735 2387/2487/2387
f 2019/3292/2019 3288/3291/3288 2387/2487/2387 772/2486/772
f 607/2944/607 2078/3008/2078 3289/2134/3289 2017/3281/2017
f 2078/3008/2078 588/1443/588 2296/2135/2296 3289/2134/3289
f 3289/2134/3289 2296/2135/2296 736/159/736 2388/2483/2388
f 2017/3281/2017 3289/2134/3289 2388/2483/2388 771/2482/771
f 616/1450/616 2079/3009/2079 3290/2137/3290 2026/2136/2026
f 2079/3009/2079 584/1452/584 2294/2068/2294 3290/2137/3290
f 3290/2137/3290 2294/2068/2294 734/2140/734 2389/2139/2389
f 2026/2136/2026 3290/2137/3290 2389/2139/2389 775/2138/775
f 576/1472/576 2082/3018/2082 3291/3293/3291 2289/2086/2289
f 2082/3018/2082 580/2930/580 2292/3273/2292 3291/3293/3291
f 3291/3293/3291 2292/3273/2292 732/3274/732 2390/2143/2390
f 2289/2086/2289 3291/3293/3291 2390/2143/2390 729/3270/729
f 615/2908/615 2083/1478/2083 3292/3294/3292 2025/3295/2025
f 2083/1478/2083 582/1479/582 2293/2146/2293 3292/3294/3292
f 3292/3294/3292 2293/2146/2293 733/54/733 2391/2444/2391
f 2025/3295/2025 3292/3294/3292 2391/2444/2391 774/2443/774
f 612/1244/612 2308/3296/2308 3293/3297/3293 2084/3026/2084
f 2308/3296/2308 748/2440/748 2392/2442/2392 3293/3297/3293
f 3293/3297/3293 2392/2442/2392 731/41/731 2291/2149/2291
f 2084/3026/2084 3293/3297/3293 2291/2149/2291 579/1487/579
f 613/1503/613 2309/3298/2309 3294/2150/3294 2086/3035/2086
f 2309/3298/2309 749/1/749 2393/2426/2393 3294/2150/3294
f 3294/2150/3294 2393/2426/2393 757/5/757 1987/3299/1987
f 2086/3035/2086 3294/2150/3294 1987/3299/1987 577/3032/577
f 459/2153/459 1754/2156/1754 3295/3300/3295 1751/2154/1751
f 1754/2156/1754 789/1706/789 2447/3130/2447 3295/3300/3295
f 3295/3300/3295 2447/3130/2447 834/3134/834 2446/3301/2446
f 1751/2154/1751 3295/3300/3295 2446/3301/2446 694/2157/694
f 542/2159/542 2444/3302/2444 3296/3303/3296 1903/2160/1903
f 2444/3302/2444 832/3304/832 2448/2165/2448 3296/3303/3296
f 3296/3303/3296 2448/2165/2448 833/2985/833 2445/3305/2445
f 1903/2160/1903 3296/3303/3296 2445/3305/2445 658/2163/658
f 500/2167/500 2437/2170/2437 3297/3306/3297 1833/2168/1833
f 2437/2170/2437 825/2921/825 2449/3307/2449 3297/3306/3297
f 3297/3306/3297 2449/3307/2449 782/10/782 1696/3308/1696
f 1833/2168/1833 3297/3306/3297 1696/3308/1696 427/14/427
f 499/2174/499 2436/3309/2436 3298/3310/3298 1832/2175/1832
f 2436/3309/2436 824/1242/824 2450/3025/2450 3298/3310/3298
f 3298/3310/3298 2450/3025/2450 807/1485/807 2419/2179/2419
f 1832/2175/1832 3298/3310/3298 2419/2179/2419 433/2178/433
f 503/2180/503 1840/2183/1840 3299/3311/3299 1846/3312/1846
f 1840/2183/1840 438/2185/438 2421/3313/2421 3299/3311/3299
f 3299/3311/3299 2421/3313/2421 809/3022/809 2451/1477/2451
f 1846/3312/1846 3299/3311/3299 2451/1477/2451 799/3019/799
f 426/2186/426 1710/2189/1710 3300/3314/3300 2417/3315/2417
f 1710/2189/1710 434/554/434 2420/2191/2420 3300/3314/3300
f 3300/3314/3300 2420/2191/2420 808/3316/808 2452/3317/2452
f 2417/3315/2417 3300/3314/3300 2452/3317/2452 805/3318/805
f 509/2192/509 1850/2195/1850 3301/2194/3301 1852/2193/1852
f 1850/2195/1850 442/2197/442 2422/2196/2422 3301/2194/3301
f 3301/2194/3301 2422/2196/2422 810/1454/810 2453/1449/2453
f 1852/2193/1852 3301/2194/3301 2453/1449/2453 800/1446/800
f 487/200/487 1808/2501/1808 3302/3319/3302 1814/2198/1814
f 1808/2501/1808 450/202/450 2424/2200/2424 3302/3319/3302
f 3302/3319/3302 2424/2200/2424 812/1445/812 2454/1441/2454
f 1814/2198/1814 3302/3319/3302 2454/1441/2454 796/1282/796
f 492/520/492 1817/2203/1817 3303/3320/3303 1821/3321/1821
f 1817/2203/1817 446/2205/446 2423/2204/2423 3303/3320/3303
f 3303/3320/3303 2423/2204/2423 811/1439/811 2455/3004/2455
f 1821/3321/1821 3303/3320/3303 2455/3004/2455 797/3003/797
f 483/2206/483 1800/2209/1800 3304/2208/3304 1806/3322/1806
f 1800/2209/1800 454/2211/454 2425/2210/2425 3304/2208/3304
f 3304/2208/3304 2425/2210/2425 813/1425/813 2456/2996/2456
f 1806/3322/1806 3304/2208/3304 2456/2996/2456 795/1300/795
f 463/2212/463 1760/2215/1760 3305/3323/3305 1766/3324/1766
f 1760/2215/1760 458/2218/458 2426/2221/2426 3305/3323/3305
f 3305/3323/3305 2426/2221/2426 814/1388/814 2457/2216/2457
f 1766/3324/1766 3305/3323/3305 2457/2216/2457 790/1371/790
f 658/2163/658 2445/3305/2445 3306/3325/3306 2118/2219/2118
f 2445/3305/2445 833/2985/833 2458/2988/2458 3306/3325/3306
f 3306/3325/3306 2458/2988/2458 814/1388/814 2426/3326/2426
f 2118/2219/2118 3306/3325/3306 2426/3326/2426 458/2218/458
f 475/2222/475 1784/2225/1784 3307/3327/3307 1787/3328/1787
f 1784/2225/1784 463/2212/463 1766/3324/1766 3307/3327/3307
f 3307/3327/3307 1766/3324/1766 790/1371/790 2459/2980/2459
f 1787/3328/1787 3307/3327/3307 2459/2980/2459 793/2968/793
f 522/2546/522 1879/2545/1879 3308/3329/3308 1886/3330/1886
f 1879/2545/1879 466/337/466 1771/2228/1771 3308/3329/3308
f 3308/3329/3308 1771/2228/1771 791/1365/791 2460/2977/2460
f 1886/3330/1886 3308/3329/3308 2460/2977/2460 804/2875/804
f 466/371/466 1767/2562/1767 3309/2230/3309 1771/2229/1771
f 1767/2562/1767 471/373/471 1779/2234/1779 3309/2230/3309
f 3309/2230/3309 1779/2234/1779 792/2233/792 2461/2232/2461
f 1771/2229/1771 3309/2230/3309 2461/2232/2461 791/2231/791
f 471/2235/471 1776/2238/1776 3310/3331/3310 1779/2236/1779
f 1776/2238/1776 475/2222/475 1787/3328/1787 3310/3331/3310
f 3310/3331/3310 1787/3328/1787 793/2968/793 2462/2966/2462
f 1779/2236/1779 3310/3331/3310 2462/2966/2462 792/1330/792
f 514/2578/514 1863/435/1863 3311/3332/3311 1867/3333/1867
f 1863/435/1863 479/436/479 1798/2243/1798 3311/3332/3311
f 3311/3332/3311 1798/2243/1798 794/2242/794 2463/2241/2463
f 1867/3333/1867 3311/3332/3311 2463/2241/2463 802/1174/802
f 518/2244/518 1871/2247/1871 3312/3334/3312 1875/2245/1875
f 1871/2247/1871 483/2206/483 1806/3322/1806 3312/3334/3312
f 3312/3334/3312 1806/3322/1806 795/1300/795 2464/2949/2464
f 1875/2245/1875 3312/3334/3312 2464/2949/2464 803/1292/803
f 479/500/479 1792/2597/1792 3313/3335/3313 1798/2248/1798
f 1792/2597/1792 487/200/487 1814/2198/1814 3313/3335/3313
f 3313/3335/3313 1814/2198/1814 796/1282/796 2465/2941/2465
f 1798/2248/1798 3313/3335/3313 2465/2941/2465 794/1274/794
f 511/2603/511 1856/519/1856 3314/3336/3314 1860/3337/1860
f 1856/519/1856 492/520/492 1821/3321/1821 3314/3336/3314
f 3314/3336/3314 1821/3321/1821 797/3003/797 2466/1260/2466
f 1860/3337/1860 3314/3336/3314 2466/1260/2466 801/2252/801
f 434/554/434 1716/2621/1716 3315/3338/3315 2420/2191/2420
f 1716/2621/1716 495/556/495 1830/3339/1830 3315/3338/3315
f 3315/3338/3315 1830/3339/1830 798/1211/798 2467/1250/2467
f 2420/2191/2420 3315/3338/3315 2467/1250/2467 808/3316/808
f 426/2186/426 2417/2187/2417 3316/2259/3316 1695/2258/1695
f 2417/2187/2417 805/3318/805 2468/2260/2468 3316/2259/3316
f 3316/2259/3316 2468/2260/2468 824/1242/824 2436/3309/2436
f 1695/2258/1695 3316/2259/3316 2436/3309/2436 499/2174/499
f 430/2261/430 2418/2264/2418 3317/3340/3317 1697/2262/1697
f 2418/2264/2418 806/1229/806 2469/2919/2469 3317/3340/3317
f 3317/3340/3317 2469/2919/2469 825/2921/825 2437/2170/2437
f 1697/2262/1697 3317/3340/3317 2437/2170/2437 500/2167/500
f 495/556/495 1824/2266/1824 3318/2265/3318 1830/3339/1830
f 1824/2266/1824 503/2180/503 1846/3312/1846 3318/2265/3318
f 3318/2265/3318 1846/3312/1846 799/3019/799 2470/3341/2470
f 1830/3339/1830 3318/2265/3318 2470/3341/2470 798/1211/798
f 837/612/837 2501/2644/2501 3319/3342/3319 2516/2268/2516
f 2501/2644/2501 509/146/509 1852/2270/1852 3319/3342/3319
f 3319/3342/3319 1852/2270/1852 800/1210/800 2471/1205/2471
f 2516/2268/2516 3319/3342/3319 2471/1205/2471 849/1202/849
f 442/650/442 1733/2661/1733 3320/3343/3320 2422/2196/2422
f 1733/2661/1733 511/2603/511 1860/3337/1860 3320/3343/3320
f 3320/3343/3320 1860/3337/1860 801/2252/801 2472/1187/2472
f 2422/2196/2422 3320/3343/3320 2472/1187/2472 810/1454/810
f 446/175/446 1740/2668/1740 3321/3344/3321 2423/2273/2423
f 1740/2668/1740 514/2578/514 1867/3333/1867 3321/3344/3321
f 3321/3344/3321 1867/3333/1867 802/1174/802 2473/2892/2473
f 2423/2273/2423 3321/3344/3321 2473/2892/2473 811/1166/811
f 450/692/450 1748/2675/1748 3322/3345/3322 2424/2275/2424
f 1748/2675/1748 518/470/518 1875/2280/1875 3322/3345/3322
f 3322/3345/3322 1875/2280/1875 803/2279/803 2474/2278/2474
f 2424/2275/2424 3322/3345/3322 2474/2278/2474 812/2277/812
f 454/722/454 1756/2685/1756 3323/3346/3323 2425/2281/2425
f 1756/2685/1756 522/2546/522 1886/3330/1886 3323/3346/3323
f 3323/3346/3323 1886/3330/1886 804/2875/804 2475/2873/2475
f 2425/2281/2425 3323/3346/3323 2475/2873/2475 813/1121/813
f 694/2157/694 2446/3301/2446 3324/3347/3324 2204/2283/2204
f 2446/3301/2446 834/3134/834 2476/3348/2476 3324/3347/3324
f 3324/3347/3324 2476/3348/2476 832/3304/832 2444/3302/2444
f 2204/2283/2204 3324/3347/3324 2444/3302/2444 542/2159/542
f 591/1134/591 2039/2883/2039 3325/3349/3325 2400/2286/2400
f 2039/2883/2039 624/2882/624 2034/2288/2034 3325/3349/3325
f 3325/3349/3325 2034/2288/2034 831/2547/831 2477/2680/2477
f 2400/2286/2400 3325/3349/3325 2477/2680/2477 788/712/788
f 589/1143/589 2040/1144/2040 3326/2290/3326 2399/2289/2399
f 2040/1144/2040 623/1145/623 2033/2291/2033 3326/2290/3326
f 3326/2290/3326 2033/2291/2033 830/2584/830 2478/2676/2478
f 2399/2289/2399 3326/2290/3326 2478/2676/2478 787/694/787
f 587/2891/587 2042/1162/2042 3327/3350/3327 2398/3351/2398
f 2042/1162/2042 621/2890/621 2031/2295/2031 3327/3350/3327
f 3327/3350/3327 2031/2295/2031 829/421/829 2479/3352/2479
f 2398/3351/2398 3327/3350/3327 2479/3352/2479 786/3353/786
f 585/2296/585 2044/2299/2044 3328/2298/3328 2397/2297/2397
f 2044/2299/2044 619/2301/619 2029/2300/2029 3328/2298/3328
f 3328/2298/3328 2029/2300/2029 828/660/828 2480/2662/2480
f 2397/2297/2397 3328/2298/3328 2480/2662/2480 785/652/785
f 841/2903/841 2046/2902/2046 3329/3354/3329 2515/3355/2515
f 2046/2902/2046 617/2901/617 2027/3356/2027 3329/3354/3329
f 3329/3354/3329 2027/3356/2027 827/2654/827 2481/2652/2481
f 2515/3355/2515 3329/3354/3329 2481/2652/2481 850/2651/850
f 610/2917/610 2049/2916/2049 3330/3357/3330 2020/3358/2020
f 2049/2916/2049 614/2915/614 2024/3359/2024 3330/3357/3330
f 3330/3357/3330 2024/3359/2024 826/2309/826 2482/3360/2482
f 2020/3358/2020 3330/3357/3330 2482/3360/2482 823/2307/823
f 581/2935/581 2053/1258/2053 3331/3361/3331 2395/3362/2395
f 2053/1258/2053 610/2917/610 2020/3358/2020 3331/3361/3331
f 3331/3361/3331 2020/3358/2020 823/2307/823 2483/3363/2483
f 2395/3362/2395 3331/3361/3331 2483/3363/2483 783/3364/783
f 619/1269/619 2055/2940/2055 3332/2315/3332 2029/2314/2029
f 2055/2940/2055 608/1271/608 2018/3365/2018 3332/2315/3332
f 3332/2315/3332 2018/3365/2018 822/2352/822 2484/2600/2484
f 2029/2314/2029 3332/2315/3332 2484/2600/2484 828/508/828
f 602/1287/602 2057/2948/2057 3333/3366/3333 2012/2317/2012
f 2057/2948/2057 606/1289/606 2016/2319/2016 3333/3366/3333
f 3333/3366/3333 2016/2319/2016 821/495/821 2485/2595/2485
f 2012/2317/2012 3333/3366/3333 2485/2595/2485 819/487/819
f 623/1145/623 2059/2956/2059 3334/3367/3334 2033/2291/2033
f 2059/2956/2059 604/1304/604 2014/2321/2014 3334/3367/3334
f 3334/3367/3334 2014/2321/2014 820/465/820 2486/2585/2486
f 2033/2291/2033 3334/3367/3334 2486/2585/2486 830/2584/830
f 621/1163/621 2061/2961/2061 3335/3368/3335 2031/2295/2031
f 2061/2961/2061 602/1318/602 2012/2324/2012 3335/3368/3335
f 3335/3368/3335 2012/2324/2012 819/429/819 2487/2573/2487
f 2031/2295/2031 3335/3368/3335 2487/2573/2487 829/2572/829
f 599/1325/599 2062/1326/2062 3336/3369/3336 2009/2325/2009
f 2062/1326/2062 601/2965/601 2011/2327/2011 3336/3369/3336
f 3336/3369/3336 2011/2327/2011 818/2530/818 2488/2568/2488
f 2009/2325/2009 3336/3369/3336 2488/2568/2488 817/403/817
f 597/1357/597 2064/2330/2064 3337/3370/3337 2007/3371/2007
f 2064/2330/2064 599/2332/599 2009/2331/2009 3337/3370/3337
f 3337/3370/3337 2009/2331/2009 817/381/817 2489/2563/2489
f 2007/3371/2007 3337/3370/3337 2489/2563/2489 816/2551/816
f 624/2882/624 2066/2976/2066 3338/3372/3338 2034/2288/2034
f 2066/2976/2066 597/1357/597 2007/3371/2007 3338/3372/3338
f 3338/3372/3338 2007/3371/2007 816/2551/816 2490/2548/2490
f 2034/2288/2034 3338/3372/3338 2490/2548/2490 831/2547/831
f 601/2965/601 2069/2983/2069 3339/3373/3339 2011/2327/2011
f 2069/2983/2069 594/1375/594 2004/2335/2004 3339/3373/3339
f 3339/3373/3339 2004/2335/2004 815/309/815 2491/2531/2491
f 2011/2327/2011 3339/3373/3339 2491/2531/2491 818/2530/818
f 594/2336/594 2070/2339/2070 3340/3374/3340 2004/2337/2004
f 2070/2339/2070 593/2341/593 2401/2340/2401 3340/3374/3340
f 3340/3374/3340 2401/2340/2401 789/285/789 2492/2521/2492
f 2004/2337/2004 3340/3374/3340 2492/2521/2492 815/277/815
f 604/1397/604 2072/2993/2072 3341/3375/3341 2014/2342/2014
f 2072/2993/2072 591/1399/591 2400/2344/2400 3341/3375/3341
f 3341/3375/3341 2400/2344/2400 788/249/788 2493/2512/2493
f 2014/2342/2014 3341/3375/3341 2493/2512/2493 820/241/820
f 606/1415/606 2074/1416/2074 3342/2346/3342 2016/2345/2016
f 2074/1416/2074 589/1417/589 2399/2347/2399 3342/2346/3342
f 3342/2346/3342 2399/2347/2399 787/213/787 2494/2502/2494
f 2016/2345/2016 3342/2346/3342 2494/2502/2494 821/205/821
f 608/3376/608 2076/3377/2076 3343/3378/3343 2018/3379/2018
f 2076/3377/2076 587/2891/587 2398/3351/2398 3343/3378/3343
f 3343/3378/3343 2398/3351/2398 786/3353/786 2495/181/2495
f 2018/3379/2018 3343/3378/3343 2495/181/2495 822/3380/822
f 614/2915/614 2080/3013/2080 3344/3381/3344 2024/3359/2024
f 2080/3013/2080 583/1458/583 2396/3382/2396 3344/3381/3344
f 3344/3381/3344 2396/3382/2396 784/2468/784 2496/3383/2496
f 2024/3359/2024 3344/3381/3344 2496/3383/2496 826/2309/826
f 617/1465/617 2081/1466/2081 3345/3384/3345 2027/2357/2027
f 2081/1466/2081 585/1467/585 2397/2359/2397 3345/3384/3345
f 3345/3384/3345 2397/2359/2397 785/87/785 2497/2458/2497
f 2027/2357/2027 3345/3384/3345 2497/2458/2497 827/2457/827
f 577/3032/577 2085/3031/2085 3346/3385/3346 2394/1500/2394
f 2085/3031/2085 581/2935/581 2395/3362/2395 3346/3385/3346
f 3346/3385/3346 2395/3362/2395 783/3364/783 2498/3386/2498
f 2394/1500/2394 3346/3385/3346 2498/3386/2498 782/2362/782
f 583/1458/583 2505/3387/2505 3347/3388/3347 2396/3382/2396
f 2505/3387/2505 841/2903/841 2515/3355/2515 3347/3388/3347
f 3347/3388/3347 2515/3355/2515 850/2651/850 2514/2366/2514
f 2396/3382/2396 3347/3388/3347 2514/2366/2514 784/2468/784
f 438/2185/438 1726/2368/1726 3348/3389/3348 2421/3313/2421
f 1726/2368/1726 837/2372/837 2516/2371/2516 3348/3389/3348
f 3348/3389/3348 2516/2371/2516 849/2370/849 2513/3390/2513
f 2421/3313/2421 3348/3389/3348 2513/3390/2513 809/3022/809
f 582/2373/582 2506/2376/2506 3349/3391/3349 2293/2374/2293
f 2506/2376/2506 842/2072/842 2517/2073/2517 3349/3391/3349
f 3349/3391/3349 2517/2073/2517 848/614/848 2512/2378/2512
f 2293/2374/2293 3349/3391/3349 2512/2378/2512 733/2377/733
f 441/1973/441 1724/3392/1724 3350/3393/3350 2319/3216/2319
f 1724/3392/1724 835/2650/835 2518/3244/2518 3350/3393/3350
f 3350/3393/3350 2518/3244/2518 847/1193/847 2511/3394/2511
f 2319/3216/2319 3350/3393/3350 2511/3394/2511 759/1971/759
f 533/1080/533 2503/3395/2503 3351/3396/3351 2195/3201/2195
f 2503/3395/2503 839/3177/839 2519/3179/2519 3351/3396/3351
f 3351/3396/3351 2519/3179/2519 846/1867/846 2510/2385/2510
f 2195/3201/2195 3351/3396/3351 2510/2385/2510 685/114/685
f 439/103/439 2502/3397/2502 3352/3398/3352 1711/2386/1711
f 2502/3397/2502 838/3164/838 2520/1827/2520 3352/3398/3352
f 3352/3398/3352 2520/1827/2520 845/1830/845 2509/2390/2509
f 1711/2386/1711 3352/3398/3352 2509/2390/2509 684/2389/684
f 532/3121/532 2504/2392/2504 3353/3399/3353 1893/3122/1893
f 2504/2392/2504 840/3082/840 2521/3085/2521 3353/3399/3353
f 3353/3399/3353 2521/3085/2521 844/3087/844 2508/2393/2508
f 1893/3122/1893 3353/3399/3353 2508/2393/2508 648/1690/648
f 440/1522/440 1725/2395/1725 3354/3400/3354 2109/1521/2109
f 1725/2395/1725 836/618/836 2522/1577/2522 3354/3400/3354
f 3354/3400/3354 2522/1577/2522 843/3070/843 2507/2396/2507
f 2109/1521/2109 3354/3400/3354 2507/2396/2507 649/3044/649
f 809/3022/809 2513/3390/2513 3355/3401/3355 1992/3023/1992
f 2513/3390/2513 849/2370/849 2523/2400/2523 3355/3401/3355
f 3355/3401/3355 2523/2400/2523 842/2399/842 2506/2398/2506
f 1992/3023/1992 3355/3401/3355 2506/2398/2506 582/1479/582
f 759/3012/759 2511/3394/2511 3356/2401/3356 1993/1459/1993
f 2511/3394/2511 847/2897/847 2524/1194/2524 3356/2401/3356
f 3356/2401/3356 2524/1194/2524 841/2903/841 2505/3387/2505
f 1993/1459/1993 3356/2401/3356 2505/3387/2505 583/1458/583
f 684/1088/684 2509/2404/2509 3357/3402/3357 2194/2854/2194
f 2509/2404/2509 845/811/845 2525/2724/2525 3357/3402/3357
f 3357/3402/3357 2525/2724/2525 840/1604/840 2504/3403/2504
f 2194/2854/2194 3357/3402/3357 2504/3403/2504 532/1086/532
f 649/1520/649 2507/2396/2507 3358/3404/3358 1894/2850/1894
f 2507/2396/2507 843/2717/843 2526/2720/2526 3358/3404/3358
f 3358/3404/3358 2526/2720/2526 839/806/839 2503/3395/2503
f 1894/2850/1894 3358/3404/3358 2503/3395/2503 533/1945/533
f 784/2468/784 2514/2409/2514 3359/3405/3359 1714/104/1714
f 2514/2409/2514 850/3406/850 2527/3407/2527 3359/3405/3359
f 3359/3405/3359 2527/3407/2527 838/3164/838 2502/3397/2502
f 1714/104/1714 3359/3405/3359 2502/3397/2502 439/103/439
f 685/2412/685 2510/2415/2510 3360/3408/3360 1712/2413/1712
f 2510/2415/2510 846/620/846 2528/2649/2528 3360/3408/3360
f 3360/3408/3360 2528/2649/2528 835/2650/835 1724/3392/1724
f 1712/2413/1712 3360/3408/3360 1724/3392/1724 441/1973/441
f 733/54/733 2512/2417/2512 3361/3409/3361 1713/53/1713
f 2512/2417/2512 848/2421/848 2529/2420/2529 3361/3409/3361
f 3361/3409/3361 2529/2420/2529 836/2419/836 1725/2418/1725
f 1713/53/1713 3361/3409/3361 1725/2418/1725 440/52/440
f 648/96/648 2508/2393/2508 3362/3410/3362 2108/2464/2108
f 2508/2393/2508 844/2641/844 2530/2643/2530 3362/3410/3362
f 3362/3410/3362 2530/2643/2530 837/612/837 1726/2423/1726
f 2108/2464/2108 3362/3410/3362 1726/2423/1726 438/94/438
o DoorBridge_BaseR
v 3.785752 -0.083265 0.172577
v 3.785752 3.224493 0.172577
v 3.983359 -0.083265 0.192039
v 3.983359 3.224493 0.192039
v 4.173372 -0.083265 0.249679
v 4.173372 3.224493 0.249679
v 4.348489 -0.083265 0.343281
v 4.348489 3.224493 0.343281
v 4.501981 -0.083265 0.469249
v 4.501981 3.224493 0.469249
v 4.627948 -0.083265 0.622740
v 4.627948 3.224493 0.622740
v 4.721550 -0.083265 0.797857
v 4.721550 3.224493 0.797857
v 4.779190 -0.083265 0.987871
v 4.779190 3.224493 0.987871
v 4.798653 -0.083265 1.185478
v 4.798653 3.224493 1.185478
v 4.779190 -0.083265 1.383085
v 4.779190 3.224493 1.383085
v 4.721550 -0.083265 1.573099
v 4.721550 3.224493 1.573099
v 4.627948 -0.083265 1.748216
v 4.627948 3.224493 1.748216
v 4.501981 -0.083265 1.901707
v 4.501981 3.224493 1.901707
v 4.348489 -0.083265 2.027675
v 4.348489 3.224493 2.027675
v 4.173372 -0.083265 2.121277
v 4.173372 3.224493 2.121277
v 3.983359 -0.083265 2.178917
v 3.983359 3.224493 2.178917
v 3.785752 -0.083265 2.198379
v 3.785752 3.224493 2.198379
v 3.588144 -0.083265 2.178917
v 3.588144 3.224493 2.178917
v 3.398131 -0.083265 2.121277
v 3.398131 3.224493 2.121277
v 3.223014 -0.083265 2.027675
v 3.223014 3.224493 2.027675
v 3.069522 -0.083265 1.901707
v 3.069522 3.224493 1.901707
v 2.943555 -0.083265 1.748216
v 2.943555 3.224493 1.748216
v 2.849953 -0.083265 1.573099
v 2.849953 3.224493 1.573099
v 2.792313 -0.083265 1.383085
v 2.792313 3.224493 1.383085
v 2.772850 -0.083265 1.185478
v 2.772850 3.224493 1.185478
v 2.792313 -0.083265 0.987871
v 2.792313 3.224493 0.987871
v 2.849953 -0.083265 0.797857
v 2.849953 3.224493 0.797857
v 2.943555 -0.083265 0.622740
v 2.943555 3.224493 0.622740
v 3.069522 -0.083265 0.469249
v 3.069522 3.224493 0.469249
v 3.223014 -0.083265 0.343281
v 3.223014 3.224493 0.343281
v 3.398131 -0.083265 0.249679
v 3.398131 3.224493 0.249679
v 3.588144 -0.083265 0.192039
v 3.588144 3.224493 0.192039
v 4.012205 3.303683 0.047021
v 3.785752 3.303683 0.024718
v 4.229955 3.303683 0.113075
v 4.430635 3.303683 0.220341
v 4.606533 3.303683 0.364697
v 4.750888 3.303683 0.540594
v 4.858154 3.303683 0.741274
v 4.924208 3.303683 0.959025
v 4.946512 3.303683 1.185478
v 4.924208 3.303683 1.411931
v 4.858154 3.303683 1.629682
v 4.750888 3.303683 1.830362
v 4.606533 3.303683 2.006259
v 4.430635 3.303683 2.150615
v 4.229955 3.303683 2.257881
v 4.012205 3.303683 2.323935
v 3.785752 3.303683 2.346238
v 3.559299 3.303683 2.323935
v 3.341548 3.303683 2.257881
v 3.140868 3.303683 2.150615
v 2.964970 3.303683 2.006259
v 2.820615 3.303683 1.830362
v 2.713349 3.303683 1.629682
v 2.647295 3.303683 1.411931
v 2.624991 3.303683 1.185478
v 2.647295 3.303683 0.959025
v 2.713349 3.303683 0.741274
v 2.820615 3.303683 0.540594
v 2.964970 3.303683 0.364696
v 3.140868 3.303683 0.220341
v 3.341548 3.303683 0.113075
v 3.559299 3.303683 0.047021
v 3.996525 3.756618 0.125850
v 3.785752 3.756618 0.105091
v 4.199198 3.756618 0.187330
v 4.385983 3.756618 0.287169
v 4.549701 3.756618 0.421529
v 4.684061 3.756618 0.585247
v 4.783899 3.756618 0.772032
v 4.845380 3.756618 0.974705
v 4.866139 3.756618 1.185478
v 4.845380 3.756618 1.396251
v 4.783899 3.756618 1.598924
v 4.684061 3.756618 1.785709
v 4.549701 3.756618 1.949427
v 4.385983 3.756618 2.083787
v 4.199198 3.756618 2.183626
v 3.996525 3.756618 2.245106
v 3.785752 3.756618 2.265865
v 3.574978 3.756618 2.245106
v 3.372305 3.756618 2.183626
v 3.185520 3.756618 2.083787
v 3.021802 3.756618 1.949427
v 2.887442 3.756618 1.785709
v 2.787604 3.756618 1.598924
v 2.726123 3.756618 1.396251
v 2.705364 3.756618 1.185478
v 2.726124 3.756618 0.974705
v 2.787604 3.756618 0.772032
v 2.887442 3.756618 0.585247
v 3.021802 3.756618 0.421529
v 3.185520 3.756618 0.287169
v 3.372305 3.756618 0.187330
v 3.574978 3.756618 0.125850
v 2.618291 3.436972 1.417700
v 2.595419 3.436972 1.185478
v 4.885475 3.436972 1.640998
v 4.775476 3.436972 1.846791
v 2.618291 3.436972 0.953256
v 4.627443 3.436972 2.027170
v 2.686028 3.436972 0.729958
v 4.447064 3.436972 2.175203
v 2.796026 3.436972 0.524165
v 4.241272 3.436972 2.285202
v 3.785752 3.436972 -0.004854
v 4.017974 3.436972 0.018018
v 2.944060 3.436972 0.343786
v 4.017974 3.436972 2.352938
v 4.241272 3.436972 0.085755
v 3.124439 3.436972 0.195753
v 3.785752 3.436972 2.375810
v 4.447065 3.436972 0.195753
v 3.330231 3.436972 0.085754
v 3.553529 3.436972 2.352938
v 4.627443 3.436972 0.343786
v 3.553529 3.436972 0.018018
v 3.330231 3.436972 2.285202
v 4.775476 3.436972 0.524165
v 3.124439 3.436972 2.175203
v 4.885475 3.436972 0.729958
v 2.944060 3.436972 2.027170
v 4.953212 3.436972 0.953256
v 2.796026 3.436972 1.846791
v 4.976084 3.436972 1.185478
v 2.686028 3.436972 1.640998
v 4.953212 3.436972 1.417700
v 2.636263 3.659981 1.414125
v 4.868546 3.659981 1.633986
v 3.785752 3.659981 0.013470
v 2.613744 3.659981 1.185478
v 4.760241 3.659981 1.836611
v 2.636263 3.659981 0.956831
v 4.614486 3.659981 2.014213
v 2.702957 3.659981 0.736970
v 4.436884 3.659981 2.159967
v 2.811263 3.659981 0.534345
v 4.234260 3.659981 2.268272
v 4.014399 3.659981 0.035990
v 2.957017 3.659981 0.356743
v 4.014399 3.659981 2.334966
v 4.234260 3.659981 0.102684
v 3.134619 3.659981 0.210989
v 3.785752 3.659981 2.357486
v 4.436884 3.659981 0.210989
v 3.337244 3.659981 0.102684
v 3.557104 3.659981 2.334966
v 4.614486 3.659981 0.356743
v 3.557104 3.659981 0.035990
v 3.337244 3.659981 2.268272
v 4.760241 3.659981 0.534345
v 3.134619 3.659981 2.159967
v 4.868546 3.659981 0.736970
v 2.957017 3.659981 2.014213
v 4.935240 3.659981 0.956831
v 2.811262 3.659981 1.836611
v 4.957759 3.659981 1.185478
v 2.702957 3.659981 1.633986
v 4.935240 3.659981 1.414125
v 3.885033 -0.083265 0.177458
v 3.885033 3.224493 0.177458
v 3.785752 1.570614 0.172577
v 3.983359 1.570614 0.192039
v 4.079780 -0.083265 0.216196
v 4.079780 3.224493 0.216196
v 4.173372 1.570614 0.249679
v 4.263228 -0.083265 0.292182
v 4.263228 3.224493 0.292182
v 4.348489 1.570614 0.343281
v 4.428327 -0.083265 0.402498
v 4.428327 3.224493 0.402498
v 4.501981 1.570614 0.469249
v 4.568732 -0.083265 0.542903
v 4.568732 3.224493 0.542903
v 4.627948 1.570614 0.622740
v 4.679047 -0.083265 0.708001
v 4.679047 3.224493 0.708001
v 4.721550 1.570614 0.797857
v 4.755034 -0.083265 0.891449
v 4.755034 3.224493 0.891449
v 4.779190 1.570614 0.987871
v 4.793772 -0.083265 1.086197
v 4.793772 3.224493 1.086197
v 4.798653 1.570614 1.185478
v 4.793772 -0.083265 1.284759
v 4.793772 3.224493 1.284759
v 4.779190 1.570614 1.383085
v 4.755034 -0.083265 1.479507
v 4.755034 3.224493 1.479506
v 4.721550 1.570614 1.573099
v 4.679047 -0.083265 1.662955
v 4.679047 3.224493 1.662955
v 4.627948 1.570614 1.748216
v 4.568732 -0.083265 1.828053
v 4.568732 3.224493 1.828053
v 4.501981 1.570614 1.901707
v 4.428327 -0.083265 1.968458
v 4.428327 3.224493 1.968458
v 4.348489 1.570614 2.027675
v 4.263228 -0.083265 2.078774
v 4.263228 3.224493 2.078774
v 4.173372 1.570614 2.121277
v 4.079780 -0.083265 2.154760
v 4.079780 3.224493 2.154760
v 3.983359 1.570614 2.178916
v 3.885033 -0.083265 2.193498
v 3.885033 3.224493 2.193498
v 3.785752 1.570614 2.198379
v 3.686470 -0.083265 2.193498
v 3.686470 3.224493 2.193498
v 3.588144 1.570614 2.178916
v 3.491723 -0.083265 2.154760
v 3.491723 3.224493 2.154760
v 3.398131 1.570614 2.121277
v 3.308275 -0.083265 2.078774
v 3.308275 3.224493 2.078774
v 3.223014 1.570614 2.027675
v 3.143176 -0.083265 1.968458
v 3.143176 3.224493 1.968458
v 3.069522 1.570614 1.901707
v 3.002771 -0.083265 1.828053
v 3.002771 3.224493 1.828053
v 2.943555 1.570614 1.748216
v 2.892456 -0.083265 1.662955
v 2.892456 3.224493 1.662955
v 2.849953 1.570614 1.573099
v 2.816469 -0.083265 1.479506
v 2.816469 3.224493 1.479507
v 2.792313 1.570614 1.383085
v 2.777731 -0.083265 1.284759
v 2.777732 3.224493 1.284759
v 2.772850 1.570614 1.185478
v 2.777732 -0.083265 1.086197
v 2.777731 3.224493 1.086197
v 2.792313 1.570614 0.987871
v 2.816469 -0.083265 0.891449
v 2.816469 3.224493 0.891449
v 2.849953 1.570614 0.797857
v 2.892456 -0.083265 0.708001
v 2.892456 3.224493 0.708001
v 2.943555 1.570614 0.622740
v 3.002771 -0.083265 0.542903
v 3.002771 3.224493 0.542903
v 3.069522 1.570614 0.469249
v 3.143176 -0.083265 0.402498
v 3.143176 3.224493 0.402498
v 3.223014 1.570614 0.343281
v 3.308275 -0.083265 0.292182
v 3.308275 3.224493 0.292182
v 3.398131 1.570614 0.249679
v 3.491723 -0.083265 0.216196
v 3.491723 3.224493 0.216196
v 3.588144 1.570614 0.192039
v 3.686470 -0.083265 0.177458
v 3.686470 3.224493 0.177458
v 3.899525 3.303684 0.030312
v 4.122701 3.303684 0.074704
v 4.332928 3.303684 0.161783
v 4.522127 3.303684 0.288202
v 4.683028 3.303684 0.449102
v 4.809447 3.303684 0.638301
v 4.896525 3.303684 0.848528
v 4.940918 3.303684 1.071704
v 4.940918 3.303684 1.299252
v 4.896525 3.303684 1.522428
v 4.809447 3.303684 1.732654
v 4.683028 3.303684 1.921854
v 4.522127 3.303684 2.082754
v 4.332928 3.303684 2.209173
v 4.122701 3.303684 2.296252
v 3.899525 3.303684 2.340644
v 3.671978 3.303684 2.340644
v 3.448802 3.303684 2.296252
v 3.238575 3.303684 2.209173
v 3.049376 3.303684 2.082754
v 2.888475 3.303684 1.921854
v 2.762056 3.303684 1.732654
v 2.674978 3.303684 1.522428
v 2.630585 3.303684 1.299252
v 2.630585 3.303684 1.071704
v 2.674978 3.303684 0.848528
v 2.762056 3.303684 0.638301
v 2.888475 3.303684 0.449102
v 3.049376 3.303684 0.288202
v 3.238575 3.303684 0.161783
v 3.448802 3.303684 0.074704
v 3.671978 3.303684 0.030311
v 4.883672 3.261904 1.185478
v 4.862576 3.261904 1.399672
v 3.571558 3.261904 2.262302
v 3.365596 3.261904 2.199824
v 2.771405 3.261904 0.765322
v 2.872864 3.261904 0.575506
v 4.562099 3.261904 0.409131
v 4.698639 3.261904 0.575506
v 4.395723 3.261904 2.098365
v 4.205907 3.261904 2.199824
v 2.771405 3.261904 1.605634
v 2.708928 3.261904 1.399672
v 3.785752 3.261904 0.087558
v 3.999945 3.261904 0.108654
v 3.571558 3.261904 0.108654
v 4.800097 3.261904 1.605634
v 3.175780 3.261904 2.098365
v 3.009405 3.261904 0.409131
v 4.800097 3.261904 0.765322
v 3.999945 3.261904 2.262302
v 2.687831 3.261904 1.185478
v 4.205907 3.261904 0.171132
v 4.698639 3.261904 1.795450
v 3.009405 3.261904 1.961825
v 3.175780 3.261904 0.272591
v 4.862576 3.261904 0.971284
v 3.785752 3.261904 2.283398
v 2.708928 3.261904 0.971284
v 4.395723 3.261904 0.272591
v 4.562099 3.261904 1.961825
v 2.872864 3.261904 1.795450
v 3.365596 3.261904 0.171132
v 3.891648 3.756618 0.110297
v 4.099370 3.756618 0.151616
v 4.295041 3.756618 0.232665
v 4.471139 3.756618 0.350330
v 4.620899 3.756618 0.500090
v 4.738564 3.756618 0.676189
v 4.819614 3.756618 0.871859
v 4.860932 3.756618 1.079582
v 4.860932 3.756618 1.291374
v 4.819614 3.756618 1.499097
v 4.738564 3.756618 1.694767
v 4.620899 3.756618 1.870866
v 4.471139 3.756618 2.020626
v 4.295041 3.756618 2.138291
v 4.099370 3.756618 2.219340
v 3.891648 3.756618 2.260659
v 3.679856 3.756618 2.260659
v 3.472133 3.756618 2.219340
v 3.276462 3.756618 2.138291
v 3.100364 3.756618 2.020626
v 2.950604 3.756618 1.870866
v 2.832939 3.756618 1.694767
v 2.751889 3.756618 1.499097
v 2.710571 3.756618 1.291374
v 2.710571 3.756618 1.079582
v 2.751889 3.756618 0.871859
v 2.832939 3.756618 0.676189
v 2.950604 3.756618 0.500090
v 3.100364 3.756618 0.350330
v 3.276462 3.756618 0.232665
v 3.472133 3.756618 0.151616
v 3.679856 3.756618 0.110297
v 2.674454 3.723033 1.406529
v 2.599116 3.356595 1.185478
v 4.832571 3.723033 1.619085
v 4.772403 3.356595 1.844738
v 2.621917 3.356595 0.953977
v 4.624830 3.356595 2.024556
v 2.689443 3.356595 0.731372
v 4.445011 3.356595 2.172129
v 2.799100 3.356595 0.526218
v 4.239857 3.356595 2.281786
v 3.785752 3.723033 0.052409
v 4.017253 3.356595 0.021643
v 2.946673 3.356595 0.346400
v 4.017253 3.356595 2.349313
v 4.239857 3.356595 0.089170
v 3.126492 3.356595 0.198826
v 3.785752 3.356595 2.372114
v 4.445011 3.356595 0.198826
v 3.331646 3.356595 0.089170
v 3.554250 3.356595 2.349313
v 4.624830 3.356595 0.346400
v 3.554250 3.356595 0.021643
v 3.331646 3.356595 2.281786
v 4.772403 3.356595 0.526218
v 3.126492 3.356595 2.172130
v 4.882060 3.356595 0.731372
v 2.946673 3.356595 2.024556
v 4.949586 3.356595 0.953977
v 2.799100 3.356595 1.844738
v 4.972387 3.356595 1.185478
v 2.689443 3.356595 1.639584
v 4.949586 3.356595 1.416979
v 2.621917 3.356595 1.416979
v 2.597710 3.551662 1.185478
v 4.882060 3.356595 1.639584
v 4.773572 3.551662 1.845518
v 2.620538 3.551662 0.953703
v 4.625824 3.551662 2.025550
v 2.688144 3.551662 0.730834
v 4.445792 3.551662 2.173299
v 2.797931 3.551662 0.525437
v 4.240396 3.551662 2.283085
v 3.785752 3.356595 -0.001158
v 4.017527 3.551662 0.020264
v 2.945679 3.551662 0.345406
v 4.017527 3.551662 2.350692
v 4.240396 3.551662 0.087871
v 3.125711 3.551662 0.197657
v 3.785752 3.551662 2.373520
v 4.445792 3.551662 0.197657
v 3.331108 3.551662 0.087871
v 3.553976 3.551662 2.350692
v 4.625824 3.551662 0.345406
v 3.553976 3.551662 0.020264
v 3.331108 3.551662 2.283085
v 4.773572 3.551662 0.525437
v 3.125711 3.551662 2.173299
v 4.883359 3.551662 0.730834
v 2.945679 3.551662 2.025550
v 4.950965 3.551662 0.953703
v 2.797931 3.551662 1.845518
v 4.973793 3.551662 1.185478
v 2.688144 3.551662 1.640122
v 4.950965 3.551662 1.417253
v 4.924824 3.436972 1.531012
v 2.646679 3.436972 1.531012
v 4.970347 3.436972 1.302150
v 2.735976 3.436972 1.746594
v 4.970347 3.436972 1.068805
v 2.865616 3.436972 1.940614
v 4.924824 3.436972 0.839944
v 3.030616 3.436972 2.105614
v 4.835526 3.436972 0.624361
v 3.224635 3.436972 2.235253
v 3.669079 3.436972 0.000882
v 4.705887 3.436973 0.430342
v 3.440218 3.436972 2.324550
v 3.440218 3.436972 0.046406
v 4.540887 3.436972 0.265342
v 3.669079 3.436972 2.370074
v 3.224635 3.436973 0.135703
v 4.346868 3.436972 0.135703
v 3.902424 3.436972 2.370074
v 3.030616 3.436972 0.265342
v 4.131285 3.436972 0.046406
v 4.131285 3.436972 2.324550
v 2.865616 3.436972 0.430342
v 3.902424 3.436972 0.000882
v 4.346868 3.436973 2.235253
v 2.735976 3.436972 0.624361
v 4.540887 3.436972 2.105614
v 2.646679 3.436972 0.839944
v 4.705887 3.436972 1.940614
v 2.601156 3.436972 1.068805
v 4.835526 3.436972 1.746594
v 2.601156 3.436972 1.302150
v 2.620538 3.551662 1.417253
v 4.883359 3.551662 1.640122
v 3.785752 3.551662 -0.002564
v 2.652682 3.723033 1.185478
v 4.727864 3.723033 1.814978
v 2.674454 3.723033 0.964427
v 4.586953 3.723033 1.986679
v 2.738932 3.723033 0.751871
v 4.415251 3.723033 2.127591
v 2.843639 3.723033 0.555978
v 4.219358 3.723033 2.232297
v 4.006803 3.723033 0.074180
v 2.984550 3.723033 0.384277
v 4.006803 3.723033 2.296776
v 4.219358 3.723033 0.138658
v 3.156252 3.723033 0.243365
v 3.785752 3.723033 2.318547
v 4.415251 3.723033 0.243365
v 3.352145 3.723033 0.138659
v 3.564701 3.723033 2.296776
v 4.586953 3.723033 0.384277
v 3.564701 3.723033 0.074180
v 3.352145 3.723033 2.232297
v 4.727864 3.723033 0.555978
v 3.156252 3.723033 2.127591
v 4.832571 3.723033 0.751871
v 2.984550 3.723033 1.986679
v 4.897049 3.723033 0.964427
v 2.843639 3.723033 1.814978
v 4.918821 3.723033 1.185478
v 2.738932 3.723033 1.619085
v 4.897049 3.723033 1.406529
v 4.907289 3.659980 1.525693
v 2.664214 3.659980 1.525693
v 4.952111 3.659980 1.300354
v 2.752137 3.659980 1.737957
v 4.952111 3.659980 1.070602
v 2.879781 3.659980 1.928989
v 4.907289 3.659980 0.845263
v 3.042240 3.659980 2.091449
v 4.819366 3.659980 0.632999
v 3.233273 3.659980 2.219093
v 3.670875 3.659980 0.019118
v 4.691722 3.659980 0.441967
v 3.445537 3.659980 2.307015
v 3.445537 3.659980 0.063941
v 4.529263 3.659980 0.279507
v 3.670875 3.659980 2.351838
v 3.233273 3.659980 0.151863
v 4.338230 3.659980 0.151863
v 3.900628 3.659980 2.351838
v 3.042240 3.659980 0.279507
v 4.125966 3.659980 0.063941
v 4.125966 3.659980 2.307015
v 2.879781 3.659980 0.441967
v 3.900628 3.659980 0.019118
v 4.338230 3.659980 2.219093
v 2.752137 3.659980 0.632999
v 4.529263 3.659980 2.091449
v 2.664214 3.659980 0.845263
v 4.691722 3.659980 1.928989
v 2.619392 3.659980 1.070602
v 4.819366 3.659980 1.737957
v 2.619392 3.659980 1.300354
v 3.885033 1.570614 0.177458
v 4.079780 1.570614 0.216196
v 4.263228 1.570614 0.292182
v 4.428327 1.570614 0.402498
v 4.568732 1.570614 0.542903
v 4.679047 1.570614 0.708001
v 4.755034 1.570614 0.891449
v 4.793772 1.570614 1.086197
v 4.793772 1.570614 1.284759
v 4.755034 1.570614 1.479506
v 4.679047 1.570614 1.662955
v 4.568732 1.570614 1.828053
v 4.428327 1.570614 1.968458
v 4.263228 1.570614 2.078773
v 4.079780 1.570614 2.154760
v 3.885033 1.570614 2.193498
v 3.686470 1.570614 2.193498
v 3.491723 1.570614 2.154760
v 3.308275 1.570614 2.078773
v 3.143176 1.570614 1.968458
v 3.002771 1.570614 1.828053
v 2.892456 1.570614 1.662955
v 2.816469 1.570614 1.479506
v 2.777732 1.570614 1.284759
v 2.777732 1.570614 1.086197
v 2.816469 1.570614 0.891449
v 2.892456 1.570614 0.708001
v 3.002771 1.570614 0.542903
v 3.143176 1.570614 0.402498
v 3.308275 1.570614 0.292182
v 4.878381 3.261904 1.293092
v 3.491723 1.570614 0.216196
v 3.686470 1.570614 0.177458
v 3.785752 -0.083265 1.185478
v 2.658143 3.723034 1.296538
v 3.467043 3.261904 2.236118
v 2.817476 3.261904 0.667924
v 4.634452 3.261904 0.488968
v 4.303306 3.261904 2.153753
v 2.735111 3.261904 1.504186
v 3.893366 3.261904 0.092849
v 3.678137 3.261904 0.092849
v 4.836391 3.261904 1.504186
v 3.268198 3.261904 2.153754
v 2.937051 3.261904 0.488968
v 4.754027 3.261904 0.667924
v 4.104460 3.261904 2.236118
v 2.693122 3.261904 1.293092
v 4.104460 3.261904 0.134838
v 4.754027 3.261904 1.703032
v 3.089241 3.261904 2.034178
v 3.089241 3.261904 0.336777
v 4.836391 3.261904 0.866770
v 3.893366 3.261904 2.278107
v 2.693122 3.261904 1.077863
v 4.303306 3.261904 0.217202
v 4.634452 3.261904 1.881988
v 2.937051 3.261904 1.881988
v 3.268198 3.261904 0.217203
v 4.878381 3.261904 1.077863
v 3.678137 3.261904 2.278107
v 2.735111 3.261904 0.866770
v 4.482262 3.261904 0.336777
v 4.482262 3.261904 2.034178
v 2.817476 3.261904 1.703032
v 3.467043 3.261904 0.134838
v 3.785752 3.756618 1.185478
v 4.785026 3.723034 1.719601
v 2.658143 3.723034 1.074418
v 4.661623 3.723034 1.904287
v 2.701476 3.723034 0.856567
v 4.504560 3.723034 2.061349
v 2.786478 3.723034 0.651355
v 4.319875 3.723034 2.184752
v 3.896811 3.723034 0.057869
v 2.909881 3.723034 0.466669
v 4.114663 3.723034 2.269754
v 4.114663 3.723034 0.101202
v 3.066943 3.723034 0.309607
v 3.896811 3.723034 2.313087
v 4.319875 3.723034 0.186204
v 3.251628 3.723034 0.186204
v 3.674692 3.723034 2.313087
v 4.504560 3.723034 0.309607
v 3.456840 3.723034 0.101202
v 3.456840 3.723034 2.269753
v 4.661623 3.723034 0.466669
v 3.674692 3.723033 0.057869
v 3.251628 3.723034 2.184752
v 4.785026 3.723034 0.651355
v 3.066943 3.723034 2.061349
v 4.870027 3.723034 0.856567
v 2.909880 3.723034 1.904287
v 4.913361 3.723034 1.074418
v 2.786478 3.723034 1.719601
v 4.913361 3.723034 1.296538
v 2.701476 3.723033 1.514389
v 4.870027 3.723033 1.514389
v 4.921287 3.356595 1.529939
v 2.650216 3.356595 1.529939
v 4.966669 3.356595 1.301788
v 2.739236 3.356595 1.744852
v 4.966669 3.356595 1.069168
v 2.868473 3.356595 1.938269
v 4.921287 3.356595 0.841017
v 3.032961 3.356595 2.102756
v 4.832267 3.356595 0.626104
v 3.226377 3.356595 2.231993
v 3.669441 3.356595 0.004561
v 4.703030 3.356595 0.432687
v 3.441291 3.356595 2.321013
v 3.441291 3.356595 0.049943
v 4.538542 3.356595 0.268200
v 3.669441 3.356595 2.366395
v 3.226377 3.356595 0.138963
v 4.345126 3.356595 0.138963
v 3.902062 3.356595 2.366395
v 3.032961 3.356595 0.268200
v 4.130212 3.356595 0.049943
v 4.130212 3.356595 2.321013
v 2.868473 3.356595 0.432687
v 3.902062 3.356595 0.004561
v 4.345126 3.356595 2.231993
v 2.739236 3.356595 0.626104
v 4.538542 3.356595 2.102756
v 2.650217 3.356595 0.841017
v 4.703030 3.356595 1.938269
v 2.604835 3.356595 1.069168
v 4.832267 3.356595 1.744852
v 2.604835 3.356595 1.301788
v 4.922632 3.551662 1.530347
v 2.648871 3.551662 1.530347
v 4.968068 3.551662 1.301926
v 2.737996 3.551662 1.745515
v 4.968068 3.551662 1.069030
v 2.867386 3.551662 1.939161
v 4.922632 3.551662 0.840609
v 3.032069 3.551662 2.103843
v 4.833507 3.551662 0.625441
v 3.225715 3.551662 2.233233
v 3.669304 3.551662 0.003162
v 4.704117 3.551662 0.431795
v 3.440883 3.551662 2.322358
v 3.440883 3.551662 0.048598
v 4.539434 3.551662 0.267113
v 3.669304 3.551662 2.367795
v 3.225715 3.551662 0.137723
v 4.345788 3.551662 0.137723
v 3.902200 3.551662 2.367795
v 3.032069 3.551662 0.267113
v 4.130620 3.551662 0.048598
v 4.130620 3.551662 2.322358
v 2.867386 3.551662 0.431795
v 3.902200 3.551662 0.003162
v 4.345788 3.551662 2.233233
v 2.737997 3.551662 0.625441
v 4.539434 3.551662 2.103843
v 2.648871 3.551662 0.840609
v 4.704117 3.551662 1.939161
v 2.603435 3.551662 1.069030
v 4.833507 3.551662 1.745515
v 2.603435 3.551662 1.301926
vn -0.0000 -0.6962 -0.7178
vn -0.0000 -0.5544 -0.8322
vn 0.1400 -0.6962 -0.7040
vn 0.1624 -0.5544 -0.8162
vn 0.2747 -0.6962 -0.6632
vn 0.3185 -0.5544 -0.7689
vn 0.3988 -0.6962 -0.5969
vn 0.4624 -0.5544 -0.6920
vn 0.5076 -0.6962 -0.5076
vn 0.5885 -0.5544 -0.5885
vn 0.5969 -0.6962 -0.3988
vn 0.6920 -0.5544 -0.4624
vn 0.6632 -0.6962 -0.2747
vn 0.7689 -0.5544 -0.3185
vn 0.7040 -0.6962 -0.1400
vn 0.8162 -0.5544 -0.1624
vn 0.7178 -0.6962 -0.0000
vn 0.8322 -0.5544 -0.0000
vn 0.7040 -0.6962 0.1400
vn 0.8162 -0.5544 0.1624
vn 0.6632 -0.6962 0.2747
vn 0.7689 -0.5544 0.3185
vn 0.5969 -0.6962 0.3988
vn 0.6920 -0.5544 0.4624
vn 0.5076 -0.6962 0.5076
vn 0.5885 -0.5544 0.5885
vn 0.3988 -0.6962 0.5969
vn 0.4624 -0.5544 0.6920
vn 0.2747 -0.6962 0.6632
vn 0.3185 -0.5544 0.7689
vn 0.1400 -0.6962 0.7040
vn 0.1624 -0.5544 0.8162
vn -0.0000 -0.6962 0.7178
vn -0.0000 -0.5544 0.8322
vn -0.1400 -0.6962 0.7040
vn -0.1624 -0.5544 0.8162
vn -0.2747 -0.6962 0.6632
vn -0.3185 -0.5544 0.7689
vn -0.3988 -0.6962 0.5969
vn -0.4624 -0.5544 0.6920
vn -0.5076 -0.6962 0.5076
vn -0.5885 -0.5544 0.5885
vn -0.5969 -0.6962 0.3988
vn -0.6920 -0.5544 0.4624
vn -0.6632 -0.6962 0.2747
vn -0.7689 -0.5544 0.3185
vn -0.7040 -0.6962 0.1400
vn -0.8162 -0.5544 0.1624
vn -0.7178 -0.6962 -0.0000
vn -0.8322 -0.5544 -0.0000
vn -0.7040 -0.6962 -0.1400
vn -0.8162 -0.5544 -0.1624
vn -0.6632 -0.6962 -0.2747
vn -0.7689 -0.5544 -0.3185
vn -0.5969 -0.6962 -0.3988
vn -0.6920 -0.5544 -0.4624
vn -0.5076 -0.6962 -0.5076
vn -0.5885 -0.5544 -0.5885
vn -0.3988 -0.6962 -0.5969
vn -0.4624 -0.5544 -0.6920
vn -0.2747 -0.6962 -0.6632
vn -0.3185 -0.5544 -0.7689
vn -0.1400 -0.6962 -0.7040
vn -0.1624 -0.5544 -0.8162
vn 0.1474 -0.6549 -0.7412
vn -0.0000 -0.6549 -0.7557
vn 0.2892 -0.6549 -0.6982
vn 0.4198 -0.6549 -0.6283
vn 0.5343 -0.6549 -0.5343
vn 0.6283 -0.6549 -0.4198
vn 0.6982 -0.6549 -0.2892
vn 0.7412 -0.6549 -0.1474
vn 0.7557 -0.6549 -0.0000
vn 0.7412 -0.6549 0.1474
vn 0.6982 -0.6549 0.2892
vn 0.6283 -0.6549 0.4198
vn 0.5343 -0.6549 0.5343
vn 0.4198 -0.6549 0.6283
vn 0.2892 -0.6549 0.6982
vn 0.1474 -0.6549 0.7412
vn -0.0000 -0.6549 0.7557
vn -0.1474 -0.6549 0.7412
vn -0.2892 -0.6549 0.6982
vn -0.4198 -0.6549 0.6283
vn -0.5343 -0.6549 0.5343
vn -0.6283 -0.6549 0.4198
vn -0.6982 -0.6549 0.2892
vn -0.7412 -0.6549 0.1474
vn -0.7557 -0.6549 -0.0000
vn -0.7412 -0.6549 -0.1474
vn -0.6982 -0.6549 -0.2892
vn -0.6283 -0.6549 -0.4198
vn -0.5343 -0.6549 -0.5343
vn -0.4198 -0.6549 -0.6283
vn -0.2892 -0.6549 -0.6982
vn -0.1474 -0.6549 -0.7412
vn 0.0562 0.9576 -0.2825
vn -0.0000 0.9576 -0.2880
vn 0.1102 0.9576 -0.2661
vn 0.1600 0.9576 -0.2395
vn 0.2036 0.9576 -0.2036
vn 0.2395 0.9576 -0.1600
vn 0.2661 0.9576 -0.1102
vn 0.2825 0.9576 -0.0562
vn 0.2880 0.9576 -0.0000
vn 0.2825 0.9576 0.0562
vn 0.2661 0.9576 0.1102
vn 0.2395 0.9576 0.1600
vn 0.2036 0.9576 0.2036
vn 0.1600 0.9576 0.2395
vn 0.1102 0.9576 0.2661
vn 0.0562 0.9576 0.2825
vn -0.0000 0.9576 0.2880
vn -0.0562 0.9576 0.2825
vn -0.1102 0.9576 0.2661
vn -0.1600 0.9576 0.2395
vn -0.2036 0.9576 0.2036
vn -0.2395 0.9576 0.1600
vn -0.2661 0.9576 0.1102
vn -0.2825 0.9576 0.0562
vn -0.2880 0.9576 -0.0000
vn -0.2825 0.9576 -0.0562
vn -0.2661 0.9576 -0.1102
vn -0.2395 0.9576 -0.1600
vn -0.2036 0.9576 -0.2036
vn -0.1600 0.9576 -0.2395
vn -0.1102 0.9576 -0.2661
vn -0.0562 0.9576 -0.2825
vn -0.9807 -0.0130 0.1951
vn -0.9999 -0.0130 -0.0000
vn 0.9238 -0.0130 0.3827
vn 0.8314 -0.0130 0.5555
vn -0.9807 -0.0130 -0.1951
vn 0.7070 -0.0130 0.7070
vn -0.9238 -0.0130 -0.3827
vn 0.5555 -0.0130 0.8314
vn -0.8314 -0.0130 -0.5555
vn 0.3827 -0.0130 0.9238
vn -0.0000 -0.0130 -0.9999
vn 0.1951 -0.0130 -0.9807
vn -0.7070 -0.0130 -0.7070
vn 0.1951 -0.0130 0.9807
vn 0.3827 -0.0130 -0.9238
vn -0.5555 -0.0130 -0.8314
vn -0.0000 -0.0130 0.9999
vn 0.5555 -0.0130 -0.8314
vn -0.3827 -0.0130 -0.9238
vn -0.1951 -0.0130 0.9807
vn 0.7070 -0.0130 -0.7070
vn -0.1951 -0.0130 -0.9807
vn -0.3827 -0.0130 0.9238
vn 0.8314 -0.0130 -0.5555
vn -0.5555 -0.0130 0.8314
vn 0.9238 -0.0130 -0.3827
vn -0.7070 -0.0130 0.7070
vn 0.9807 -0.0130 -0.1951
vn -0.8314 -0.0130 0.5555
vn 0.9999 -0.0130 -0.0000
vn -0.9238 -0.0130 0.3827
vn 0.9807 -0.0130 0.1951
vn -0.9220 0.3410 0.1834
vn 0.8685 0.3410 0.3598
vn -0.0000 0.3410 -0.9401
vn -0.9401 0.3410 -0.0000
vn 0.7816 0.3410 0.5223
vn -0.9220 0.3410 -0.1834
vn 0.6647 0.3410 0.6647
vn -0.8685 0.3410 -0.3598
vn 0.5223 0.3410 0.7816
vn -0.7816 0.3410 -0.5223
vn 0.3598 0.3410 0.8685
vn 0.1834 0.3410 -0.9220
vn -0.6647 0.3410 -0.6647
vn 0.1834 0.3410 0.9220
vn 0.3598 0.3410 -0.8685
vn -0.5223 0.3410 -0.7816
vn -0.0000 0.3410 0.9401
vn 0.5223 0.3410 -0.7816
vn -0.3598 0.3410 -0.8685
vn -0.1834 0.3410 0.9220
vn 0.6647 0.3410 -0.6647
vn -0.1834 0.3410 -0.9220
vn -0.3598 0.3410 0.8685
vn 0.7816 0.3410 -0.5223
vn -0.5223 0.3410 0.7816
vn 0.8685 0.3410 -0.3598
vn -0.6647 0.3410 0.6647
vn 0.9220 0.3410 -0.1834
vn -0.7816 0.3410 0.5223
vn 0.9401 0.3410 -0.0000
vn -0.8685 0.3410 0.3598
vn 0.9220 0.3410 0.1834
vn 0.0704 -0.6962 -0.7143
vn 0.0816 -0.5544 -0.8282
vn -0.0000 -0.0000 -1.0000
vn 0.1951 -0.0000 -0.9808
vn 0.2084 -0.6962 -0.6869
vn 0.2416 -0.5544 -0.7964
vn 0.3827 -0.0000 -0.9239
vn 0.3384 -0.6962 -0.6330
vn 0.3923 -0.5544 -0.7340
vn 0.5556 -0.0000 -0.8315
vn 0.4554 -0.6962 -0.5549
vn 0.5280 -0.5544 -0.6433
vn 0.7071 -0.0000 -0.7071
vn 0.5549 -0.6962 -0.4554
vn 0.6433 -0.5544 -0.5280
vn 0.8315 -0.0000 -0.5556
vn 0.6330 -0.6962 -0.3384
vn 0.7340 -0.5544 -0.3923
vn 0.9239 -0.0000 -0.3827
vn 0.6869 -0.6962 -0.2084
vn 0.7964 -0.5544 -0.2416
vn 0.9808 -0.0000 -0.1951
vn 0.7143 -0.6962 -0.0704
vn 0.8282 -0.5544 -0.0816
vn 1.0000 -0.0000 -0.0000
vn 0.7143 -0.6962 0.0704
vn 0.8282 -0.5544 0.0816
vn 0.9808 -0.0000 0.1951
vn 0.6869 -0.6962 0.2084
vn 0.7964 -0.5544 0.2416
vn 0.9239 -0.0000 0.3827
vn 0.6330 -0.6962 0.3384
vn 0.7340 -0.5544 0.3923
vn 0.8315 -0.0000 0.5556
vn 0.5549 -0.6962 0.4554
vn 0.6433 -0.5544 0.5280
vn 0.7071 -0.0000 0.7071
vn 0.4554 -0.6962 0.5549
vn 0.5280 -0.5544 0.6433
vn 0.5556 -0.0000 0.8315
vn 0.3384 -0.6962 0.6330
vn 0.3923 -0.5544 0.7340
vn 0.3827 -0.0000 0.9239
vn 0.2084 -0.6962 0.6869
vn 0.2416 -0.5544 0.7964
vn 0.1951 -0.0000 0.9808
vn 0.0704 -0.6962 0.7143
vn 0.0816 -0.5544 0.8282
vn -0.0000 -0.0000 1.0000
vn -0.0704 -0.6962 0.7143
vn -0.0816 -0.5544 0.8282
vn -0.1951 -0.0000 0.9808
vn -0.2084 -0.6962 0.6869
vn -0.2416 -0.5544 0.7964
vn -0.3827 -0.0000 0.9239
vn -0.3384 -0.6962 0.6330
vn -0.3923 -0.5544 0.7340
vn -0.5556 -0.0000 0.8315
vn -0.4554 -0.6962 0.5549
vn -0.5280 -0.5544 0.6433
vn -0.7071 -0.0000 0.7071
vn -0.5549 -0.6962 0.4554
vn -0.6433 -0.5544 0.5280
vn -0.8315 -0.0000 0.5556
vn -0.6330 -0.6962 0.3384
vn -0.7340 -0.5544 0.3923
vn -0.9239 -0.0000 0.3827
vn -0.6869 -0.6962 0.2084
vn -0.7964 -0.5544 0.2416
vn -0.9808 -0.0000 0.1951
vn -0.7143 -0.6962 0.0704
vn -0.8282 -0.5544 0.0816
vn -1.0000 -0.0000 -0.0000
vn -0.7143 -0.6962 -0.0704
vn -0.8282 -0.5544 -0.0816
vn -0.9808 -0.0000 -0.1951
vn -0.6869 -0.6962 -0.2084
vn -0.7964 -0.5544 -0.2416
vn -0.9239 -0.0000 -0.3827
vn -0.6330 -0.6962 -0.3384
vn -0.7340 -0.5544 -0.3923
vn -0.8315 -0.0000 -0.5556
vn -0.5549 -0.6962 -0.4554
vn -0.6433 -0.5544 -0.5280
vn -0.7071 -0.0000 -0.7071
vn -0.4554 -0.6962 -0.5549
vn -0.5280 -0.5544 -0.6433
vn -0.5556 -0.0000 -0.8315
vn -0.3384 -0.6962 -0.6330
vn -0.3923 -0.5544 -0.7340
vn -0.3827 -0.0000 -0.9239
vn -0.2084 -0.6962 -0.6869
vn -0.2416 -0.5544 -0.7964
vn -0.1951 -0.0000 -0.9808
vn -0.0704 -0.6962 -0.7143
vn -0.0816 -0.5544 -0.8282
vn 0.0741 -0.6549 -0.7520
vn 0.2194 -0.6549 -0.7231
vn 0.3562 -0.6549 -0.6664
vn 0.4794 -0.6549 -0.5841
vn 0.5841 -0.6549 -0.4794
vn 0.6664 -0.6549 -0.3562
vn 0.7231 -0.6549 -0.2194
vn 0.7520 -0.6549 -0.0741
vn 0.7520 -0.6549 0.0741
vn 0.7231 -0.6549 0.2194
vn 0.6664 -0.6549 0.3562
vn 0.5841 -0.6549 0.4794
vn 0.4794 -0.6549 0.5841
vn 0.3562 -0.6549 0.6664
vn 0.2194 -0.6549 0.7231
vn 0.0741 -0.6549 0.7520
vn -0.0741 -0.6549 0.7520
vn -0.2194 -0.6549 0.7231
vn -0.3562 -0.6549 0.6664
vn -0.4794 -0.6549 0.5841
vn -0.5841 -0.6549 0.4794
vn -0.6664 -0.6549 0.3562
vn -0.7231 -0.6549 0.2194
vn -0.7520 -0.6549 0.0741
vn -0.7520 -0.6549 -0.0741
vn -0.7231 -0.6549 -0.2194
vn -0.6664 -0.6549 -0.3562
vn -0.5841 -0.6549 -0.4794
vn -0.4794 -0.6549 -0.5841
vn -0.3562 -0.6549 -0.6664
vn -0.2194 -0.6549 -0.7231
vn -0.0741 -0.6549 -0.7520
vn 0.4820 -0.8761 -0.0000
vn 0.4728 -0.8761 0.0940
vn -0.0940 -0.8761 0.4728
vn -0.1845 -0.8761 0.4454
vn -0.4454 -0.8761 -0.1845
vn -0.4008 -0.8761 -0.2678
vn 0.3409 -0.8761 -0.3409
vn 0.4008 -0.8761 -0.2678
vn 0.2678 -0.8761 0.4008
vn 0.1845 -0.8761 0.4454
vn -0.4454 -0.8761 0.1845
vn -0.4728 -0.8761 0.0940
vn -0.0000 -0.8761 -0.4820
vn 0.0940 -0.8761 -0.4728
vn -0.0940 -0.8761 -0.4728
vn 0.4454 -0.8761 0.1845
vn -0.2678 -0.8761 0.4008
vn -0.3409 -0.8761 -0.3409
vn 0.4454 -0.8761 -0.1845
vn 0.0940 -0.8761 0.4728
vn -0.4820 -0.8761 -0.0000
vn 0.1845 -0.8761 -0.4454
vn 0.4008 -0.8761 0.2678
vn -0.3409 -0.8761 0.3409
vn -0.2678 -0.8761 -0.4008
vn 0.4728 -0.8761 -0.0940
vn -0.0000 -0.8761 0.4820
vn -0.4728 -0.8761 -0.0940
vn 0.2678 -0.8761 -0.4008
vn 0.3409 -0.8761 0.3409
vn -0.4008 -0.8761 0.2678
vn -0.1845 -0.8761 -0.4454
vn 0.0282 0.9576 -0.2866
vn 0.0836 0.9576 -0.2756
vn 0.1358 0.9576 -0.2540
vn 0.1827 0.9576 -0.2226
vn 0.2226 0.9576 -0.1827
vn 0.2540 0.9576 -0.1358
vn 0.2756 0.9576 -0.0836
vn 0.2866 0.9576 -0.0282
vn 0.2866 0.9576 0.0282
vn 0.2756 0.9576 0.0836
vn 0.2540 0.9576 0.1358
vn 0.2226 0.9576 0.1827
vn 0.1827 0.9576 0.2226
vn 0.1358 0.9576 0.2540
vn 0.0836 0.9576 0.2756
vn 0.0282 0.9576 0.2866
vn -0.0282 0.9576 0.2866
vn -0.0836 0.9576 0.2756
vn -0.1358 0.9576 0.2540
vn -0.1827 0.9576 0.2226
vn -0.2226 0.9576 0.1827
vn -0.2540 0.9576 0.1358
vn -0.2756 0.9576 0.0836
vn -0.2866 0.9576 0.0282
vn -0.2866 0.9576 -0.0282
vn -0.2756 0.9576 -0.0836
vn -0.2540 0.9576 -0.1358
vn -0.2226 0.9576 -0.1827
vn -0.1827 0.9576 -0.2226
vn -0.1358 0.9576 -0.2540
vn -0.0836 0.9576 -0.2756
vn -0.0282 0.9576 -0.2866
vn -0.7018 0.6986 0.1396
vn -0.9692 -0.2463 -0.0000
vn 0.6611 0.6986 0.2738
vn 0.8059 -0.2463 0.5385
vn -0.9506 -0.2463 -0.1891
vn 0.6853 -0.2463 0.6853
vn -0.8954 -0.2463 -0.3709
vn 0.5385 -0.2463 0.8059
vn -0.8059 -0.2463 -0.5385
vn 0.3709 -0.2463 0.8954
vn -0.0000 0.6986 -0.7155
vn 0.1891 -0.2463 -0.9506
vn -0.6853 -0.2463 -0.6853
vn 0.1891 -0.2463 0.9506
vn 0.3709 -0.2463 -0.8954
vn -0.5385 -0.2463 -0.8059
vn -0.0000 -0.2463 0.9692
vn 0.5385 -0.2463 -0.8059
vn -0.3709 -0.2463 -0.8954
vn -0.1891 -0.2463 0.9506
vn 0.6853 -0.2463 -0.6853
vn -0.1891 -0.2463 -0.9506
vn -0.3709 -0.2463 0.8954
vn 0.8059 -0.2463 -0.5385
vn -0.5385 -0.2463 0.8059
vn 0.8954 -0.2463 -0.3709
vn -0.6853 -0.2463 0.6853
vn 0.9506 -0.2463 -0.1891
vn -0.8059 -0.2463 0.5385
vn 0.9692 -0.2463 -0.0000
vn -0.8954 -0.2463 0.3709
vn 0.9506 -0.2463 0.1891
vn -0.9506 -0.2463 0.1891
vn -0.9965 0.0832 -0.0000
vn 0.8954 -0.2463 0.3709
vn 0.8286 0.0832 0.5536
vn -0.9774 0.0832 -0.1944
vn 0.7047 0.0832 0.7047
vn -0.9207 0.0832 -0.3814
vn 0.5536 0.0832 0.8286
vn -0.8286 0.0832 -0.5536
vn 0.3814 0.0832 0.9207
vn -0.0000 -0.2463 -0.9692
vn 0.1944 0.0832 -0.9774
vn -0.7047 0.0832 -0.7047
vn 0.1944 0.0832 0.9774
vn 0.3814 0.0832 -0.9207
vn -0.5536 0.0832 -0.8286
vn -0.0000 0.0832 0.9965
vn 0.5536 0.0832 -0.8286
vn -0.3814 0.0832 -0.9207
vn -0.1944 0.0832 0.9774
vn 0.7047 0.0832 -0.7047
vn -0.1944 0.0832 -0.9774
vn -0.3814 0.0832 0.9207
vn 0.8286 0.0832 -0.5536
vn -0.5536 0.0832 0.8286
vn 0.9207 0.0832 -0.3814
vn -0.7047 0.0832 0.7047
vn 0.9774 0.0832 -0.1944
vn -0.8286 0.0832 0.5536
vn 0.9965 0.0832 -0.0000
vn -0.9207 0.0832 0.3814
vn 0.9774 0.0832 0.1944
vn 0.9569 -0.0130 0.2903
vn -0.9569 -0.0130 0.2903
vn 0.9951 -0.0130 0.0980
vn -0.8818 -0.0130 0.4714
vn 0.9951 -0.0130 -0.0980
vn -0.7729 -0.0130 0.6343
vn 0.9569 -0.0130 -0.2903
vn -0.6343 -0.0130 0.7729
vn 0.8818 -0.0130 -0.4714
vn -0.4714 -0.0130 0.8818
vn -0.0980 -0.0130 -0.9951
vn 0.7729 -0.0130 -0.6343
vn -0.2903 -0.0130 0.9569
vn -0.2903 -0.0130 -0.9569
vn 0.6343 -0.0130 -0.7729
vn -0.0980 -0.0130 0.9951
vn -0.4714 -0.0130 -0.8818
vn 0.4714 -0.0130 -0.8818
vn 0.0980 -0.0130 0.9951
vn -0.6343 -0.0130 -0.7729
vn 0.2903 -0.0130 -0.9569
vn 0.2903 -0.0130 0.9569
vn -0.7729 -0.0130 -0.6343
vn 0.0980 -0.0130 -0.9951
vn 0.4714 -0.0130 0.8818
vn -0.8818 -0.0130 -0.4714
vn 0.6343 -0.0130 0.7729
vn -0.9569 -0.0130 -0.2903
vn 0.7729 -0.0130 0.6343
vn -0.9951 -0.0130 -0.0980
vn 0.8818 -0.0130 0.4714
vn -0.9951 -0.0130 0.0980
vn -0.9774 0.0832 0.1944
vn 0.9207 0.0832 0.3814
vn -0.0000 0.0832 -0.9965
vn -0.7155 0.6986 -0.0000
vn 0.5950 0.6986 0.3975
vn -0.7018 0.6986 -0.1396
vn 0.5060 0.6986 0.5060
vn -0.6611 0.6986 -0.2738
vn 0.3975 0.6986 0.5950
vn -0.5950 0.6986 -0.3975
vn 0.2738 0.6986 0.6611
vn 0.1396 0.6986 -0.7018
vn -0.5060 0.6986 -0.5060
vn 0.1396 0.6986 0.7018
vn 0.2738 0.6986 -0.6611
vn -0.3975 0.6986 -0.5950
vn -0.0000 0.6986 0.7155
vn 0.3975 0.6986 -0.5950
vn -0.2738 0.6986 -0.6611
vn -0.1396 0.6986 0.7018
vn 0.5060 0.6986 -0.5060
vn -0.1396 0.6986 -0.7018
vn -0.2738 0.6986 0.6611
vn 0.5950 0.6986 -0.3975
vn -0.3975 0.6986 0.5950
vn 0.6611 0.6986 -0.2738
vn -0.5060 0.6986 0.5060
vn 0.7018 0.6986 -0.1396
vn -0.5950 0.6986 0.3975
vn 0.7155 0.6986 -0.0000
vn -0.6611 0.6986 0.2738
vn 0.7018 0.6986 0.1396
vn 0.8996 0.3410 0.2729
vn -0.8996 0.3410 0.2729
vn 0.9355 0.3410 0.0921
vn -0.8291 0.3410 0.4431
vn 0.9355 0.3410 -0.0921
vn -0.7267 0.3410 0.5964
vn 0.8996 0.3410 -0.2729
vn -0.5964 0.3410 0.7267
vn 0.8291 0.3410 -0.4431
vn -0.4431 0.3410 0.8291
vn -0.0921 0.3410 -0.9355
vn 0.7267 0.3410 -0.5964
vn -0.2729 0.3410 0.8996
vn -0.2729 0.3410 -0.8996
vn 0.5964 0.3410 -0.7267
vn -0.0921 0.3410 0.9355
vn -0.4431 0.3410 -0.8291
vn 0.4431 0.3410 -0.8291
vn 0.0921 0.3410 0.9355
vn -0.5964 0.3410 -0.7267
vn 0.2729 0.3410 -0.8996
vn 0.2729 0.3410 0.8996
vn -0.7267 0.3410 -0.5964
vn 0.0921 0.3410 -0.9355
vn 0.4431 0.3410 0.8291
vn -0.8291 0.3410 -0.4431
vn 0.5964 0.3410 0.7267
vn -0.8996 0.3410 -0.2729
vn 0.7267 0.3410 0.5964
vn -0.9355 0.3410 -0.0921
vn 0.8291 0.3410 0.4431
vn -0.9355 0.3410 0.0921
vn 0.0980 -0.0000 -0.9952
vn 0.2903 -0.0000 -0.9569
vn 0.4714 -0.0000 -0.8819
vn 0.6344 -0.0000 -0.7730
vn 0.7730 -0.0000 -0.6344
vn 0.8819 -0.0000 -0.4714
vn 0.9569 -0.0000 -0.2903
vn 0.9952 -0.0000 -0.0980
vn 0.9952 -0.0000 0.0980
vn 0.9569 -0.0000 0.2903
vn 0.8819 -0.0000 0.4714
vn 0.7730 -0.0000 0.6344
vn 0.6344 -0.0000 0.7730
vn 0.4714 -0.0000 0.8819
vn 0.2903 -0.0000 0.9569
vn 0.0980 -0.0000 0.9952
vn -0.0980 -0.0000 0.9952
vn -0.2903 -0.0000 0.9569
vn -0.4714 -0.0000 0.8819
vn -0.6344 -0.0000 0.7730
vn -0.7730 -0.0000 0.6344
vn -0.8819 -0.0000 0.4714
vn -0.9569 -0.0000 0.2903
vn -0.9952 -0.0000 0.0980
vn -0.9952 -0.0000 -0.0980
vn -0.9569 -0.0000 -0.2903
vn -0.8819 -0.0000 -0.4714
vn -0.7730 -0.0000 -0.6344
vn -0.6344 -0.0000 -0.7730
vn -0.4714 -0.0000 -0.8819
vn 0.4797 -0.8761 0.0472
vn -0.2903 -0.0000 -0.9569
vn -0.0980 -0.0000 -0.9952
vn -0.0000 -1.0000 -0.0000
vn -0.7121 0.6986 0.0701
vn -0.1399 -0.8761 0.4613
vn -0.4251 -0.8761 -0.2272
vn 0.3726 -0.8761 -0.3058
vn 0.2272 -0.8761 0.4251
vn -0.4613 -0.8761 0.1399
vn 0.0472 -0.8761 -0.4797
vn -0.0472 -0.8761 -0.4797
vn 0.4613 -0.8761 0.1399
vn -0.2272 -0.8761 0.4251
vn -0.3726 -0.8761 -0.3058
vn 0.4251 -0.8761 -0.2272
vn 0.1399 -0.8761 0.4613
vn -0.4797 -0.8761 0.0472
vn 0.1399 -0.8761 -0.4613
vn 0.4251 -0.8761 0.2272
vn -0.3058 -0.8761 0.3726
vn -0.3058 -0.8761 -0.3726
vn 0.4613 -0.8761 -0.1399
vn 0.0472 -0.8761 0.4797
vn -0.4797 -0.8761 -0.0472
vn 0.2272 -0.8761 -0.4251
vn 0.3726 -0.8761 0.3058
vn -0.3726 -0.8761 0.3058
vn -0.2272 -0.8761 -0.4251
vn 0.4797 -0.8761 -0.0472
vn -0.0472 -0.8761 0.4797
vn -0.4613 -0.8761 -0.1399
vn 0.3058 -0.8761 -0.3726
vn 0.3058 -0.8761 0.3726
vn -0.4251 -0.8761 0.2272
vn -0.1399 -0.8761 -0.4613
vn -0.0000 1.0000 -0.0000
vn 0.6311 0.6986 0.3373
vn -0.7121 0.6986 -0.0701
vn 0.5531 0.6986 0.4539
vn -0.6847 0.6986 -0.2077
vn 0.4539 0.6986 0.5531
vn -0.6311 0.6986 -0.3373
vn 0.3373 0.6986 0.6311
vn 0.0701 0.6986 -0.7121
vn -0.5531 0.6986 -0.4539
vn 0.2077 0.6986 0.6847
vn 0.2077 0.6986 -0.6847
vn -0.4539 0.6986 -0.5531
vn 0.0701 0.6986 0.7121
vn 0.3373 0.6986 -0.6311
vn -0.3373 0.6986 -0.6311
vn -0.0701 0.6986 0.7121
vn 0.4539 0.6986 -0.5531
vn -0.2077 0.6986 -0.6847
vn -0.2077 0.6986 0.6847
vn 0.5531 0.6986 -0.4539
vn -0.0701 0.6986 -0.7121
vn -0.3373 0.6986 0.6311
vn 0.6311 0.6986 -0.3373
vn -0.4539 0.6986 0.5531
vn 0.6847 0.6986 -0.2077
vn -0.5531 0.6986 0.4539
vn 0.7121 0.6986 -0.0701
vn -0.6311 0.6986 0.3373
vn 0.7121 0.6986 0.0701
vn -0.6847 0.6986 0.2077
vn 0.6847 0.6986 0.2077
vn 0.9275 -0.2463 0.2813
vn -0.9275 -0.2463 0.2813
vn 0.9645 -0.2463 0.0950
vn -0.8548 -0.2463 0.4569
vn 0.9645 -0.2463 -0.0950
vn -0.7492 -0.2463 0.6149
vn 0.9275 -0.2463 -0.2813
vn -0.6149 -0.2463 0.7492
vn 0.8548 -0.2463 -0.4569
vn -0.4569 -0.2463 0.8548
vn -0.0950 -0.2463 -0.9645
vn 0.7492 -0.2463 -0.6149
vn -0.2813 -0.2463 0.9275
vn -0.2813 -0.2463 -0.9275
vn 0.6149 -0.2463 -0.7492
vn -0.0950 -0.2463 0.9645
vn -0.4569 -0.2463 -0.8548
vn 0.4569 -0.2463 -0.8548
vn 0.0950 -0.2463 0.9645
vn -0.6149 -0.2463 -0.7492
vn 0.2813 -0.2463 -0.9275
vn 0.2813 -0.2463 0.9275
vn -0.7492 -0.2463 -0.6149
vn 0.0950 -0.2463 -0.9645
vn 0.4569 -0.2463 0.8548
vn -0.8548 -0.2463 -0.4569
vn 0.6149 -0.2463 0.7492
vn -0.9275 -0.2463 -0.2813
vn 0.7492 -0.2463 0.6149
vn -0.9645 -0.2463 -0.0950
vn 0.8548 -0.2463 0.4569
vn -0.9645 -0.2463 0.0950
vn 0.9536 0.0832 0.2893
vn -0.9536 0.0832 0.2893
vn 0.9917 0.0832 0.0977
vn -0.8789 0.0832 0.4698
vn 0.9917 0.0832 -0.0977
vn -0.7703 0.0832 0.6322
vn 0.9536 0.0832 -0.2893
vn -0.6322 0.0832 0.7703
vn 0.8789 0.0832 -0.4698
vn -0.4698 0.0832 0.8789
vn -0.0977 0.0832 -0.9917
vn 0.7703 0.0832 -0.6322
vn -0.2893 0.0832 0.9536
vn -0.2893 0.0832 -0.9536
vn 0.6322 0.0832 -0.7703
vn -0.0977 0.0832 0.9917
vn -0.4698 0.0832 -0.8789
vn 0.4698 0.0832 -0.8789
vn 0.0977 0.0832 0.9917
vn -0.6322 0.0832 -0.7703
vn 0.2893 0.0832 -0.9536
vn 0.2893 0.0832 0.9536
vn -0.7703 0.0832 -0.6322
vn 0.0977 0.0832 -0.9917
vn 0.4698 0.0832 0.8789
vn -0.8789 0.0832 -0.4698
vn 0.6322 0.0832 0.7703
vn -0.9536 0.0832 -0.2893
vn 0.7703 0.0832 0.6322
vn -0.9917 0.0832 -0.0977
vn 0.8789 0.0832 0.4698
vn -0.9917 0.0832 0.0977
vt 0.134998 0.463250
vt 0.135073 0.231937
vt 0.148973 0.231937
vt 0.148973 0.463250
vt 0.134998 0.000625
vt 0.148973 0.000625
vt 0.162948 0.000625
vt 0.162874 0.231937
vt 0.162948 0.463250
vt 0.176625 0.231937
vt 0.176655 0.463250
vt 0.176655 0.000625
vt 0.190362 0.000625
vt 0.190141 0.231937
vt 0.190362 0.463250
vt 0.203215 0.231937
vt 0.203273 0.463250
vt 0.203273 0.000625
vt 0.216184 0.000625
vt 0.215825 0.231937
vt 0.216184 0.463250
vt 0.227720 0.231937
vt 0.227804 0.463250
vt 0.227804 0.000625
vt 0.239424 0.000625
vt 0.238941 0.231937
vt 0.239424 0.463250
vt 0.249257 0.231937
vt 0.249306 0.463250
vt 0.249306 0.000625
vt 0.259188 0.000625
vt 0.259188 0.231937
vt 0.259188 0.463250
vt 0.260651 0.463250
vt 0.260651 0.231937
vt 0.272306 0.231937
vt 0.272270 0.463250
vt 0.260651 0.000625
vt 0.272270 0.000625
vt 0.283890 0.000625
vt 0.284249 0.231937
vt 0.283890 0.463250
vt 0.296860 0.231937
vt 0.296802 0.463250
vt 0.296802 0.000625
vt 0.309713 0.000625
vt 0.309934 0.231937
vt 0.309713 0.463250
vt 0.323449 0.231937
vt 0.323419 0.463250
vt 0.323419 0.000625
vt 0.337126 0.000625
vt 0.337201 0.231937
vt 0.337126 0.463250
vt 0.351101 0.231937
vt 0.351101 0.463250
vt 0.351101 0.000625
vt 0.365076 0.000625
vt 0.365002 0.231937
vt 0.365076 0.463250
vt 0.378753 0.231937
vt 0.378783 0.463250
vt 0.378783 0.000625
vt 0.392489 0.000625
vt 0.392268 0.231937
vt 0.392489 0.463250
vt 0.405343 0.231937
vt 0.405401 0.463250
vt 0.405401 0.000625
vt 0.418312 0.000625
vt 0.417953 0.231937
vt 0.418312 0.463250
vt 0.429848 0.231937
vt 0.429932 0.463250
vt 0.429932 0.000625
vt 0.441552 0.000625
vt 0.441069 0.231937
vt 0.441552 0.463250
vt 0.451385 0.231937
vt 0.451434 0.463250
vt 0.451434 0.000625
vt 0.461315 0.000625
vt 0.461315 0.231937
vt 0.461315 0.463250
vt 0.462778 0.463250
vt 0.462778 0.231937
vt 0.474434 0.231937
vt 0.474398 0.463250
vt 0.462778 0.000625
vt 0.474398 0.000625
vt 0.486018 0.000625
vt 0.486377 0.231937
vt 0.486018 0.463250
vt 0.498987 0.231937
vt 0.498929 0.463250
vt 0.498929 0.000625
vt 0.511840 0.000625
vt 0.512061 0.231937
vt 0.511840 0.463250
vt 0.525577 0.231937
vt 0.525547 0.463250
vt 0.525547 0.000625
vt 0.539254 0.000625
vt 0.539328 0.231937
vt 0.539254 0.463250
vt 0.553229 0.231937
vt 0.553229 0.463250
vt 0.553229 0.000625
vt 0.567204 0.000625
vt 0.567129 0.231937
vt 0.567204 0.463250
vt 0.580881 0.231937
vt 0.580910 0.463250
vt 0.580910 0.000625
vt 0.594617 0.000625
vt 0.594396 0.231937
vt 0.594617 0.463250
vt 0.607470 0.231937
vt 0.607528 0.463250
vt 0.607528 0.000625
vt 0.620439 0.000625
vt 0.620081 0.231937
vt 0.620439 0.463250
vt 0.631975 0.231937
vt 0.632059 0.463250
vt 0.632059 0.000625
vt 0.643679 0.000625
vt 0.643196 0.231937
vt 0.643679 0.463250
vt 0.653513 0.231937
vt 0.653561 0.463250
vt 0.653561 0.000625
vt 0.663443 0.000625
vt 0.663443 0.231937
vt 0.663443 0.463250
vt 0.521277 0.665377
vt 0.289964 0.665377
vt 0.289964 0.653722
vt 0.521277 0.653757
vt 0.058652 0.665377
vt 0.058652 0.653757
vt 0.058652 0.642138
vt 0.289964 0.641779
vt 0.521277 0.642137
vt 0.289964 0.629168
vt 0.521277 0.629226
vt 0.058652 0.629226
vt 0.058652 0.616315
vt 0.289964 0.616094
vt 0.521277 0.616315
vt 0.289964 0.602579
vt 0.521277 0.602608
vt 0.058652 0.602608
vt 0.058652 0.588902
vt 0.289964 0.588827
vt 0.521277 0.588902
vt 0.289964 0.574927
vt 0.521277 0.574927
vt 0.058652 0.574927
vt 0.058652 0.560952
vt 0.289964 0.561026
vt 0.521277 0.560952
vt 0.289964 0.547275
vt 0.521277 0.547245
vt 0.058652 0.547245
vt 0.058652 0.533538
vt 0.289964 0.533759
vt 0.521277 0.533538
vt 0.289964 0.520685
vt 0.521277 0.520627
vt 0.058652 0.520627
vt 0.058652 0.507716
vt 0.289964 0.508075
vt 0.521277 0.507716
vt 0.289964 0.496180
vt 0.521277 0.496096
vt 0.058652 0.496096
vt 0.058652 0.484476
vt 0.289964 0.484959
vt 0.521277 0.484476
vt 0.289964 0.474643
vt 0.521277 0.474594
vt 0.058652 0.474594
vt 0.058652 0.464712
vt 0.289964 0.464712
vt 0.521277 0.464712
vt 0.058523 0.463250
vt 0.058523 0.231937
vt 0.070179 0.231937
vt 0.070143 0.463250
vt 0.058523 0.000625
vt 0.070143 0.000625
vt 0.081763 0.000625
vt 0.082121 0.231937
vt 0.081763 0.463250
vt 0.766043 0.042134
vt 0.754423 0.049898
vt 0.747610 0.039701
vt 0.760546 0.031850
vt 0.742803 0.057662
vt 0.735406 0.048648
vt 0.726958 0.038355
vt 0.740614 0.029231
vt 0.754269 0.020107
vt 0.094732 0.231937
vt 0.094674 0.463250
vt 0.094674 0.000625
vt 0.107585 0.000625
vt 0.107806 0.231937
vt 0.107585 0.463250
vt 0.121321 0.231937
vt 0.121292 0.463250
vt 0.121292 0.000625
vt 0.000550 0.795778
vt 0.003276 0.782071
vt 0.142441 0.809753
vt 0.000550 0.809753
vt 0.006003 0.768365
vt 0.011351 0.755453
vt 0.016699 0.742542
vt 0.024463 0.730922
vt 0.032227 0.719302
vt 0.042109 0.709420
vt 0.024463 0.730922
vt 0.051991 0.699538
vt 0.063611 0.691774
vt 0.075230 0.684010
vt 0.088142 0.678662
vt 0.101053 0.673314
vt 0.114760 0.670588
vt 0.088142 0.678662
vt 0.128466 0.667861
vt 0.142441 0.667861
vt 0.156416 0.667861
vt 0.170123 0.670588
vt 0.183830 0.673314
vt 0.196741 0.678662
vt 0.170123 0.670588
vt 0.209652 0.684010
vt 0.221272 0.691774
vt 0.196741 0.678662
vt 0.232892 0.699538
vt 0.242774 0.709420
vt 0.252656 0.719302
vt 0.260420 0.730922
vt 0.242774 0.709420
vt 0.268184 0.742542
vt 0.273532 0.755453
vt 0.278880 0.768365
vt 0.281606 0.782071
vt 0.284333 0.795778
vt 0.284333 0.809753
vt 0.284333 0.823728
vt 0.281606 0.837434
vt 0.278880 0.851141
vt 0.273532 0.864052
vt 0.281606 0.837434
vt 0.268184 0.876964
vt 0.260420 0.888583
vt 0.252656 0.900203
vt 0.242774 0.910085
vt 0.232892 0.919967
vt 0.221272 0.927731
vt 0.209652 0.935495
vt 0.196741 0.940843
vt 0.183829 0.946191
vt 0.170123 0.948918
vt 0.196741 0.940843
vt 0.156416 0.951644
vt 0.142441 0.951644
vt 0.128466 0.951644
vt 0.114760 0.948918
vt 0.142441 0.951644
vt 0.101053 0.946191
vt 0.088142 0.940843
vt 0.114760 0.948918
vt 0.075230 0.935495
vt 0.063611 0.927731
vt 0.051991 0.919967
vt 0.042109 0.910085
vt 0.032227 0.900203
vt 0.024463 0.888583
vt 0.016699 0.876964
vt 0.011351 0.864052
vt 0.006003 0.851141
vt 0.003276 0.837434
vt 0.000550 0.823728
vt 0.003276 0.837434
vt 0.611136 0.536548
vt 0.626309 0.530263
vt 0.629336 0.537572
vt 0.615224 0.544196
vt 0.641482 0.523978
vt 0.643999 0.532277
vt 0.646257 0.539720
vt 0.632295 0.544716
vt 0.618890 0.551056
vt 0.969692 0.126488
vt 0.964344 0.113577
vt 0.975673 0.108884
vt 0.980850 0.123103
vt 0.958996 0.100665
vt 0.969279 0.095169
vt 0.981022 0.088892
vt 0.987307 0.104065
vt 0.993592 0.119238
vt 0.847228 0.309768
vt 0.860935 0.307041
vt 0.863327 0.319068
vt 0.848371 0.321372
vt 0.874641 0.304315
vt 0.878026 0.315473
vt 0.881891 0.328215
vt 0.865784 0.331419
vt 0.849676 0.334623
vt 0.696815 0.126488
vt 0.694088 0.140194
vt 0.682061 0.137802
vt 0.685657 0.123103
vt 0.691362 0.153901
vt 0.679758 0.152758
vt 0.666507 0.151453
vt 0.669711 0.135345
vt 0.672915 0.119238
vt 0.900464 0.042134
vt 0.887553 0.036786
vt 0.892246 0.025456
vt 0.905961 0.031850
vt 0.874642 0.031437
vt 0.878026 0.020279
vt 0.881892 0.007537
vt 0.897065 0.013822
vt 0.912237 0.020107
vt 0.943468 0.258327
vt 0.951232 0.246707
vt 0.961428 0.253520
vt 0.952481 0.265724
vt 0.958996 0.235087
vt 0.969279 0.240583
vt 0.981022 0.246860
vt 0.971898 0.260516
vt 0.962774 0.274171
vt 0.707511 0.235087
vt 0.715275 0.246707
vt 0.705079 0.253520
vt 0.697228 0.240583
vt 0.723039 0.258327
vt 0.714026 0.265724
vt 0.703733 0.274171
vt 0.694609 0.260516
vt 0.685484 0.246860
vt 0.732921 0.268209
vt 0.724250 0.276880
vt 0.742803 0.278090
vt 0.735406 0.287104
vt 0.726958 0.297397
vt 0.715346 0.285784
vt 0.791865 0.031437
vt 0.778954 0.036785
vt 0.774261 0.025456
vt 0.788480 0.020279
vt 0.769442 0.013822
vt 0.784615 0.007537
vt 0.975145 0.153901
vt 0.972418 0.140195
vt 0.984446 0.137802
vt 0.986749 0.152758
vt 0.996796 0.135345
vt 1.000000 0.151453
vt 0.819278 0.309768
vt 0.833253 0.309768
vt 0.833253 0.322031
vt 0.818135 0.321372
vt 0.833253 0.334623
vt 0.816830 0.334623
vt 0.707511 0.100665
vt 0.702163 0.113577
vt 0.690833 0.108884
vt 0.697228 0.095169
vt 0.679199 0.104065
vt 0.685484 0.088892
vt 0.923704 0.057662
vt 0.912084 0.049898
vt 0.918897 0.039701
vt 0.931101 0.048648
vt 0.925893 0.029231
vt 0.939548 0.038355
vt 0.923704 0.278090
vt 0.933586 0.268209
vt 0.942257 0.276880
vt 0.931101 0.287104
vt 0.951161 0.285784
vt 0.939548 0.297397
vt 0.696815 0.209264
vt 0.702163 0.222176
vt 0.690833 0.226868
vt 0.685657 0.212649
vt 0.679199 0.231687
vt 0.672915 0.216514
vt 0.819278 0.025985
vt 0.805572 0.028711
vt 0.803179 0.016684
vt 0.818135 0.014381
vt 0.800723 0.004333
vt 0.816830 0.001129
vt 0.975145 0.181851
vt 0.975145 0.167876
vt 0.987408 0.167876
vt 0.986749 0.182994
vt 1.000000 0.167876
vt 1.000000 0.184299
vt 0.791865 0.304315
vt 0.805572 0.307041
vt 0.803179 0.319068
vt 0.788480 0.315473
vt 0.800723 0.331419
vt 0.784615 0.328215
vt 0.723039 0.077426
vt 0.715275 0.089045
vt 0.705079 0.082233
vt 0.714026 0.070028
vt 0.694609 0.075237
vt 0.703733 0.061581
vt 0.943468 0.077426
vt 0.933586 0.067544
vt 0.942257 0.058873
vt 0.952481 0.070029
vt 0.951161 0.049968
vt 0.962774 0.061581
vt 0.900464 0.293619
vt 0.912084 0.285855
vt 0.918897 0.296051
vt 0.905961 0.303902
vt 0.925893 0.306521
vt 0.912237 0.315645
vt 0.691362 0.181851
vt 0.694088 0.195558
vt 0.682061 0.197950
vt 0.679758 0.182994
vt 0.669711 0.200407
vt 0.666507 0.184299
vt 0.847228 0.025985
vt 0.833253 0.025985
vt 0.833253 0.013722
vt 0.848371 0.014381
vt 0.833253 0.001129
vt 0.849676 0.001129
vt 0.969692 0.209264
vt 0.972418 0.195558
vt 0.984446 0.197950
vt 0.980850 0.212649
vt 0.996796 0.200407
vt 0.993592 0.216514
vt 0.766042 0.293619
vt 0.778954 0.298967
vt 0.774261 0.310296
vt 0.760546 0.303902
vt 0.769442 0.321930
vt 0.754269 0.315645
vt 0.732921 0.067544
vt 0.724250 0.058873
vt 0.715346 0.049968
vt 0.951232 0.089045
vt 0.961428 0.082233
vt 0.971898 0.075237
vt 0.887553 0.298967
vt 0.892246 0.310296
vt 0.897065 0.321930
vt 0.691362 0.167876
vt 0.679099 0.167876
vt 0.666507 0.167876
vt 0.860935 0.028711
vt 0.863327 0.016684
vt 0.865784 0.004333
vt 0.964344 0.222176
vt 0.975673 0.226868
vt 0.987307 0.231687
vt 0.754423 0.285855
vt 0.747610 0.296051
vt 0.740614 0.306521
vt 0.573315 0.780176
vt 0.564482 0.768265
vt 0.690120 0.684317
vt 0.583274 0.791163
vt 0.556858 0.755547
vt 0.550519 0.742142
vt 0.564482 0.768265
vt 0.545523 0.728180
vt 0.541920 0.713796
vt 0.539744 0.699128
vt 0.539017 0.684317
vt 0.541920 0.713796
vt 0.539744 0.669506
vt 0.541920 0.654838
vt 0.545523 0.640454
vt 0.550519 0.626493
vt 0.556859 0.613087
vt 0.564482 0.600369
vt 0.573315 0.588458
vt 0.583274 0.577471
vt 0.594261 0.567513
vt 0.606172 0.558680
vt 0.618890 0.551056
vt 0.646257 0.539720
vt 0.660641 0.536118
vt 0.675309 0.533941
vt 0.690120 0.533214
vt 0.660641 0.536118
vt 0.704931 0.533941
vt 0.719599 0.536118
vt 0.733983 0.539720
vt 0.747944 0.544716
vt 0.761350 0.551056
vt 0.774068 0.558680
vt 0.747944 0.544716
vt 0.785979 0.567513
vt 0.796966 0.577471
vt 0.806924 0.588458
vt 0.815757 0.600369
vt 0.823381 0.613087
vt 0.829721 0.626493
vt 0.815757 0.600369
vt 0.834717 0.640454
vt 0.838319 0.654839
vt 0.840496 0.669506
vt 0.841223 0.684317
vt 0.838319 0.654839
vt 0.840496 0.699128
vt 0.838319 0.713796
vt 0.834717 0.728180
vt 0.829721 0.742142
vt 0.823381 0.755547
vt 0.815757 0.768266
vt 0.829721 0.742142
vt 0.806924 0.780176
vt 0.796966 0.791163
vt 0.785979 0.801122
vt 0.774068 0.809955
vt 0.796966 0.791163
vt 0.761349 0.817579
vt 0.747944 0.823918
vt 0.774068 0.809955
vt 0.733983 0.828914
vt 0.719599 0.832517
vt 0.704930 0.834693
vt 0.690120 0.835420
vt 0.719599 0.832517
vt 0.675309 0.834693
vt 0.660641 0.832517
vt 0.690120 0.835420
vt 0.646257 0.828914
vt 0.632295 0.823918
vt 0.660641 0.832517
vt 0.618890 0.817579
vt 0.606172 0.809955
vt 0.594261 0.801122
vt 0.583274 0.791163
vt 0.837889 0.763301
vt 0.828765 0.776957
vt 0.822187 0.772562
vt 0.830241 0.759213
vt 0.819640 0.790612
vt 0.812937 0.785110
vt 0.806924 0.780176
vt 0.823381 0.755547
vt 0.583825 0.554796
vt 0.597480 0.545672
vt 0.601875 0.552250
vt 0.589327 0.561500
vt 0.594261 0.567513
vt 0.850459 0.732955
vt 0.844174 0.748128
vt 0.836865 0.745101
vt 0.842160 0.730438
vt 0.834717 0.728180
vt 0.560599 0.578022
vt 0.572212 0.566409
vt 0.577806 0.572003
vt 0.567303 0.583524
vt 0.856867 0.700740
vt 0.853663 0.716848
vt 0.845904 0.715305
vt 0.848236 0.699890
vt 0.840496 0.699128
vt 0.542351 0.605333
vt 0.551475 0.591678
vt 0.558053 0.596073
vt 0.549999 0.609421
vt 0.856867 0.667894
vt 0.856867 0.684317
vt 0.848956 0.684317
vt 0.848236 0.668744
vt 0.840496 0.669507
vt 0.560599 0.790612
vt 0.551475 0.776957
vt 0.558053 0.772562
vt 0.567303 0.785110
vt 0.542351 0.763301
vt 0.549999 0.759213
vt 0.556858 0.755547
vt 0.529781 0.635679
vt 0.536066 0.620506
vt 0.543375 0.623533
vt 0.538080 0.638196
vt 0.545523 0.640454
vt 0.850459 0.635679
vt 0.853663 0.651787
vt 0.845904 0.653330
vt 0.842160 0.638196
vt 0.834717 0.640454
vt 0.583825 0.813838
vt 0.572212 0.802225
vt 0.577806 0.796631
vt 0.589327 0.807134
vt 0.594261 0.801122
vt 0.523373 0.667894
vt 0.526577 0.651786
vt 0.534336 0.653330
vt 0.532004 0.668744
vt 0.539744 0.669506
vt 0.837889 0.605333
vt 0.844174 0.620506
vt 0.836865 0.623533
vt 0.830241 0.609421
vt 0.823381 0.613088
vt 0.611136 0.832086
vt 0.597480 0.822962
vt 0.601875 0.816384
vt 0.615224 0.824438
vt 0.618890 0.817579
vt 0.523373 0.700740
vt 0.523373 0.684317
vt 0.531284 0.684317
vt 0.532004 0.699890
vt 0.539744 0.699128
vt 0.819640 0.578022
vt 0.828765 0.591678
vt 0.822187 0.596073
vt 0.812937 0.583524
vt 0.806925 0.588458
vt 0.641482 0.844656
vt 0.626309 0.838371
vt 0.629336 0.831062
vt 0.643999 0.836357
vt 0.646257 0.828914
vt 0.529781 0.732955
vt 0.526577 0.716848
vt 0.534336 0.715305
vt 0.538080 0.730438
vt 0.545523 0.728180
vt 0.796415 0.554797
vt 0.808028 0.566409
vt 0.802434 0.572003
vt 0.790913 0.561500
vt 0.673697 0.851064
vt 0.657589 0.847860
vt 0.659132 0.840101
vt 0.674547 0.842434
vt 0.675309 0.834693
vt 0.536066 0.748128
vt 0.543375 0.745101
vt 0.769104 0.536548
vt 0.782759 0.545672
vt 0.778364 0.552250
vt 0.765016 0.544196
vt 0.761350 0.551056
vt 0.706543 0.851064
vt 0.690120 0.851064
vt 0.690120 0.843153
vt 0.705693 0.842434
vt 0.704931 0.834693
vt 0.738758 0.523978
vt 0.753931 0.530263
vt 0.750904 0.537572
vt 0.736241 0.532277
vt 0.733983 0.539720
vt 0.738758 0.844656
vt 0.722650 0.847860
vt 0.721107 0.840101
vt 0.736241 0.836357
vt 0.733983 0.828914
vt 0.706543 0.517570
vt 0.722651 0.520774
vt 0.721107 0.528533
vt 0.705693 0.526201
vt 0.704931 0.533941
vt 0.769104 0.832086
vt 0.753931 0.838371
vt 0.750904 0.831062
vt 0.765016 0.824438
vt 0.761350 0.817579
vt 0.673697 0.517570
vt 0.690120 0.517570
vt 0.690120 0.525481
vt 0.674547 0.526201
vt 0.675309 0.533941
vt 0.796415 0.813838
vt 0.782759 0.822962
vt 0.778364 0.816384
vt 0.790913 0.807134
vt 0.785979 0.801122
vt 0.657589 0.520774
vt 0.659133 0.528533
vt 0.808028 0.802225
vt 0.802434 0.796631
vt 0.340216 0.669196
vt 0.356324 0.669197
vt 0.356367 0.677310
vt 0.340502 0.677310
vt 0.372432 0.669196
vt 0.372528 0.677310
vt 0.372537 0.688653
vt 0.356376 0.688653
vt 0.340528 0.688653
vt 0.057060 0.178482
vt 0.057060 0.193655
vt 0.048947 0.193569
vt 0.048947 0.178196
vt 0.057060 0.208828
vt 0.048947 0.208364
vt 0.037603 0.208322
vt 0.037603 0.193552
vt 0.037603 0.178170
vt 0.388855 0.669197
vt 0.388855 0.677310
vt 0.405278 0.669196
vt 0.405181 0.677310
vt 0.405173 0.688653
vt 0.388855 0.688653
vt 0.057060 0.222483
vt 0.048947 0.222359
vt 0.057060 0.236138
vt 0.048947 0.235514
vt 0.037603 0.235457
vt 0.037603 0.222335
vt 0.421385 0.669197
vt 0.421342 0.677310
vt 0.437493 0.669196
vt 0.437207 0.677310
vt 0.437181 0.688653
vt 0.421333 0.688653
vt 0.057060 0.247751
vt 0.048947 0.247751
vt 0.057060 0.259364
vt 0.048947 0.259988
vt 0.037603 0.260045
vt 0.037603 0.247751
vt 0.452666 0.669197
vt 0.452581 0.677310
vt 0.467839 0.669196
vt 0.467375 0.677310
vt 0.467333 0.688653
vt 0.452564 0.688653
vt 0.057060 0.273019
vt 0.048947 0.273143
vt 0.057060 0.286675
vt 0.048947 0.287138
vt 0.037603 0.287181
vt 0.037603 0.273168
vt 0.481494 0.669197
vt 0.481371 0.677310
vt 0.495149 0.669197
vt 0.494525 0.677310
vt 0.494469 0.688653
vt 0.481346 0.688653
vt 0.057060 0.301848
vt 0.048947 0.301933
vt 0.057060 0.317021
vt 0.048947 0.317306
vt 0.037603 0.317332
vt 0.037603 0.301950
vt 0.723404 0.418832
vt 0.723404 0.434940
vt 0.715291 0.434897
vt 0.715291 0.418736
vt 0.723404 0.451048
vt 0.715291 0.450762
vt 0.703948 0.450736
vt 0.703948 0.434888
vt 0.703948 0.418727
vt 0.506762 0.669197
vt 0.506691 0.677220
vt 0.518375 0.669197
vt 0.518375 0.676771
vt 0.518375 0.684346
vt 0.506677 0.688294
vt 0.057060 0.333128
vt 0.048947 0.333172
vt 0.057060 0.349236
vt 0.048947 0.349332
vt 0.037603 0.349341
vt 0.037603 0.333180
vt 0.723404 0.466221
vt 0.715291 0.466135
vt 0.723404 0.481393
vt 0.715291 0.480930
vt 0.703948 0.480888
vt 0.703948 0.466118
vt 0.723404 0.296114
vt 0.723404 0.309770
vt 0.715381 0.309822
vt 0.715830 0.296114
vt 0.723404 0.323425
vt 0.715291 0.323889
vt 0.703948 0.323931
vt 0.704307 0.309833
vt 0.708255 0.296114
vt 0.057060 0.365659
vt 0.048947 0.365659
vt 0.057060 0.382082
vt 0.048947 0.381986
vt 0.037603 0.381977
vt 0.037603 0.365659
vt 0.723404 0.495049
vt 0.715381 0.494996
vt 0.723404 0.508704
vt 0.715830 0.508704
vt 0.708255 0.508704
vt 0.704307 0.494986
vt 0.723404 0.338598
vt 0.715291 0.338683
vt 0.723404 0.353771
vt 0.715291 0.354057
vt 0.703948 0.354083
vt 0.703948 0.338700
vt 0.057060 0.398190
vt 0.048947 0.398146
vt 0.057060 0.414297
vt 0.048947 0.414012
vt 0.037603 0.413986
vt 0.037603 0.398137
vt 0.057060 0.000323
vt 0.057060 0.011936
vt 0.049037 0.012007
vt 0.049485 0.000323
vt 0.057060 0.023549
vt 0.048947 0.024173
vt 0.037603 0.024229
vt 0.037962 0.012021
vt 0.041911 0.000323
vt 0.723404 0.369879
vt 0.715291 0.369922
vt 0.723404 0.385986
vt 0.715291 0.386083
vt 0.703948 0.386091
vt 0.703948 0.369931
vt 0.057060 0.429470
vt 0.048947 0.429385
vt 0.057060 0.444643
vt 0.048947 0.444179
vt 0.037603 0.444137
vt 0.037603 0.429368
vt 0.057060 0.037204
vt 0.048947 0.037327
vt 0.057060 0.050859
vt 0.048947 0.051323
vt 0.037603 0.051365
vt 0.037603 0.037352
vt 0.723404 0.402409
vt 0.715291 0.402409
vt 0.703948 0.402409
vt 0.057060 0.458298
vt 0.049037 0.458246
vt 0.057060 0.471954
vt 0.049485 0.471954
vt 0.041911 0.471954
vt 0.037962 0.458235
vt 0.057060 0.066032
vt 0.048947 0.066117
vt 0.057060 0.081205
vt 0.048947 0.081491
vt 0.037603 0.081517
vt 0.037603 0.066134
vt 0.259334 0.669197
vt 0.270947 0.669197
vt 0.271018 0.677220
vt 0.259334 0.676771
vt 0.282560 0.669196
vt 0.283184 0.677310
vt 0.283241 0.688653
vt 0.271032 0.688294
vt 0.259334 0.684346
vt 0.057060 0.097313
vt 0.048947 0.097356
vt 0.057060 0.113420
vt 0.048947 0.113517
vt 0.037603 0.113525
vt 0.037603 0.097365
vt 0.296215 0.669197
vt 0.296339 0.677310
vt 0.309870 0.669196
vt 0.310334 0.677310
vt 0.310376 0.688653
vt 0.296364 0.688653
vt 0.057060 0.129843
vt 0.048947 0.129843
vt 0.057060 0.146266
vt 0.048947 0.146170
vt 0.037603 0.146161
vt 0.037603 0.129843
vt 0.325043 0.669197
vt 0.325129 0.677310
vt 0.325146 0.688653
vt 0.057060 0.162374
vt 0.048947 0.162331
vt 0.037603 0.162322
vt 0.356367 0.705381
vt 0.340502 0.705381
vt 0.372528 0.705381
vt 0.372432 0.725339
vt 0.356324 0.725339
vt 0.340216 0.725339
vt 0.020876 0.193569
vt 0.020876 0.178196
vt 0.020876 0.208364
vt 0.000918 0.208828
vt 0.000918 0.193655
vt 0.000918 0.178482
vt 0.388855 0.705381
vt 0.405181 0.705381
vt 0.405278 0.725339
vt 0.388855 0.725339
vt 0.020876 0.222359
vt 0.020876 0.235514
vt 0.000918 0.236138
vt 0.000918 0.222483
vt 0.421342 0.705381
vt 0.437207 0.705381
vt 0.437493 0.725339
vt 0.421385 0.725339
vt 0.020876 0.247751
vt 0.020876 0.259988
vt 0.000918 0.259364
vt 0.000918 0.247751
vt 0.452581 0.705381
vt 0.467375 0.705381
vt 0.467839 0.725339
vt 0.452666 0.725339
vt 0.020876 0.273143
vt 0.020876 0.287138
vt 0.000918 0.286675
vt 0.000918 0.273019
vt 0.481371 0.705381
vt 0.494525 0.705381
vt 0.495149 0.725339
vt 0.481494 0.725339
vt 0.020876 0.301933
vt 0.020876 0.317306
vt 0.000918 0.317021
vt 0.000918 0.301848
vt 0.687220 0.434897
vt 0.687220 0.418736
vt 0.687220 0.450762
vt 0.667262 0.451048
vt 0.667262 0.434940
vt 0.667262 0.418832
vt 0.506692 0.705291
vt 0.518375 0.704842
vt 0.518375 0.725339
vt 0.506762 0.725339
vt 0.020876 0.333172
vt 0.020876 0.349332
vt 0.000918 0.349236
vt 0.000918 0.333128
vt 0.687220 0.466135
vt 0.687220 0.480930
vt 0.667262 0.481393
vt 0.667262 0.466221
vt 0.687310 0.309823
vt 0.687759 0.296114
vt 0.687220 0.323889
vt 0.667262 0.323425
vt 0.667262 0.309770
vt 0.667262 0.296114
vt 0.020876 0.365659
vt 0.020876 0.381986
vt 0.000918 0.382082
vt 0.000918 0.365659
vt 0.687310 0.494996
vt 0.687759 0.508704
vt 0.667262 0.508704
vt 0.667262 0.495049
vt 0.687220 0.338683
vt 0.687220 0.354057
vt 0.667262 0.353771
vt 0.667262 0.338598
vt 0.020876 0.398146
vt 0.020876 0.414012
vt 0.000918 0.414297
vt 0.000918 0.398190
vt 0.020966 0.012007
vt 0.021414 0.000323
vt 0.020876 0.024173
vt 0.000918 0.023549
vt 0.000918 0.011936
vt 0.000918 0.000323
vt 0.687220 0.369922
vt 0.687220 0.386083
vt 0.667262 0.385986
vt 0.667262 0.369879
vt 0.020876 0.429385
vt 0.020876 0.444179
vt 0.000918 0.444643
vt 0.000918 0.429470
vt 0.020876 0.037327
vt 0.020876 0.051323
vt 0.000918 0.050859
vt 0.000918 0.037204
vt 0.687220 0.402409
vt 0.667262 0.402409
vt 0.020966 0.458246
vt 0.021414 0.471954
vt 0.000918 0.471954
vt 0.000918 0.458298
vt 0.020876 0.066117
vt 0.020876 0.081491
vt 0.000918 0.081205
vt 0.000918 0.066032
vt 0.271018 0.705291
vt 0.259334 0.704842
vt 0.283184 0.705381
vt 0.282560 0.725339
vt 0.270947 0.725339
vt 0.259334 0.725339
vt 0.020876 0.097356
vt 0.020876 0.113517
vt 0.000918 0.113420
vt 0.000918 0.097313
vt 0.296339 0.705381
vt 0.310334 0.705381
vt 0.309870 0.725339
vt 0.296215 0.725339
vt 0.020876 0.129843
vt 0.020876 0.146170
vt 0.000918 0.146266
vt 0.000918 0.129843
vt 0.325129 0.705381
vt 0.325043 0.725339
vt 0.020876 0.162331
vt 0.000918 0.162374
s 1
f 3363/3411/3363 3557/3412/3557 3907/3413/3907 3555/3414/3555
f 3557/3412/3557 3364/3415/3364 3556/3416/3556 3907/3413/3907
f 3907/3413/3907 3556/3416/3556 3366/3417/3366 3558/3418/3558
f 3555/3414/3555 3907/3413/3907 3558/3418/3558 3365/3419/3365
f 3365/3419/3365 3558/3418/3558 3908/3420/3908 3559/3421/3559
f 3558/3418/3558 3366/3417/3366 3560/3422/3560 3908/3420/3908
f 3908/3420/3908 3560/3422/3560 3368/3423/3368 3561/3424/3561
f 3559/3421/3559 3908/3420/3908 3561/3424/3561 3367/3425/3367
f 3367/3425/3367 3561/3424/3561 3909/3426/3909 3562/3427/3562
f 3561/3424/3561 3368/3423/3368 3563/3428/3563 3909/3426/3909
f 3909/3426/3909 3563/3428/3563 3370/3429/3370 3564/3430/3564
f 3562/3427/3562 3909/3426/3909 3564/3430/3564 3369/3431/3369
f 3369/3431/3369 3564/3430/3564 3910/3432/3910 3565/3433/3565
f 3564/3430/3564 3370/3429/3370 3566/3434/3566 3910/3432/3910
f 3910/3432/3910 3566/3434/3566 3372/3435/3372 3567/3436/3567
f 3565/3433/3565 3910/3432/3910 3567/3436/3567 3371/3437/3371
f 3371/3437/3371 3567/3436/3567 3911/3438/3911 3568/3439/3568
f 3567/3436/3567 3372/3435/3372 3569/3440/3569 3911/3438/3911
f 3911/3438/3911 3569/3440/3569 3374/3441/3374 3570/3442/3570
f 3568/3439/3568 3911/3438/3911 3570/3442/3570 3373/3443/3373
f 3373/3444/3373 3570/3445/3570 3912/3446/3912 3571/3447/3571
f 3570/3445/3570 3374/3448/3374 3572/3449/3572 3912/3446/3912
f 3912/3446/3912 3572/3449/3572 3376/3450/3376 3573/3451/3573
f 3571/3447/3571 3912/3446/3912 3573/3451/3573 3375/3452/3375
f 3375/3452/3375 3573/3451/3573 3913/3453/3913 3574/3454/3574
f 3573/3451/3573 3376/3450/3376 3575/3455/3575 3913/3453/3913
f 3913/3453/3913 3575/3455/3575 3378/3456/3378 3576/3457/3576
f 3574/3454/3574 3913/3453/3913 3576/3457/3576 3377/3458/3377
f 3377/3458/3377 3576/3457/3576 3914/3459/3914 3577/3460/3577
f 3576/3457/3576 3378/3456/3378 3578/3461/3578 3914/3459/3914
f 3914/3459/3914 3578/3461/3578 3380/3462/3380 3579/3463/3579
f 3577/3460/3577 3914/3459/3914 3579/3463/3579 3379/3464/3379
f 3379/3464/3379 3579/3463/3579 3915/3465/3915 3580/3466/3580
f 3579/3463/3579 3380/3462/3380 3581/3467/3581 3915/3465/3915
f 3915/3465/3915 3581/3467/3581 3382/3468/3382 3582/3469/3582
f 3580/3466/3580 3915/3465/3915 3582/3469/3582 3381/3470/3381
f 3381/3470/3381 3582/3469/3582 3916/3471/3916 3583/3472/3583
f 3582/3469/3582 3382/3468/3382 3584/3473/3584 3916/3471/3916
f 3916/3471/3916 3584/3473/3584 3384/3474/3384 3585/3475/3585
f 3583/3472/3583 3916/3471/3916 3585/3475/3585 3383/3476/3383
f 3383/3476/3383 3585/3475/3585 3917/3477/3917 3586/3478/3586
f 3585/3475/3585 3384/3474/3384 3587/3479/3587 3917/3477/3917
f 3917/3477/3917 3587/3479/3587 3386/3480/3386 3588/3481/3588
f 3586/3478/3586 3917/3477/3917 3588/3481/3588 3385/3482/3385
f 3385/3482/3385 3588/3481/3588 3918/3483/3918 3589/3484/3589
f 3588/3481/3588 3386/3480/3386 3590/3485/3590 3918/3483/3918
f 3918/3483/3918 3590/3485/3590 3388/3486/3388 3591/3487/3591
f 3589/3484/3589 3918/3483/3918 3591/3487/3591 3387/3488/3387
f 3387/3488/3387 3591/3487/3591 3919/3489/3919 3592/3490/3592
f 3591/3487/3591 3388/3486/3388 3593/3491/3593 3919/3489/3919
f 3919/3489/3919 3593/3491/3593 3390/3492/3390 3594/3493/3594
f 3592/3490/3592 3919/3489/3919 3594/3493/3594 3389/3494/3389
f 3389/3495/3389 3594/3496/3594 3920/3497/3920 3595/3498/3595
f 3594/3496/3594 3390/3499/3390 3596/3500/3596 3920/3497/3920
f 3920/3497/3920 3596/3500/3596 3392/3501/3392 3597/3502/3597
f 3595/3498/3595 3920/3497/3920 3597/3502/3597 3391/3503/3391
f 3391/3503/3391 3597/3502/3597 3921/3504/3921 3598/3505/3598
f 3597/3502/3597 3392/3501/3392 3599/3506/3599 3921/3504/3921
f 3921/3504/3921 3599/3506/3599 3394/3507/3394 3600/3508/3600
f 3598/3505/3598 3921/3504/3921 3600/3508/3600 3393/3509/3393
f 3393/3509/3393 3600/3508/3600 3922/3510/3922 3601/3511/3601
f 3600/3508/3600 3394/3507/3394 3602/3512/3602 3922/3510/3922
f 3922/3510/3922 3602/3512/3602 3396/3513/3396 3603/3514/3603
f 3601/3511/3601 3922/3510/3922 3603/3514/3603 3395/3515/3395
f 3395/3515/3395 3603/3514/3603 3923/3516/3923 3604/3517/3604
f 3603/3514/3603 3396/3513/3396 3605/3518/3605 3923/3516/3923
f 3923/3516/3923 3605/3518/3605 3398/3519/3398 3606/3520/3606
f 3604/3517/3604 3923/3516/3923 3606/3520/3606 3397/3521/3397
f 3397/3521/3397 3606/3520/3606 3924/3522/3924 3607/3523/3607
f 3606/3520/3606 3398/3519/3398 3608/3524/3608 3924/3522/3924
f 3924/3522/3924 3608/3524/3608 3400/3525/3400 3609/3526/3609
f 3607/3523/3607 3924/3522/3924 3609/3526/3609 3399/3527/3399
f 3399/3527/3399 3609/3526/3609 3925/3528/3925 3610/3529/3610
f 3609/3526/3609 3400/3525/3400 3611/3530/3611 3925/3528/3925
f 3925/3528/3925 3611/3530/3611 3402/3531/3402 3612/3532/3612
f 3610/3529/3610 3925/3528/3925 3612/3532/3612 3401/3533/3401
f 3401/3533/3401 3612/3532/3612 3926/3534/3926 3613/3535/3613
f 3612/3532/3612 3402/3531/3402 3614/3536/3614 3926/3534/3926
f 3926/3534/3926 3614/3536/3614 3404/3537/3404 3615/3538/3615
f 3613/3535/3613 3926/3534/3926 3615/3538/3615 3403/3539/3403
f 3403/3539/3403 3615/3538/3615 3927/3540/3927 3616/3541/3616
f 3615/3538/3615 3404/3537/3404 3617/3542/3617 3927/3540/3927
f 3927/3540/3927 3617/3542/3617 3406/3543/3406 3618/3544/3618
f 3616/3541/3616 3927/3540/3927 3618/3544/3618 3405/3545/3405
f 3405/3546/3405 3618/3547/3618 3928/3548/3928 3619/3549/3619
f 3618/3547/3618 3406/3550/3406 3620/3551/3620 3928/3548/3928
f 3928/3548/3928 3620/3551/3620 3408/3552/3408 3621/3553/3621
f 3619/3549/3619 3928/3548/3928 3621/3553/3621 3407/3554/3407
f 3407/3554/3407 3621/3553/3621 3929/3555/3929 3622/3556/3622
f 3621/3553/3621 3408/3552/3408 3623/3557/3623 3929/3555/3929
f 3929/3555/3929 3623/3557/3623 3410/3558/3410 3624/3559/3624
f 3622/3556/3622 3929/3555/3929 3624/3559/3624 3409/3560/3409
f 3409/3560/3409 3624/3559/3624 3930/3561/3930 3625/3562/3625
f 3624/3559/3624 3410/3558/3410 3626/3563/3626 3930/3561/3930
f 3930/3561/3930 3626/3563/3626 3412/3564/3412 3627/3565/3627
f 3625/3562/3625 3930/3561/3930 3627/3565/3627 3411/3566/3411
f 3411/3566/3411 3627/3565/3627 3931/3567/3931 3628/3568/3628
f 3627/3565/3627 3412/3564/3412 3629/3569/3629 3931/3567/3931
f 3931/3567/3931 3629/3569/3629 3414/3570/3414 3630/3571/3630
f 3628/3568/3628 3931/3567/3931 3630/3571/3630 3413/3572/3413
f 3413/3572/3413 3630/3571/3630 3932/3573/3932 3631/3574/3631
f 3630/3571/3630 3414/3570/3414 3632/3575/3632 3932/3573/3932
f 3932/3573/3932 3632/3575/3632 3416/3576/3416 3633/3577/3633
f 3631/3574/3631 3932/3573/3932 3633/3577/3633 3415/3578/3415
f 3415/3578/3415 3633/3577/3633 3933/3579/3933 3634/3580/3634
f 3633/3577/3633 3416/3576/3416 3635/3581/3635 3933/3579/3933
f 3933/3579/3933 3635/3581/3635 3418/3582/3418 3636/3583/3636
f 3634/3580/3634 3933/3579/3933 3636/3583/3636 3417/3584/3417
f 3417/3584/3417 3636/3583/3636 3934/3585/3934 3637/3586/3637
f 3636/3583/3636 3418/3582/3418 3638/3587/3638 3934/3585/3934
f 3934/3585/3934 3638/3587/3638 3420/3588/3420 3639/3589/3639
f 3637/3586/3637 3934/3585/3934 3639/3589/3639 3419/3590/3419
f 3419/3590/3419 3639/3589/3639 3935/3591/3935 3640/3592/3640
f 3639/3589/3639 3420/3588/3420 3641/3593/3641 3935/3591/3935
f 3935/3591/3935 3641/3593/3641 3422/3594/3422 3642/3595/3642
f 3640/3592/3640 3935/3591/3935 3642/3595/3642 3421/3596/3421
f 3421/3597/3421 3642/3598/3642 3936/3599/3936 3643/3600/3643
f 3642/3598/3642 3422/3601/3422 3644/3602/3644 3936/3599/3936
f 3936/3599/3936 3644/3602/3644 3424/3603/3424 3645/3604/3645
f 3643/3600/3643 3936/3599/3936 3645/3604/3645 3423/3605/3423
f 3382/3606/3382 3581/3607/3581 3937/3608/3937 3684/3609/3684
f 3581/3607/3581 3380/3610/3380 3683/3611/3683 3937/3608/3937
f 3937/3608/3937 3683/3611/3683 3435/3612/3435 3659/3613/3659
f 3684/3609/3684 3937/3608/3937 3659/3613/3659 3436/3614/3436
f 3423/3605/3423 3645/3604/3645 3938/3615/3938 3646/3616/3646
f 3645/3604/3645 3424/3603/3424 3647/3617/3647 3938/3615/3938
f 3938/3615/3938 3647/3617/3647 3426/3618/3426 3648/3619/3648
f 3646/3616/3646 3938/3615/3938 3648/3619/3648 3425/3620/3425
f 3425/3620/3425 3648/3619/3648 3939/3621/3939 3649/3622/3649
f 3648/3619/3648 3426/3618/3426 3650/3623/3650 3939/3621/3939
f 3939/3621/3939 3650/3623/3650 3364/3415/3364 3557/3412/3557
f 3649/3622/3649 3939/3621/3939 3557/3412/3557 3363/3411/3363
f 3363/3624/3363 3555/3625/3555 3940/3626/3940 3649/3627/3649
f 3365/3628/3365 3559/3629/3559 3940/3626/3940 3555/3625/3555
f 3367/3630/3367 3562/3631/3562 3940/3626/3940 3559/3629/3559
f 3369/3632/3369 3565/3633/3565 3940/3626/3940 3562/3634/3562
f 3371/3635/3371 3568/3636/3568 3940/3626/3940 3565/3633/3565
f 3373/3637/3373 3571/3638/3571 3940/3626/3940 3568/3636/3568
f 3375/3639/3375 3574/3640/3574 3940/3626/3940 3571/3641/3571
f 3377/3642/3377 3577/3643/3577 3940/3626/3940 3574/3640/3574
f 3379/3644/3379 3580/3645/3580 3940/3626/3940 3577/3643/3577
f 3381/3646/3381 3583/3647/3583 3940/3626/3940 3580/3648/3580
f 3383/3649/3383 3586/3650/3586 3940/3626/3940 3583/3651/3583
f 3385/3652/3385 3589/3653/3589 3940/3626/3940 3586/3650/3586
f 3387/3654/3387 3592/3655/3592 3940/3626/3940 3589/3656/3589
f 3389/3657/3389 3595/3658/3595 3940/3626/3940 3592/3655/3592
f 3391/3659/3391 3598/3660/3598 3940/3626/3940 3595/3658/3595
f 3393/3661/3393 3601/3662/3601 3940/3626/3940 3598/3660/3598
f 3395/3663/3395 3604/3664/3604 3940/3626/3940 3601/3662/3601
f 3397/3665/3397 3607/3666/3607 3940/3626/3940 3604/3667/3604
f 3399/3668/3399 3610/3669/3610 3940/3626/3940 3607/3666/3607
f 3401/3670/3401 3613/3671/3613 3940/3626/3940 3610/3669/3610
f 3403/3672/3403 3616/3673/3616 3940/3626/3940 3613/3671/3613
f 3405/3674/3405 3619/3675/3619 3940/3626/3940 3616/3673/3616
f 3407/3676/3407 3622/3677/3622 3940/3626/3940 3619/3678/3619
f 3409/3679/3409 3625/3680/3625 3940/3626/3940 3622/3677/3622
f 3411/3681/3411 3628/3682/3628 3940/3626/3940 3625/3683/3625
f 3413/3684/3413 3631/3685/3631 3940/3626/3940 3628/3686/3628
f 3415/3687/3415 3634/3688/3634 3940/3626/3940 3631/3685/3631
f 3417/3689/3417 3637/3690/3637 3940/3626/3940 3634/3688/3634
f 3419/3691/3419 3640/3692/3640 3940/3626/3940 3637/3690/3637
f 3421/3693/3421 3643/3694/3643 3940/3626/3940 3640/3692/3640
f 3423/3695/3423 3646/3696/3646 3940/3626/3940 3643/3694/3643
f 3425/3697/3425 3649/3627/3649 3940/3626/3940 3646/3698/3646
f 3526/3699/3526 3906/3700/3906 3941/3701/3941 3846/3702/3846
f 3906/3700/3906 3523/3703/3523 3747/3704/3747 3941/3701/3941
f 3941/3701/3941 3747/3704/3747 3482/3705/3482 3738/3706/3738
f 3846/3702/3846 3941/3701/3941 3738/3706/3738 3483/3707/3483
f 3400/3708/3400 3608/3709/3608 3942/3710/3942 3686/3711/3686
f 3608/3709/3608 3398/3712/3398 3685/3713/3685 3942/3710/3942
f 3942/3710/3942 3685/3713/3685 3444/3714/3444 3668/3715/3668
f 3686/3711/3686 3942/3710/3942 3668/3715/3668 3445/3716/3445
f 3418/3717/3418 3635/3718/3635 3943/3719/3943 3688/3720/3688
f 3635/3718/3635 3416/3721/3416 3687/3722/3687 3943/3719/3943
f 3943/3719/3943 3687/3722/3687 3453/3723/3453 3677/3724/3677
f 3688/3720/3688 3943/3719/3943 3677/3724/3677 3454/3725/3454
f 3374/3726/3374 3569/3727/3569 3944/3728/3944 3690/3729/3690
f 3569/3727/3569 3372/3730/3372 3689/3731/3689 3944/3728/3944
f 3944/3728/3944 3689/3731/3689 3431/3732/3431 3655/3733/3655
f 3690/3729/3690 3944/3728/3944 3655/3733/3655 3432/3734/3432
f 3392/3735/3392 3596/3736/3596 3945/3737/3945 3692/3738/3692
f 3596/3736/3596 3390/3739/3390 3691/3740/3691 3945/3737/3945
f 3945/3737/3945 3691/3740/3691 3440/3741/3440 3664/3742/3664
f 3692/3738/3692 3945/3737/3945 3664/3742/3664 3441/3743/3441
f 3410/3744/3410 3623/3745/3623 3946/3746/3946 3694/3747/3694
f 3623/3745/3623 3408/3748/3408 3693/3749/3693 3946/3746/3946
f 3946/3746/3946 3693/3749/3693 3449/3750/3449 3673/3751/3673
f 3694/3747/3694 3946/3746/3946 3673/3751/3673 3450/3752/3450
f 3366/3753/3366 3556/3754/3556 3947/3755/3947 3696/3756/3696
f 3556/3754/3556 3364/3757/3364 3695/3758/3695 3947/3755/3947
f 3947/3755/3947 3695/3758/3695 3428/3759/3428 3651/3760/3651
f 3696/3756/3696 3947/3755/3947 3651/3760/3651 3427/3761/3427
f 3364/3757/3364 3650/3762/3650 3948/3763/3948 3695/3758/3695
f 3650/3762/3650 3426/3764/3426 3697/3765/3697 3948/3763/3948
f 3948/3763/3948 3697/3765/3697 3458/3766/3458 3682/3767/3682
f 3695/3758/3695 3948/3763/3948 3682/3767/3682 3428/3759/3428
f 3384/3768/3384 3584/3769/3584 3949/3770/3949 3698/3771/3698
f 3584/3769/3584 3382/3606/3382 3684/3609/3684 3949/3770/3949
f 3949/3770/3949 3684/3609/3684 3436/3614/3436 3660/3772/3660
f 3698/3771/3698 3949/3770/3949 3660/3772/3660 3437/3773/3437
f 3402/3774/3402 3611/3775/3611 3950/3776/3950 3699/3777/3699
f 3611/3775/3611 3400/3708/3400 3686/3711/3686 3950/3776/3950
f 3950/3776/3950 3686/3711/3686 3445/3716/3445 3669/3778/3669
f 3699/3777/3699 3950/3776/3950 3669/3778/3669 3446/3779/3446
f 3420/3780/3420 3638/3781/3638 3951/3782/3951 3700/3783/3700
f 3638/3781/3638 3418/3717/3418 3688/3720/3688 3951/3782/3951
f 3951/3782/3951 3688/3720/3688 3454/3725/3454 3678/3784/3678
f 3700/3783/3700 3951/3782/3951 3678/3784/3678 3455/3785/3455
f 3376/3786/3376 3572/3787/3572 3952/3788/3952 3701/3789/3701
f 3572/3787/3572 3374/3726/3374 3690/3729/3690 3952/3788/3952
f 3952/3788/3952 3690/3729/3690 3432/3734/3432 3656/3790/3656
f 3701/3789/3701 3952/3788/3952 3656/3790/3656 3433/3791/3433
f 3394/3792/3394 3599/3793/3599 3953/3794/3953 3702/3795/3702
f 3599/3793/3599 3392/3735/3392 3692/3738/3692 3953/3794/3953
f 3953/3794/3953 3692/3738/3692 3441/3743/3441 3665/3796/3665
f 3702/3795/3702 3953/3794/3953 3665/3796/3665 3442/3797/3442
f 3412/3798/3412 3626/3799/3626 3954/3800/3954 3703/3801/3703
f 3626/3799/3626 3410/3744/3410 3694/3747/3694 3954/3800/3954
f 3954/3800/3954 3694/3747/3694 3450/3752/3450 3674/3802/3674
f 3703/3801/3703 3954/3800/3954 3674/3802/3674 3451/3803/3451
f 3368/3804/3368 3560/3805/3560 3955/3806/3955 3704/3807/3704
f 3560/3805/3560 3366/3753/3366 3696/3756/3696 3955/3806/3955
f 3955/3806/3955 3696/3756/3696 3427/3761/3427 3652/3808/3652
f 3704/3807/3704 3955/3806/3955 3652/3808/3652 3429/3809/3429
f 3386/3810/3386 3587/3811/3587 3956/3812/3956 3705/3813/3705
f 3587/3811/3587 3384/3768/3384 3698/3771/3698 3956/3812/3956
f 3956/3812/3956 3698/3771/3698 3437/3773/3437 3661/3814/3661
f 3705/3813/3705 3956/3812/3956 3661/3814/3661 3438/3815/3438
f 3404/3816/3404 3614/3817/3614 3957/3818/3957 3706/3819/3706
f 3614/3817/3614 3402/3774/3402 3699/3777/3699 3957/3818/3957
f 3957/3818/3957 3699/3777/3699 3446/3779/3446 3670/3820/3670
f 3706/3819/3706 3957/3818/3957 3670/3820/3670 3447/3821/3447
f 3422/3822/3422 3641/3823/3641 3958/3824/3958 3707/3825/3707
f 3641/3823/3641 3420/3780/3420 3700/3783/3700 3958/3824/3958
f 3958/3824/3958 3700/3783/3700 3455/3785/3455 3679/3826/3679
f 3707/3825/3707 3958/3824/3958 3679/3826/3679 3456/3827/3456
f 3378/3828/3378 3575/3829/3575 3959/3830/3959 3708/3831/3708
f 3575/3829/3575 3376/3786/3376 3701/3789/3701 3959/3830/3959
f 3959/3830/3959 3701/3789/3701 3433/3791/3433 3657/3832/3657
f 3708/3831/3708 3959/3830/3959 3657/3832/3657 3434/3833/3434
f 3396/3834/3396 3602/3835/3602 3960/3836/3960 3709/3837/3709
f 3602/3835/3602 3394/3792/3394 3702/3795/3702 3960/3836/3960
f 3960/3836/3960 3702/3795/3702 3442/3797/3442 3666/3838/3666
f 3709/3837/3709 3960/3836/3960 3666/3838/3666 3443/3839/3443
f 3414/3840/3414 3629/3841/3629 3961/3842/3961 3710/3843/3710
f 3629/3841/3629 3412/3798/3412 3703/3801/3703 3961/3842/3961
f 3961/3842/3961 3703/3801/3703 3451/3803/3451 3675/3844/3675
f 3710/3843/3710 3961/3842/3961 3675/3844/3675 3452/3845/3452
f 3370/3846/3370 3563/3847/3563 3962/3848/3962 3711/3849/3711
f 3563/3847/3563 3368/3804/3368 3704/3807/3704 3962/3848/3962
f 3962/3848/3962 3704/3807/3704 3429/3809/3429 3653/3850/3653
f 3711/3849/3711 3962/3848/3962 3653/3850/3653 3430/3851/3430
f 3388/3852/3388 3590/3853/3590 3963/3854/3963 3712/3855/3712
f 3590/3853/3590 3386/3810/3386 3705/3813/3705 3963/3854/3963
f 3963/3854/3963 3705/3813/3705 3438/3815/3438 3662/3856/3662
f 3712/3855/3712 3963/3854/3963 3662/3856/3662 3439/3857/3439
f 3406/3858/3406 3617/3859/3617 3964/3860/3964 3713/3861/3713
f 3617/3859/3617 3404/3816/3404 3706/3819/3706 3964/3860/3964
f 3964/3860/3964 3706/3819/3706 3447/3821/3447 3671/3862/3671
f 3713/3861/3713 3964/3860/3964 3671/3862/3671 3448/3863/3448
f 3424/3864/3424 3644/3865/3644 3965/3866/3965 3714/3867/3714
f 3644/3865/3644 3422/3822/3422 3707/3825/3707 3965/3866/3965
f 3965/3866/3965 3707/3825/3707 3456/3827/3456 3680/3868/3680
f 3714/3867/3714 3965/3866/3965 3680/3868/3680 3457/3869/3457
f 3380/3610/3380 3578/3870/3578 3966/3871/3966 3683/3611/3683
f 3578/3870/3578 3378/3828/3378 3708/3831/3708 3966/3871/3966
f 3966/3871/3966 3708/3831/3708 3434/3833/3434 3658/3872/3658
f 3683/3611/3683 3966/3871/3966 3658/3872/3658 3435/3612/3435
f 3398/3712/3398 3605/3873/3605 3967/3874/3967 3685/3713/3685
f 3605/3873/3605 3396/3834/3396 3709/3837/3709 3967/3874/3967
f 3967/3874/3967 3709/3837/3709 3443/3839/3443 3667/3875/3667
f 3685/3713/3685 3967/3874/3967 3667/3875/3667 3444/3714/3444
f 3416/3721/3416 3632/3876/3632 3968/3877/3968 3687/3722/3687
f 3632/3876/3632 3414/3840/3414 3710/3843/3710 3968/3877/3968
f 3968/3877/3968 3710/3843/3710 3452/3845/3452 3676/3878/3676
f 3687/3722/3687 3968/3877/3968 3676/3878/3676 3453/3723/3453
f 3372/3730/3372 3566/3879/3566 3969/3880/3969 3689/3731/3689
f 3566/3879/3566 3370/3846/3370 3711/3849/3711 3969/3880/3969
f 3969/3880/3969 3711/3849/3711 3430/3851/3430 3654/3881/3654
f 3689/3731/3689 3969/3880/3969 3654/3881/3654 3431/3732/3431
f 3390/3739/3390 3593/3882/3593 3970/3883/3970 3691/3740/3691
f 3593/3882/3593 3388/3852/3388 3712/3855/3712 3970/3883/3970
f 3970/3883/3970 3712/3855/3712 3439/3857/3439 3663/3884/3663
f 3691/3740/3691 3970/3883/3970 3663/3884/3663 3440/3741/3440
f 3408/3748/3408 3620/3885/3620 3971/3886/3971 3693/3749/3693
f 3620/3885/3620 3406/3858/3406 3713/3861/3713 3971/3886/3971
f 3971/3886/3971 3713/3861/3713 3448/3863/3448 3672/3887/3672
f 3693/3749/3693 3971/3886/3971 3672/3887/3672 3449/3750/3449
f 3426/3764/3426 3647/3888/3647 3972/3889/3972 3697/3765/3697
f 3647/3888/3647 3424/3864/3424 3714/3867/3714 3972/3889/3972
f 3972/3889/3972 3714/3867/3714 3457/3869/3457 3681/3890/3681
f 3697/3765/3697 3972/3889/3972 3681/3890/3681 3458/3766/3458
f 3459/3891/3459 3715/3892/3715 3973/3893/3973 3716/3894/3716
f 3460/3895/3460 3746/3896/3746 3973/3893/3973 3715/3897/3715
f 3490/3898/3490 3745/3899/3745 3973/3893/3973 3746/3896/3746
f 3489/3900/3489 3744/3901/3744 3973/3893/3973 3745/3902/3745
f 3488/3903/3488 3743/3904/3743 3973/3893/3973 3744/3901/3744
f 3487/3905/3487 3742/3906/3742 3973/3893/3973 3743/3904/3743
f 3486/3907/3486 3741/3908/3741 3973/3893/3973 3742/3906/3742
f 3485/3909/3485 3740/3910/3740 3973/3893/3973 3741/3908/3741
f 3484/3911/3484 3739/3912/3739 3973/3893/3973 3740/3910/3740
f 3483/3913/3483 3738/3706/3738 3973/3893/3973 3739/3912/3739
f 3482/3914/3482 3737/3915/3737 3973/3893/3973 3738/3706/3738
f 3481/3916/3481 3736/3917/3736 3973/3893/3973 3737/3918/3737
f 3480/3919/3480 3735/3920/3735 3973/3893/3973 3736/3917/3736
f 3479/3921/3479 3734/3922/3734 3973/3893/3973 3735/3920/3735
f 3478/3923/3478 3733/3924/3733 3973/3893/3973 3734/3925/3734
f 3477/3926/3477 3732/3927/3732 3973/3893/3973 3733/3924/3733
f 3476/3928/3476 3731/3929/3731 3973/3893/3973 3732/3927/3732
f 3475/3930/3475 3730/3931/3730 3973/3893/3973 3731/3932/3731
f 3474/3933/3474 3729/3934/3729 3973/3893/3973 3730/3931/3730
f 3473/3935/3473 3728/3936/3728 3973/3893/3973 3729/3937/3729
f 3472/3938/3472 3727/3939/3727 3973/3893/3973 3728/3936/3728
f 3471/3940/3471 3726/3941/3726 3973/3893/3973 3727/3939/3727
f 3470/3942/3470 3725/3943/3725 3973/3893/3973 3726/3944/3726
f 3469/3945/3469 3724/3946/3724 3973/3893/3973 3725/3943/3725
f 3468/3947/3468 3723/3948/3723 3973/3893/3973 3724/3949/3724
f 3467/3950/3467 3722/3951/3722 3973/3893/3973 3723/3952/3723
f 3466/3953/3466 3721/3954/3721 3973/3893/3973 3722/3951/3722
f 3465/3955/3465 3720/3956/3720 3973/3893/3973 3721/3957/3721
f 3464/3958/3464 3719/3959/3719 3973/3893/3973 3720/3960/3720
f 3463/3961/3463 3718/3962/3718 3973/3893/3973 3719/3963/3719
f 3462/3964/3462 3717/3965/3717 3973/3893/3973 3718/3962/3718
f 3461/3966/3461 3716/3967/3716 3973/3893/3973 3717/3965/3717
f 3527/3968/3527 3905/3969/3905 3974/3970/3974 3847/3971/3847
f 3905/3969/3905 3524/3972/3524 3749/3973/3749 3974/3970/3974
f 3974/3970/3974 3749/3973/3749 3469/3974/3469 3725/3943/3725
f 3847/3971/3847 3974/3970/3974 3725/3943/3725 3470/3975/3470
f 3528/3976/3528 3904/3977/3904 3975/3978/3975 3848/3979/3848
f 3904/3977/3904 3526/3699/3526 3846/3702/3846 3975/3978/3975
f 3975/3978/3975 3846/3702/3846 3483/3707/3483 3739/3912/3739
f 3848/3979/3848 3975/3978/3975 3739/3912/3739 3484/3980/3484
f 3529/3981/3529 3903/3982/3903 3976/3983/3976 3849/3984/3849
f 3903/3982/3903 3527/3968/3527 3847/3971/3847 3976/3983/3976
f 3976/3983/3976 3847/3971/3847 3470/3975/3470 3726/3941/3726
f 3849/3984/3849 3976/3983/3976 3726/3941/3726 3471/3985/3471
f 3530/3986/3530 3902/3987/3902 3977/3988/3977 3850/3989/3850
f 3902/3987/3902 3528/3976/3528 3848/3979/3848 3977/3988/3977
f 3977/3988/3977 3848/3979/3848 3484/3980/3484 3740/3910/3740
f 3850/3989/3850 3977/3988/3977 3740/3910/3740 3485/3909/3485
f 3531/3990/3531 3901/3991/3901 3978/3992/3978 3851/3993/3851
f 3901/3991/3901 3529/3981/3529 3849/3984/3849 3978/3992/3978
f 3978/3992/3978 3849/3984/3849 3471/3985/3471 3727/3939/3727
f 3851/3993/3851 3978/3992/3978 3727/3939/3727 3472/3994/3472
f 3532/3995/3532 3900/3996/3900 3979/3997/3979 3852/3998/3852
f 3900/3996/3900 3530/3986/3530 3850/3989/3850 3979/3997/3979
f 3979/3997/3979 3850/3989/3850 3485/3909/3485 3741/3908/3741
f 3852/3998/3852 3979/3997/3979 3741/3908/3741 3486/3907/3486
f 3533/3999/3533 3899/4000/3899 3980/4001/3980 3853/4002/3853
f 3899/4000/3899 3531/3990/3531 3851/3993/3851 3980/4001/3980
f 3980/4001/3980 3851/3993/3851 3472/3994/3472 3728/3936/3728
f 3853/4002/3853 3980/4001/3980 3728/3936/3728 3473/4003/3473
f 3534/4004/3534 3898/4005/3898 3981/4006/3981 3854/4007/3854
f 3898/4005/3898 3525/4008/3525 3757/4009/3757 3981/4006/3981
f 3981/4006/3981 3757/4009/3757 3460/4010/3460 3715/3892/3715
f 3854/4007/3854 3981/4006/3981 3715/3892/3715 3459/3891/3459
f 3535/4011/3535 3897/4012/3897 3982/4013/3982 3855/4014/3855
f 3897/4012/3897 3532/3995/3532 3852/3998/3852 3982/4013/3982
f 3982/4013/3982 3852/3998/3852 3486/3907/3486 3742/3906/3742
f 3855/4014/3855 3982/4013/3982 3742/3906/3742 3487/4015/3487
f 3536/4016/3536 3896/4017/3896 3983/4018/3983 3856/4019/3856
f 3896/4017/3896 3533/3999/3533 3853/4002/3853 3983/4018/3983
f 3983/4018/3983 3853/4002/3853 3473/4003/3473 3729/3934/3729
f 3856/4019/3856 3983/4018/3983 3729/3934/3729 3474/4020/3474
f 3537/4021/3537 3895/4022/3895 3984/4023/3984 3857/4024/3857
f 3895/4022/3895 3534/4004/3534 3854/4007/3854 3984/4023/3984
f 3984/4023/3984 3854/4007/3854 3459/3891/3459 3716/3967/3716
f 3857/4024/3857 3984/4023/3984 3716/3967/3716 3461/4025/3461
f 3538/4026/3538 3894/4027/3894 3985/4028/3985 3858/4029/3858
f 3894/4027/3894 3535/4011/3535 3855/4014/3855 3985/4028/3985
f 3985/4028/3985 3855/4014/3855 3487/4015/3487 3743/3904/3743
f 3858/4029/3858 3985/4028/3985 3743/3904/3743 3488/4030/3488
f 3539/4031/3539 3893/4032/3893 3986/4033/3986 3859/4034/3859
f 3893/4032/3893 3536/4016/3536 3856/4019/3856 3986/4033/3986
f 3986/4033/3986 3856/4019/3856 3474/4020/3474 3730/3931/3730
f 3859/4034/3859 3986/4033/3986 3730/3931/3730 3475/4035/3475
f 3540/4036/3540 3892/4037/3892 3987/4038/3987 3860/4039/3860
f 3892/4037/3892 3537/4021/3537 3857/4024/3857 3987/4038/3987
f 3987/4038/3987 3857/4024/3857 3461/4025/3461 3717/3965/3717
f 3860/4039/3860 3987/4038/3987 3717/3965/3717 3462/4040/3462
f 3541/4041/3541 3891/4042/3891 3988/4043/3988 3861/4044/3861
f 3891/4042/3891 3538/4026/3538 3858/4029/3858 3988/4043/3988
f 3988/4043/3988 3858/4029/3858 3488/4030/3488 3744/3901/3744
f 3861/4044/3861 3988/4043/3988 3744/3901/3744 3489/4045/3489
f 3542/4046/3542 3890/4047/3890 3989/4048/3989 3862/4049/3862
f 3890/4047/3890 3539/4031/3539 3859/4034/3859 3989/4048/3989
f 3989/4048/3989 3859/4034/3859 3475/4035/3475 3731/3929/3731
f 3862/4049/3862 3989/4048/3989 3731/3929/3731 3476/4050/3476
f 3543/4051/3543 3889/4052/3889 3990/4053/3990 3863/4054/3863
f 3889/4052/3889 3540/4036/3540 3860/4039/3860 3990/4053/3990
f 3990/4053/3990 3860/4039/3860 3462/4040/3462 3718/3962/3718
f 3863/4054/3863 3990/4053/3990 3718/3962/3718 3463/4055/3463
f 3544/4056/3544 3888/4057/3888 3991/4058/3991 3864/4059/3864
f 3888/4057/3888 3541/4041/3541 3861/4044/3861 3991/4058/3991
f 3991/4058/3991 3861/4044/3861 3489/4045/3489 3745/3899/3745
f 3864/4059/3864 3991/4058/3991 3745/3899/3745 3490/4060/3490
f 3545/4061/3545 3887/4062/3887 3992/4063/3992 3865/4064/3865
f 3887/4062/3887 3542/4046/3542 3862/4049/3862 3992/4063/3992
f 3992/4063/3992 3862/4049/3862 3476/4050/3476 3732/3927/3732
f 3865/4064/3865 3992/4063/3992 3732/3927/3732 3477/3926/3477
f 3546/4065/3546 3886/4066/3886 3993/4067/3993 3866/4068/3866
f 3886/4066/3886 3543/4051/3543 3863/4054/3863 3993/4067/3993
f 3993/4067/3993 3863/4054/3863 3463/4055/3463 3719/3959/3719
f 3866/4068/3866 3993/4067/3993 3719/3959/3719 3464/4069/3464
f 3525/4008/3525 3885/4070/3885 3994/4071/3994 3757/4009/3757
f 3885/4070/3885 3544/4056/3544 3864/4059/3864 3994/4071/3994
f 3994/4071/3994 3864/4059/3864 3490/4060/3490 3746/3896/3746
f 3757/4009/3757 3994/4071/3994 3746/3896/3746 3460/4010/3460
f 3547/4072/3547 3884/4073/3884 3995/4074/3995 3867/4075/3867
f 3884/4073/3884 3545/4061/3545 3865/4064/3865 3995/4074/3995
f 3995/4074/3995 3865/4064/3865 3477/3926/3477 3733/3924/3733
f 3867/4075/3867 3995/4074/3995 3733/3924/3733 3478/4076/3478
f 3548/4077/3548 3883/4078/3883 3996/4079/3996 3868/4080/3868
f 3883/4078/3883 3546/4065/3546 3866/4068/3866 3996/4079/3996
f 3996/4079/3996 3866/4068/3866 3464/4069/3464 3720/3956/3720
f 3868/4080/3868 3996/4079/3996 3720/3956/3720 3465/4081/3465
f 3549/4082/3549 3882/4083/3882 3997/4084/3997 3869/4085/3869
f 3882/4083/3882 3547/4072/3547 3867/4075/3867 3997/4084/3997
f 3997/4084/3997 3867/4075/3867 3478/4076/3478 3734/3922/3734
f 3869/4085/3869 3997/4084/3997 3734/3922/3734 3479/4086/3479
f 3550/4087/3550 3881/4088/3881 3998/4089/3998 3870/4090/3870
f 3881/4088/3881 3548/4077/3548 3868/4080/3868 3998/4089/3998
f 3998/4089/3998 3868/4080/3868 3465/4081/3465 3721/3954/3721
f 3870/4090/3870 3998/4089/3998 3721/3954/3721 3466/4091/3466
f 3551/4092/3551 3880/4093/3880 3999/4094/3999 3871/4095/3871
f 3880/4093/3880 3549/4082/3549 3869/4085/3869 3999/4094/3999
f 3999/4094/3999 3869/4085/3869 3479/4086/3479 3735/3920/3735
f 3871/4095/3871 3999/4094/3999 3735/3920/3735 3480/4096/3480
f 3552/4097/3552 3879/4098/3879 4000/4099/4000 3872/4100/3872
f 3879/4098/3879 3550/4087/3550 3870/4090/3870 4000/4099/4000
f 4000/4099/4000 3870/4090/3870 3466/4091/3466 3722/3951/3722
f 3872/4100/3872 4000/4099/4000 3722/3951/3722 3467/4101/3467
f 3553/4102/3553 3878/4103/3878 4001/4104/4001 3873/4105/3873
f 3878/4103/3878 3551/4092/3551 3871/4095/3871 4001/4104/4001
f 4001/4104/4001 3871/4095/3871 3480/4096/3480 3736/3917/3736
f 3873/4105/3873 4001/4104/4001 3736/3917/3736 3481/4106/3481
f 3554/4107/3554 3877/4108/3877 4002/4109/4002 3874/4110/3874
f 3877/4108/3877 3552/4097/3552 3872/4100/3872 4002/4109/4002
f 4002/4109/4002 3872/4100/3872 3467/4101/3467 3723/3948/3723
f 3874/4110/3874 4002/4109/4002 3723/3948/3723 3468/4111/3468
f 3523/3703/3523 3876/4112/3876 4003/4113/4003 3747/3704/3747
f 3876/4112/3876 3553/4102/3553 3873/4105/3873 4003/4113/4003
f 4003/4113/4003 3873/4105/3873 3481/4106/3481 3737/3915/3737
f 3747/3704/3747 4003/4113/4003 3737/3915/3737 3482/3705/3482
f 3524/3972/3524 3875/4114/3875 4004/4115/4004 3749/3973/3749
f 3875/4114/3875 3554/4107/3554 3874/4110/3874 4004/4115/4004
f 4004/4115/4004 3874/4110/3874 3468/4111/3468 3724/3946/3724
f 3749/3973/3749 4004/4115/4004 3724/3946/3724 3469/3974/3469
f 3437/4116/3437 3660/4117/3660 4005/4118/4005 3781/4119/3781
f 3660/4117/3660 3436/4120/3436 3778/4121/3778 4005/4118/4005
f 4005/4118/4005 3778/4121/3778 3522/4122/3522 3811/4123/3811
f 3781/4119/3781 4005/4118/4005 3811/4123/3811 3493/4124/3493
f 3450/4125/3450 3673/4126/3673 4006/4127/4006 3779/4128/3779
f 3673/4126/3673 3449/4129/3449 3777/4130/3777 4006/4127/4006
f 4006/4127/4006 3777/4130/3777 3521/4131/3521 3812/4132/3812
f 3779/4128/3779 4006/4127/4006 3812/4132/3812 3491/4133/3491
f 3436/4120/3436 3659/4134/3659 4007/4135/4007 3778/4121/3778
f 3659/4134/3659 3435/4136/3435 3776/4137/3776 4007/4135/4007
f 4007/4135/4007 3776/4137/3776 3520/4138/3520 3813/4139/3813
f 3778/4121/3778 4007/4135/4007 3813/4139/3813 3522/4122/3522
f 3449/4129/3449 3672/4140/3672 4008/4141/4008 3777/4130/3777
f 3672/4140/3672 3448/4142/3448 3775/4143/3775 4008/4141/4008
f 4008/4141/4008 3775/4143/3775 3519/4144/3519 3814/4145/3814
f 3777/4130/3777 4008/4141/4008 3814/4145/3814 3521/4131/3521
f 3435/4136/3435 3658/4146/3658 4009/4147/4009 3776/4137/3776
f 3658/4146/3658 3434/4148/3434 3774/4149/3774 4009/4147/4009
f 4009/4147/4009 3774/4149/3774 3518/4150/3518 3815/4151/3815
f 3776/4137/3776 4009/4147/4009 3815/4151/3815 3520/4138/3520
f 3448/4142/3448 3671/4152/3671 4010/4153/4010 3775/4143/3775
f 3671/4152/3671 3447/4154/3447 3773/4155/3773 4010/4153/4010
f 4010/4153/4010 3773/4155/3773 3517/4156/3517 3816/4157/3816
f 3775/4143/3775 4010/4153/4010 3816/4157/3816 3519/4144/3519
f 3434/4148/3434 3657/4158/3657 4011/4159/4011 3774/4149/3774
f 3657/4158/3657 3433/4160/3433 3772/4161/3772 4011/4159/4011
f 4011/4159/4011 3772/4161/3772 3516/4162/3516 3817/4163/3817
f 3774/4149/3774 4011/4159/4011 3817/4163/3817 3518/4150/3518
f 3447/4154/3447 3670/4164/3670 4012/4165/4012 3773/4155/3773
f 3670/4164/3670 3446/4166/3446 3771/4167/3771 4012/4165/4012
f 4012/4165/4012 3771/4167/3771 3515/4168/3515 3818/4169/3818
f 3773/4155/3773 4012/4165/4012 3818/4169/3818 3517/4156/3517
f 3433/4160/3433 3656/4170/3656 4013/4171/4013 3772/4161/3772
f 3656/4170/3656 3432/4172/3432 3770/4173/3770 4013/4171/4013
f 4013/4171/4013 3770/4173/3770 3514/4174/3514 3819/4175/3819
f 3772/4161/3772 4013/4171/4013 3819/4175/3819 3516/4162/3516
f 3446/4166/3446 3669/4176/3669 4014/4177/4014 3771/4167/3771
f 3669/4176/3669 3445/4178/3445 3769/4179/3769 4014/4177/4014
f 4014/4177/4014 3769/4179/3769 3513/4180/3513 3820/4181/3820
f 3771/4167/3771 4014/4177/4014 3820/4181/3820 3515/4168/3515
f 3428/4182/3428 3682/4183/3682 4015/4184/4015 3789/4185/3789
f 3682/4183/3682 3458/4186/3458 3768/4187/3768 4015/4184/4015
f 4015/4184/4015 3768/4187/3768 3512/4188/3512 3821/4189/3821
f 3789/4185/3789 4015/4184/4015 3821/4189/3821 3501/4190/3501
f 3432/4172/3432 3655/4191/3655 4016/4192/4016 3770/4173/3770
f 3655/4191/3655 3431/4193/3431 3767/4194/3767 4016/4192/4016
f 4016/4192/4016 3767/4194/3767 3511/4195/3511 3822/4196/3822
f 3770/4173/3770 4016/4192/4016 3822/4196/3822 3514/4174/3514
f 3445/4178/3445 3668/4197/3668 4017/4198/4017 3769/4179/3769
f 3668/4197/3668 3444/4199/3444 3766/4200/3766 4017/4198/4017
f 4017/4198/4017 3766/4200/3766 3510/4201/3510 3823/4202/3823
f 3769/4179/3769 4017/4198/4017 3823/4202/3823 3513/4180/3513
f 3458/4186/3458 3681/4203/3681 4018/4204/4018 3768/4187/3768
f 3681/4203/3681 3457/4205/3457 3765/4206/3765 4018/4204/4018
f 4018/4204/4018 3765/4206/3765 3509/4207/3509 3824/4208/3824
f 3768/4187/3768 4018/4204/4018 3824/4208/3824 3512/4188/3512
f 3431/4209/3431 3654/4210/3654 4019/4211/4019 3767/4212/3767
f 3654/4210/3654 3430/4213/3430 3764/4214/3764 4019/4211/4019
f 4019/4211/4019 3764/4214/3764 3508/4215/3508 3825/4216/3825
f 3767/4212/3767 4019/4211/4019 3825/4216/3825 3511/4217/3511
f 3444/4199/3444 3667/4218/3667 4020/4219/4020 3766/4200/3766
f 3667/4218/3667 3443/4220/3443 3763/4221/3763 4020/4219/4020
f 4020/4219/4020 3763/4221/3763 3507/4222/3507 3826/4223/3826
f 3766/4200/3766 4020/4219/4020 3826/4223/3826 3510/4201/3510
f 3457/4205/3457 3680/4224/3680 4021/4225/4021 3765/4206/3765
f 3680/4224/3680 3456/4226/3456 3762/4227/3762 4021/4225/4021
f 4021/4225/4021 3762/4227/3762 3506/4228/3506 3827/4229/3827
f 3765/4206/3765 4021/4225/4021 3827/4229/3827 3509/4207/3509
f 3430/4213/3430 3653/4230/3653 4022/4231/4022 3764/4214/3764
f 3653/4230/3653 3429/4232/3429 3761/4233/3761 4022/4231/4022
f 4022/4231/4022 3761/4233/3761 3505/4234/3505 3828/4235/3828
f 3764/4214/3764 4022/4231/4022 3828/4235/3828 3508/4215/3508
f 3443/4220/3443 3666/4236/3666 4023/4237/4023 3763/4221/3763
f 3666/4236/3666 3442/4238/3442 3760/4239/3760 4023/4237/4023
f 4023/4237/4023 3760/4239/3760 3504/4240/3504 3829/4241/3829
f 3763/4221/3763 4023/4237/4023 3829/4241/3829 3507/4222/3507
f 3456/4242/3456 3679/4243/3679 4024/4244/4024 3762/4245/3762
f 3679/4243/3679 3455/4246/3455 3759/4247/3759 4024/4244/4024
f 4024/4244/4024 3759/4247/3759 3503/4248/3503 3830/4249/3830
f 3762/4245/3762 4024/4244/4024 3830/4249/3830 3506/4250/3506
f 3429/4232/3429 3652/4251/3652 4025/4252/4025 3761/4233/3761
f 3652/4251/3652 3427/4253/3427 3758/4254/3758 4025/4252/4025
f 4025/4252/4025 3758/4254/3758 3502/4255/3502 3831/4256/3831
f 3761/4233/3761 4025/4252/4025 3831/4256/3831 3505/4234/3505
f 3442/4238/3442 3665/4257/3665 4026/4258/4026 3760/4239/3760
f 3665/4257/3665 3441/4259/3441 3756/4260/3756 4026/4258/4026
f 4026/4258/4026 3756/4260/3756 3500/4261/3500 3832/4262/3832
f 3760/4239/3760 4026/4258/4026 3832/4262/3832 3504/4240/3504
f 3455/4246/3455 3678/4263/3678 4027/4264/4027 3759/4247/3759
f 3678/4263/3678 3454/4265/3454 3755/4266/3755 4027/4264/4027
f 4027/4264/4027 3755/4266/3755 3499/4267/3499 3833/4268/3833
f 3759/4247/3759 4027/4264/4027 3833/4268/3833 3503/4248/3503
f 3427/4253/3427 3651/4269/3651 4028/4270/4028 3758/4254/3758
f 3651/4269/3651 3428/4182/3428 3789/4185/3789 4028/4270/4028
f 4028/4270/4028 3789/4185/3789 3501/4190/3501 3834/4271/3834
f 3758/4254/3758 4028/4270/4028 3834/4271/3834 3502/4255/3502
f 3441/4259/3441 3664/4272/3664 4029/4273/4029 3756/4260/3756
f 3664/4272/3664 3440/4274/3440 3754/4275/3754 4029/4273/4029
f 4029/4273/4029 3754/4275/3754 3498/4276/3498 3835/4277/3835
f 3756/4260/3756 4029/4273/4029 3835/4277/3835 3500/4261/3500
f 3454/4265/3454 3677/4278/3677 4030/4279/4030 3755/4266/3755
f 3677/4278/3677 3453/4280/3453 3753/4281/3753 4030/4279/4030
f 4030/4279/4030 3753/4281/3753 3497/4282/3497 3836/4283/3836
f 3755/4266/3755 4030/4279/4030 3836/4283/3836 3499/4267/3499
f 3440/4284/3440 3663/4285/3663 4031/4286/4031 3754/4287/3754
f 3663/4285/3663 3439/4288/3439 3752/4289/3752 4031/4286/4031
f 4031/4286/4031 3752/4289/3752 3496/4290/3496 3837/4291/3837
f 3754/4287/3754 4031/4286/4031 3837/4291/3837 3498/4292/3498
f 3453/4280/3453 3676/4293/3676 4032/4294/4032 3753/4281/3753
f 3676/4293/3676 3452/4295/3452 3751/4296/3751 4032/4294/4032
f 4032/4294/4032 3751/4296/3751 3495/4297/3495 3838/4298/3838
f 3753/4281/3753 4032/4294/4032 3838/4298/3838 3497/4282/3497
f 3439/4288/3439 3662/4299/3662 4033/4300/4033 3752/4289/3752
f 3662/4299/3662 3438/4301/3438 3750/4302/3750 4033/4300/4033
f 4033/4300/4033 3750/4302/3750 3494/4303/3494 3839/4304/3839
f 3752/4289/3752 4033/4300/4033 3839/4304/3839 3496/4290/3496
f 3452/4295/3452 3675/4305/3675 4034/4306/4034 3751/4296/3751
f 3675/4305/3675 3451/4307/3451 3748/4308/3748 4034/4306/4034
f 4034/4306/4034 3748/4308/3748 3492/4309/3492 3840/4310/3840
f 3751/4296/3751 4034/4306/4034 3840/4310/3840 3495/4297/3495
f 3438/4301/3438 3661/4311/3661 4035/4312/4035 3750/4302/3750
f 3661/4311/3661 3437/4116/3437 3781/4119/3781 4035/4312/4035
f 4035/4312/4035 3781/4119/3781 3493/4124/3493 3841/4313/3841
f 3750/4302/3750 4035/4312/4035 3841/4313/3841 3494/4303/3494
f 3451/4307/3451 3674/4314/3674 4036/4315/4036 3748/4308/3748
f 3674/4314/3674 3450/4125/3450 3779/4128/3779 4036/4315/4036
f 4036/4315/4036 3779/4128/3779 3491/4133/3491 3842/4316/3842
f 3748/4308/3748 4036/4315/4036 3842/4316/3842 3492/4309/3492
f 3493/4124/3493 3811/4123/3811 4037/4317/4037 3844/4318/3844
f 3811/4123/3811 3522/4122/3522 3810/4319/3810 4037/4317/4037
f 4037/4317/4037 3810/4319/3810 3554/4320/3554 3875/4321/3875
f 3844/4318/3844 4037/4317/4037 3875/4321/3875 3524/4322/3524
f 3491/4133/3491 3812/4132/3812 4038/4323/4038 3843/4324/3843
f 3812/4132/3812 3521/4131/3521 3809/4325/3809 4038/4323/4038
f 4038/4323/4038 3809/4325/3809 3553/4326/3553 3876/4327/3876
f 3843/4324/3843 4038/4323/4038 3876/4327/3876 3523/4328/3523
f 3522/4122/3522 3813/4139/3813 4039/4329/4039 3810/4319/3810
f 3813/4139/3813 3520/4138/3520 3808/4330/3808 4039/4329/4039
f 4039/4329/4039 3808/4330/3808 3552/4331/3552 3877/4332/3877
f 3810/4319/3810 4039/4329/4039 3877/4332/3877 3554/4320/3554
f 3521/4131/3521 3814/4145/3814 4040/4333/4040 3809/4325/3809
f 3814/4145/3814 3519/4144/3519 3807/4334/3807 4040/4333/4040
f 4040/4333/4040 3807/4334/3807 3551/4335/3551 3878/4336/3878
f 3809/4325/3809 4040/4333/4040 3878/4336/3878 3553/4326/3553
f 3520/4138/3520 3815/4151/3815 4041/4337/4041 3808/4330/3808
f 3815/4151/3815 3518/4150/3518 3806/4338/3806 4041/4337/4041
f 4041/4337/4041 3806/4338/3806 3550/4339/3550 3879/4340/3879
f 3808/4330/3808 4041/4337/4041 3879/4340/3879 3552/4331/3552
f 3519/4144/3519 3816/4157/3816 4042/4341/4042 3807/4334/3807
f 3816/4157/3816 3517/4156/3517 3805/4342/3805 4042/4341/4042
f 4042/4341/4042 3805/4342/3805 3549/4343/3549 3880/4344/3880
f 3807/4334/3807 4042/4341/4042 3880/4344/3880 3551/4335/3551
f 3518/4150/3518 3817/4163/3817 4043/4345/4043 3806/4338/3806
f 3817/4163/3817 3516/4162/3516 3804/4346/3804 4043/4345/4043
f 4043/4345/4043 3804/4346/3804 3548/4347/3548 3881/4348/3881
f 3806/4338/3806 4043/4345/4043 3881/4348/3881 3550/4339/3550
f 3517/4156/3517 3818/4169/3818 4044/4349/4044 3805/4342/3805
f 3818/4169/3818 3515/4168/3515 3803/4350/3803 4044/4349/4044
f 4044/4349/4044 3803/4350/3803 3547/4351/3547 3882/4352/3882
f 3805/4342/3805 4044/4349/4044 3882/4352/3882 3549/4343/3549
f 3516/4162/3516 3819/4175/3819 4045/4353/4045 3804/4346/3804
f 3819/4175/3819 3514/4174/3514 3802/4354/3802 4045/4353/4045
f 4045/4353/4045 3802/4354/3802 3546/4355/3546 3883/4356/3883
f 3804/4346/3804 4045/4353/4045 3883/4356/3883 3548/4347/3548
f 3515/4168/3515 3820/4181/3820 4046/4357/4046 3803/4350/3803
f 3820/4181/3820 3513/4180/3513 3801/4358/3801 4046/4357/4046
f 4046/4357/4046 3801/4358/3801 3545/4359/3545 3884/4360/3884
f 3803/4350/3803 4046/4357/4046 3884/4360/3884 3547/4351/3547
f 3501/4190/3501 3821/4189/3821 4047/4361/4047 3845/4362/3845
f 3821/4189/3821 3512/4188/3512 3800/4363/3800 4047/4361/4047
f 4047/4361/4047 3800/4363/3800 3544/4364/3544 3885/4365/3885
f 3845/4362/3845 4047/4361/4047 3885/4365/3885 3525/4366/3525
f 3514/4174/3514 3822/4196/3822 4048/4367/4048 3802/4354/3802
f 3822/4196/3822 3511/4195/3511 3799/4368/3799 4048/4367/4048
f 4048/4367/4048 3799/4368/3799 3543/4369/3543 3886/4370/3886
f 3802/4354/3802 4048/4367/4048 3886/4370/3886 3546/4355/3546
f 3513/4180/3513 3823/4202/3823 4049/4371/4049 3801/4358/3801
f 3823/4202/3823 3510/4201/3510 3798/4372/3798 4049/4371/4049
f 4049/4371/4049 3798/4372/3798 3542/4373/3542 3887/4374/3887
f 3801/4358/3801 4049/4371/4049 3887/4374/3887 3545/4359/3545
f 3512/4188/3512 3824/4208/3824 4050/4375/4050 3800/4363/3800
f 3824/4208/3824 3509/4207/3509 3797/4376/3797 4050/4375/4050
f 4050/4375/4050 3797/4376/3797 3541/4377/3541 3888/4378/3888
f 3800/4363/3800 4050/4375/4050 3888/4378/3888 3544/4364/3544
f 3511/4217/3511 3825/4216/3825 4051/4379/4051 3799/4380/3799
f 3825/4216/3825 3508/4215/3508 3796/4381/3796 4051/4379/4051
f 4051/4379/4051 3796/4381/3796 3540/4382/3540 3889/4383/3889
f 3799/4380/3799 4051/4379/4051 3889/4383/3889 3543/4384/3543
f 3510/4201/3510 3826/4223/3826 4052/4385/4052 3798/4372/3798
f 3826/4223/3826 3507/4222/3507 3795/4386/3795 4052/4385/4052
f 4052/4385/4052 3795/4386/3795 3539/4387/3539 3890/4388/3890
f 3798/4372/3798 4052/4385/4052 3890/4388/3890 3542/4373/3542
f 3509/4207/3509 3827/4229/3827 4053/4389/4053 3797/4376/3797
f 3827/4229/3827 3506/4228/3506 3794/4390/3794 4053/4389/4053
f 4053/4389/4053 3794/4390/3794 3538/4391/3538 3891/4392/3891
f 3797/4376/3797 4053/4389/4053 3891/4392/3891 3541/4377/3541
f 3508/4215/3508 3828/4235/3828 4054/4393/4054 3796/4381/3796
f 3828/4235/3828 3505/4234/3505 3793/4394/3793 4054/4393/4054
f 4054/4393/4054 3793/4394/3793 3537/4395/3537 3892/4396/3892
f 3796/4381/3796 4054/4393/4054 3892/4396/3892 3540/4382/3540
f 3507/4222/3507 3829/4241/3829 4055/4397/4055 3795/4386/3795
f 3829/4241/3829 3504/4240/3504 3792/4398/3792 4055/4397/4055
f 4055/4397/4055 3792/4398/3792 3536/4399/3536 3893/4400/3893
f 3795/4386/3795 4055/4397/4055 3893/4400/3893 3539/4387/3539
f 3506/4250/3506 3830/4249/3830 4056/4401/4056 3794/4402/3794
f 3830/4249/3830 3503/4248/3503 3791/4403/3791 4056/4401/4056
f 4056/4401/4056 3791/4403/3791 3535/4404/3535 3894/4405/3894
f 3794/4402/3794 4056/4401/4056 3894/4405/3894 3538/4406/3538
f 3505/4234/3505 3831/4256/3831 4057/4407/4057 3793/4394/3793
f 3831/4256/3831 3502/4255/3502 3790/4408/3790 4057/4407/4057
f 4057/4407/4057 3790/4408/3790 3534/4409/3534 3895/4410/3895
f 3793/4394/3793 4057/4407/4057 3895/4410/3895 3537/4395/3537
f 3504/4240/3504 3832/4262/3832 4058/4411/4058 3792/4398/3792
f 3832/4262/3832 3500/4261/3500 3788/4412/3788 4058/4411/4058
f 4058/4411/4058 3788/4412/3788 3533/4413/3533 3896/4414/3896
f 3792/4398/3792 4058/4411/4058 3896/4414/3896 3536/4399/3536
f 3503/4248/3503 3833/4268/3833 4059/4415/4059 3791/4403/3791
f 3833/4268/3833 3499/4267/3499 3787/4416/3787 4059/4415/4059
f 4059/4415/4059 3787/4416/3787 3532/4417/3532 3897/4418/3897
f 3791/4403/3791 4059/4415/4059 3897/4418/3897 3535/4404/3535
f 3502/4255/3502 3834/4271/3834 4060/4419/4060 3790/4408/3790
f 3834/4271/3834 3501/4190/3501 3845/4362/3845 4060/4419/4060
f 4060/4419/4060 3845/4362/3845 3525/4366/3525 3898/4420/3898
f 3790/4408/3790 4060/4419/4060 3898/4420/3898 3534/4409/3534
f 3500/4261/3500 3835/4277/3835 4061/4421/4061 3788/4412/3788
f 3835/4277/3835 3498/4276/3498 3786/4422/3786 4061/4421/4061
f 4061/4421/4061 3786/4422/3786 3531/4423/3531 3899/4424/3899
f 3788/4412/3788 4061/4421/4061 3899/4424/3899 3533/4413/3533
f 3499/4267/3499 3836/4283/3836 4062/4425/4062 3787/4416/3787
f 3836/4283/3836 3497/4282/3497 3785/4426/3785 4062/4425/4062
f 4062/4425/4062 3785/4426/3785 3530/4427/3530 3900/4428/3900
f 3787/4416/3787 4062/4425/4062 3900/4428/3900 3532/4417/3532
f 3498/4292/3498 3837/4291/3837 4063/4429/4063 3786/4430/3786
f 3837/4291/3837 3496/4290/3496 3784/4431/3784 4063/4429/4063
f 4063/4429/4063 3784/4431/3784 3529/4432/3529 3901/4433/3901
f 3786/4430/3786 4063/4429/4063 3901/4433/3901 3531/4434/3531
f 3497/4282/3497 3838/4298/3838 4064/4435/4064 3785/4426/3785
f 3838/4298/3838 3495/4297/3495 3783/4436/3783 4064/4435/4064
f 4064/4435/4064 3783/4436/3783 3528/4437/3528 3902/4438/3902
f 3785/4426/3785 4064/4435/4064 3902/4438/3902 3530/4427/3530
f 3496/4290/3496 3839/4304/3839 4065/4439/4065 3784/4431/3784
f 3839/4304/3839 3494/4303/3494 3782/4440/3782 4065/4439/4065
f 4065/4439/4065 3782/4440/3782 3527/4441/3527 3903/4442/3903
f 3784/4431/3784 4065/4439/4065 3903/4442/3903 3529/4432/3529
f 3495/4297/3495 3840/4310/3840 4066/4443/4066 3783/4436/3783
f 3840/4310/3840 3492/4309/3492 3780/4444/3780 4066/4443/4066
f 4066/4443/4066 3780/4444/3780 3526/4445/3526 3904/4446/3904
f 3783/4436/3783 4066/4443/4066 3904/4446/3904 3528/4437/3528
f 3494/4303/3494 3841/4313/3841 4067/4447/4067 3782/4440/3782
f 3841/4313/3841 3493/4124/3493 3844/4318/3844 4067/4447/4067
f 4067/4447/4067 3844/4318/3844 3524/4322/3524 3905/4448/3905
f 3782/4440/3782 4067/4447/4067 3905/4448/3905 3527/4441/3527
f 3492/4309/3492 3842/4316/3842 4068/4449/4068 3780/4444/3780
f 3842/4316/3842 3491/4133/3491 3843/4324/3843 4068/4449/4068
f 4068/4449/4068 3843/4324/3843 3523/4328/3523 3906/4450/3906
f 3780/4444/3780 4068/4449/4068 3906/4450/3906 3526/4445/3526
o DoorBridge_AllowingStarR
v 2.005311 6.300162 1.177361
v 3.782803 4.349755 1.177361
v 2.905498 5.961339 0.546231
v 2.905498 5.961339 1.808493
v 3.783094 5.009830 1.808493
v 3.783054 6.540696 1.808493
v 3.783094 5.009830 0.546231
v 3.783054 6.540696 0.546231
v 3.208959 5.469793 1.808493
v 3.446934 6.076722 1.808493
v 3.446934 6.076722 0.546231
v 3.208959 5.469793 0.546231
v 4.357234 5.469736 0.546231
v 4.119267 6.076761 0.546231
v 4.119268 6.076761 1.808493
v 4.357234 5.469736 1.808493
v 3.078406 6.589325 1.177361
v 2.584776 5.296347 1.177361
v 3.782798 7.490433 1.177361
v 4.487194 6.589325 1.177361
v 4.980829 5.296347 1.177361
v 3.218406 4.837924 1.808493
v 3.218406 4.837924 0.546231
v 2.653297 4.024873 1.177361
v 4.348556 4.836918 0.546231
v 4.348556 4.836918 1.808493
v 4.913625 4.023556 1.177361
v 4.661549 5.962095 0.546231
v 4.661549 5.962095 1.808493
v 5.561606 6.301478 1.177361
v 3.184523 6.087770 1.808493
v 3.184523 6.087770 0.546231
v 2.607683 6.648114 1.177361
v 3.154178 5.157136 0.546231
v 3.154178 5.157136 1.808493
v 2.443476 4.720267 1.177361
v 3.015504 5.686449 1.808493
v 3.015504 5.686449 0.546231
v 2.197349 5.666653 1.177361
v 3.552069 6.293279 0.546231
v 3.552068 6.293279 1.808493
v 3.229522 6.971240 1.177361
v 4.014040 6.293279 0.546231
v 4.014040 6.293279 1.808493
v 4.336077 6.971240 1.177361
v 4.382197 6.088255 1.808493
v 4.382197 6.088255 0.546231
v 4.958577 6.648772 1.177361
v 4.551086 5.686837 0.546231
v 5.368913 5.667311 1.177361
v 4.551086 5.686837 1.808493
v 4.412435 5.156573 1.808493
v 4.412435 5.156573 0.546231
v 5.122787 4.719609 1.177361
v 3.511645 4.897905 1.808493
v 3.302300 4.113715 1.177361
v 3.511645 4.897905 0.546231
v 4.054914 4.897438 0.546231
v 4.263964 4.113056 1.177361
v 4.054914 4.897438 1.808493
v 3.630831 6.470965 0.546231
v 3.630831 6.470965 1.808493
v 3.406089 7.310973 1.177361
v 4.159508 7.310973 1.177361
v 3.935277 6.470965 0.546231
v 3.935277 6.470965 1.808493
v 2.993257 6.064103 1.808493
v 2.217346 6.555768 1.177361
v 2.993257 6.064103 0.546231
v 2.899081 5.845025 0.546231
v 2.899081 5.845024 1.808493
v 1.989964 6.022315 1.177361
v 3.143297 4.943892 1.808493
v 2.461318 4.283935 1.177361
v 3.143297 4.943892 0.546231
v 4.574133 6.065307 0.546231
v 5.350889 6.558401 1.177361
v 4.574133 6.065307 1.808493
v 4.668279 5.846107 1.808493
v 4.668279 5.846107 0.546231
v 5.578271 6.024948 1.177361
v 4.424078 4.942605 0.546231
v 5.106921 4.281301 1.177361
v 4.424078 4.942605 1.808493
v 4.240532 4.817476 1.808493
v 4.240532 4.817476 0.546231
v 4.648396 3.973472 1.177361
v 3.326720 4.818756 0.546231
v 3.326720 4.818756 1.808493
v 2.919844 3.976107 1.177361
v 4.418020 6.494717 1.563214
v 3.782850 7.307267 1.563214
v 2.702567 5.328809 1.563214
v 2.180050 6.233972 1.563214
v 3.782854 4.475245 1.563214
v 3.147684 6.494717 1.563214
v 4.863142 5.328809 1.563214
v 2.764354 4.182292 1.563214
v 4.802543 4.181104 1.563214
v 5.386842 6.235158 1.563214
v 2.723222 6.547728 1.563214
v 2.575153 4.809345 1.563214
v 2.353215 5.662723 1.563214
v 3.283948 6.839098 1.563214
v 4.281754 6.839098 1.563214
v 4.843077 6.548321 1.563214
v 5.213086 5.663316 1.563214
v 4.991149 4.808751 1.563214
v 3.349574 4.262403 1.563214
v 4.216728 4.261809 1.563214
v 3.443163 7.145444 1.563214
v 4.122538 7.145444 1.563214
v 2.371246 6.464458 1.563214
v 2.166211 5.983431 1.563214
v 2.591241 4.415894 1.563214
v 5.196834 6.466832 1.563214
v 5.401870 5.985806 1.563214
v 4.976842 4.413519 1.563214
v 4.563379 4.135943 1.563214
v 3.004705 4.138318 1.563214
v 4.863142 5.328809 0.791508
v 3.147684 6.494717 0.791508
v 3.782855 4.475245 0.791508
v 2.180050 6.233972 0.791508
v 2.702567 5.328809 0.791508
v 3.782851 7.307267 0.791508
v 4.418020 6.494717 0.791508
v 2.764354 4.182292 0.791508
v 4.802543 4.181104 0.791508
v 5.386843 6.235158 0.791508
v 2.723222 6.547728 0.791508
v 2.575153 4.809345 0.791508
v 2.353215 5.662723 0.791508
v 3.283948 6.839098 0.791508
v 4.281754 6.839098 0.791508
v 4.843077 6.548321 0.791508
v 5.213086 5.663316 0.791508
v 4.991149 4.808751 0.791508
v 3.349575 4.262403 0.791508
v 4.216728 4.261809 0.791508
v 3.443163 7.145444 0.791508
v 4.122538 7.145443 0.791508
v 2.371246 6.464458 0.791508
v 2.166211 5.983431 0.791508
v 2.591242 4.415894 0.791508
v 5.196834 6.466832 0.791508
v 5.401870 5.985806 0.791508
v 4.976842 4.413519 0.791508
v 4.563379 4.135943 0.791508
v 3.004705 4.138318 0.791508
v 2.720744 6.248436 1.764852
v 2.582230 6.081765 1.764852
v 3.537414 6.767701 0.589871
v 3.782965 6.884958 0.589871
v 3.537414 6.767701 1.764852
v 3.782965 6.884958 1.764852
v 2.713767 5.665310 1.764852
v 2.985228 5.407887 1.764852
v 2.981872 6.306102 0.589871
v 3.314354 6.263813 0.589871
v 2.572369 5.901152 0.589871
v 2.582230 6.081765 0.589871
v 3.447451 4.608383 1.764852
v 3.782977 4.773729 1.764852
v 2.885472 5.006025 0.589871
v 2.985228 5.407887 0.589871
v 4.852645 5.665760 0.589871
v 4.580726 5.407875 0.589871
v 4.584582 6.306580 1.764852
v 4.251599 6.263822 1.764852
v 4.144726 6.538000 0.589871
v 4.251599 6.263822 0.589871
v 4.118954 4.607911 0.589871
v 3.782977 4.773729 0.589871
v 4.144725 6.538000 1.764852
v 4.680946 5.005519 1.764852
v 4.580726 5.407874 1.764852
v 2.894043 4.713945 1.764852
v 3.018413 4.545110 1.764852
v 3.190872 4.513918 0.589871
v 3.018413 4.545110 0.589871
v 4.673692 4.712149 0.589871
v 4.548442 4.544140 0.589871
v 4.376822 4.512120 1.764852
v 4.548442 4.544140 1.764852
v 4.846985 6.250217 0.589871
v 4.984651 6.082653 0.589871
v 4.995356 5.902896 1.764852
v 4.984651 6.082653 1.764852
v 3.314354 6.263813 1.764852
v 2.981872 6.306102 1.764852
v 2.720744 6.248436 0.589871
v 2.894043 4.713945 0.589871
v 2.885472 5.006025 1.764852
v 2.572369 5.901152 1.764852
v 2.713767 5.665310 0.589871
v 3.421206 6.538000 0.589871
v 3.421207 6.538000 1.764852
v 4.028517 6.767701 0.589871
v 4.028517 6.767701 1.764852
v 4.846985 6.250217 1.764852
v 4.584583 6.306580 0.589871
v 4.995356 5.902895 0.589871
v 4.852645 5.665760 1.764852
v 4.673692 4.712149 1.764852
v 4.680946 5.005519 0.589871
v 3.190872 4.513918 1.764852
v 3.447451 4.608383 0.589871
v 4.376822 4.512120 0.589871
v 4.118954 4.607911 1.764852
v 4.951694 5.304383 0.969837
v 4.470070 6.565904 1.384885
v 3.782811 7.445089 1.384885
v 2.613936 5.304383 1.384885
v 2.636211 6.169570 1.764852
v 3.095556 6.565904 0.969837
v 3.649162 6.849349 0.589871
v 3.782916 4.623893 0.665402
v 2.048569 6.283776 1.384885
v 3.649162 6.849349 1.764852
v 2.385354 6.156221 0.665402
v 3.782815 4.380821 1.384885
v 2.872910 5.550378 1.764852
v 3.229982 6.381916 1.689320
v 3.161853 6.264839 0.589871
v 2.842405 5.367495 0.665402
v 2.561975 5.996182 0.589871
v 3.609310 4.714627 1.764852
v 3.782911 7.091969 0.665402
v 2.960528 5.211520 0.589871
v 4.693107 5.550441 0.589871
v 4.335845 6.381917 0.665402
v 4.404194 6.264919 1.764852
v 4.723426 5.367493 1.689320
v 4.177459 6.376685 0.589871
v 3.956707 4.714551 0.589871
v 4.177459 6.376685 1.764852
v 4.605492 5.211418 1.764852
v 3.535459 4.265596 1.177361
v 3.182204 6.744887 1.177361
v 4.030230 4.265513 1.177361
v 5.140712 5.499614 1.177361
v 2.087951 6.434988 1.177361
v 2.424975 5.499532 1.177361
v 3.988187 7.435833 1.177361
v 2.949162 4.613738 1.764852
v 3.096989 4.513880 0.589871
v 2.546120 4.130491 1.177361
v 2.894642 4.367309 0.665402
v 2.680790 4.063843 1.384885
v 4.618137 4.612354 0.589871
v 4.470283 4.512489 1.764852
v 5.021461 4.128515 1.177361
v 4.672226 4.366263 1.689320
v 4.886126 4.062558 0.969837
v 4.931091 6.170906 0.589871
v 5.005331 5.997494 1.764852
v 5.479625 6.436963 1.177361
v 5.518342 6.285060 0.969837
v 5.181515 6.157256 1.689320
v 3.161853 6.264839 1.764852
v 2.833507 6.300771 0.589871
v 2.864345 6.591809 1.177361
v 2.636285 6.623262 1.384885
v 2.858061 6.428461 0.665402
v 2.864218 4.840945 0.589871
v 2.960528 5.211520 1.764852
v 2.549628 5.016433 1.177361
v 2.730769 4.912961 0.665402
v 2.476074 4.742319 1.384885
v 2.614672 5.785806 1.764852
v 2.872910 5.550378 0.589871
v 2.053263 5.846889 1.177361
v 2.235935 5.665680 1.384885
v 2.536570 5.659559 0.665402
v 3.388476 6.376684 0.589871
v 3.388476 6.376684 1.764852
v 3.293854 7.160153 1.177361
v 3.349394 6.684223 0.665402
v 3.242995 6.938528 1.384885
v 4.102041 6.667863 0.589871
v 4.102041 6.667863 1.764852
v 4.383396 6.744887 1.177361
v 4.322629 6.938527 1.384885
v 4.216430 6.684223 0.665402
v 4.733750 6.302069 1.764852
v 4.404194 6.264919 0.589871
v 4.701339 6.591892 1.177361
v 4.929984 6.623904 0.969837
v 4.708292 6.428982 1.689320
v 4.952559 5.787066 0.589871
v 5.514233 5.848781 1.177361
v 4.693107 5.550441 1.764852
v 5.029779 5.660077 1.689320
v 5.330337 5.666322 0.969837
v 4.703025 4.839631 1.764852
v 4.605492 5.211418 0.589871
v 5.016060 5.016350 1.177361
v 4.835583 4.912436 1.689320
v 5.090199 4.741677 0.969837
v 3.307263 4.540741 1.764852
v 3.095584 4.015723 1.177361
v 3.609310 4.714627 0.589871
v 3.314003 4.150524 1.384885
v 3.403751 4.437568 0.665402
v 4.259949 4.539445 0.589871
v 4.471915 4.013830 1.177361
v 3.956707 4.714551 1.764852
v 4.252270 4.149881 0.969837
v 4.162599 4.437047 1.689320
v 3.463890 6.667863 0.589871
v 3.463890 6.667863 1.764852
v 3.577410 7.435833 1.177361
v 3.487837 6.951365 0.665402
v 3.415267 7.269996 1.384885
v 4.271743 7.160153 1.177361
v 3.916769 6.849349 0.589871
v 3.916769 6.849349 1.764852
v 4.077985 6.951365 0.665402
v 4.150356 7.269995 1.384885
v 2.833507 6.300771 1.764852
v 2.388782 6.636387 1.177361
v 2.636211 6.169570 0.589871
v 2.551476 6.356443 0.665402
v 2.255445 6.533164 1.384885
v 2.614672 5.785807 0.589871
v 2.561975 5.996182 1.764852
v 1.974260 6.168262 1.177361
v 2.033596 6.012689 1.384885
v 2.373350 5.938648 0.665402
v 2.864218 4.840945 1.764852
v 2.415074 4.476327 1.177361
v 2.949162 4.613738 0.589871
v 2.493482 4.316602 1.384885
v 2.744362 4.570226 0.665402
v 4.733750 6.302069 0.589871
v 5.178712 6.638279 1.177361
v 4.931091 6.170906 1.764852
v 5.016422 6.358513 1.689320
v 5.312751 6.535732 0.969837
v 4.952559 5.787066 1.764852
v 5.005331 5.997494 0.589871
v 5.593317 6.170237 1.177361
v 5.194549 5.940713 1.689320
v 5.534602 6.015258 0.969837
v 4.703026 4.839631 0.589871
v 5.152424 4.474434 1.177361
v 4.618137 4.612354 1.764852
v 5.074719 4.314033 0.969837
v 4.823540 4.568153 1.689320
v 4.259949 4.539445 1.764852
v 4.470283 4.512489 0.589871
v 4.792199 3.974601 1.177361
v 4.627349 4.013693 0.969837
v 4.464632 4.327111 1.689320
v 3.307263 4.540741 0.589871
v 3.096989 4.513880 1.764852
v 2.775383 3.976577 1.177361
v 2.940852 4.016263 1.384885
v 3.103266 4.329185 0.665402
v 4.335845 6.381917 1.689320
v 3.782911 7.091969 1.689320
v 2.842405 5.367495 1.689320
v 2.385353 6.156221 1.689320
v 3.782916 4.623893 1.689320
v 3.095556 6.565904 1.384885
v 4.951694 5.304383 1.384885
v 2.894642 4.367309 1.689320
v 4.886126 4.062558 1.384885
v 5.518342 6.285060 1.384885
v 2.858061 6.428461 1.689320
v 2.730769 4.912961 1.689320
v 2.536570 5.659559 1.689320
v 3.349394 6.684223 1.689320
v 4.216430 6.684223 1.689320
v 4.929984 6.623904 1.384885
v 5.330337 5.666322 1.384885
v 5.090199 4.741676 1.384885
v 3.403751 4.437568 1.689320
v 4.252270 4.149881 1.384885
v 3.487837 6.951365 1.689320
v 4.077985 6.951365 1.689320
v 2.551476 6.356443 1.689320
v 2.373350 5.938648 1.689320
v 2.744362 4.570227 1.689320
v 5.312751 6.535732 1.384885
v 5.534602 6.015258 1.384885
v 5.074719 4.314033 1.384885
v 4.627349 4.013693 1.384885
v 3.103266 4.329185 1.689320
v 3.163174 4.174041 1.563214
v 4.404242 4.172334 1.563214
v 4.899781 4.275749 1.563214
v 5.344124 5.826952 1.563214
v 5.312918 6.357328 1.563214
v 2.667709 4.277530 1.563214
v 2.223289 5.825245 1.563214
v 2.254568 6.355548 1.563214
v 3.968054 7.258033 1.563214
v 3.341959 7.009446 1.563214
v 4.005965 4.399283 1.563214
v 3.559819 4.399357 1.563214
v 5.017874 4.587671 1.563214
v 5.007312 5.512099 1.563214
v 5.041578 6.538860 1.563214
v 4.223743 7.009446 1.563214
v 3.241281 6.634991 1.563214
v 2.558470 5.512025 1.563214
v 2.549542 4.589379 1.563214
v 2.525834 6.537153 1.563214
v 5.415436 6.116815 1.563214
v 4.693049 4.136961 1.563214
v 2.874441 4.138742 1.563214
v 4.324423 6.634991 1.563214
v 2.670872 5.076404 1.563214
v 4.894911 5.076329 1.563214
v 4.611119 6.497031 1.563214
v 2.152050 6.115035 1.563214
v 3.597647 7.258033 1.563214
v 2.954660 6.496957 1.563214
v 4.723426 5.367493 0.665402
v 3.229982 6.381916 0.665402
v 3.782815 4.380821 0.969837
v 2.048569 6.283776 0.969837
v 2.613936 5.304383 0.969837
v 3.782811 7.445089 0.969837
v 4.470070 6.565904 0.969837
v 2.680790 4.063843 0.969837
v 4.672226 4.366263 0.665402
v 5.181515 6.157256 0.665402
v 2.636285 6.623262 0.969837
v 2.476074 4.742319 0.969837
v 2.235935 5.665680 0.969837
v 3.242995 6.938528 0.969837
v 4.322629 6.938527 0.969837
v 4.708292 6.428982 0.665402
v 5.029779 5.660077 0.665402
v 4.835583 4.912436 0.665402
v 3.314003 4.150524 0.969837
v 4.162599 4.437047 0.665402
v 3.415267 7.269996 0.969837
v 4.150356 7.269995 0.969837
v 2.255445 6.533164 0.969837
v 2.033596 6.012690 0.969837
v 2.493482 4.316602 0.969837
v 5.016422 6.358513 0.665402
v 5.194549 5.940713 0.665402
v 4.823540 4.568153 0.665402
v 4.464632 4.327111 0.665402
v 2.940852 4.016263 0.969837
v 3.163174 4.174041 0.791508
v 4.404243 4.172334 0.791508
v 4.899781 4.275749 0.791508
v 5.344124 5.826951 0.791508
v 5.312918 6.357328 0.791508
v 2.667709 4.277530 0.791508
v 2.223289 5.825245 0.791508
v 2.254568 6.355548 0.791508
v 3.968055 7.258033 0.791508
v 3.341959 7.009446 0.791508
v 4.005965 4.399283 0.791508
v 3.559819 4.399357 0.791508
v 5.017874 4.587672 0.791508
v 5.007312 5.512099 0.791508
v 5.041578 6.538860 0.791508
v 4.223743 7.009445 0.791508
v 3.241281 6.634991 0.791508
v 2.558470 5.512025 0.791508
v 2.549542 4.589378 0.791508
v 2.525834 6.537154 0.791508
v 5.415436 6.116815 0.791508
v 4.693049 4.136961 0.791508
v 2.874441 4.138742 0.791508
v 2.670872 5.076404 0.791508
v 3.597647 7.258033 0.791508
v 4.611119 6.497031 0.791508
v 4.894911 5.076329 0.791508
v 2.954660 6.496957 0.791508
v 2.152050 6.115035 0.791508
v 4.324423 6.634991 0.791508
v 3.038215 5.969187 1.809598
v 3.711360 6.415427 0.545125
v 3.711360 6.415427 1.809598
v 3.206105 5.596915 1.809598
v 3.376377 6.010736 0.545125
v 2.996891 5.874252 0.545125
v 3.656056 5.048367 1.809598
v 3.270587 5.349710 0.545125
v 4.360234 5.596999 0.545125
v 4.190053 6.010888 1.809598
v 4.016108 6.104370 0.545125
v 3.910274 5.048235 0.545125
v 4.016108 6.104370 1.809598
v 4.295760 5.349496 1.809598
v 3.248106 4.967488 1.809598
v 3.326279 4.913331 0.545125
v 4.319026 4.966463 0.545125
v 4.240772 4.912292 1.809598
v 4.528944 5.970056 0.545125
v 4.570271 5.875051 1.809598
v 3.376378 6.010736 1.809598
v 3.153805 6.036442 0.545125
v 3.207735 5.101006 0.545125
v 3.270587 5.349710 1.809598
v 3.034187 5.754896 1.809598
v 3.206105 5.596915 0.545125
v 3.550090 6.104362 0.545125
v 3.550090 6.104362 1.809598
v 3.957736 6.308816 0.545125
v 3.957736 6.308816 1.809598
v 4.413313 6.037292 1.809598
v 4.190053 6.010888 0.545125
v 4.532844 5.755629 0.545125
v 4.360234 5.596999 1.809598
v 4.359328 5.100097 1.809598
v 4.295760 5.349496 0.545125
v 3.449309 4.934356 1.809598
v 3.656056 5.048367 0.545125
v 4.117657 4.933503 0.545125
v 3.910274 5.048235 1.809598
v 3.608442 6.308817 0.545125
v 3.608442 6.308817 1.809598
v 3.854817 6.415427 0.545125
v 3.854817 6.415427 1.809598
v 3.153805 6.036442 1.809598
v 3.038215 5.969187 0.545125
v 3.034187 5.754896 0.545125
v 2.996891 5.874252 1.809598
v 3.207735 5.101006 1.809598
v 3.248106 4.967488 0.545125
v 4.413313 6.037292 0.545125
v 4.528944 5.970056 1.809598
v 4.532845 5.755629 1.809598
v 4.570271 5.875051 0.545125
v 4.359328 5.100097 0.545125
v 4.319026 4.966463 1.809598
v 4.117657 4.933503 1.809598
v 4.240772 4.912292 0.545125
v 3.449309 4.934356 0.545125
v 3.326279 4.913331 1.809598
v 2.721100 6.029742 1.799246
v 2.834584 6.165311 1.799246
v 3.782998 6.737415 0.555477
v 3.583216 6.642178 0.555477
v 3.583216 6.642178 1.799246
v 3.782999 6.737415 1.799246
v 3.094752 5.439633 1.799246
v 2.842680 5.682700 1.799246
v 3.379497 6.169466 0.555477
v 3.062264 6.206277 0.555477
v 2.721100 6.029742 0.555477
v 2.713225 5.882642 0.555477
v 3.783026 4.886584 1.799246
v 3.466449 4.734290 1.799246
v 3.094752 5.439633 0.555477
v 3.004426 5.063497 0.555477
v 4.471304 5.439595 0.555477
v 4.723811 5.683116 0.555477
v 4.186563 6.169492 1.799246
v 4.504343 6.206771 1.799246
v 4.186563 6.169492 0.555477
v 4.080192 6.436733 0.555477
v 3.783026 4.886584 0.555477
v 4.100019 4.733812 0.555477
v 4.080192 6.436733 1.799246
v 4.471304 5.439595 1.799246
v 4.562081 5.062930 1.799246
v 3.103604 4.671177 1.799246
v 3.003891 4.808762 1.799246
v 3.103604 4.671177 0.555477
v 3.242412 4.646679 0.555477
v 4.463283 4.670155 0.555477
v 4.563717 4.807154 0.555477
v 4.463283 4.670155 1.799246
v 4.325088 4.645069 1.799246
v 4.845861 6.030547 0.555477
v 4.733019 6.166872 0.555477
v 4.845861 6.030547 1.799246
v 4.854362 5.884099 1.799246
v 3.062264 6.206277 1.799246
v 3.379497 6.169466 1.799246
v 2.834584 6.165311 0.555477
v 3.003891 4.808762 0.555477
v 3.004426 5.063497 1.799246
v 2.713225 5.882642 1.799246
v 2.842680 5.682700 0.555477
v 3.485806 6.436734 0.555477
v 3.485806 6.436734 1.799246
v 3.982781 6.642178 0.555477
v 3.982781 6.642178 1.799246
v 4.733019 6.166872 1.799246
v 4.504343 6.206771 0.555477
v 4.854362 5.884099 0.555477
v 4.723810 5.683116 1.799246
v 4.563717 4.807154 1.799246
v 4.562081 5.062930 0.555477
v 3.242412 4.646680 1.799246
v 3.466449 4.734290 0.555477
v 4.325088 4.645069 0.555477
v 4.100019 4.733812 1.799246
v 3.783362 5.625448 0.541601
v 3.783362 5.625448 1.813122
v 4.253731 6.505200 0.665402
v 2.361030 6.052954 0.665402
v 3.060688 6.383788 0.665402
v 2.886703 6.568328 1.384885
v 3.582420 7.391818 1.384885
v 4.986069 5.031199 0.969837
v 2.018274 6.155085 1.384885
v 4.505209 6.383855 1.689320
v 4.751247 5.146430 1.689320
v 4.679004 6.568408 0.969837
v 3.622041 7.049200 0.665402
v 2.579642 5.031279 1.384885
v 2.814649 5.146501 0.665402
v 4.368796 6.717681 1.384885
v 2.990145 4.329510 0.665402
v 2.799905 4.016722 1.384885
v 4.577237 4.327950 1.689320
v 4.767653 4.014794 0.969837
v 5.549281 6.157012 0.969837
v 5.206355 6.054503 1.689320
v 2.422710 6.611821 1.384885
v 2.685888 6.419565 0.665402
v 2.708179 4.721125 0.665402
v 2.448362 4.504314 1.384885
v 2.458023 5.502625 1.384885
v 2.716214 5.527904 0.665402
v 3.312094 6.505200 0.665402
v 3.196829 6.717681 1.384885
v 4.259861 7.122845 1.384885
v 4.165944 6.833037 0.665402
v 5.144764 6.613667 0.969837
v 4.881432 6.421055 1.689320
v 4.849682 5.527969 1.689320
v 5.107687 5.502705 0.969837
v 4.859142 4.719632 1.689320
v 5.119115 4.502467 0.969837
v 3.541489 4.298710 1.384885
v 3.587617 4.557441 0.665402
v 4.024222 4.298629 0.969837
v 3.978279 4.557374 1.689320
v 3.399879 6.833038 0.665402
v 3.305763 7.122845 1.384885
v 3.943781 7.049200 0.665402
v 3.983203 7.391818 1.384885
v 2.450099 6.261820 0.665402
v 2.129198 6.415322 1.384885
v 2.095354 5.841531 1.384885
v 2.423062 5.801113 0.665402
v 2.576220 4.166892 1.384885
v 2.810767 4.450011 0.665402
v 5.117285 6.263372 1.689320
v 5.438355 6.417249 0.969837
v 5.144256 5.802598 1.689320
v 5.472121 5.843377 0.969837
v 4.991338 4.164964 0.969837
v 4.756619 4.448452 1.689320
v 4.455162 4.053069 0.969837
v 4.326166 4.358850 1.689320
v 3.112316 4.054915 1.384885
v 3.241151 4.360341 0.665402
v 3.241151 4.360341 1.689320
v 4.455162 4.053069 1.384885
v 4.991338 4.164964 1.384885
v 5.472121 5.843377 1.384885
v 5.438355 6.417249 1.384885
v 2.810767 4.450011 1.689320
v 2.423061 5.801113 1.689320
v 2.450099 6.261820 1.689320
v 3.943781 7.049200 1.689320
v 3.399879 6.833038 1.689320
v 4.024222 4.298629 1.384885
v 3.587617 4.557441 1.689320
v 5.119115 4.502467 1.384885
v 5.107687 5.502705 1.384885
v 5.144764 6.613667 1.384885
v 4.165944 6.833037 1.689320
v 3.312094 6.505200 1.689320
v 2.716214 5.527904 1.689320
v 2.708179 4.721125 1.689320
v 2.685888 6.419565 1.689320
v 5.549281 6.157012 1.384885
v 4.767653 4.014794 1.384885
v 2.990145 4.329510 1.689320
v 4.253731 6.505200 1.689320
v 2.814649 5.146501 1.689320
v 4.986069 5.031199 1.384885
v 4.679004 6.568408 1.384885
v 2.361029 6.052954 1.689320
v 3.622041 7.049200 1.689320
v 3.060688 6.383788 1.689320
v 3.112316 4.054915 0.969837
v 4.326166 4.358850 0.665402
v 4.756619 4.448452 0.665402
v 5.144256 5.802598 0.665402
v 5.117284 6.263372 0.665402
v 2.576220 4.166892 0.969837
v 2.095354 5.841531 0.969837
v 2.129198 6.415322 0.969837
v 3.983203 7.391818 0.969837
v 3.305763 7.122845 0.969837
v 3.978279 4.557374 0.665402
v 3.541489 4.298709 0.969837
v 4.859142 4.719633 0.665402
v 4.849682 5.527969 0.665402
v 4.881432 6.421054 0.665402
v 4.259861 7.122845 0.969837
v 3.196829 6.717681 0.969837
v 2.458023 5.502625 0.969837
v 2.448362 4.504314 0.969837
v 2.422710 6.611821 0.969837
v 5.206355 6.054503 0.665402
v 4.577237 4.327950 0.665402
v 2.799905 4.016722 0.969837
v 2.579642 5.031279 0.969837
v 3.582419 7.391818 0.969837
v 4.505209 6.383855 0.665402
v 4.751248 5.146430 0.665402
v 2.886703 6.568328 0.969837
v 2.018273 6.155086 0.969837
v 4.368797 6.717681 0.969837
v 2.773293 6.097163 1.799355
v 3.675097 6.700362 0.555368
v 3.675097 6.700362 1.799355
v 2.997092 5.577198 1.799355
v 3.236281 6.161516 0.555368
v 2.712978 5.957743 0.555368
v 3.618480 4.839344 1.799355
v 3.080297 5.256736 0.555368
v 4.569039 5.577271 0.555368
v 4.329935 6.161637 1.799355
v 4.108842 6.275496 0.555368
v 3.947647 4.839236 0.555368
v 4.108842 6.275496 1.799355
v 4.485840 5.256557 1.799355
v 3.054276 4.733698 1.799355
v 3.170834 4.653784 0.555368
v 4.512979 4.732390 0.555368
v 4.396347 4.652459 1.799355
v 4.793978 6.098339 0.555368
v 4.854301 5.958855 1.799355
v 3.236281 6.161516 1.799355
v 2.935664 6.202621 0.555368
v 2.987055 4.921377 0.555368
v 3.080297 5.256736 1.799355
v 2.758510 5.785689 1.799355
v 2.997092 5.577198 0.555368
v 3.457170 6.275493 0.555368
v 3.457170 6.275493 1.799355
v 4.041612 6.549840 0.555368
v 4.041612 6.549839 1.799355
v 4.631585 6.203793 1.799355
v 4.329935 6.161637 0.555368
v 4.808662 5.786756 0.555368
v 4.569039 5.577270 1.799355
v 4.580149 4.920161 1.799355
v 4.485840 5.256556 0.555368
v 3.344315 4.678431 1.799355
v 3.618480 4.839344 0.555368
v 4.222804 4.677265 0.555368
v 3.947647 4.839236 1.799355
v 3.524392 6.549840 0.555368
v 3.524392 6.549840 1.799355
v 3.890906 6.700362 0.555368
v 3.890906 6.700362 1.799355
v 2.935664 6.202621 1.799355
v 2.773293 6.097163 0.555368
v 2.758510 5.785689 0.555368
v 2.712978 5.957743 1.799355
v 2.987055 4.921377 1.799355
v 3.054276 4.733698 0.555368
v 4.631585 6.203793 0.555368
v 4.793978 6.098339 1.799355
v 4.808662 5.786756 1.799355
v 4.854301 5.958855 0.555368
v 4.580149 4.920161 0.555368
v 4.512979 4.732390 1.799355
v 4.222803 4.677265 1.799355
v 4.396347 4.652459 0.555368
v 3.344315 4.678431 0.555368
v 3.170834 4.653784 1.799355
vn -0.9249 0.3801 -0.0000
vn -0.0001 -1.0000 -0.0000
vn -0.0316 0.0118 -0.9994
vn -0.0316 0.0118 0.9994
vn -0.0000 -0.0382 0.9993
vn -0.0000 0.0328 0.9995
vn -0.0000 -0.0382 -0.9993
vn -0.0000 0.0328 -0.9995
vn -0.0369 -0.0099 0.9993
vn -0.0193 0.0356 0.9992
vn -0.0193 0.0356 -0.9992
vn -0.0369 -0.0099 -0.9993
vn 0.0369 -0.0099 -0.9993
vn 0.0192 0.0356 -0.9992
vn 0.0192 0.0356 0.9992
vn 0.0369 -0.0099 0.9993
vn -0.4608 0.8875 -0.0000
vn -0.9635 -0.2675 -0.0000
vn -0.0000 1.0000 -0.0000
vn 0.4606 0.8876 -0.0000
vn 0.9636 -0.2674 -0.0000
vn -0.0170 -0.0286 0.9994
vn -0.0170 -0.0286 -0.9994
vn -0.5467 -0.8373 -0.0000
vn 0.0170 -0.0286 -0.9994
vn 0.0170 -0.0286 0.9994
vn 0.5468 -0.8373 -0.0000
vn 0.0317 0.0117 -0.9994
vn 0.0317 0.0117 0.9994
vn 0.9249 0.3802 -0.0000
vn 0.0105 0.0636 0.9979
vn 0.0105 0.0636 -0.9979
vn 0.0689 0.9976 -0.0000
vn -0.0493 0.0146 -0.9987
vn -0.0493 0.0146 0.9987
vn -0.9759 0.2184 -0.0000
vn -0.0348 -0.0414 0.9985
vn -0.0348 -0.0414 -0.9985
vn -0.7004 -0.7137 -0.0000
vn -0.0601 0.0143 -0.9981
vn -0.0601 0.0143 0.9981
vn -0.9632 0.2689 -0.0000
vn 0.0601 0.0144 -0.9981
vn 0.0601 0.0143 0.9981
vn 0.9632 0.2690 -0.0000
vn -0.0107 0.0637 0.9979
vn -0.0107 0.0637 -0.9979
vn -0.0728 0.9973 -0.0000
vn 0.0348 -0.0414 -0.9985
vn 0.7003 -0.7139 -0.0000
vn 0.0348 -0.0414 0.9985
vn 0.0494 0.0148 0.9987
vn 0.0494 0.0148 -0.9987
vn 0.9752 0.2212 -0.0000
vn 0.0260 -0.0438 0.9987
vn 0.4832 -0.8755 -0.0000
vn 0.0260 -0.0438 -0.9987
vn -0.0261 -0.0437 -0.9987
vn -0.4847 -0.8747 -0.0000
vn -0.0261 -0.0437 0.9987
vn -0.0327 0.0282 -0.9991
vn -0.0327 0.0282 0.9991
vn -0.6965 0.7175 -0.0000
vn 0.6965 0.7175 -0.0000
vn 0.0327 0.0282 -0.9991
vn 0.0327 0.0282 0.9991
vn -0.0198 0.0330 0.9993
vn -0.5678 0.8232 -0.0000
vn -0.0198 0.0330 -0.9993
vn -0.0370 -0.0085 -0.9993
vn -0.0370 -0.0085 0.9993
vn -0.9759 -0.2182 -0.0000
vn -0.0346 -0.0122 0.9993
vn -0.9295 -0.3688 -0.0000
vn -0.0346 -0.0122 -0.9993
vn 0.0198 0.0330 -0.9993
vn 0.5680 0.8230 -0.0000
vn 0.0198 0.0330 0.9993
vn 0.0370 -0.0084 0.9993
vn 0.0370 -0.0084 -0.9993
vn 0.9761 -0.2173 -0.0000
vn 0.0346 -0.0122 -0.9993
vn 0.9293 -0.3694 -0.0000
vn 0.0346 -0.0122 0.9993
vn -0.0042 -0.0407 0.9992
vn -0.0042 -0.0407 -0.9992
vn -0.0997 -0.9950 -0.0000
vn 0.0042 -0.0407 -0.9992
vn 0.0042 -0.0407 0.9992
vn 0.1007 -0.9949 -0.0000
vn 0.3510 0.6953 0.6272
vn -0.0000 0.6774 0.7357
vn -0.7394 -0.2053 0.6412
vn -0.6143 0.2533 0.7473
vn -0.0001 -0.7631 0.6463
vn -0.3510 0.6951 0.6274
vn 0.7396 -0.2052 0.6410
vn -0.3580 -0.5507 0.7540
vn 0.3578 -0.5501 0.7546
vn 0.6138 0.2531 0.7478
vn 0.0698 0.8566 0.5112
vn -0.7999 0.1883 0.5698
vn -0.5727 -0.5986 0.5602
vn -0.8357 0.2302 0.4987
vn 0.8359 0.2302 0.4983
vn -0.0730 0.8572 0.5098
vn 0.5727 -0.5988 0.5599
vn 0.8002 0.1906 0.5687
vn 0.4017 -0.7189 0.5673
vn -0.4029 -0.7184 0.5670
vn -0.5287 0.5284 0.6642
vn 0.5289 0.5285 0.6640
vn -0.3955 0.5913 0.7028
vn -0.6882 -0.1615 0.7073
vn -0.6504 -0.2490 0.7176
vn 0.3951 0.5912 0.7031
vn 0.6882 -0.1610 0.7074
vn 0.6503 -0.2489 0.7178
vn -0.0819 -0.7234 0.6856
vn 0.0823 -0.7237 0.6852
vn 0.7396 -0.2052 -0.6410
vn -0.3510 0.6951 -0.6274
vn -0.0001 -0.7631 -0.6463
vn -0.6143 0.2533 -0.7473
vn -0.7394 -0.2053 -0.6412
vn -0.0000 0.6774 -0.7357
vn 0.3510 0.6953 -0.6272
vn -0.3580 -0.5507 -0.7540
vn 0.3578 -0.5501 -0.7546
vn 0.6138 0.2531 -0.7478
vn 0.0698 0.8566 -0.5112
vn -0.7999 0.1883 -0.5698
vn -0.5727 -0.5986 -0.5602
vn -0.8357 0.2302 -0.4987
vn 0.8359 0.2302 -0.4983
vn -0.0730 0.8572 -0.5098
vn 0.5727 -0.5988 -0.5599
vn 0.8002 0.1906 -0.5687
vn 0.4017 -0.7189 -0.5673
vn -0.4029 -0.7184 -0.5670
vn -0.5287 0.5284 -0.6642
vn 0.5289 0.5285 -0.6640
vn -0.3955 0.5913 -0.7028
vn -0.6882 -0.1615 -0.7073
vn -0.6504 -0.2490 -0.7176
vn 0.3951 0.5912 -0.7031
vn 0.6882 -0.1610 -0.7074
vn 0.6503 -0.2489 -0.7178
vn -0.0819 -0.7234 -0.6856
vn 0.0823 -0.7237 -0.6852
vn -0.1749 0.2690 0.9471
vn -0.2634 0.1087 0.9585
vn -0.2536 0.2444 -0.9359
vn -0.0000 0.2920 -0.9564
vn -0.2536 0.2444 0.9359
vn -0.0000 0.2920 0.9564
vn -0.2906 -0.3248 0.9000
vn -0.3345 -0.0923 0.9379
vn 0.0590 0.4776 -0.8766
vn -0.1594 0.3077 -0.9380
vn -0.3081 -0.0749 -0.9484
vn -0.2634 0.1087 -0.9585
vn 0.2120 -0.3674 0.9056
vn -0.0001 -0.3509 0.9364
vn -0.4128 0.1091 -0.9043
vn -0.3345 -0.0923 -0.9379
vn 0.2907 -0.3250 -0.8999
vn 0.3347 -0.0923 -0.9378
vn -0.0606 0.4785 0.8760
vn 0.1593 0.3079 0.9380
vn 0.4638 0.1190 -0.8779
vn 0.1593 0.3079 -0.9380
vn -0.2126 -0.3673 -0.9055
vn -0.0001 -0.3509 -0.9364
vn 0.4638 0.1190 0.8779
vn 0.4134 0.1103 0.9038
vn 0.3347 -0.0923 0.9378
vn -0.2902 -0.1077 0.9509
vn -0.1521 -0.2341 0.9602
vn 0.0414 -0.3327 -0.9421
vn -0.1521 -0.2341 -0.9602
vn 0.2901 -0.1075 -0.9509
vn 0.1520 -0.2339 -0.9603
vn -0.0415 -0.3325 0.9422
vn 0.1520 -0.2339 0.9603
vn 0.1746 0.2690 -0.9472
vn 0.2632 0.1086 -0.9586
vn 0.3080 -0.0748 0.9484
vn 0.2632 0.1086 0.9586
vn -0.1594 0.3077 0.9380
vn 0.0590 0.4776 0.8766
vn -0.1749 0.2690 -0.9471
vn -0.2902 -0.1077 -0.9509
vn -0.4128 0.1091 0.9043
vn -0.3081 -0.0749 0.9484
vn -0.2906 -0.3248 -0.9000
vn -0.4635 0.1190 -0.8781
vn -0.4635 0.1190 0.8781
vn 0.2538 0.2445 -0.9359
vn 0.2538 0.2445 0.9359
vn 0.1746 0.2690 0.9472
vn -0.0606 0.4785 -0.8760
vn 0.3080 -0.0748 -0.9484
vn 0.2907 -0.3250 0.8999
vn 0.2901 -0.1075 0.9509
vn 0.4134 0.1103 -0.9038
vn 0.0414 -0.3327 0.9421
vn 0.2120 -0.3674 -0.9056
vn -0.0415 -0.3325 -0.9422
vn -0.2126 -0.3673 0.9055
vn 0.9137 -0.2536 -0.3177
vn 0.4356 0.8467 0.3056
vn -0.0000 0.9123 0.4096
vn -0.9136 -0.2537 0.3179
vn -0.2263 0.1892 0.9555
vn -0.4357 0.8466 -0.3057
vn -0.1394 0.2781 -0.9504
vn -0.0001 -0.5349 -0.8449
vn -0.8391 0.3451 0.4205
vn -0.1394 0.2781 0.9504
vn -0.3947 0.1630 -0.9042
vn -0.0001 -0.9463 0.3232
vn -0.2863 -0.2977 0.9107
vn -0.2464 0.4889 0.8368
vn 0.0527 0.4604 -0.8861
vn -0.5179 -0.1434 -0.8434
vn -0.2938 0.0143 -0.9558
vn 0.1744 -0.3591 0.9168
vn -0.0000 0.4378 -0.8991
vn -0.3999 0.0958 -0.9115
vn 0.2865 -0.2978 -0.9106
vn 0.2463 0.4891 -0.8367
vn -0.0532 0.4607 0.8860
vn 0.5182 -0.1434 0.8432
vn 0.3916 0.1597 -0.9062
vn -0.1746 -0.3590 -0.9169
vn 0.3916 0.1597 0.9062
vn 0.4003 0.0962 0.9113
vn 0.4442 -0.8959 -0.0000
vn -0.9265 0.3763 -0.0000
vn -0.4446 -0.8957 -0.0000
vn 0.6890 -0.7248 -0.0000
vn -0.7772 0.6292 -0.0000
vn -0.6888 -0.7249 -0.0000
vn 0.4233 0.9060 -0.0000
vn -0.2314 -0.1703 0.9578
vn -0.0494 -0.2957 -0.9540
vn -0.7941 -0.6078 -0.0000
vn -0.2281 -0.3513 -0.9081
vn -0.4938 -0.7572 0.4276
vn 0.2300 -0.1714 -0.9580
vn 0.0509 -0.2947 0.9542
vn 0.7907 -0.6122 -0.0000
vn 0.2279 -0.3508 0.9083
vn 0.4938 -0.7569 -0.4281
vn 0.2269 0.1875 -0.9557
vn 0.2934 0.0157 0.9559
vn 0.7806 0.6250 -0.0000
vn 0.8389 0.3451 -0.4209
vn 0.3943 0.1629 0.9044
vn 0.0527 0.4604 0.8861
vn -0.0738 0.3812 -0.9216
vn 0.1213 0.9926 -0.0000
vn 0.0683 0.9686 0.2389
vn 0.0698 0.6772 -0.7325
vn -0.3622 -0.0056 -0.9321
vn -0.3999 0.0958 0.9115
vn -0.9709 0.2394 -0.0000
vn -0.6006 0.1508 -0.7852
vn -0.9376 0.2114 0.2761
vn -0.3121 -0.1925 0.9303
vn -0.2863 -0.2977 -0.9107
vn -0.8784 -0.4779 -0.0000
vn -0.6732 -0.6884 0.2701
vn -0.4272 -0.4629 -0.7767
vn -0.3914 0.1596 -0.9063
vn -0.3914 0.1596 0.9063
vn -0.8792 0.4765 -0.0000
vn -0.6613 0.1760 -0.7292
vn -0.9377 0.2617 0.2284
vn 0.3835 0.1811 -0.9056
vn 0.3835 0.1811 0.9056
vn 0.9265 0.3763 -0.0000
vn 0.9378 0.2617 0.2282
vn 0.6617 0.1761 -0.7288
vn 0.0718 0.3827 0.9211
vn -0.0532 0.4607 -0.8860
vn -0.1223 0.9925 -0.0000
vn -0.0720 0.9686 -0.2379
vn -0.0721 0.6782 0.7314
vn 0.3121 -0.1932 -0.9302
vn 0.8777 -0.4793 -0.0000
vn 0.2865 -0.2978 0.9106
vn 0.4273 -0.4631 0.7765
vn 0.6731 -0.6886 -0.2699
vn 0.3631 -0.0039 0.9317
vn 0.4003 0.0962 -0.9113
vn 0.9708 0.2401 -0.0000
vn 0.6013 0.1526 0.7843
vn 0.9372 0.2140 -0.2753
vn 0.1357 -0.3592 0.9233
vn 0.3173 -0.9483 -0.0000
vn 0.1744 -0.3591 -0.9168
vn 0.4654 -0.8421 0.2726
vn 0.3059 -0.5374 -0.7859
vn -0.1369 -0.3593 -0.9231
vn -0.3199 -0.9474 -0.0000
vn -0.1746 -0.3590 0.9168
vn -0.4668 -0.8414 -0.2723
vn -0.3068 -0.5372 0.7857
vn -0.3832 0.1810 -0.9057
vn -0.3832 0.1810 0.9057
vn -0.4233 0.9060 -0.0000
vn -0.3724 0.3633 -0.8540
vn -0.6553 0.6709 0.3471
vn 0.8792 0.4765 -0.0000
vn 0.1394 0.2782 -0.9504
vn 0.1394 0.2782 0.9504
vn 0.3725 0.3634 -0.8539
vn 0.6553 0.6710 0.3470
vn -0.0738 0.3812 0.9216
vn -0.2587 0.9660 -0.0000
vn -0.2263 0.1892 -0.9555
vn -0.2618 0.3995 -0.8786
vn -0.5228 0.7632 0.3798
vn -0.3121 -0.1925 -0.9303
vn -0.2938 0.0143 0.9558
vn -0.9978 0.0670 -0.0000
vn -0.9010 -0.2037 0.3830
vn -0.4596 -0.1112 -0.8811
vn -0.3622 -0.0056 0.9321
vn -0.9973 -0.0732 -0.0000
vn -0.2314 -0.1703 -0.9578
vn -0.8557 -0.3367 0.3929
vn -0.4323 -0.1619 -0.8871
vn 0.0718 0.3827 -0.9211
vn 0.2535 0.9673 -0.0000
vn 0.2269 0.1875 0.9557
vn 0.2614 0.3994 0.8787
vn 0.5228 0.7630 -0.3802
vn 0.3121 -0.1932 0.9302
vn 0.2934 0.0157 -0.9559
vn 0.9974 0.0719 -0.0000
vn 0.4596 -0.1109 0.8812
vn 0.9011 -0.2029 -0.3832
vn 0.3631 -0.0039 -0.9317
vn 0.9976 -0.0689 -0.0000
vn 0.2300 -0.1714 0.9580
vn 0.8555 -0.3371 -0.3931
vn 0.4322 -0.1617 0.8872
vn -0.1369 -0.3593 0.9231
vn 0.0509 -0.2947 -0.9542
vn 0.2029 -0.9792 -0.0000
vn -0.0954 -0.9262 -0.3647
vn -0.0605 -0.4938 0.8674
vn 0.1357 -0.3592 -0.9233
vn -0.0494 -0.2957 0.9540
vn -0.1975 -0.9803 -0.0000
vn 0.0962 -0.9264 0.3642
vn 0.0606 -0.4942 -0.8672
vn 0.2463 0.4891 0.8367
vn -0.0000 0.4378 0.8991
vn -0.5179 -0.1434 0.8434
vn -0.3947 0.1630 0.9042
vn -0.0001 -0.5349 0.8449
vn -0.4357 0.8466 0.3057
vn 0.9137 -0.2536 0.3177
vn -0.2281 -0.3513 0.9081
vn 0.4938 -0.7569 0.4281
vn 0.8389 0.3451 0.4209
vn 0.0698 0.6772 0.7325
vn -0.6006 0.1508 0.7852
vn -0.4272 -0.4629 0.7767
vn -0.6613 0.1760 0.7292
vn 0.6617 0.1761 0.7288
vn -0.0720 0.9686 0.2379
vn 0.6731 -0.6886 0.2699
vn 0.9372 0.2140 0.2753
vn 0.3059 -0.5374 0.7859
vn -0.4668 -0.8414 0.2723
vn -0.3724 0.3633 0.8540
vn 0.3725 0.3634 0.8539
vn -0.2618 0.3995 0.8786
vn -0.4596 -0.1112 0.8811
vn -0.4323 -0.1619 0.8871
vn 0.5228 0.7630 0.3802
vn 0.9011 -0.2029 0.3832
vn 0.8555 -0.3371 0.3931
vn -0.0954 -0.9262 0.3647
vn 0.0606 -0.4942 0.8672
vn 0.2561 -0.7357 0.6271
vn -0.2582 -0.7353 0.6266
vn 0.5287 -0.4028 0.7471
vn 0.6607 -0.3771 0.6491
vn 0.5246 0.4262 0.7370
vn -0.5316 -0.4002 0.7465
vn -0.6610 -0.3759 0.6495
vn -0.5228 0.4296 0.7363
vn 0.3048 0.6292 0.7150
vn -0.7209 0.3756 0.5824
vn -0.3612 -0.7290 0.5814
vn 0.3609 -0.7292 0.5813
vn 0.7544 -0.0356 0.6555
vn 0.5738 -0.6040 0.5532
vn 0.1792 0.7587 0.6263
vn 0.7211 0.3757 0.5822
vn -0.7832 0.3145 0.5363
vn -0.5735 -0.6040 0.5534
vn -0.7535 -0.0389 0.6563
vn -0.1832 0.7569 0.6274
vn 0.6744 0.0424 0.7372
vn 0.1272 -0.6698 0.7316
vn -0.1237 -0.6715 0.7306
vn 0.7835 0.3146 0.5359
vn -0.8037 0.1976 0.5612
vn 0.8039 0.1983 0.5607
vn -0.1076 0.8700 0.4812
vn -0.6751 0.0391 0.7367
vn -0.3048 0.6291 0.7151
vn 0.1067 0.8699 0.4816
vn 0.5182 -0.1434 -0.8432
vn -0.2464 0.4889 -0.8368
vn -0.0001 -0.9463 -0.3232
vn -0.8391 0.3451 -0.4205
vn -0.9136 -0.2537 -0.3179
vn -0.0000 0.9123 -0.4096
vn 0.4356 0.8467 -0.3056
vn -0.4938 -0.7572 -0.4276
vn 0.2279 -0.3508 -0.9083
vn 0.3943 0.1629 -0.9044
vn 0.0683 0.9686 -0.2389
vn -0.9376 0.2114 -0.2761
vn -0.6732 -0.6884 -0.2701
vn -0.9377 0.2617 -0.2284
vn 0.9378 0.2617 -0.2282
vn -0.0721 0.6782 -0.7314
vn 0.4273 -0.4631 -0.7765
vn 0.6013 0.1526 -0.7843
vn 0.4654 -0.8421 -0.2726
vn -0.3068 -0.5372 -0.7857
vn -0.6553 0.6709 -0.3471
vn 0.6553 0.6710 -0.3470
vn -0.5228 0.7632 -0.3798
vn -0.9010 -0.2037 -0.3830
vn -0.8557 -0.3367 -0.3929
vn 0.2614 0.3994 -0.8787
vn 0.4596 -0.1109 -0.8812
vn 0.4322 -0.1617 -0.8872
vn -0.0605 -0.4938 -0.8674
vn 0.0962 -0.9264 -0.3642
vn 0.2561 -0.7357 -0.6271
vn -0.2582 -0.7353 -0.6266
vn 0.5287 -0.4028 -0.7471
vn 0.6607 -0.3771 -0.6491
vn 0.5246 0.4262 -0.7370
vn -0.5316 -0.4002 -0.7465
vn -0.6610 -0.3759 -0.6495
vn -0.5228 0.4296 -0.7363
vn 0.3048 0.6292 -0.7150
vn -0.7209 0.3756 -0.5824
vn -0.3612 -0.7290 -0.5814
vn 0.3609 -0.7292 -0.5813
vn 0.7544 -0.0356 -0.6555
vn 0.5738 -0.6040 -0.5532
vn 0.1792 0.7587 -0.6263
vn 0.7211 0.3757 -0.5822
vn -0.7832 0.3145 -0.5363
vn -0.5735 -0.6040 -0.5534
vn -0.7535 -0.0389 -0.6563
vn -0.1832 0.7569 -0.6274
vn 0.6744 0.0424 -0.7372
vn 0.1272 -0.6698 -0.7316
vn -0.1237 -0.6715 -0.7306
vn -0.8037 0.1976 -0.5612
vn -0.3048 0.6291 -0.7151
vn -0.1076 0.8700 -0.4812
vn 0.8039 0.1983 -0.5607
vn 0.1067 0.8699 -0.4816
vn -0.6751 0.0391 -0.7367
vn 0.7835 0.3146 -0.5359
vn -0.0093 0.0076 0.9999
vn -0.0056 0.0132 -0.9999
vn -0.0056 0.0132 0.9999
vn -0.0220 -0.0161 0.9996
vn -0.0024 0.0304 -0.9995
vn -0.0111 0.0008 -0.9999
vn 0.0079 -0.0249 0.9997
vn -0.0278 0.0023 -0.9996
vn 0.0221 -0.0162 -0.9996
vn 0.0024 0.0305 0.9995
vn 0.0227 0.0146 -0.9996
vn -0.0080 -0.0249 -0.9997
vn 0.0227 0.0146 0.9996
vn 0.0279 0.0023 0.9996
vn -0.0090 -0.0068 0.9999
vn -0.0023 -0.0105 -0.9999
vn 0.0089 -0.0069 -0.9999
vn 0.0023 -0.0104 0.9999
vn 0.0093 0.0076 -0.9999
vn 0.0111 0.0009 0.9999
vn -0.0024 0.0304 0.9995
vn -0.0041 0.0228 -0.9997
vn -0.0213 -0.0004 -0.9998
vn -0.0278 0.0023 0.9996
vn -0.0180 -0.0112 0.9998
vn -0.0220 -0.0161 -0.9996
vn -0.0227 0.0146 -0.9996
vn -0.0227 0.0146 0.9996
vn 0.0226 0.0119 -0.9997
vn 0.0226 0.0119 0.9997
vn 0.0041 0.0229 0.9997
vn 0.0024 0.0305 -0.9995
vn 0.0180 -0.0112 -0.9998
vn 0.0221 -0.0162 0.9996
vn 0.0214 -0.0003 0.9998
vn 0.0279 0.0023 -0.9996
vn 0.0067 -0.0206 0.9998
vn 0.0079 -0.0249 -0.9997
vn -0.0068 -0.0206 -0.9998
vn -0.0080 -0.0249 0.9997
vn -0.0225 0.0119 -0.9997
vn -0.0225 0.0119 0.9997
vn 0.0056 0.0132 -0.9999
vn 0.0056 0.0132 0.9999
vn -0.0041 0.0228 0.9997
vn -0.0093 0.0076 -0.9999
vn -0.0180 -0.0112 -0.9998
vn -0.0111 0.0008 0.9999
vn -0.0213 -0.0004 0.9998
vn -0.0090 -0.0068 -0.9999
vn 0.0041 0.0229 -0.9997
vn 0.0093 0.0076 0.9999
vn 0.0180 -0.0112 0.9998
vn 0.0111 0.0009 -0.9999
vn 0.0214 -0.0003 -0.9998
vn 0.0089 -0.0069 0.9999
vn -0.0068 -0.0206 0.9998
vn 0.0023 -0.0104 -0.9999
vn 0.0067 -0.0206 -0.9998
vn -0.0023 -0.0105 0.9999
vn -0.1342 0.0547 0.9894
vn -0.0864 0.1352 0.9870
vn -0.0000 0.1491 -0.9888
vn -0.1273 0.1197 -0.9846
vn -0.1273 0.1197 0.9846
vn -0.0000 0.1491 0.9888
vn -0.1416 -0.0392 0.9891
vn -0.1373 -0.1587 0.9777
vn -0.0685 0.1249 -0.9898
vn 0.0335 0.2304 -0.9725
vn -0.1342 0.0547 -0.9894
vn -0.1529 -0.0368 -0.9876
vn -0.0000 -0.1519 0.9884
vn 0.1008 -0.1741 0.9796
vn -0.1416 -0.0392 -0.9891
vn -0.1973 0.0551 -0.9788
vn 0.1417 -0.0392 -0.9891
vn 0.1374 -0.1588 -0.9777
vn 0.0685 0.1250 0.9898
vn -0.0342 0.2307 0.9724
vn 0.0685 0.1250 -0.9898
vn 0.2202 0.0559 -0.9739
vn -0.0000 -0.1519 -0.9884
vn -0.1011 -0.1740 -0.9795
vn 0.2202 0.0559 0.9739
vn 0.1417 -0.0392 0.9891
vn 0.1976 0.0556 0.9787
vn -0.0782 -0.1210 0.9896
vn -0.1448 -0.0529 0.9881
vn -0.0782 -0.1210 -0.9896
vn 0.0198 -0.1636 -0.9863
vn 0.0780 -0.1208 -0.9896
vn 0.1449 -0.0528 -0.9880
vn 0.0780 -0.1208 0.9896
vn -0.0199 -0.1637 0.9863
vn 0.1339 0.0545 -0.9895
vn 0.0863 0.1353 -0.9870
vn 0.1339 0.0545 0.9895
vn 0.1530 -0.0368 0.9875
vn 0.0335 0.2304 0.9725
vn -0.0685 0.1249 0.9898
vn -0.0864 0.1352 -0.9870
vn -0.1448 -0.0529 -0.9881
vn -0.1973 0.0551 0.9788
vn -0.1529 -0.0368 0.9876
vn -0.1373 -0.1587 -0.9777
vn -0.2200 0.0559 -0.9739
vn -0.2200 0.0559 0.9739
vn 0.1273 0.1197 -0.9846
vn 0.1273 0.1197 0.9846
vn 0.0863 0.1353 0.9870
vn -0.0342 0.2307 -0.9724
vn 0.1530 -0.0368 -0.9875
vn 0.1374 -0.1588 0.9777
vn 0.1449 -0.0528 0.9880
vn 0.1976 0.0556 -0.9787
vn 0.0198 -0.1636 0.9863
vn 0.1008 -0.1741 -0.9796
vn -0.0199 -0.1637 -0.9863
vn -0.1011 -0.1740 0.9795
vn -0.0000 0.0002 -1.0000
vn -0.0000 0.0002 1.0000
vn 0.5900 0.2389 -0.7713
vn -0.4385 0.0233 -0.8985
vn 0.0806 0.6818 -0.7271
vn 0.1193 0.9691 0.2157
vn -0.3924 0.8326 0.3908
vn 0.9361 0.2322 -0.2642
vn -0.9099 0.0590 0.4105
vn -0.0814 0.6820 0.7268
vn 0.5981 0.1452 0.7882
vn -0.1204 0.9691 -0.2155
vn -0.2054 0.4151 -0.8863
vn -0.9362 0.2315 0.2646
vn -0.5977 0.1446 -0.7886
vn 0.8984 0.3625 0.2479
vn -0.0770 -0.4397 -0.8948
vn -0.1767 -0.8966 0.4059
vn 0.0793 -0.4382 0.8954
vn 0.1816 -0.8953 -0.4068
vn 0.9094 0.0635 -0.4110
vn 0.4378 0.0254 0.8987
vn -0.2408 0.9160 0.3208
vn -0.1198 0.5504 -0.8263
vn -0.5304 -0.0178 -0.8476
vn -0.9373 -0.0646 0.3425
vn -0.6645 -0.7009 0.2592
vn -0.4293 -0.4485 -0.7839
vn -0.5896 0.2388 -0.7715
vn -0.8983 0.3625 0.2481
vn 0.8436 0.4544 0.2861
vn 0.5459 0.2708 -0.7929
vn 0.2359 0.9176 -0.3200
vn 0.1168 0.5523 0.8254
vn 0.4295 -0.4486 0.7838
vn 0.6647 -0.7008 -0.2590
vn 0.5315 -0.0154 0.8469
vn 0.9378 -0.0606 -0.3419
vn 0.4274 -0.8603 0.2781
vn 0.2624 -0.5358 -0.8025
vn -0.4277 -0.8601 -0.2781
vn -0.2626 -0.5356 0.8026
vn -0.5456 0.2707 -0.7931
vn -0.8435 0.4544 0.2863
vn 0.2054 0.4152 -0.8862
vn 0.3924 0.8327 0.3907
vn -0.3390 0.2807 -0.8979
vn -0.7079 0.5753 0.4098
vn -0.8256 -0.4531 0.3363
vn -0.4625 -0.2734 -0.8434
vn -0.7218 -0.5501 0.4200
vn -0.3436 -0.2566 -0.9034
vn 0.3400 0.2783 0.8983
vn 0.7108 0.5712 -0.4104
vn 0.4625 -0.2743 0.8431
vn 0.8250 -0.4545 -0.3360
vn 0.7184 -0.5540 -0.4207
vn 0.3416 -0.2581 0.9037
vn -0.3053 -0.8979 -0.3171
vn -0.1921 -0.5270 0.8279
vn 0.3028 -0.8986 0.3175
vn 0.1904 -0.5270 -0.8282
vn 0.1904 -0.5270 0.8282
vn -0.3053 -0.8979 0.3171
vn 0.7184 -0.5540 0.4207
vn 0.8250 -0.4545 0.3360
vn 0.7108 0.5712 0.4104
vn -0.3436 -0.2566 0.9034
vn -0.4625 -0.2734 0.8434
vn -0.3390 0.2807 0.8979
vn 0.2054 0.4152 0.8862
vn -0.5456 0.2707 0.7931
vn -0.4277 -0.8601 0.2781
vn 0.2624 -0.5358 0.8025
vn 0.9378 -0.0606 0.3419
vn 0.6647 -0.7008 0.2590
vn 0.2359 0.9176 0.3200
vn 0.5459 0.2708 0.7929
vn -0.5896 0.2388 0.7715
vn -0.4293 -0.4485 0.7839
vn -0.5304 -0.0178 0.8476
vn -0.1198 0.5504 0.8263
vn 0.9094 0.0635 0.4110
vn 0.1816 -0.8953 0.4068
vn -0.0770 -0.4397 0.8948
vn 0.5900 0.2389 0.7713
vn -0.5977 0.1446 0.7886
vn 0.9361 0.2322 0.2642
vn -0.1204 0.9691 0.2155
vn -0.4385 0.0233 0.8984
vn -0.2054 0.4151 0.8863
vn 0.0806 0.6818 0.7271
vn 0.3028 -0.8986 -0.3175
vn -0.1921 -0.5270 -0.8279
vn 0.3416 -0.2581 -0.9037
vn 0.4625 -0.2743 -0.8431
vn 0.3400 0.2783 -0.8983
vn -0.7218 -0.5501 -0.4200
vn -0.8256 -0.4531 -0.3363
vn -0.7079 0.5753 -0.4098
vn 0.3924 0.8327 -0.3907
vn -0.8435 0.4544 -0.2863
vn -0.2626 -0.5356 -0.8026
vn 0.4274 -0.8603 -0.2781
vn 0.5315 -0.0154 -0.8469
vn 0.4295 -0.4486 -0.7838
vn 0.1168 0.5523 -0.8254
vn 0.8436 0.4544 -0.2861
vn -0.8983 0.3625 -0.2481
vn -0.6645 -0.7009 -0.2592
vn -0.9373 -0.0646 -0.3425
vn -0.2408 0.9160 -0.3208
vn 0.4378 0.0254 -0.8987
vn 0.0793 -0.4382 -0.8954
vn -0.1767 -0.8966 -0.4059
vn -0.9362 0.2315 -0.2646
vn -0.3924 0.8326 -0.3908
vn -0.0814 0.6820 -0.7268
vn 0.5981 0.1452 -0.7882
vn 0.1193 0.9691 -0.2157
vn -0.9099 0.0590 -0.4105
vn 0.8984 0.3625 -0.2479
vn -0.1047 0.0908 0.9904
vn -0.0686 0.1328 -0.9888
vn -0.0686 0.1328 0.9888
vn -0.1294 -0.1289 0.9832
vn 0.0186 0.2061 -0.9784
vn -0.1385 0.0046 -0.9904
vn 0.0749 -0.1615 0.9840
vn -0.1792 0.0393 -0.9830
vn 0.1295 -0.1289 -0.9832
vn -0.0189 0.2063 0.9783
vn 0.1687 0.0740 -0.9829
vn -0.0749 -0.1614 -0.9840
vn 0.1687 0.0740 0.9829
vn 0.1794 0.0394 0.9830
vn -0.1109 -0.0774 0.9908
vn -0.0199 -0.1413 -0.9898
vn 0.1102 -0.0779 -0.9908
vn 0.0206 -0.1409 0.9898
vn 0.1050 0.0900 -0.9904
vn 0.1383 0.0052 0.9904
vn 0.0186 0.2061 0.9783
vn -0.0261 0.1915 -0.9811
vn -0.1783 0.0060 -0.9840
vn -0.1792 0.0393 0.9830
vn -0.1483 -0.1023 0.9836
vn -0.1294 -0.1289 -0.9832
vn -0.1686 0.0740 -0.9829
vn -0.1686 0.0740 0.9829
vn 0.1919 0.0813 -0.9780
vn 0.1919 0.0813 0.9780
vn 0.0251 0.1923 0.9810
vn -0.0189 0.2063 -0.9783
vn 0.1483 -0.1026 -0.9836
vn 0.1295 -0.1289 0.9832
vn 0.1788 0.0069 0.9839
vn 0.1794 0.0394 -0.9830
vn 0.0726 -0.1715 0.9825
vn 0.0749 -0.1615 -0.9840
vn -0.0732 -0.1716 -0.9825
vn -0.0750 -0.1614 0.9840
vn -0.1918 0.0812 -0.9781
vn -0.1918 0.0812 0.9781
vn 0.0686 0.1328 -0.9888
vn 0.0686 0.1328 0.9888
vn -0.0261 0.1915 0.9811
vn -0.1047 0.0908 -0.9904
vn -0.1483 -0.1023 -0.9836
vn -0.1385 0.0046 0.9904
vn -0.1783 0.0060 0.9840
vn -0.1109 -0.0774 -0.9908
vn 0.0251 0.1923 -0.9810
vn 0.1050 0.0900 0.9904
vn 0.1483 -0.1026 0.9836
vn 0.1383 0.0052 -0.9904
vn 0.1787 0.0069 -0.9839
vn 0.1102 -0.0779 0.9908
vn -0.0732 -0.1716 0.9825
vn 0.0206 -0.1409 -0.9898
vn 0.0726 -0.1715 -0.9825
vn -0.0199 -0.1413 0.9898
vt 0.731054 0.608414
vt 0.724829 0.629101
vt 0.630872 0.608593
vt 0.724758 0.587731
vt 0.749366 0.652546
vt 0.743457 0.662704
vt 0.762313 0.682611
vt 0.746923 0.682717
vt 0.743457 0.662704
vt 0.759233 0.700244
vt 0.738138 0.695458
vt 0.742016 0.712505
vt 0.716425 0.702076
vt 0.738138 0.695458
vt 0.707311 0.710811
vt 0.675931 0.691938
vt 0.716425 0.702076
vt 0.656412 0.702010
vt 0.635726 0.702521
vt 0.675931 0.691938
vt 0.621226 0.733570
vt 0.610080 0.730555
vt 0.635726 0.702521
vt 0.595463 0.752573
vt 0.590670 0.736667
vt 0.610080 0.730555
vt 0.576532 0.751571
vt 0.575207 0.729977
vt 0.590670 0.736667
vt 0.559778 0.737327
vt 0.564220 0.711191
vt 0.575207 0.729977
vt 0.555857 0.706211
vt 0.568323 0.674962
vt 0.564220 0.711191
vt 0.557560 0.663504
vt 0.553024 0.646727
vt 0.568323 0.674962
vt 0.522281 0.646474
vt 0.519732 0.637306
vt 0.553024 0.646727
vt 0.493338 0.633721
vt 0.502346 0.620596
vt 0.519732 0.637306
vt 0.481935 0.608975
vt 0.502294 0.597251
vt 0.493228 0.584178
vt 0.519605 0.580464
vt 0.502294 0.597251
vt 0.522114 0.571296
vt 0.552854 0.570891
vt 0.519605 0.580464
vt 0.557310 0.554094
vt 0.568003 0.542551
vt 0.552854 0.570891
vt 0.555344 0.511311
vt 0.563626 0.506229
vt 0.568003 0.542551
vt 0.559009 0.480069
vt 0.574525 0.487388
vt 0.563625 0.506229
vt 0.575773 0.465806
vt 0.589970 0.480628
vt 0.574525 0.487388
vt 0.594646 0.464669
vt 0.609417 0.486676
vt 0.620606 0.483682
vt 0.635294 0.514707
vt 0.609417 0.486676
vt 0.656005 0.515149
vt 0.675594 0.525110
vt 0.635294 0.514707
vt 0.706947 0.506053
vt 0.716156 0.514675
vt 0.675594 0.525110
vt 0.741762 0.504081
vt 0.737917 0.521185
vt 0.716156 0.514675
vt 0.758987 0.516332
vt 0.746760 0.533899
vt 0.737917 0.521185
vt 0.762190 0.533904
vt 0.743353 0.553942
vt 0.746760 0.533899
vt 0.749245 0.564139
vt 0.724758 0.587731
vt 0.743353 0.553942
vt 0.328872 0.332454
vt 0.318110 0.343912
vt 0.255561 0.277543
vt 0.333408 0.315677
vt 0.330575 0.375161
vt 0.322212 0.380141
vt 0.318110 0.343912
vt 0.326654 0.406277
vt 0.311226 0.398926
vt 0.322212 0.380141
vt 0.309900 0.420521
vt 0.295762 0.405617
vt 0.311226 0.398926
vt 0.290970 0.421523
vt 0.276352 0.399504
vt 0.295762 0.405617
vt 0.265207 0.402520
vt 0.250706 0.371470
vt 0.230020 0.370960
vt 0.210502 0.360888
vt 0.250706 0.371470
vt 0.179121 0.379761
vt 0.170007 0.371026
vt 0.144416 0.381455
vt 0.148295 0.364408
vt 0.127199 0.369194
vt 0.139510 0.351667
vt 0.148295 0.364408
vt 0.124119 0.351561
vt 0.142976 0.331653
vt 0.137066 0.321496
vt 0.161604 0.298050
vt 0.155378 0.277363
vt 0.161674 0.256681
vt 0.137187 0.233089
vt 0.143079 0.222892
vt 0.161674 0.256681
vt 0.124242 0.202854
vt 0.139672 0.202849
vt 0.143079 0.222892
vt 0.127445 0.185282
vt 0.148516 0.190135
vt 0.139672 0.202849
vt 0.144671 0.173030
vt 0.170277 0.183625
vt 0.148516 0.190135
vt 0.179486 0.175003
vt 0.210839 0.194059
vt 0.170277 0.183625
vt 0.230427 0.184099
vt 0.251138 0.183657
vt 0.210839 0.194059
vt 0.265826 0.152632
vt 0.277015 0.155625
vt 0.291787 0.133619
vt 0.296462 0.149578
vt 0.310659 0.134756
vt 0.311907 0.156338
vt 0.327423 0.149018
vt 0.322807 0.175179
vt 0.311907 0.156338
vt 0.331088 0.180261
vt 0.318429 0.211501
vt 0.322807 0.175179
vt 0.329122 0.223044
vt 0.333578 0.239841
vt 0.364318 0.240246
vt 0.366827 0.249414
vt 0.333578 0.239841
vt 0.393205 0.253128
vt 0.384139 0.266201
vt 0.366827 0.249414
vt 0.404497 0.277925
vt 0.384087 0.289546
vt 0.384139 0.266201
vt 0.393095 0.302671
vt 0.366701 0.306255
vt 0.384087 0.289546
vt 0.364151 0.315424
vt 0.333408 0.315677
vt 0.366701 0.306255
vt 0.419319 0.522091
vt 0.462109 0.519032
vt 0.487130 0.532193
vt 0.457010 0.537890
vt 0.504899 0.515973
vt 0.508715 0.519661
vt 0.526846 0.532628
vt 0.508507 0.544733
vt 0.482268 0.550119
vt 0.567150 0.885845
vt 0.548579 0.885453
vt 0.561454 0.841659
vt 0.579878 0.839739
vt 0.530008 0.885062
vt 0.544706 0.837976
vt 0.557077 0.804221
vt 0.571012 0.807486
vt 0.586472 0.805760
vt 0.188482 0.778359
vt 0.244267 0.773275
vt 0.268922 0.794445
vt 0.226445 0.795001
vt 0.288345 0.778232
vt 0.310268 0.794895
vt 0.332192 0.811558
vt 0.298300 0.811601
vt 0.264408 0.811644
vt 0.188482 0.640746
vt 0.244267 0.646171
vt 0.231098 0.675357
vt 0.186364 0.675573
vt 0.288345 0.640619
vt 0.281317 0.674645
vt 0.274289 0.708672
vt 0.226458 0.709057
vt 0.182119 0.709754
vt 0.780888 0.141552
vt 0.757189 0.140888
vt 0.743810 0.106591
vt 0.769069 0.107084
vt 0.733490 0.140224
vt 0.717910 0.105940
vt 0.702331 0.071655
vt 0.736949 0.072177
vt 0.763370 0.072653
vt 0.541551 0.172374
vt 0.484740 0.172374
vt 0.485847 0.141302
vt 0.537659 0.139397
vt 0.427928 0.172374
vt 0.427580 0.141681
vt 0.427232 0.110987
vt 0.484617 0.109494
vt 0.536776 0.107328
vt 0.895758 0.958835
vt 0.877295 0.958870
vt 0.875387 0.924729
vt 0.897867 0.924591
vt 0.858831 0.958904
vt 0.854071 0.924630
vt 0.852566 0.890268
vt 0.874511 0.890377
vt 0.897712 0.890231
vt 0.421571 0.093428
vt 0.401552 0.139175
vt 0.377774 0.161161
vt 0.388122 0.126049
vt 0.381534 0.184923
vt 0.361367 0.199799
vt 0.341200 0.214676
vt 0.357962 0.178061
vt 0.366665 0.147406
vt 0.526202 0.041752
vt 0.466004 0.045536
vt 0.447334 0.021315
vt 0.495340 0.020932
vt 0.412579 0.041752
vt 0.399966 0.020932
vt 0.387354 0.000112
vt 0.425915 0.000112
vt 0.464477 0.000112
vt 0.067517 0.898952
vt 0.033866 0.901531
vt 0.037936 0.866480
vt 0.072289 0.864688
vt 0.000216 0.904110
vt 0.002929 0.869015
vt 0.005641 0.833921
vt 0.040414 0.831737
vt 0.075334 0.830004
vt 0.373251 0.673537
vt 0.353586 0.641440
vt 0.397760 0.635652
vt 0.414014 0.658006
vt 0.333921 0.609342
vt 0.389912 0.609204
vt 0.425938 0.609114
vt 0.431781 0.630875
vt 0.445108 0.649031
vt 0.113144 0.632420
vt 0.057095 0.631584
vt 0.061751 0.597280
vt 0.113098 0.597839
vt 0.001047 0.630748
vt 0.004214 0.596462
vt 0.007382 0.562177
vt 0.064236 0.562864
vt 0.115961 0.563400
vt 0.776354 0.824055
vt 0.723719 0.794459
vt 0.709584 0.766614
vt 0.748484 0.781530
vt 0.671084 0.764862
vt 0.672619 0.760275
vt 0.666592 0.738396
vt 0.698556 0.742345
vt 0.732023 0.754484
vt 0.323203 0.820575
vt 0.370649 0.824623
vt 0.358928 0.855242
vt 0.319054 0.854056
vt 0.408746 0.820575
vt 0.402199 0.855058
vt 0.395651 0.889541
vt 0.354252 0.888421
vt 0.314533 0.887391
vt 0.885845 0.742932
vt 0.883621 0.762095
vt 0.843462 0.737996
vt 0.843556 0.719676
vt 0.881396 0.781257
vt 0.837635 0.753634
vt 0.806980 0.732683
vt 0.812034 0.719885
vt 0.811994 0.704608
vt 0.723344 0.239320
vt 0.724710 0.222722
vt 0.757872 0.211588
vt 0.756658 0.232995
vt 0.726075 0.206124
vt 0.759199 0.192783
vt 0.792322 0.179441
vt 0.791573 0.205951
vt 0.790396 0.228636
vt 0.000588 0.141641
vt 0.003197 0.122791
vt 0.043294 0.147089
vt 0.043018 0.165306
vt 0.005807 0.103940
vt 0.049291 0.131577
vt 0.079849 0.152649
vt 0.074670 0.165356
vt 0.074576 0.180565
vt 0.951338 0.673935
vt 0.933044 0.673682
vt 0.930315 0.637763
vt 0.951232 0.638452
vt 0.914750 0.673428
vt 0.909592 0.638165
vt 0.907296 0.603183
vt 0.928584 0.602731
vt 0.950082 0.603454
vt 0.687980 0.800379
vt 0.706163 0.800179
vt 0.707486 0.828810
vt 0.688490 0.828771
vt 0.724346 0.799979
vt 0.726728 0.828350
vt 0.729110 0.856721
vt 0.707798 0.859502
vt 0.688999 0.857162
vt 0.321118 0.000153
vt 0.339386 0.000927
vt 0.326269 0.044683
vt 0.307939 0.046421
vt 0.357654 0.001701
vt 0.342899 0.048542
vt 0.330370 0.082221
vt 0.316520 0.078825
vt 0.301122 0.080414
vt 0.143996 0.644776
vt 0.166239 0.642761
vt 0.154849 0.676989
vt 0.129537 0.679016
vt 0.148916 0.711290
vt 0.115077 0.713257
vt 0.485841 0.851400
vt 0.475762 0.822511
vt 0.500390 0.788928
vt 0.511455 0.810746
vt 0.465683 0.793621
vt 0.492148 0.763903
vt 0.518614 0.734186
vt 0.521035 0.763062
vt 0.529905 0.781741
vt 0.839125 0.812860
vt 0.807739 0.818458
vt 0.779507 0.784494
vt 0.804249 0.778487
vt 0.758895 0.757883
vt 0.779551 0.752984
vt 0.173916 0.631892
vt 0.143530 0.632156
vt 0.151800 0.597864
vt 0.181291 0.597540
vt 0.155920 0.563447
vt 0.185953 0.563118
vt 0.607627 0.014330
vt 0.643522 0.019746
vt 0.653006 0.054423
vt 0.615820 0.048754
vt 0.679418 0.025162
vt 0.691307 0.060144
vt 0.703196 0.095125
vt 0.658026 0.088892
vt 0.624013 0.083178
vt 0.649694 0.813686
vt 0.647136 0.782871
vt 0.628303 0.862510
vt 0.626069 0.813629
vt 0.624799 0.782665
vt 0.643445 0.756726
vt 0.505313 0.701949
vt 0.462510 0.699081
vt 0.489304 0.684511
vt 0.525413 0.686955
vt 0.419707 0.696212
vt 0.457327 0.680219
vt 0.482530 0.667858
vt 0.510645 0.671802
vt 0.545513 0.671961
vt 0.915525 0.140224
vt 0.872719 0.140851
vt 0.865563 0.106556
vt 0.909318 0.105940
vt 0.829912 0.141477
vt 0.826023 0.107041
vt 0.821987 0.072613
vt 0.861709 0.072141
vt 0.903110 0.071655
vt 0.274047 0.814541
vt 0.298625 0.817558
vt 0.287849 0.851672
vt 0.260564 0.848714
vt 0.281893 0.885180
vt 0.247081 0.882886
vt 0.372964 0.544973
vt 0.396142 0.533532
vt 0.433064 0.546235
vt 0.413796 0.560296
vt 0.461150 0.557112
vt 0.444930 0.569113
vt 0.128756 0.900111
vt 0.098137 0.899531
vt 0.105146 0.864424
vt 0.136133 0.865238
vt 0.109418 0.829599
vt 0.147418 0.829511
vt 0.402274 0.034959
vt 0.411922 0.064193
vt 0.386358 0.097974
vt 0.376232 0.075717
vt 0.365985 0.123130
vt 0.357588 0.104684
vt 0.216044 0.121271
vt 0.237652 0.072543
vt 0.240974 0.105650
vt 0.222457 0.146371
vt 0.259260 0.023815
vt 0.261352 0.072602
vt 0.262481 0.103551
vt 0.244526 0.131870
vt 0.228871 0.171471
vt 0.690811 0.171637
vt 0.686020 0.219269
vt 0.655524 0.232281
vt 0.655872 0.178166
vt 0.690811 0.278246
vt 0.656704 0.281261
vt 0.620933 0.302280
vt 0.621347 0.238122
vt 0.620933 0.184694
vt 0.047618 0.071922
vt 0.079329 0.066766
vt 0.107039 0.100066
vt 0.082586 0.106671
vt 0.111039 0.061610
vt 0.134318 0.096292
vt 0.157596 0.130975
vt 0.128108 0.127389
vt 0.107234 0.132327
vt 0.601541 0.159174
vt 0.571546 0.165774
vt 0.576874 0.134381
vt 0.610131 0.127801
vt 0.577879 0.102403
vt 0.618721 0.096427
vt 0.726075 0.396000
vt 0.724049 0.347751
vt 0.757253 0.342824
vt 0.759199 0.392435
vt 0.722023 0.299501
vt 0.755911 0.297515
vt 0.789690 0.294611
vt 0.790956 0.340313
vt 0.792322 0.388869
vt 0.803044 0.608297
vt 0.836419 0.646248
vt 0.805464 0.640291
vt 0.792957 0.608306
vt 0.869793 0.684199
vt 0.826133 0.670507
vt 0.796528 0.662888
vt 0.779180 0.636587
vt 0.769500 0.608347
vt 0.239242 0.000684
vt 0.240626 0.028628
vt 0.206185 0.038289
vt 0.204737 0.009474
vt 0.242009 0.056573
vt 0.207646 0.068241
vt 0.173283 0.079909
vt 0.171696 0.043404
vt 0.170231 0.018265
vt 0.083388 0.277247
vt 0.050183 0.239148
vt 0.081102 0.245207
vt 0.093475 0.277256
vt 0.016977 0.201048
vt 0.060500 0.214831
vt 0.090070 0.222563
vt 0.107365 0.249004
vt 0.116933 0.277297
vt 0.396479 0.684875
vt 0.433344 0.671981
vt 0.461381 0.660959
vt 0.805400 0.141515
vt 0.795178 0.107222
vt 0.790126 0.072806
vt 0.353443 0.577158
vt 0.397642 0.582722
vt 0.431684 0.587327
vt 0.429224 0.701549
vt 0.428777 0.738902
vt 0.395614 0.734783
vt 0.396157 0.695264
vt 0.428331 0.776256
vt 0.395218 0.773817
vt 0.362105 0.771379
vt 0.361868 0.732602
vt 0.363090 0.688979
vt 0.507924 0.868231
vt 0.527248 0.827162
vt 0.542769 0.795468
vt 0.834739 0.958409
vt 0.830364 0.924268
vt 0.810647 0.957913
vt 0.804940 0.923798
vt 0.799234 0.889683
vt 0.828254 0.889927
vt 0.953341 0.957913
vt 0.924550 0.958374
vt 0.925100 0.924235
vt 0.954981 0.923798
vt 0.925348 0.889895
vt 0.956621 0.889683
vt 0.597727 0.874177
vt 0.602676 0.831562
vt 0.605227 0.798835
vt 0.211700 0.630748
vt 0.192808 0.631320
vt 0.204539 0.597032
vt 0.225713 0.596462
vt 0.210499 0.562617
vt 0.239726 0.562177
vt 0.860261 0.797059
vt 0.823811 0.767389
vt 0.795837 0.743978
vt 0.379964 0.018330
vt 0.360410 0.059332
vt 0.344712 0.090969
vt 0.177258 0.904110
vt 0.153007 0.902110
vt 0.163400 0.866955
vt 0.189085 0.869015
vt 0.174166 0.831716
vt 0.200913 0.833921
vt 0.290189 0.011984
vt 0.284994 0.054605
vt 0.282257 0.087336
vt 0.694038 0.301638
vt 0.659359 0.313985
vt 0.697264 0.325029
vt 0.662658 0.339455
vt 0.628051 0.353881
vt 0.624492 0.328081
vt 0.891672 0.675755
vt 0.886712 0.639843
vt 0.868595 0.678082
vt 0.862348 0.642060
vt 0.856101 0.606038
vt 0.883827 0.604766
vt 0.026713 0.087931
vt 0.063075 0.117783
vt 0.090974 0.141332
vt 0.999059 0.678082
vt 0.975199 0.676009
vt 0.974653 0.640081
vt 0.999530 0.642060
vt 0.973921 0.605003
vt 1.000000 0.606038
vt 0.008783 0.171345
vt 0.048211 0.188140
vt 0.078980 0.199594
vt 0.722684 0.269411
vt 0.755864 0.261332
vt 0.789590 0.257396
vt 0.877819 0.713566
vt 0.838371 0.696975
vt 0.807586 0.685677
vt 0.089904 0.331838
vt 0.078846 0.354626
vt 0.048062 0.365924
vt 0.060299 0.339457
vt 0.074439 0.373557
vt 0.042876 0.388626
vt 0.000588 0.411882
vt 0.008613 0.382516
vt 0.016639 0.353149
vt 0.972882 0.571634
vt 0.997759 0.573614
vt 0.949461 0.570006
vt 0.947797 0.537042
vt 0.971657 0.539116
vt 0.995517 0.541189
vt 0.884941 0.571397
vt 0.907821 0.569719
vt 0.860577 0.573614
vt 0.865053 0.541189
vt 0.888131 0.538862
vt 0.911208 0.536535
vt 0.625284 0.866839
vt 0.657142 0.862000
vt 0.656291 0.899249
vt 0.626233 0.903739
vt 0.683818 0.895799
vt 0.684949 0.931866
vt 0.656066 0.936252
vt 0.627182 0.940639
vt 0.756108 0.861780
vt 0.751134 0.899056
vt 0.727021 0.895554
vt 0.783105 0.866839
vt 0.776687 0.903739
vt 0.770270 0.940639
vt 0.745792 0.936052
vt 0.721315 0.931466
vt 0.079452 0.401633
vt 0.090595 0.412927
vt 0.062621 0.436338
vt 0.048797 0.422584
vt 0.106882 0.421933
vt 0.082184 0.447436
vt 0.047307 0.481810
vt 0.026172 0.466008
vt 0.005036 0.450207
vt 0.261633 0.451615
vt 0.281205 0.467784
vt 0.283756 0.500512
vt 0.260363 0.482579
vt 0.299960 0.474710
vt 0.306555 0.508688
vt 0.319282 0.554794
vt 0.288706 0.543127
vt 0.258129 0.531460
vt 0.329355 0.473171
vt 0.343663 0.464418
vt 0.359184 0.496112
vt 0.341726 0.506925
vt 0.356528 0.450691
vt 0.374977 0.479696
vt 0.400592 0.520350
vt 0.378508 0.537181
vt 0.356424 0.554012
vt 0.460494 0.278064
vt 0.454748 0.256277
vt 0.488791 0.251672
vt 0.496521 0.278154
vt 0.441502 0.238062
vt 0.472636 0.229245
vt 0.513468 0.213923
vt 0.532990 0.246108
vt 0.552511 0.278292
vt 0.403903 0.336808
vt 0.425051 0.329909
vt 0.453088 0.340930
vt 0.429106 0.349169
vt 0.441324 0.317981
vt 0.472419 0.326956
vt 0.513182 0.342487
vt 0.489953 0.353824
vt 0.466725 0.365162
vt 0.137097 0.038289
vt 0.135649 0.009474
vt 0.138558 0.068241
vt 0.103833 0.056573
vt 0.102450 0.028628
vt 0.101066 0.000684
vt 0.116933 0.277297
vt 0.107252 0.305537
vt 0.080969 0.309241
vt 0.093475 0.277256
vt 0.050014 0.315198
vt 0.569199 0.069070
vt 0.602456 0.062489
vt 0.529904 0.074181
vt 0.556196 0.035152
vt 0.586191 0.028552
vt 0.587441 0.233715
vt 0.587402 0.178182
vt 0.587402 0.290279
vt 0.553872 0.278277
vt 0.553872 0.224973
vt 0.553872 0.171669
vt 0.107312 0.795605
vt 0.140068 0.796033
vt 0.074269 0.795910
vt 0.071478 0.761395
vt 0.102097 0.761975
vt 0.132717 0.762554
vt 0.424965 0.225993
vt 0.453718 0.214984
vt 0.399289 0.218828
vt 0.433201 0.204934
vt 0.467113 0.191041
vt 0.490290 0.202482
vt 0.340919 0.340911
vt 0.375788 0.340751
vt 0.397128 0.353461
vt 0.361019 0.355905
vt 0.423922 0.368030
vt 0.381120 0.370898
vt 0.219841 0.407346
vt 0.242987 0.425675
vt 0.239297 0.451821
vt 0.213813 0.429225
vt 0.236739 0.482636
vt 0.215348 0.433812
vt 0.127538 0.426833
vt 0.106926 0.453443
vt 0.154409 0.423434
vt 0.137949 0.450480
vt 0.110078 0.493005
vt 0.078693 0.487407
vt 0.365398 0.432012
vt 0.386043 0.457877
vt 0.367819 0.403135
vt 0.394284 0.432853
vt 0.420749 0.462571
vt 0.410671 0.491461
vt 0.705842 0.894815
vt 0.703132 0.931666
vt 0.928544 0.569317
vt 0.929503 0.536789
vt 0.074398 0.388835
vt 0.042971 0.406945
vt 0.002812 0.431044
vt 0.387141 0.780916
vt 0.416173 0.780916
vt 0.391528 0.801152
vt 0.355172 0.800745
vt 0.445205 0.780916
vt 0.426976 0.800745
vt 0.187877 0.411294
vt 0.176848 0.435564
vt 0.162713 0.463408
vt 0.477853 0.076374
vt 0.419906 0.076369
vt 0.039917 0.797701
vt 0.004909 0.800237
vt 0.004177 0.766553
vt 0.037827 0.763974
vt 0.315421 0.476436
vt 0.324978 0.510609
vt 0.337853 0.554403
vt 0.454651 0.299825
vt 0.488673 0.304602
vt 0.532847 0.310389
vt 0.264408 0.612083
vt 0.298300 0.612040
vt 0.268922 0.626909
vt 0.226445 0.626414
vt 0.332192 0.611997
vt 0.310268 0.626308
vt 0.824334 0.261391
vt 0.824381 0.297575
vt 0.825127 0.233054
vt 0.860283 0.239439
vt 0.859623 0.269529
vt 0.858962 0.299620
vt 0.796362 0.553613
vt 0.807452 0.530644
vt 0.838221 0.519191
vt 0.825933 0.545881
vt 0.811857 0.511615
vt 0.843415 0.496356
vt 0.885845 0.472692
vt 0.877650 0.502395
vt 0.869455 0.532098
vt 0.806584 0.483699
vt 0.795458 0.472382
vt 0.823357 0.448833
vt 0.837141 0.462627
vt 0.779198 0.463378
vt 0.803846 0.437721
vt 0.838814 0.402972
vt 0.859720 0.418981
vt 0.880625 0.434990
vt 0.628228 0.436371
vt 0.604591 0.418342
vt 0.601746 0.384838
vt 0.627700 0.395618
vt 0.585310 0.411464
vt 0.578494 0.377471
vt 0.565314 0.331203
vt 0.596243 0.343034
vt 0.627173 0.354865
vt 0.556062 0.413271
vt 0.541720 0.422019
vt 0.526022 0.390383
vt 0.543533 0.379592
vt 0.528844 0.435735
vt 0.510200 0.406767
vt 0.484158 0.366009
vt 0.506468 0.349380
vt 0.528778 0.332751
vt 0.204660 0.527945
vt 0.225834 0.527374
vt 0.181411 0.528452
vt 0.174158 0.493716
vt 0.193050 0.493144
vt 0.211942 0.492572
vt 0.925221 0.855147
vt 0.955102 0.854710
vt 0.897988 0.855503
vt 0.896000 0.820659
vt 0.924791 0.820198
vt 0.953582 0.819737
vt 0.830484 0.855180
vt 0.854192 0.855542
vt 0.805061 0.854710
vt 0.810889 0.819737
vt 0.834981 0.820233
vt 0.859073 0.820728
vt 0.326808 0.734783
vt 0.327350 0.695264
vt 0.326411 0.773817
vt 0.290717 0.776256
vt 0.291164 0.738902
vt 0.291610 0.701549
vt 0.794312 0.038140
vt 0.825158 0.037959
vt 0.768204 0.038001
vt 0.779157 0.003387
vt 0.803669 0.003350
vt 0.828181 0.003312
vt 0.769500 0.608347
vt 0.779067 0.580055
vt 0.805330 0.576257
vt 0.792957 0.608306
vt 0.836249 0.570198
vt 0.825722 0.342883
vt 0.827668 0.392494
vt 0.860988 0.347869
vt 0.863014 0.396119
vt 0.758442 0.458650
vt 0.778968 0.431934
vt 0.731455 0.462303
vt 0.747790 0.435205
vt 0.775393 0.392660
vt 0.807104 0.397816
vt 0.726027 0.130947
vt 0.726027 0.167128
vt 0.707938 0.195490
vt 0.708419 0.151292
vt 0.726027 0.203310
vt 0.708419 0.240778
vt 0.520447 0.454180
vt 0.500075 0.429025
vt 0.519767 0.478456
vt 0.498310 0.457099
vt 0.464861 0.424478
vt 0.474510 0.395244
vt 0.286203 0.917412
vt 0.258918 0.914454
vt 0.317295 0.919694
vt 0.319912 0.952055
vt 0.295334 0.949038
vt 0.270755 0.946021
vt 0.864698 0.037474
vt 0.908452 0.036857
vt 0.870987 0.002686
vt 0.913794 0.002059
vt 0.653006 0.122892
vt 0.615820 0.117223
vt 0.691307 0.128613
vt 0.679418 0.162100
vt 0.643522 0.156684
vt 0.607627 0.151268
vt 0.151921 0.528776
vt 0.113219 0.528751
vt 0.113386 0.494244
vt 0.143772 0.493980
vt 0.154849 0.745796
vt 0.129537 0.747823
vt 0.186364 0.744117
vt 0.166239 0.780374
vt 0.143996 0.782389
vt 0.569913 0.409875
vt 0.560164 0.375733
vt 0.547046 0.331977
vt 0.811763 0.496406
vt 0.843138 0.478139
vt 0.883235 0.453841
vt 0.826341 0.211647
vt 0.827668 0.192842
vt 0.863014 0.206243
vt 0.861649 0.222841
vt 0.061872 0.528192
vt 0.004335 0.527375
vt 0.001288 0.492572
vt 0.057337 0.493408
vt 0.742944 0.037509
vt 0.717045 0.036857
vt 0.731759 0.002059
vt 0.755458 0.002723
vt 0.526612 0.507796
vt 0.506821 0.490949
vt 0.526846 0.532628
vt 0.508715 0.519661
vt 0.484880 0.470226
vt 0.697107 0.477055
vt 0.707997 0.452680
vt 0.657562 0.502521
vt 0.663975 0.477422
vt 0.670388 0.452322
vt 0.722891 0.422491
vt 0.231098 0.743113
vt 0.281317 0.743452
vt 0.875508 0.855641
vt 0.877537 0.820694
vt 0.356828 0.920575
vt 0.400553 0.920798
vt 0.405455 0.952055
vt 0.362683 0.952055
vt 0.331950 0.442084
vt 0.320959 0.450553
vt 0.343061 0.432135
vt 0.502346 0.620596
vt 0.455997 0.626601
vt 0.449928 0.609055
vt 0.465499 0.641532
vt 0.445108 0.649031
vt 0.431781 0.630875
vt 0.425938 0.609114
vt 0.430435 0.295551
vt 0.420934 0.310481
vt 0.436504 0.278005
vt 0.250706 0.371470
vt 0.247416 0.405476
vt 0.225066 0.389534
vt 0.264529 0.430642
vt 0.544505 0.696923
vt 0.544065 0.673310
vt 0.536565 0.725574
vt 0.532063 0.703073
vt 0.577193 0.782899
vt 0.565473 0.781603
vt 0.589414 0.782832
vt 0.586472 0.805760
vt 0.571011 0.807486
vt 0.557077 0.804221
vt 0.127570 0.304090
vt 0.135317 0.277330
vt 0.110419 0.328792
vt 0.675931 0.691938
vt 0.691135 0.722871
vt 0.661367 0.720585
vt 0.722608 0.735147
vt 0.666592 0.738396
vt 0.635294 0.514707
vt 0.638424 0.481886
vt 0.660203 0.498675
vt 0.621534 0.455902
vt 0.642895 0.469446
vt 0.318429 0.211501
vt 0.342633 0.189059
vt 0.342607 0.213234
vt 0.350413 0.160427
vt 0.357962 0.178061
vt 0.524979 0.555863
vt 0.542201 0.543177
vt 0.498751 0.560583
vt 0.482268 0.550119
vt 0.508507 0.544734
vt 0.758761 0.581574
vt 0.751116 0.608380
vt 0.775861 0.556740
vt 0.333578 0.239841
vt 0.360443 0.225236
vt 0.387118 0.229554
vt 0.370245 0.216752
vt 0.196387 0.164097
vt 0.226342 0.167596
vt 0.164629 0.150739
vt 0.193234 0.151223
vt 0.110174 0.395865
vt 0.100017 0.387815
vt 0.122371 0.404092
vt 0.746923 0.682717
vt 0.789221 0.707919
vt 0.786415 0.718866
vt 0.790351 0.696268
vt 0.811994 0.704608
vt 0.812034 0.719885
vt 0.737917 0.521185
vt 0.775943 0.489538
vt 0.786089 0.497602
vt 0.763758 0.481308
vt 0.097440 0.177438
vt 0.100344 0.166552
vt 0.096211 0.189032
vt 0.074576 0.180565
vt 0.074670 0.165356
vt 0.553559 0.444305
vt 0.564572 0.435837
vt 0.542429 0.454250
vt 0.310197 0.103388
vt 0.321860 0.104787
vt 0.298032 0.103351
vt 0.301122 0.080414
vt 0.316520 0.078825
vt 0.330370 0.082221
vt 0.318110 0.343912
vt 0.341927 0.365872
vt 0.349867 0.394524
vt 0.342367 0.342260
vt 0.354369 0.372023
vt 0.564220 0.711191
vt 0.537228 0.746638
vt 0.543371 0.763185
vt 0.529905 0.781741
vt 0.521035 0.763062
vt 0.716425 0.702076
vt 0.745742 0.737922
vt 0.764062 0.735142
vt 0.779550 0.752984
vt 0.758895 0.757883
vt 0.195297 0.391820
vt 0.163824 0.404097
vt 0.276352 0.399504
vt 0.281258 0.444377
vt 0.297019 0.451781
vt 0.635726 0.702521
vt 0.639016 0.736527
vt 0.621904 0.761693
vt 0.643445 0.756726
vt 0.525587 0.661642
vt 0.498966 0.657309
vt 0.510644 0.671802
vt 0.482530 0.667858
vt 0.333408 0.315677
vt 0.360845 0.330592
vt 0.387466 0.326259
vt 0.519605 0.580464
vt 0.480359 0.566903
vt 0.465354 0.576510
vt 0.444930 0.569113
vt 0.366827 0.249414
vt 0.405966 0.235847
vt 0.421078 0.245459
vt 0.349975 0.139720
vt 0.344003 0.123200
vt 0.357588 0.104684
vt 0.365985 0.123130
vt 0.568003 0.542551
vt 0.543427 0.519843
vt 0.536019 0.491477
vt 0.609418 0.486676
vt 0.604349 0.441845
vt 0.588401 0.434401
vt 0.248170 0.150156
vt 0.265278 0.124523
vt 0.244526 0.131870
vt 0.262481 0.103551
vt 0.170277 0.183624
vt 0.141130 0.147623
vt 0.122674 0.150258
vt 0.128108 0.127389
vt 0.675594 0.525110
vt 0.690483 0.494629
vt 0.722136 0.481667
vt 0.101285 0.348647
vt 0.096081 0.365218
vt 0.724829 0.629101
vt 0.758862 0.635140
vt 0.776013 0.659842
vt 0.796528 0.662888
vt 0.743353 0.553942
vt 0.785019 0.536738
vt 0.790221 0.520082
vt 0.161674 0.256681
vt 0.127672 0.250524
vt 0.110571 0.225690
vt 0.090070 0.222563
vt 0.519732 0.637306
vt 0.480546 0.651071
vt 0.461382 0.660959
vt 0.366701 0.306255
vt 0.405886 0.320021
vt 0.502294 0.597251
vt 0.455919 0.591482
vt 0.431684 0.587327
vt 0.430513 0.260432
vt 0.349204 0.415588
vt 0.575207 0.729977
vt 0.554483 0.773134
vt 0.542769 0.795468
vt 0.610080 0.730555
vt 0.605174 0.775427
vt 0.309240 0.451849
vt 0.170007 0.371026
vt 0.140690 0.406872
vt 0.776259 0.726915
vt 0.795837 0.743978
vt 0.563625 0.506229
vt 0.536458 0.470770
vt 0.311907 0.156338
vt 0.332873 0.113255
vt 0.344712 0.090969
vt 0.277015 0.155625
vt 0.282174 0.110752
vt 0.282257 0.087336
vt 0.576236 0.434438
vt 0.716156 0.514675
vt 0.745363 0.478675
vt 0.148516 0.190135
vt 0.110489 0.158487
vt 0.090974 0.141332
vt 0.101414 0.205688
vt 0.788993 0.508488
vt 0.743457 0.662704
vt 0.785147 0.679697
vt 0.807586 0.685677
vt 0.139510 0.351667
vt 0.097211 0.376869
s 1
f 4075/4451/4075 4586/4452/4586 4669/4453/4669 4560/4454/4560
f 4125/4455/4125 4607/4456/4607 4669/4453/4669 4586/4452/4586
f 4156/4457/4156 4564/4458/4564 4669/4453/4669 4607/4459/4607
f 4091/4460/4091 4598/4461/4598 4669/4453/4669 4564/4458/4564
f 4143/4462/4143 4571/4463/4571 4669/4453/4669 4598/4464/4598
f 4102/4465/4102 4556/4466/4556 4669/4453/4669 4571/4467/4571
f 4080/4468/4080 4574/4469/4574 4669/4453/4669 4556/4470/4556
f 4106/4471/4106 4595/4472/4595 4669/4453/4669 4574/4473/4574
f 4138/4474/4138 4554/4475/4554 4669/4453/4669 4595/4476/4595
f 4071/4477/4071 4594/4478/4594 4669/4453/4669 4554/4479/4554
f 4137/4480/4137 4570/4481/4570 4669/4453/4669 4594/4482/4594
f 4100/4483/4100 4553/4484/4553 4669/4453/4669 4570/4485/4570
f 4079/4486/4079 4575/4487/4575 4669/4453/4669 4553/4488/4553
f 4108/4489/4108 4589/4490/4589 4669/4453/4669 4575/4491/4575
f 4129/4492/4129 4550/4493/4550 4669/4453/4669 4589/4494/4589
f 4076/4495/4076 4591/4496/4591 4669/4453/4669 4550/4493/4550
f 4133/4497/4133 4577/4498/4577 4669/4453/4669 4591/4499/4591
f 4111/4500/4111 4559/4501/4559 4669/4453/4669 4577/4502/4577
f 4082/4503/4082 4580/4504/4580 4669/4453/4669 4559/4505/4559
f 4115/4506/4115 4599/4507/4599 4669/4453/4669 4580/4508/4580
f 4144/4509/4144 4567/4510/4567 4669/4453/4669 4599/4511/4599
f 4096/4512/4096 4602/4513/4602 4669/4453/4669 4567/4514/4567
f 4148/4515/4148 4581/4516/4581 4669/4453/4669 4602/4513/4602
f 4117/4517/4117 4557/4518/4557 4669/4453/4669 4581/4519/4581
f 4081/4520/4081 4584/4521/4584 4669/4453/4669 4557/4522/4557
f 4121/4523/4121 4603/4524/4603 4669/4453/4669 4584/4525/4584
f 4150/4526/4150 4565/4527/4565 4669/4453/4669 4603/4528/4603
f 4093/4529/4093 4606/4530/4606 4669/4453/4669 4565/4531/4565
f 4154/4532/4154 4587/4533/4587 4669/4453/4669 4606/4534/4606
f 4126/4535/4126 4560/4536/4560 4669/4453/4669 4587/4537/4587
f 4078/4538/4078 4569/4539/4569 4670/4540/4670 4576/4541/4576
f 4099/4542/4099 4593/4543/4593 4670/4540/4670 4569/4544/4569
f 4135/4545/4135 4549/4546/4549 4670/4540/4670 4593/4547/4593
f 4072/4548/4072 4596/4549/4596 4670/4540/4670 4549/4550/4549
f 4139/4551/4139 4573/4552/4573 4670/4540/4670 4596/4553/4596
f 4105/4554/4105 4552/4555/4552 4670/4540/4670 4573/4552/4573
f 4077/4556/4077 4572/4557/4572 4670/4540/4670 4552/4558/4552
f 4103/4559/4103 4597/4560/4597 4670/4540/4670 4572/4557/4572
f 4141/4561/4141 4563/4562/4563 4670/4540/4670 4597/4560/4597
f 4090/4563/4090 4608/4564/4608 4670/4540/4670 4563/4565/4563
f 4157/4566/4157 4585/4567/4585 4670/4540/4670 4608/4564/4608
f 4123/4568/4123 4555/4569/4555 4670/4540/4670 4585/4567/4585
f 4073/4570/4073 4588/4571/4588 4670/4540/4670 4555/4569/4555
f 4128/4572/4128 4605/4573/4605 4670/4540/4670 4588/4574/4588
f 4153/4575/4153 4566/4576/4566 4670/4540/4670 4605/4577/4605
f 4094/4578/4094 4604/4579/4604 4670/4540/4670 4566/4580/4566
f 4152/4581/4152 4583/4582/4583 4670/4540/4670 4604/4583/4604
f 4120/4584/4120 4562/4585/4562 4670/4540/4670 4583/4586/4583
f 4084/4587/4084 4582/4588/4582 4670/4540/4670 4562/4589/4562
f 4119/4590/4119 4601/4591/4601 4670/4540/4670 4582/4588/4582
f 4147/4592/4147 4568/4593/4568 4670/4540/4670 4601/4591/4601
f 4097/4594/4097 4600/4595/4600 4670/4540/4670 4568/4593/4568
f 4146/4596/4146 4579/4597/4579 4670/4540/4670 4600/4598/4600
f 4114/4599/4114 4558/4600/4558 4670/4540/4670 4579/4601/4579
f 4083/4602/4083 4561/4603/4561 4670/4540/4670 4558/4600/4558
f 4112/4604/4112 4578/4605/4578 4670/4540/4670 4561/4606/4561
f 4134/4607/4134 4592/4608/4592 4670/4540/4670 4578/4609/4578
f 4074/4610/4074 4551/4611/4551 4670/4540/4670 4592/4612/4592
f 4130/4613/4130 4590/4614/4590 4670/4540/4670 4551/4615/4551
f 4109/4616/4109 4576/4617/4576 4670/4540/4670 4590/4618/4590
f 4203/4619/4203 4548/4620/4548 4671/4621/4671 4353/4622/4353
f 4548/4620/4548 4195/4623/4195 4300/4624/4300 4671/4621/4671
f 4671/4621/4671 4300/4624/4300 4240/4625/4240 4303/4626/4303
f 4353/4622/4353 4671/4621/4671 4303/4626/4303 4239/4627/4239
f 4212/4628/4212 4547/4629/4547 4672/4630/4672 4398/4631/4398
f 4547/4629/4547 4192/4632/4192 4289/4633/4289 4672/4630/4672
f 4672/4630/4672 4289/4633/4289 4230/4634/4230 4295/4635/4295
f 4398/4631/4398 4672/4630/4672 4295/4635/4295 4229/4636/4229
f 4199/4637/4199 4546/4638/4546 4673/4639/4673 4333/4640/4333
f 4546/4638/4546 4190/4641/4190 4490/4642/4490 4673/4639/4673
f 4673/4639/4673 4490/4642/4490 4228/4643/4228 4293/4644/4293
f 4333/4640/4333 4673/4639/4673 4293/4644/4293 4227/4645/4227
f 4169/4646/4169 4488/4647/4488 4674/4648/4674 4332/4649/4332
f 4488/4647/4488 4164/4650/4164 4434/4651/4434 4674/4648/4674
f 4674/4648/4674 4434/4651/4434 4085/4652/4085 4331/4653/4331
f 4332/4649/4332 4674/4648/4674 4331/4653/4331 4101/4654/4101
f 4179/4655/4179 4487/4656/4487 4675/4657/4675 4383/4658/4383
f 4487/4656/4487 4160/4659/4160 4281/4660/4281 4675/4657/4675
f 4675/4657/4675 4281/4660/4281 4087/4661/4087 4381/4662/4381
f 4383/4658/4383 4675/4657/4675 4381/4662/4381 4131/4663/4131
f 4206/4664/4206 4545/4665/4545 4676/4666/4676 4368/4667/4368
f 4545/4665/4545 4189/4668/4189 4279/4669/4279 4676/4666/4676
f 4676/4666/4676 4279/4669/4279 4089/4670/4089 4366/4671/4366
f 4368/4667/4368 4676/4666/4676 4366/4671/4366 4122/4672/4122
f 4182/4673/4182 4486/4674/4486 4677/4675/4677 4397/4676/4397
f 4486/4674/4486 4162/4677/4162 4287/4678/4287 4677/4675/4677
f 4677/4675/4677 4287/4678/4287 4069/4679/4069 4396/4680/4396
f 4397/4676/4397 4677/4675/4677 4396/4680/4396 4140/4681/4140
f 4174/4682/4174 4485/4683/4485 4678/4684/4678 4358/4685/4358
f 4485/4683/4485 4159/4686/4159 4429/4687/4429 4678/4684/4678
f 4678/4684/4678 4429/4687/4429 4238/4688/4238 4301/4689/4301
f 4358/4685/4358 4678/4684/4678 4301/4689/4301 4237/4690/4237
f 4176/4691/4176 4484/4692/4484 4679/4693/4679 4367/4694/4367
f 4484/4692/4484 4165/4695/4165 4302/4696/4302 4679/4693/4679
f 4679/4693/4679 4302/4696/4302 4245/4697/4245 4306/4698/4306
f 4367/4694/4367 4679/4693/4679 4306/4698/4306 4244/4699/4244
f 4204/4700/4204 4544/4701/4544 4680/4702/4680 4357/4703/4357
f 4544/4701/4544 4195/4704/4195 4495/4705/4495 4680/4702/4680
f 4680/4702/4680 4495/4705/4495 4088/4706/4088 4356/4707/4356
f 4357/4703/4357 4680/4702/4680 4356/4707/4356 4116/4708/4116
f 4209/4709/4209 4543/4710/4543 4681/4711/4681 4382/4712/4382
f 4543/4710/4543 4194/4713/4194 4297/4714/4297 4681/4711/4681
f 4681/4711/4681 4297/4714/4297 4222/4715/4222 4285/4716/4285
f 4382/4712/4382 4681/4711/4681 4285/4716/4285 4221/4717/4221
f 4170/4718/4170 4483/4719/4483 4682/4720/4682 4338/4721/4338
f 4483/4719/4483 4161/4722/4161 4282/4723/4282 4682/4720/4682
f 4682/4720/4682 4282/4723/4282 4086/4724/4086 4336/4725/4336
f 4338/4721/4338 4682/4720/4682 4336/4725/4336 4104/4726/4104
f 4200/4727/4200 4542/4728/4542 4683/4729/4683 4337/4730/4337
f 4542/4728/4542 4193/4731/4193 4294/4732/4294 4683/4729/4683
f 4683/4729/4683 4294/4732/4294 4234/4733/4234 4298/4734/4298
f 4337/4730/4337 4683/4729/4683 4298/4734/4298 4233/4735/4233
f 4173/4736/4173 4482/4737/4482 4684/4738/4684 4352/4739/4352
f 4482/4737/4482 4159/4740/4159 4280/4741/4280 4684/4738/4684
f 4684/4738/4684 4280/4741/4280 4088/4742/4088 4351/4743/4351
f 4352/4739/4352 4684/4738/4684 4351/4743/4351 4113/4744/4113
f 4218/4745/4218 4541/4746/4541 4685/4747/4685 4428/4748/4428
f 4541/4746/4541 4196/4749/4196 4317/4750/4317 4685/4747/4685
f 4685/4747/4685 4317/4750/4317 4249/4751/4249 4315/4752/4315
f 4428/4748/4428 4685/4747/4685 4315/4752/4315 4248/4753/4248
f 4188/4754/4188 4481/4755/4481 4686/4756/4686 4427/4757/4427
f 4481/4755/4481 4166/4758/4166 4318/4759/4318 4686/4756/4686
f 4686/4756/4686 4318/4759/4318 4092/4760/4092 4426/4761/4426
f 4427/4757/4427 4686/4756/4686 4426/4761/4426 4158/4762/4158
f 4187/4763/4187 4480/4764/4480 4687/4765/4687 4423/4766/4423
f 4480/4764/4480 4167/4767/4167 4322/4768/4322 4687/4765/4687
f 4687/4765/4687 4322/4768/4322 4253/4769/4253 4320/4770/4320
f 4423/4766/4423 4687/4765/4687 4320/4770/4320 4252/4771/4252
f 4217/4772/4217 4540/4773/4540 4688/4774/4688 4422/4775/4422
f 4540/4773/4540 4197/4776/4197 4323/4777/4323 4688/4774/4688
f 4688/4774/4688 4323/4777/4323 4095/4778/4095 4421/4779/4421
f 4422/4775/4422 4688/4774/4688 4421/4779/4421 4155/4780/4155
f 4215/4781/4215 4539/4782/4539 4689/4783/4689 4413/4784/4413
f 4539/4782/4539 4198/4785/4198 4327/4786/4327 4689/4783/4689
f 4689/4783/4689 4327/4786/4327 4098/4787/4098 4411/4788/4411
f 4413/4784/4413 4689/4783/4689 4411/4788/4411 4149/4789/4149
f 4185/4790/4185 4479/4791/4479 4690/4792/4690 4412/4793/4412
f 4479/4791/4479 4168/4794/4168 4328/4795/4328 4690/4792/4690
f 4690/4792/4690 4328/4795/4328 4257/4796/4257 4325/4797/4325
f 4412/4793/4412 4690/4792/4690 4325/4797/4325 4256/4798/4256
f 4181/4799/4181 4478/4800/4478 4691/4801/4691 4393/4802/4393
f 4478/4800/4478 4169/4646/4169 4332/4649/4332 4691/4801/4691
f 4691/4801/4691 4332/4649/4332 4101/4654/4101 4390/4803/4390
f 4393/4802/4393 4691/4801/4691 4390/4803/4390 4136/4804/4136
f 4211/4805/4211 4538/4806/4538 4692/4807/4692 4392/4808/4392
f 4538/4806/4538 4199/4809/4199 4333/4810/4333 4692/4807/4692
f 4692/4807/4692 4333/4810/4333 4227/4811/4227 4330/4812/4330
f 4392/4808/4392 4692/4807/4692 4330/4812/4330 4260/4813/4260
f 4213/4814/4213 4537/4815/4537 4693/4816/4693 4403/4817/4403
f 4537/4815/4537 4200/4727/4200 4337/4730/4337 4693/4816/4693
f 4693/4816/4693 4337/4730/4337 4233/4735/4233 4334/4818/4334
f 4403/4817/4403 4693/4816/4693 4334/4818/4334 4261/4819/4261
f 4183/4820/4183 4477/4821/4477 4694/4822/4694 4402/4823/4402
f 4477/4821/4477 4170/4718/4170 4338/4721/4338 4694/4822/4694
f 4694/4822/4694 4338/4721/4338 4104/4726/4104 4400/4824/4400
f 4402/4823/4402 4694/4822/4694 4400/4824/4400 4142/4825/4142
f 4161/4826/4161 4476/4827/4476 4695/4828/4695 4282/4829/4282
f 4476/4827/4476 4171/4830/4171 4342/4831/4342 4695/4828/4695
f 4695/4828/4695 4342/4831/4342 4107/4832/4107 4312/4833/4312
f 4282/4829/4282 4695/4828/4695 4312/4833/4312 4086/4834/4086
f 4193/4731/4193 4536/4835/4536 4696/4836/4696 4294/4732/4294
f 4536/4835/4536 4201/4837/4201 4343/4838/4343 4696/4836/4696
f 4696/4836/4696 4343/4838/4343 4264/4839/4264 4340/4840/4340
f 4294/4732/4294 4696/4836/4696 4340/4840/4340 4234/4733/4234
f 4190/4841/4190 4535/4842/4535 4697/4843/4697 4490/4844/4490
f 4535/4842/4535 4202/4845/4202 4347/4846/4347 4697/4843/4697
f 4697/4843/4697 4347/4846/4347 4265/4847/4265 4344/4848/4344
f 4490/4844/4490 4697/4843/4697 4344/4848/4344 4228/4849/4228
f 4164/4850/4164 4475/4851/4475 4698/4852/4698 4434/4853/4434
f 4475/4851/4475 4172/4854/4172 4348/4855/4348 4698/4852/4698
f 4698/4852/4698 4348/4855/4348 4110/4856/4110 4308/4857/4308
f 4434/4853/4434 4698/4852/4698 4308/4857/4308 4085/4858/4085
f 4180/4859/4180 4474/4860/4474 4699/4861/4699 4388/4862/4388
f 4474/4860/4474 4173/4736/4173 4352/4739/4352 4699/4861/4699
f 4699/4861/4699 4352/4739/4352 4113/4744/4113 4384/4863/4384
f 4388/4862/4388 4699/4861/4699 4384/4863/4384 4132/4864/4132
f 4210/4865/4210 4534/4866/4534 4700/4867/4700 4387/4868/4387
f 4534/4866/4534 4203/4619/4203 4353/4622/4353 4700/4867/4700
f 4700/4867/4700 4353/4622/4353 4239/4627/4239 4349/4869/4349
f 4387/4868/4387 4700/4867/4700 4349/4869/4349 4267/4870/4267
f 4214/4871/4214 4533/4872/4533 4701/4873/4701 4408/4874/4408
f 4533/4872/4533 4204/4700/4204 4357/4703/4357 4701/4873/4701
f 4701/4873/4701 4357/4703/4357 4116/4708/4116 4405/4875/4405
f 4408/4874/4408 4701/4873/4701 4405/4875/4405 4145/4876/4145
f 4184/4877/4184 4473/4878/4473 4702/4879/4702 4407/4880/4407
f 4473/4878/4473 4174/4682/4174 4358/4685/4358 4702/4879/4702
f 4702/4879/4702 4358/4685/4358 4237/4690/4237 4354/4881/4354
f 4407/4880/4407 4702/4879/4702 4354/4881/4354 4269/4882/4269
f 4165/4883/4165 4472/4884/4472 4703/4885/4703 4302/4886/4302
f 4472/4884/4472 4175/4887/4175 4362/4888/4362 4703/4885/4703
f 4703/4885/4703 4362/4888/4362 4272/4889/4272 4361/4890/4361
f 4302/4886/4302 4703/4885/4703 4361/4890/4361 4245/4891/4245
f 4189/4892/4189 4532/4893/4532 4704/4894/4704 4279/4895/4279
f 4532/4893/4532 4205/4896/4205 4363/4897/4363 4704/4894/4704
f 4704/4894/4704 4363/4897/4363 4118/4898/4118 4310/4899/4310
f 4279/4895/4279 4704/4894/4704 4310/4899/4310 4089/4900/4089
f 4186/4901/4186 4471/4902/4471 4705/4903/4705 4418/4904/4418
f 4471/4902/4471 4176/4905/4176 4367/4906/4367 4705/4903/4705
f 4705/4903/4705 4367/4906/4367 4244/4907/4244 4364/4908/4364
f 4418/4904/4418 4705/4903/4705 4364/4908/4364 4273/4909/4273
f 4216/4910/4216 4531/4911/4531 4706/4912/4706 4417/4913/4417
f 4531/4911/4531 4206/4664/4206 4368/4667/4368 4706/4912/4706
f 4706/4912/4706 4368/4667/4368 4122/4672/4122 4415/4914/4415
f 4417/4913/4417 4706/4912/4706 4415/4914/4415 4151/4915/4151
f 4163/4916/4163 4470/4917/4470 4707/4918/4707 4290/4919/4290
f 4470/4917/4470 4177/4920/4177 4372/4921/4372 4707/4918/4707
f 4707/4918/4707 4372/4921/4372 4124/4922/4124 4307/4923/4307
f 4290/4919/4290 4707/4918/4707 4307/4923/4307 4070/4924/4070
f 4191/4925/4191 4530/4926/4530 4708/4927/4708 4286/4928/4286
f 4530/4926/4530 4207/4929/4207 4373/4930/4373 4708/4927/4708
f 4708/4927/4708 4373/4930/4373 4276/4931/4276 4371/4932/4371
f 4286/4928/4286 4708/4927/4708 4371/4932/4371 4242/4933/4242
f 4191/4934/4191 4529/4935/4529 4709/4936/4709 4491/4937/4491
f 4529/4935/4529 4208/4938/4208 4377/4939/4377 4709/4936/4709
f 4709/4936/4709 4377/4939/4377 4127/4940/4127 4309/4941/4309
f 4491/4937/4491 4709/4936/4709 4309/4941/4309 4070/4942/4070
f 4163/4943/4163 4469/4944/4469 4710/4945/4710 4433/4946/4433
f 4469/4944/4469 4178/4947/4178 4378/4948/4378 4710/4945/4710
f 4710/4945/4710 4378/4948/4378 4278/4949/4278 4376/4950/4376
f 4433/4946/4433 4710/4945/4710 4376/4950/4376 4232/4951/4232
f 4202/4845/4202 4528/4952/4528 4711/4953/4711 4347/4846/4347
f 4528/4952/4528 4209/4709/4209 4382/4712/4382 4711/4953/4711
f 4711/4953/4711 4382/4712/4382 4221/4717/4221 4379/4954/4379
f 4347/4846/4347 4711/4953/4711 4379/4954/4379 4265/4847/4265
f 4172/4854/4172 4468/4955/4468 4712/4956/4712 4348/4855/4348
f 4468/4955/4468 4179/4655/4179 4383/4658/4383 4712/4956/4712
f 4712/4956/4712 4383/4658/4383 4131/4663/4131 4346/4957/4346
f 4348/4855/4348 4712/4956/4712 4346/4957/4346 4110/4856/4110
f 4194/4713/4194 4527/4958/4527 4713/4959/4713 4297/4714/4297
f 4527/4958/4527 4210/4865/4210 4387/4868/4387 4713/4959/4713
f 4713/4959/4713 4387/4868/4387 4267/4870/4267 4385/4960/4385
f 4297/4714/4297 4713/4959/4713 4385/4960/4385 4222/4715/4222
f 4160/4961/4160 4467/4962/4467 4714/4963/4714 4281/4964/4281
f 4467/4962/4467 4180/4965/4180 4388/4966/4388 4714/4963/4714
f 4714/4963/4714 4388/4966/4388 4132/4967/4132 4313/4968/4313
f 4281/4964/4281 4714/4963/4714 4313/4968/4313 4087/4969/4087
f 4192/4632/4192 4526/4970/4526 4715/4971/4715 4289/4633/4289
f 4526/4970/4526 4211/4805/4211 4392/4808/4392 4715/4971/4715
f 4715/4971/4715 4392/4808/4392 4260/4813/4260 4391/4972/4391
f 4289/4633/4289 4715/4971/4715 4391/4972/4391 4230/4634/4230
f 4162/4677/4162 4466/4973/4466 4716/4974/4716 4287/4678/4287
f 4466/4973/4466 4181/4975/4181 4393/4976/4393 4716/4974/4716
f 4716/4974/4716 4393/4976/4393 4136/4977/4136 4311/4978/4311
f 4287/4678/4287 4716/4974/4716 4311/4978/4311 4069/4679/4069
f 4171/4979/4171 4465/4980/4465 4717/4981/4717 4342/4982/4342
f 4465/4980/4465 4182/4673/4182 4397/4676/4397 4717/4981/4717
f 4717/4981/4717 4397/4676/4397 4140/4681/4140 4341/4983/4341
f 4342/4982/4342 4717/4981/4717 4341/4983/4341 4107/4984/4107
f 4201/4837/4201 4525/4985/4525 4718/4986/4718 4343/4838/4343
f 4525/4985/4525 4212/4628/4212 4398/4631/4398 4718/4986/4718
f 4718/4986/4718 4398/4631/4398 4229/4636/4229 4394/4987/4394
f 4343/4838/4343 4718/4986/4718 4394/4987/4394 4264/4839/4264
f 4166/4988/4166 4464/4989/4464 4719/4990/4719 4318/4991/4318
f 4464/4989/4464 4183/4820/4183 4402/4823/4402 4719/4990/4719
f 4719/4990/4719 4402/4823/4402 4142/4825/4142 4316/4992/4316
f 4318/4991/4318 4719/4990/4719 4316/4992/4316 4092/4993/4092
f 4196/4749/4196 4524/4994/4524 4720/4995/4720 4317/4750/4317
f 4524/4994/4524 4213/4814/4213 4403/4817/4403 4720/4995/4720
f 4720/4995/4720 4403/4817/4403 4261/4819/4261 4401/4996/4401
f 4317/4750/4317 4720/4995/4720 4401/4996/4401 4249/4751/4249
f 4168/4794/4168 4463/4997/4463 4721/4998/4721 4328/4795/4328
f 4463/4997/4463 4184/4877/4184 4407/4880/4407 4721/4998/4721
f 4721/4998/4721 4407/4880/4407 4269/4882/4269 4406/4999/4406
f 4328/4795/4328 4721/4998/4721 4406/4999/4406 4257/4796/4257
f 4198/5000/4198 4523/5001/4523 4722/5002/4722 4327/5003/4327
f 4523/5001/4523 4214/4871/4214 4408/4874/4408 4722/5002/4722
f 4722/5002/4722 4408/4874/4408 4145/4876/4145 4326/5004/4326
f 4327/5003/4327 4722/5002/4722 4326/5004/4326 4098/5005/4098
f 4175/4887/4175 4462/5006/4462 4723/5007/4723 4362/4888/4362
f 4462/5006/4462 4185/4790/4185 4412/4793/4412 4723/5007/4723
f 4723/5007/4723 4412/4793/4412 4256/4798/4256 4409/5008/4409
f 4362/4888/4362 4723/5007/4723 4409/5008/4409 4272/4889/4272
f 4205/4896/4205 4522/5009/4522 4724/5010/4724 4363/4897/4363
f 4522/5009/4522 4215/5011/4215 4413/5012/4413 4724/5010/4724
f 4724/5010/4724 4413/5012/4413 4149/5013/4149 4360/5014/4360
f 4363/4897/4363 4724/5010/4724 4360/5014/4360 4118/4898/4118
f 4197/4776/4197 4521/5015/4521 4725/5016/4725 4323/4777/4323
f 4521/5015/4521 4216/5017/4216 4417/5018/4417 4725/5016/4725
f 4725/5016/4725 4417/5018/4417 4151/5019/4151 4321/5020/4321
f 4323/4777/4323 4725/5016/4725 4321/5020/4321 4095/4778/4095
f 4167/4767/4167 4461/5021/4461 4726/5022/4726 4322/4768/4322
f 4461/5021/4461 4186/4901/4186 4418/4904/4418 4726/5022/4726
f 4726/5022/4726 4418/4904/4418 4273/4909/4273 4416/5023/4416
f 4322/4768/4322 4726/5022/4726 4416/5023/4416 4253/4769/4253
f 4208/5024/4208 4520/5025/4520 4727/5026/4727 4377/5027/4377
f 4520/5025/4520 4217/4772/4217 4422/4775/4422 4727/5026/4727
f 4727/5026/4727 4422/4775/4422 4155/4780/4155 4375/5028/4375
f 4377/5027/4377 4727/5026/4727 4375/5028/4375 4127/5029/4127
f 4178/4947/4178 4460/5030/4460 4728/5031/4728 4378/4948/4378
f 4460/5030/4460 4187/4763/4187 4423/4766/4423 4728/5031/4728
f 4728/5031/4728 4423/4766/4423 4252/4771/4252 4419/5032/4419
f 4378/4948/4378 4728/5031/4728 4419/5032/4419 4278/4949/4278
f 4177/4920/4177 4459/5033/4459 4729/5034/4729 4372/4921/4372
f 4459/5033/4459 4188/4754/4188 4427/4757/4427 4729/5034/4729
f 4729/5034/4729 4427/4757/4427 4158/4762/4158 4370/5035/4370
f 4372/4921/4372 4729/5034/4729 4370/5035/4370 4124/4922/4124
f 4207/4929/4207 4519/5036/4519 4730/5037/4730 4373/4930/4373
f 4519/5036/4519 4218/4745/4218 4428/4748/4428 4730/5037/4730
f 4730/5037/4730 4428/4748/4428 4248/4753/4248 4424/5038/4424
f 4373/4930/4373 4730/5037/4730 4424/5038/4424 4276/4931/4276
f 4231/5039/4231 4369/5040/4369 4731/5041/4731 4447/5042/4447
f 4369/5040/4369 4275/5043/4275 4458/5044/4458 4731/5041/4731
f 4731/5041/4731 4458/5044/4458 4188/5045/4188 4459/5046/4459
f 4447/5042/4447 4731/5041/4731 4459/5046/4459 4177/5047/4177
f 4127/5029/4127 4375/5028/4375 4732/5048/4732 4448/5049/4448
f 4375/5028/4375 4155/4780/4155 4457/5050/4457 4732/5048/4732
f 4732/5048/4732 4457/5050/4457 4187/5051/4187 4460/5052/4460
f 4448/5049/4448 4732/5048/4732 4460/5052/4460 4178/5053/4178
f 4095/4778/4095 4321/5020/4321 4733/5054/4733 4437/5055/4437
f 4321/5020/4321 4151/5019/4151 4456/5056/4456 4733/5054/4733
f 4733/5054/4733 4456/5056/4456 4186/5057/4186 4461/5058/4461
f 4437/5055/4437 4733/5054/4733 4461/5058/4461 4167/5059/4167
f 4118/5060/4118 4360/5061/4360 4734/5062/4734 4445/5063/4445
f 4360/5061/4360 4149/4789/4149 4455/5064/4455 4734/5062/4734
f 4734/5062/4734 4455/5064/4455 4185/5065/4185 4462/5066/4462
f 4445/5063/4445 4734/5062/4734 4462/5066/4462 4175/5067/4175
f 4098/4787/4098 4326/5068/4326 4735/5069/4735 4438/5070/4438
f 4326/5068/4326 4145/5071/4145 4454/5072/4454 4735/5069/4735
f 4735/5069/4735 4454/5072/4454 4184/5073/4184 4463/5074/4463
f 4438/5070/4438 4735/5069/4735 4463/5074/4463 4168/5075/4168
f 4247/5076/4247 4314/5077/4314 4736/5078/4736 4436/5079/4436
f 4314/5077/4314 4246/5080/4246 4453/5081/4453 4736/5078/4736
f 4736/5078/4736 4453/5081/4453 4183/5082/4183 4464/5083/4464
f 4436/5079/4436 4736/5078/4736 4464/5083/4464 4166/5084/4166
f 4225/5085/4225 4339/5086/4339 4737/5087/4737 4441/5088/4441
f 4339/5086/4339 4263/5089/4263 4452/5090/4452 4737/5087/4737
f 4737/5087/4737 4452/5090/4452 4182/5091/4182 4465/5092/4465
f 4441/5088/4441 4737/5087/4737 4465/5092/4465 4171/5093/4171
f 4220/5094/4220 4283/5095/4283 4738/5096/4738 4432/5097/4432
f 4283/5095/4283 4219/5098/4219 4451/5099/4451 4738/5096/4738
f 4738/5096/4738 4451/5099/4451 4181/5100/4181 4466/5101/4466
f 4432/5097/4432 4738/5096/4738 4466/5101/4466 4162/5102/4162
f 4224/5103/4224 4386/5104/4386 4739/5105/4739 4430/5106/4430
f 4386/5104/4386 4268/5107/4268 4450/5108/4450 4739/5105/4739
f 4739/5105/4739 4450/5108/4450 4180/5109/4180 4467/5110/4467
f 4430/5106/4430 4739/5105/4739 4467/5110/4467 4160/5111/4160
f 4266/5112/4266 4380/5113/4380 4740/5114/4740 4442/5115/4442
f 4380/5113/4380 4223/5116/4223 4449/5117/4449 4740/5114/4740
f 4740/5114/4740 4449/5117/4449 4179/5118/4179 4468/5119/4468
f 4442/5115/4442 4740/5114/4740 4468/5119/4468 4172/5120/4172
f 4070/4942/4070 4309/4941/4309 4741/5121/4741 4290/5122/4290
f 4309/4941/4309 4127/4940/4127 4448/5123/4448 4741/5121/4741
f 4741/5121/4741 4448/5123/4448 4178/5124/4178 4469/5125/4469
f 4290/5122/4290 4741/5121/4741 4469/5125/4469 4163/5126/4163
f 4232/5127/4232 4296/5128/4296 4742/5129/4742 4433/5130/4433
f 4296/5128/4296 4231/5039/4231 4447/5042/4447 4742/5129/4742
f 4742/5129/4742 4447/5042/4447 4177/5047/4177 4470/5131/4470
f 4433/5130/4433 4742/5129/4742 4470/5131/4470 4163/4943/4163
f 4151/4915/4151 4415/4914/4415 4743/5132/4743 4456/5133/4456
f 4415/4914/4415 4122/4672/4122 4446/5134/4446 4743/5132/4743
f 4743/5132/4743 4446/5134/4446 4176/4691/4176 4471/5135/4471
f 4456/5133/4456 4743/5132/4743 4471/5135/4471 4186/5136/4186
f 4089/4900/4089 4310/4899/4310 4744/5137/4744 4435/5138/4435
f 4310/4899/4310 4118/4898/4118 4445/5139/4445 4744/5137/4744
f 4744/5137/4744 4445/5139/4445 4175/5140/4175 4472/5141/4472
f 4435/5138/4435 4744/5137/4744 4472/5141/4472 4165/5142/4165
f 4145/4876/4145 4405/4875/4405 4745/5143/4745 4454/5144/4454
f 4405/4875/4405 4116/4708/4116 4444/5145/4444 4745/5143/4745
f 4745/5143/4745 4444/5145/4444 4174/5146/4174 4473/5147/4473
f 4454/5144/4454 4745/5143/4745 4473/5147/4473 4184/5148/4184
f 4268/5107/4268 4350/5149/4350 4746/5150/4746 4450/5108/4450
f 4350/5149/4350 4243/5151/4243 4443/5152/4443 4746/5150/4746
f 4746/5150/4746 4443/5152/4443 4173/5153/4173 4474/5154/4474
f 4450/5108/4450 4746/5150/4746 4474/5154/4474 4180/5109/4180
f 4258/5155/4258 4345/5156/4345 4747/5157/4747 4292/5158/4292
f 4345/5156/4345 4266/5112/4266 4442/5115/4442 4747/5157/4747
f 4747/5157/4747 4442/5115/4442 4172/5120/4172 4475/5159/4475
f 4292/5158/4292 4747/5157/4747 4475/5159/4475 4164/5160/4164
f 4226/5161/4226 4291/5162/4291 4748/5163/4748 4431/5164/4431
f 4291/5162/4291 4225/5085/4225 4441/5088/4441 4748/5163/4748
f 4748/5163/4748 4441/5088/4441 4171/5093/4171 4476/5165/4476
f 4431/5164/4431 4748/5163/4748 4476/5165/4476 4161/5166/4161
f 4246/5080/4246 4399/5167/4399 4749/5168/4749 4453/5081/4453
f 4399/5167/4399 4262/5169/4262 4440/5170/4440 4749/5168/4749
f 4749/5168/4749 4440/5170/4440 4170/5171/4170 4477/5172/4477
f 4453/5081/4453 4749/5168/4749 4477/5172/4477 4183/5082/4183
f 4219/5098/4219 4389/5173/4389 4750/5174/4750 4451/5099/4451
f 4389/5173/4389 4259/5175/4259 4439/5176/4439 4750/5174/4750
f 4750/5174/4750 4439/5176/4439 4169/5177/4169 4478/5178/4478
f 4451/5099/4451 4750/5174/4750 4478/5178/4478 4181/5100/4181
f 4149/4789/4149 4411/4788/4411 4751/5179/4751 4455/5064/4455
f 4411/4788/4411 4098/4787/4098 4438/5070/4438 4751/5179/4751
f 4751/5179/4751 4438/5070/4438 4168/5075/4168 4479/5180/4479
f 4455/5064/4455 4751/5179/4751 4479/5180/4479 4185/5065/4185
f 4155/4780/4155 4421/4779/4421 4752/5181/4752 4457/5050/4457
f 4421/4779/4421 4095/4778/4095 4437/5055/4437 4752/5181/4752
f 4752/5181/4752 4437/5055/4437 4167/5059/4167 4480/5182/4480
f 4457/5050/4457 4752/5181/4752 4480/5182/4480 4187/5051/4187
f 4275/5043/4275 4425/5183/4425 4753/5184/4753 4458/5044/4458
f 4425/5183/4425 4247/5076/4247 4436/5079/4436 4753/5184/4753
f 4753/5184/4753 4436/5079/4436 4166/5084/4166 4481/5185/4481
f 4458/5044/4458 4753/5184/4753 4481/5185/4481 4188/5045/4188
f 4243/5186/4243 4305/5187/4305 4754/5188/4754 4443/5189/4443
f 4305/5187/4305 4238/5190/4238 4429/5191/4429 4754/5188/4754
f 4754/5188/4754 4429/5191/4429 4159/4740/4159 4482/4737/4482
f 4443/5189/4443 4754/5188/4754 4482/4737/4482 4173/4736/4173
f 4262/5169/4262 4335/5192/4335 4755/5193/4755 4440/5170/4440
f 4335/5192/4335 4226/5161/4226 4431/5164/4431 4755/5193/4755
f 4755/5193/4755 4431/5164/4431 4161/5166/4161 4483/5194/4483
f 4440/5170/4440 4755/5193/4755 4483/5194/4483 4170/5171/4170
f 4122/4672/4122 4366/4671/4366 4756/5195/4756 4446/5134/4446
f 4366/4671/4366 4089/4670/4089 4435/5196/4435 4756/5195/4756
f 4756/5195/4756 4435/5196/4435 4165/4695/4165 4484/4692/4484
f 4446/5134/4446 4756/5195/4756 4484/4692/4484 4176/4691/4176
f 4116/4708/4116 4356/4707/4356 4757/5197/4757 4444/5145/4444
f 4356/4707/4356 4088/4706/4088 4280/5198/4280 4757/5197/4757
f 4757/5197/4757 4280/5198/4280 4159/5199/4159 4485/5200/4485
f 4444/5145/4444 4757/5197/4757 4485/5200/4485 4174/5146/4174
f 4263/5089/4263 4395/5201/4395 4758/5202/4758 4452/5090/4452
f 4395/5201/4395 4220/5094/4220 4432/5097/4432 4758/5202/4758
f 4758/5202/4758 4432/5097/4432 4162/5102/4162 4486/5203/4486
f 4452/5090/4452 4758/5202/4758 4486/5203/4486 4182/5091/4182
f 4223/5116/4223 4288/5204/4288 4759/5205/4759 4449/5117/4449
f 4288/5204/4288 4224/5103/4224 4430/5106/4430 4759/5205/4759
f 4759/5205/4759 4430/5106/4430 4160/5111/4160 4487/5206/4487
f 4449/5117/4449 4759/5205/4759 4487/5206/4487 4179/5118/4179
f 4259/5207/4259 4329/5208/4329 4760/5209/4760 4439/5210/4439
f 4329/5208/4329 4258/5211/4258 4292/5212/4292 4760/5209/4760
f 4760/5209/4760 4292/5212/4292 4164/4650/4164 4488/4647/4488
f 4439/5210/4439 4760/5209/4760 4488/4647/4488 4169/4646/4169
f 4124/4922/4124 4370/5035/4370 4761/5213/4761 4507/5214/4507
f 4370/5035/4370 4158/4762/4158 4518/5215/4518 4761/5213/4761
f 4761/5213/4761 4518/5215/4518 4218/5216/4218 4519/5217/4519
f 4507/5214/4507 4761/5213/4761 4519/5217/4519 4207/5218/4207
f 4241/5219/4241 4374/5220/4374 4762/5221/4762 4508/5222/4508
f 4374/5220/4374 4277/5223/4277 4517/5224/4517 4762/5221/4762
f 4762/5221/4762 4517/5224/4517 4217/5225/4217 4520/5226/4520
f 4508/5222/4508 4762/5221/4762 4520/5226/4520 4208/5227/4208
f 4251/5228/4251 4319/5229/4319 4763/5230/4763 4497/5231/4497
f 4319/5229/4319 4250/5232/4250 4516/5233/4516 4763/5230/4763
f 4763/5230/4763 4516/5233/4516 4216/5234/4216 4521/5235/4521
f 4497/5231/4497 4763/5230/4763 4521/5235/4521 4197/5236/4197
f 4235/5237/4235 4359/5238/4359 4764/5239/4764 4505/5240/4505
f 4359/5238/4359 4271/5241/4271 4515/5242/4515 4764/5239/4764
f 4764/5239/4764 4515/5242/4515 4215/5243/4215 4522/5244/4522
f 4505/5240/4505 4764/5239/4764 4522/5244/4522 4205/5245/4205
f 4255/5246/4255 4324/5247/4324 4765/5248/4765 4498/5249/4498
f 4324/5247/4324 4254/5250/4254 4514/5251/4514 4765/5248/4765
f 4765/5248/4765 4514/5251/4514 4214/5252/4214 4523/5253/4523
f 4498/5249/4498 4765/5248/4765 4523/5253/4523 4198/5254/4198
f 4092/4993/4092 4316/4992/4316 4766/5255/4766 4496/5256/4496
f 4316/4992/4316 4142/4825/4142 4513/5257/4513 4766/5255/4766
f 4766/5255/4766 4513/5257/4513 4213/5258/4213 4524/5259/4524
f 4496/5256/4496 4766/5255/4766 4524/5259/4524 4196/5260/4196
f 4107/4984/4107 4341/4983/4341 4767/5261/4767 4501/5262/4501
f 4341/4983/4341 4140/4681/4140 4512/5263/4512 4767/5261/4767
f 4767/5261/4767 4512/5263/4512 4212/5264/4212 4525/5265/4525
f 4501/5262/4501 4767/5261/4767 4525/5265/4525 4201/5266/4201
f 4069/4679/4069 4311/4978/4311 4768/5267/4768 4492/5268/4492
f 4311/4978/4311 4136/4977/4136 4511/5269/4511 4768/5267/4768
f 4768/5267/4768 4511/5269/4511 4211/5270/4211 4526/5271/4526
f 4492/5268/4492 4768/5267/4768 4526/5271/4526 4192/5272/4192
f 4087/4969/4087 4313/4968/4313 4769/5273/4769 4494/5274/4494
f 4313/4968/4313 4132/4967/4132 4510/5275/4510 4769/5273/4769
f 4769/5273/4769 4510/5275/4510 4210/5276/4210 4527/5277/4527
f 4494/5274/4494 4769/5273/4769 4527/5277/4527 4194/5278/4194
f 4110/4856/4110 4346/4957/4346 4770/5279/4770 4502/5280/4502
f 4346/4957/4346 4131/4663/4131 4509/5281/4509 4770/5279/4770
f 4770/5279/4770 4509/5281/4509 4209/5282/4209 4528/5283/4528
f 4502/5280/4502 4770/5279/4770 4528/5283/4528 4202/5284/4202
f 4242/5285/4242 4304/5286/4304 4771/5287/4771 4286/5288/4286
f 4304/5286/4304 4241/5219/4241 4508/5222/4508 4771/5287/4771
f 4771/5287/4771 4508/5222/4508 4208/5227/4208 4529/5289/4529
f 4286/5288/4286 4771/5287/4771 4529/5289/4529 4191/4925/4191
f 4070/4924/4070 4307/4923/4307 4772/5290/4772 4491/5291/4491
f 4307/4923/4307 4124/4922/4124 4507/5214/4507 4772/5290/4772
f 4772/5290/4772 4507/5214/4507 4207/5218/4207 4530/5292/4530
f 4491/5291/4491 4772/5290/4772 4530/5292/4530 4191/5293/4191
f 4250/5232/4250 4414/5294/4414 4773/5295/4773 4516/5233/4516
f 4414/5294/4414 4274/5296/4274 4506/5297/4506 4773/5295/4773
f 4773/5295/4773 4506/5297/4506 4206/5298/4206 4531/5299/4531
f 4516/5233/4516 4773/5295/4773 4531/5299/4531 4216/5234/4216
f 4236/5300/4236 4299/5301/4299 4774/5302/4774 4489/5303/4489
f 4299/5301/4299 4235/5304/4235 4505/5305/4505 4774/5302/4774
f 4774/5302/4774 4505/5305/4505 4205/4896/4205 4532/4893/4532
f 4489/5303/4489 4774/5302/4774 4532/4893/4532 4189/4892/4189
f 4254/5250/4254 4404/5306/4404 4775/5307/4775 4514/5251/4514
f 4404/5306/4404 4270/5308/4270 4504/5309/4504 4775/5307/4775
f 4775/5307/4775 4504/5309/4504 4204/5310/4204 4533/5311/4533
f 4514/5251/4514 4775/5307/4775 4533/5311/4533 4214/5252/4214
f 4132/4864/4132 4384/4863/4384 4776/5312/4776 4510/5313/4510
f 4384/4863/4384 4113/4744/4113 4503/5314/4503 4776/5312/4776
f 4776/5312/4776 4503/5314/4503 4203/5315/4203 4534/5316/4534
f 4510/5313/4510 4776/5312/4776 4534/5316/4534 4210/5317/4210
f 4085/4858/4085 4308/4857/4308 4777/5318/4777 4284/5319/4284
f 4308/4857/4308 4110/4856/4110 4502/5280/4502 4777/5318/4777
f 4777/5318/4777 4502/5280/4502 4202/5284/4202 4535/5320/4535
f 4284/5319/4284 4777/5318/4777 4535/5320/4535 4190/5321/4190
f 4086/4834/4086 4312/4833/4312 4778/5322/4778 4493/5323/4493
f 4312/4833/4312 4107/4832/4107 4501/5324/4501 4778/5322/4778
f 4778/5322/4778 4501/5324/4501 4201/5325/4201 4536/5326/4536
f 4493/5323/4493 4778/5322/4778 4536/5326/4536 4193/5327/4193
f 4142/4825/4142 4400/4824/4400 4779/5328/4779 4513/5257/4513
f 4400/4824/4400 4104/4726/4104 4500/5329/4500 4779/5328/4779
f 4779/5328/4779 4500/5329/4500 4200/5330/4200 4537/5331/4537
f 4513/5257/4513 4779/5328/4779 4537/5331/4537 4213/5258/4213
f 4136/4804/4136 4390/4803/4390 4780/5332/4780 4511/5333/4511
f 4390/4803/4390 4101/4654/4101 4499/5334/4499 4780/5332/4780
f 4780/5332/4780 4499/5334/4499 4199/4637/4199 4538/5335/4538
f 4511/5333/4511 4780/5332/4780 4538/5335/4538 4211/5336/4211
f 4271/5241/4271 4410/5337/4410 4781/5338/4781 4515/5242/4515
f 4410/5337/4410 4255/5246/4255 4498/5249/4498 4781/5338/4781
f 4781/5338/4781 4498/5249/4498 4198/5254/4198 4539/5339/4539
f 4515/5242/4515 4781/5338/4781 4539/5339/4539 4215/5243/4215
f 4277/5223/4277 4420/5340/4420 4782/5341/4782 4517/5224/4517
f 4420/5340/4420 4251/5228/4251 4497/5231/4497 4782/5341/4782
f 4782/5341/4782 4497/5231/4497 4197/5236/4197 4540/5342/4540
f 4517/5224/4517 4782/5341/4782 4540/5342/4540 4217/5225/4217
f 4158/4762/4158 4426/4761/4426 4783/5343/4783 4518/5215/4518
f 4426/4761/4426 4092/4760/4092 4496/5344/4496 4783/5343/4783
f 4783/5343/4783 4496/5344/4496 4196/5345/4196 4541/5346/4541
f 4518/5215/4518 4783/5343/4783 4541/5346/4541 4218/5216/4218
f 4104/4726/4104 4336/4725/4336 4784/5347/4784 4500/5329/4500
f 4336/4725/4336 4086/4724/4086 4493/5348/4493 4784/5347/4784
f 4784/5347/4784 4493/5348/4493 4193/5349/4193 4542/5350/4542
f 4500/5329/4500 4784/5347/4784 4542/5350/4542 4200/5330/4200
f 4131/4663/4131 4381/4662/4381 4785/5351/4785 4509/5281/4509
f 4381/4662/4381 4087/4661/4087 4494/5352/4494 4785/5351/4785
f 4785/5351/4785 4494/5352/4494 4194/5353/4194 4543/5354/4543
f 4509/5281/4509 4785/5351/4785 4543/5354/4543 4209/5282/4209
f 4270/5308/4270 4355/5355/4355 4786/5356/4786 4504/5309/4504
f 4355/5355/4355 4240/5357/4240 4300/5358/4300 4786/5356/4786
f 4786/5356/4786 4300/5358/4300 4195/4623/4195 4544/5359/4544
f 4504/5309/4504 4786/5356/4786 4544/5359/4544 4204/5310/4204
f 4274/5296/4274 4365/5360/4365 4787/5361/4787 4506/5297/4506
f 4365/5360/4365 4236/5362/4236 4489/5363/4489 4787/5361/4787
f 4787/5361/4787 4489/5363/4489 4189/5364/4189 4545/5365/4545
f 4506/5297/4506 4787/5361/4787 4545/5365/4545 4206/5298/4206
f 4101/4654/4101 4331/4653/4331 4788/5366/4788 4499/5334/4499
f 4331/4653/4331 4085/4652/4085 4284/5367/4284 4788/5366/4788
f 4788/5366/4788 4284/5367/4284 4190/4641/4190 4546/4638/4546
f 4499/5334/4499 4788/5366/4788 4546/4638/4546 4199/4637/4199
f 4140/4681/4140 4396/4680/4396 4789/5368/4789 4512/5263/4512
f 4396/4680/4396 4069/4679/4069 4492/5268/4492 4789/5368/4789
f 4789/5368/4789 4492/5268/4492 4192/5272/4192 4547/5369/4547
f 4512/5263/4512 4789/5368/4789 4547/5369/4547 4212/5264/4212
f 4113/4744/4113 4351/4743/4351 4790/5370/4790 4503/5314/4503
f 4351/4743/4351 4088/4742/4088 4495/5371/4495 4790/5370/4790
f 4790/5370/4790 4495/5371/4495 4195/5372/4195 4548/5373/4548
f 4503/5314/4503 4790/5370/4790 4548/5373/4548 4203/5315/4203
f 4072/4548/4072 4549/4550/4549 4791/5374/4791 4609/5375/4609
f 4549/4550/4549 4135/4545/4135 4610/5376/4610 4791/5374/4791
f 4791/5374/4791 4610/5376/4610 4219/5098/4219 4283/5095/4283
f 4609/5375/4609 4791/5374/4791 4283/5095/4283 4220/5094/4220
f 4076/4495/4076 4550/5377/4550 4792/5378/4792 4611/5379/4611
f 4550/5377/4550 4129/4492/4129 4612/5380/4612 4792/5378/4792
f 4792/5378/4792 4612/5380/4612 4221/5381/4221 4285/5382/4285
f 4611/5379/4611 4792/5378/4792 4285/5382/4285 4222/5383/4222
f 4130/4613/4130 4551/4611/4551 4793/5384/4793 4613/5385/4613
f 4551/4611/4551 4074/4610/4074 4614/5386/4614 4793/5384/4793
f 4793/5384/4793 4614/5386/4614 4224/5103/4224 4288/5204/4288
f 4613/5385/4613 4793/5384/4793 4288/5204/4288 4223/5116/4223
f 4077/4556/4077 4552/5387/4552 4794/5388/4794 4615/5389/4615
f 4552/5387/4552 4105/4554/4105 4616/5390/4616 4794/5388/4794
f 4794/5388/4794 4616/5390/4616 4225/5085/4225 4291/5162/4291
f 4615/5389/4615 4794/5388/4794 4291/5162/4291 4226/5161/4226
f 4079/4486/4079 4553/4488/4553 4795/5391/4795 4617/5392/4617
f 4553/4488/4553 4100/4483/4100 4618/5393/4618 4795/5391/4795
f 4795/5391/4795 4618/5393/4618 4227/4811/4227 4293/5394/4293
f 4617/5392/4617 4795/5391/4795 4293/5394/4293 4228/4849/4228
f 4071/4477/4071 4554/4475/4554 4796/5395/4796 4619/5396/4619
f 4554/4475/4554 4138/4474/4138 4620/5397/4620 4796/5395/4796
f 4796/5395/4796 4620/5397/4620 4229/5398/4229 4295/5399/4295
f 4619/5396/4619 4796/5395/4796 4295/5399/4295 4230/5400/4230
f 4073/4570/4073 4555/4569/4555 4797/5401/4797 4621/5402/4621
f 4555/4569/4555 4123/4568/4123 4622/5403/4622 4797/5401/4797
f 4797/5401/4797 4622/5403/4622 4231/5039/4231 4296/5128/4296
f 4621/5402/4621 4797/5401/4797 4296/5128/4296 4232/5127/4232
f 4080/4468/4080 4556/5404/4556 4798/5405/4798 4623/5406/4623
f 4556/5404/4556 4102/4465/4102 4624/5407/4624 4798/5405/4798
f 4798/5405/4798 4624/5407/4624 4233/4735/4233 4298/4734/4298
f 4623/5406/4623 4798/5405/4798 4298/4734/4298 4234/5408/4234
f 4081/4520/4081 4557/5409/4557 4799/5410/4799 4625/5411/4625
f 4557/5409/4557 4117/4517/4117 4626/5412/4626 4799/5410/4799
f 4799/5410/4799 4626/5412/4626 4235/5237/4235 4299/5413/4299
f 4625/5411/4625 4799/5410/4799 4299/5413/4299 4236/5362/4236
f 4083/4602/4083 4558/5414/4558 4800/5415/4800 4627/5416/4627
f 4558/5414/4558 4114/4599/4114 4628/5417/4628 4800/5415/4800
f 4800/5415/4800 4628/5417/4628 4237/4690/4237 4301/5418/4301
f 4627/5416/4627 4800/5415/4800 4301/5418/4301 4238/4688/4238
f 4082/4503/4082 4559/4501/4559 4801/5419/4801 4629/5420/4629
f 4559/4501/4559 4111/4500/4111 4630/5421/4630 4801/5419/4801
f 4801/5419/4801 4630/5421/4630 4239/5422/4239 4303/5423/4303
f 4629/5420/4629 4801/5419/4801 4303/5423/4303 4240/5357/4240
f 4075/4451/4075 4560/4454/4560 4802/5424/4802 4631/5425/4631
f 4560/4454/4560 4126/4535/4126 4632/5426/4632 4802/5424/4802
f 4802/5424/4802 4632/5426/4632 4241/5219/4241 4304/5286/4304
f 4631/5425/4631 4802/5424/4802 4304/5286/4304 4242/5285/4242
f 4112/4604/4112 4561/5427/4561 4803/5428/4803 4633/5429/4633
f 4561/5427/4561 4083/4602/4083 4627/5416/4627 4803/5428/4803
f 4803/5428/4803 4627/5416/4627 4238/4688/4238 4305/5430/4305
f 4633/5429/4633 4803/5428/4803 4305/5430/4305 4243/5151/4243
f 4084/4587/4084 4562/4589/4562 4804/5431/4804 4634/5432/4634
f 4562/4589/4562 4120/4584/4120 4635/5433/4635 4804/5431/4804
f 4804/5431/4804 4635/5433/4635 4244/4907/4244 4306/5434/4306
f 4634/5432/4634 4804/5431/4804 4306/5434/4306 4245/4891/4245
f 4090/4563/4090 4563/4565/4563 4805/5435/4805 4636/5436/4636
f 4563/4565/4563 4141/4561/4141 4637/5437/4637 4805/5435/4805
f 4805/5435/4805 4637/5437/4637 4246/5080/4246 4314/5077/4314
f 4636/5436/4636 4805/5435/4805 4314/5077/4314 4247/5076/4247
f 4091/4460/4091 4564/5438/4564 4806/5439/4806 4638/5440/4638
f 4564/5438/4564 4156/4457/4156 4639/5441/4639 4806/5439/4806
f 4806/5439/4806 4639/5441/4639 4248/5442/4248 4315/5443/4315
f 4638/5440/4638 4806/5439/4806 4315/5443/4315 4249/4751/4249
f 4093/4529/4093 4565/5444/4565 4807/5445/4807 4640/5446/4640
f 4565/5444/4565 4150/4526/4150 4641/5447/4641 4807/5445/4807
f 4807/5445/4807 4641/5447/4641 4250/5232/4250 4319/5229/4319
f 4640/5446/4640 4807/5445/4807 4319/5229/4319 4251/5228/4251
f 4094/4578/4094 4566/4576/4566 4808/5448/4808 4642/5449/4642
f 4566/4576/4566 4153/4575/4153 4643/5450/4643 4808/5448/4808
f 4808/5448/4808 4643/5450/4643 4252/5451/4252 4320/5452/4320
f 4642/5449/4642 4808/5448/4808 4320/5452/4320 4253/4769/4253
f 4096/4512/4096 4567/4514/4567 4809/5453/4809 4644/5454/4644
f 4567/4514/4567 4144/4509/4144 4645/5455/4645 4809/5453/4809
f 4809/5453/4809 4645/5455/4645 4254/5250/4254 4324/5247/4324
f 4644/5454/4644 4809/5453/4809 4324/5247/4324 4255/5246/4255
f 4097/4594/4097 4568/4593/4568 4810/5456/4810 4646/5457/4646
f 4568/4593/4568 4147/4592/4147 4647/5458/4647 4810/5456/4810
f 4810/5456/4810 4647/5458/4647 4256/5459/4256 4325/5460/4325
f 4646/5457/4646 4810/5456/4810 4325/5460/4325 4257/5461/4257
f 4099/4542/4099 4569/5462/4569 4811/5463/4811 4648/5464/4648
f 4569/5462/4569 4078/4538/4078 4649/5465/4649 4811/5463/4811
f 4811/5463/4811 4649/5465/4649 4258/5155/4258 4329/5466/4329
f 4648/5464/4648 4811/5463/4811 4329/5466/4329 4259/5175/4259
f 4100/4483/4100 4570/5467/4570 4812/5468/4812 4618/5393/4618
f 4570/5467/4570 4137/4480/4137 4650/5469/4650 4812/5468/4812
f 4812/5468/4812 4650/5469/4650 4260/5470/4260 4330/5471/4330
f 4618/5393/4618 4812/5468/4812 4330/5471/4330 4227/4811/4227
f 4102/4465/4102 4571/5472/4571 4813/5473/4813 4624/5407/4624
f 4571/5472/4571 4143/4462/4143 4651/5474/4651 4813/5473/4813
f 4813/5473/4813 4651/5474/4651 4261/5475/4261 4334/5476/4334
f 4624/5407/4624 4813/5473/4813 4334/5476/4334 4233/4735/4233
f 4103/4559/4103 4572/4557/4572 4814/5477/4814 4652/5478/4652
f 4572/4557/4572 4077/4556/4077 4615/5389/4615 4814/5477/4814
f 4814/5477/4814 4615/5389/4615 4226/5161/4226 4335/5192/4335
f 4652/5478/4652 4814/5477/4814 4335/5192/4335 4262/5169/4262
f 4105/4554/4105 4573/5479/4573 4815/5480/4815 4616/5390/4616
f 4573/5479/4573 4139/4551/4139 4653/5481/4653 4815/5480/4815
f 4815/5480/4815 4653/5481/4653 4263/5089/4263 4339/5086/4339
f 4616/5390/4616 4815/5480/4815 4339/5086/4339 4225/5085/4225
f 4106/4471/4106 4574/5482/4574 4816/5483/4816 4654/5484/4654
f 4574/5482/4574 4080/4468/4080 4623/5406/4623 4816/5483/4816
f 4816/5483/4816 4623/5406/4623 4234/5408/4234 4340/5485/4340
f 4654/5484/4654 4816/5483/4816 4340/5485/4340 4264/4839/4264
f 4108/4489/4108 4575/4491/4575 4817/5486/4817 4655/5487/4655
f 4575/4491/4575 4079/4486/4079 4617/5392/4617 4817/5486/4817
f 4817/5486/4817 4617/5392/4617 4228/4849/4228 4344/5488/4344
f 4655/5487/4655 4817/5486/4817 4344/5488/4344 4265/5489/4265
f 4078/4538/4078 4576/5490/4576 4818/5491/4818 4649/5465/4649
f 4576/5490/4576 4109/4616/4109 4656/5492/4656 4818/5491/4818
f 4818/5491/4818 4656/5492/4656 4266/5112/4266 4345/5156/4345
f 4649/5465/4649 4818/5491/4818 4345/5156/4345 4258/5155/4258
f 4111/4500/4111 4577/5493/4577 4819/5494/4819 4630/5421/4630
f 4577/5493/4577 4133/4497/4133 4657/5495/4657 4819/5494/4819
f 4819/5494/4819 4657/5495/4657 4267/5496/4267 4349/4869/4349
f 4630/5421/4630 4819/5494/4819 4349/4869/4349 4239/5422/4239
f 4134/4607/4134 4578/5497/4578 4820/5498/4820 4658/5499/4658
f 4578/5497/4578 4112/4604/4112 4633/5429/4633 4820/5498/4820
f 4820/5498/4820 4633/5429/4633 4243/5151/4243 4350/5149/4350
f 4658/5499/4658 4820/5498/4820 4350/5149/4350 4268/5107/4268
f 4114/4599/4114 4579/4601/4579 4821/5500/4821 4628/5417/4628
f 4579/4601/4579 4146/4596/4146 4659/5501/4659 4821/5500/4821
f 4821/5500/4821 4659/5501/4659 4269/5502/4269 4354/5503/4354
f 4628/5417/4628 4821/5500/4821 4354/5503/4354 4237/4690/4237
f 4115/4506/4115 4580/5504/4580 4822/5505/4822 4660/5506/4660
f 4580/5504/4580 4082/4503/4082 4629/5420/4629 4822/5505/4822
f 4822/5505/4822 4629/5420/4629 4240/5357/4240 4355/5355/4355
f 4660/5506/4660 4822/5505/4822 4355/5355/4355 4270/5308/4270
f 4117/4517/4117 4581/5507/4581 4823/5508/4823 4626/5412/4626
f 4581/5507/4581 4148/4515/4148 4661/5509/4661 4823/5508/4823
f 4823/5508/4823 4661/5509/4661 4271/5241/4271 4359/5238/4359
f 4626/5412/4626 4823/5508/4823 4359/5238/4359 4235/5237/4235
f 4119/4590/4119 4582/4588/4582 4824/5510/4824 4662/5511/4662
f 4582/4588/4582 4084/4587/4084 4634/5432/4634 4824/5510/4824
f 4824/5510/4824 4634/5432/4634 4245/4891/4245 4361/5512/4361
f 4662/5511/4662 4824/5510/4824 4361/5512/4361 4272/5513/4272
f 4120/4584/4120 4583/5514/4583 4825/5515/4825 4635/5433/4635
f 4583/5514/4583 4152/4581/4152 4663/5516/4663 4825/5515/4825
f 4825/5515/4825 4663/5516/4663 4273/4909/4273 4364/5517/4364
f 4635/5433/4635 4825/5515/4825 4364/5517/4364 4244/4907/4244
f 4121/4523/4121 4584/5518/4584 4826/5519/4826 4664/5520/4664
f 4584/5518/4584 4081/4520/4081 4625/5411/4625 4826/5519/4826
f 4826/5519/4826 4625/5411/4625 4236/5362/4236 4365/5360/4365
f 4664/5520/4664 4826/5519/4826 4365/5360/4365 4274/5296/4274
f 4123/4568/4123 4585/4567/4585 4827/5521/4827 4622/5403/4622
f 4585/4567/4585 4157/4566/4157 4665/5522/4665 4827/5521/4827
f 4827/5521/4827 4665/5522/4665 4275/5043/4275 4369/5040/4369
f 4622/5403/4622 4827/5521/4827 4369/5040/4369 4231/5039/4231
f 4125/4455/4125 4586/5523/4586 4828/5524/4828 4666/5525/4666
f 4586/5523/4586 4075/4451/4075 4631/5425/4631 4828/5524/4828
f 4828/5524/4828 4631/5425/4631 4242/5285/4242 4371/4932/4371
f 4666/5525/4666 4828/5524/4828 4371/4932/4371 4276/5526/4276
f 4126/4535/4126 4587/5527/4587 4829/5528/4829 4632/5426/4632
f 4587/5527/4587 4154/4532/4154 4667/5529/4667 4829/5528/4829
f 4829/5528/4829 4667/5529/4667 4277/5223/4277 4374/5220/4374
f 4632/5426/4632 4829/5528/4829 4374/5220/4374 4241/5219/4241
f 4128/4572/4128 4588/5530/4588 4830/5531/4830 4668/5532/4668
f 4588/5530/4588 4073/4570/4073 4621/5402/4621 4830/5531/4830
f 4830/5531/4830 4621/5402/4621 4232/5127/4232 4376/4950/4376
f 4668/5532/4668 4830/5531/4830 4376/4950/4376 4278/5533/4278
f 4129/4492/4129 4589/5534/4589 4831/5535/4831 4612/5380/4612
f 4589/5534/4589 4108/4489/4108 4655/5487/4655 4831/5535/4831
f 4831/5535/4831 4655/5487/4655 4265/5489/4265 4379/5536/4379
f 4612/5380/4612 4831/5535/4831 4379/5536/4379 4221/5381/4221
f 4109/4616/4109 4590/5537/4590 4832/5538/4832 4656/5492/4656
f 4590/5537/4590 4130/4613/4130 4613/5385/4613 4832/5538/4832
f 4832/5538/4832 4613/5385/4613 4223/5116/4223 4380/5113/4380
f 4656/5492/4656 4832/5538/4832 4380/5113/4380 4266/5112/4266
f 4133/4497/4133 4591/5539/4591 4833/5540/4833 4657/5495/4657
f 4591/5539/4591 4076/4495/4076 4611/5379/4611 4833/5540/4833
f 4833/5540/4833 4611/5379/4611 4222/5383/4222 4385/5541/4385
f 4657/5495/4657 4833/5540/4833 4385/5541/4385 4267/5496/4267
f 4074/4610/4074 4592/4612/4592 4834/5542/4834 4614/5386/4614
f 4592/4612/4592 4134/4607/4134 4658/5499/4658 4834/5542/4834
f 4834/5542/4834 4658/5499/4658 4268/5107/4268 4386/5104/4386
f 4614/5386/4614 4834/5542/4834 4386/5104/4386 4224/5103/4224
f 4135/4545/4135 4593/4543/4593 4835/5543/4835 4610/5376/4610
f 4593/4543/4593 4099/4542/4099 4648/5464/4648 4835/5543/4835
f 4835/5543/4835 4648/5464/4648 4259/5175/4259 4389/5173/4389
f 4610/5376/4610 4835/5543/4835 4389/5173/4389 4219/5098/4219
f 4137/4480/4137 4594/5544/4594 4836/5545/4836 4650/5469/4650
f 4594/5544/4594 4071/4477/4071 4619/5396/4619 4836/5545/4836
f 4836/5545/4836 4619/5396/4619 4230/5400/4230 4391/5546/4391
f 4650/5469/4650 4836/5545/4836 4391/5546/4391 4260/5470/4260
f 4138/4474/4138 4595/5547/4595 4837/5548/4837 4620/5397/4620
f 4595/5547/4595 4106/4471/4106 4654/5484/4654 4837/5548/4837
f 4837/5548/4837 4654/5484/4654 4264/4839/4264 4394/4987/4394
f 4620/5397/4620 4837/5548/4837 4394/4987/4394 4229/5398/4229
f 4139/4551/4139 4596/4553/4596 4838/5549/4838 4653/5481/4653
f 4596/4553/4596 4072/4548/4072 4609/5375/4609 4838/5549/4838
f 4838/5549/4838 4609/5375/4609 4220/5094/4220 4395/5201/4395
f 4653/5481/4653 4838/5549/4838 4395/5201/4395 4263/5089/4263
f 4141/4561/4141 4597/5550/4597 4839/5551/4839 4637/5437/4637
f 4597/5550/4597 4103/4559/4103 4652/5478/4652 4839/5551/4839
f 4839/5551/4839 4652/5478/4652 4262/5169/4262 4399/5167/4399
f 4637/5437/4637 4839/5551/4839 4399/5167/4399 4246/5080/4246
f 4143/4462/4143 4598/4464/4598 4840/5552/4840 4651/5474/4651
f 4598/4464/4598 4091/4460/4091 4638/5440/4638 4840/5552/4840
f 4840/5552/4840 4638/5440/4638 4249/4751/4249 4401/5553/4401
f 4651/5474/4651 4840/5552/4840 4401/5553/4401 4261/5475/4261
f 4144/4509/4144 4599/5554/4599 4841/5555/4841 4645/5455/4645
f 4599/5554/4599 4115/4506/4115 4660/5506/4660 4841/5555/4841
f 4841/5555/4841 4660/5506/4660 4270/5308/4270 4404/5306/4404
f 4645/5455/4645 4841/5555/4841 4404/5306/4404 4254/5250/4254
f 4146/4596/4146 4600/5556/4600 4842/5557/4842 4659/5501/4659
f 4600/5556/4600 4097/4594/4097 4646/5457/4646 4842/5557/4842
f 4842/5557/4842 4646/5457/4646 4257/5461/4257 4406/5558/4406
f 4659/5501/4659 4842/5557/4842 4406/5558/4406 4269/5502/4269
f 4147/4592/4147 4601/5559/4601 4843/5560/4843 4647/5458/4647
f 4601/5559/4601 4119/4590/4119 4662/5511/4662 4843/5560/4843
f 4843/5560/4843 4662/5511/4662 4272/5513/4272 4409/5561/4409
f 4647/5458/4647 4843/5560/4843 4409/5561/4409 4256/5459/4256
f 4148/4515/4148 4602/4513/4602 4844/5562/4844 4661/5509/4661
f 4602/4513/4602 4096/4512/4096 4644/5454/4644 4844/5562/4844
f 4844/5562/4844 4644/5454/4644 4255/5246/4255 4410/5337/4410
f 4661/5509/4661 4844/5562/4844 4410/5337/4410 4271/5241/4271
f 4150/4526/4150 4603/5563/4603 4845/5564/4845 4641/5447/4641
f 4603/5563/4603 4121/4523/4121 4664/5520/4664 4845/5564/4845
f 4845/5564/4845 4664/5520/4664 4274/5296/4274 4414/5294/4414
f 4641/5447/4641 4845/5564/4845 4414/5294/4414 4250/5232/4250
f 4152/4581/4152 4604/5565/4604 4846/5566/4846 4663/5516/4663
f 4604/5565/4604 4094/4578/4094 4642/5449/4642 4846/5566/4846
f 4846/5566/4846 4642/5449/4642 4253/4769/4253 4416/5567/4416
f 4663/5516/4663 4846/5566/4846 4416/5567/4416 4273/4909/4273
f 4153/4575/4153 4605/4577/4605 4847/5568/4847 4643/5450/4643
f 4605/4577/4605 4128/4572/4128 4668/5532/4668 4847/5568/4847
f 4847/5568/4847 4668/5532/4668 4278/5533/4278 4419/5032/4419
f 4643/5450/4643 4847/5568/4847 4419/5032/4419 4252/5451/4252
f 4154/4532/4154 4606/4530/4606 4848/5569/4848 4667/5529/4667
f 4606/4530/4606 4093/4529/4093 4640/5446/4640 4848/5569/4848
f 4848/5569/4848 4640/5446/4640 4251/5228/4251 4420/5340/4420
f 4667/5529/4667 4848/5569/4848 4420/5340/4420 4277/5223/4277
f 4156/4457/4156 4607/5570/4607 4849/5571/4849 4639/5441/4639
f 4607/5570/4607 4125/4455/4125 4666/5525/4666 4849/5571/4849
f 4849/5571/4849 4666/5525/4666 4276/5526/4276 4424/5572/4424
f 4639/5441/4639 4849/5571/4849 4424/5572/4424 4248/5442/4248
f 4157/4566/4157 4608/5573/4608 4850/5574/4850 4665/5522/4665
f 4608/5573/4608 4090/4563/4090 4636/5436/4636 4850/5574/4850
f 4850/5574/4850 4636/5436/4636 4247/5076/4247 4425/5183/4425
f 4665/5522/4665 4850/5574/4850 4425/5183/4425 4275/5043/4275
o DoorBridge_BaseL
v -3.811654 -0.083265 0.172577
v -3.811654 3.224493 0.172577
v -3.614047 -0.083265 0.192039
v -3.614047 3.224493 0.192039
v -3.424033 -0.083265 0.249679
v -3.424033 3.224493 0.249679
v -3.248916 -0.083265 0.343281
v -3.248916 3.224493 0.343281
v -3.095425 -0.083265 0.469249
v -3.095425 3.224493 0.469249
v -2.969457 -0.083265 0.622740
v -2.969457 3.224493 0.622740
v -2.875855 -0.083265 0.797857
v -2.875855 3.224493 0.797857
v -2.818215 -0.083265 0.987871
v -2.818215 3.224493 0.987871
v -2.798753 -0.083265 1.185478
v -2.798753 3.224493 1.185478
v -2.818215 -0.083265 1.383085
v -2.818215 3.224493 1.383085
v -2.875855 -0.083265 1.573099
v -2.875855 3.224493 1.573099
v -2.969457 -0.083265 1.748216
v -2.969457 3.224493 1.748216
v -3.095425 -0.083265 1.901707
v -3.095425 3.224493 1.901707
v -3.248916 -0.083265 2.027675
v -3.248916 3.224493 2.027675
v -3.424033 -0.083265 2.121277
v -3.424033 3.224493 2.121277
v -3.614047 -0.083265 2.178917
v -3.614047 3.224493 2.178917
v -3.811654 -0.083265 2.198379
v -3.811654 3.224493 2.198379
v -4.009261 -0.083265 2.178917
v -4.009261 3.224493 2.178917
v -4.199275 -0.083265 2.121277
v -4.199275 3.224493 2.121277
v -4.374392 -0.083265 2.027675
v -4.374392 3.224493 2.027675
v -4.527883 -0.083265 1.901707
v -4.527883 3.224493 1.901707
v -4.653851 -0.083265 1.748216
v -4.653851 3.224493 1.748216
v -4.747453 -0.083265 1.573099
v -4.747453 3.224493 1.573099
v -4.805093 -0.083265 1.383085
v -4.805093 3.224493 1.383085
v -4.824555 -0.083265 1.185478
v -4.824555 3.224493 1.185478
v -4.805093 -0.083265 0.987871
v -4.805093 3.224493 0.987871
v -4.747453 -0.083265 0.797857
v -4.747453 3.224493 0.797857
v -4.653851 -0.083265 0.622740
v -4.653851 3.224493 0.622740
v -4.527883 -0.083265 0.469249
v -4.527883 3.224493 0.469249
v -4.374392 -0.083265 0.343281
v -4.374392 3.224493 0.343281
v -4.199275 -0.083265 0.249679
v -4.199275 3.224493 0.249679
v -4.009261 -0.083265 0.192039
v -4.009261 3.224493 0.192039
v -3.585201 3.303683 0.047021
v -3.811654 3.303683 0.024718
v -3.367450 3.303683 0.113075
v -3.166770 3.303683 0.220341
v -2.990872 3.303683 0.364697
v -2.846517 3.303683 0.540594
v -2.739251 3.303683 0.741274
v -2.673197 3.303683 0.959025
v -2.650893 3.303683 1.185478
v -2.673197 3.303683 1.411931
v -2.739251 3.303683 1.629682
v -2.846517 3.303683 1.830362
v -2.990872 3.303683 2.006259
v -3.166770 3.303683 2.150615
v -3.367450 3.303683 2.257881
v -3.585201 3.303683 2.323935
v -3.811654 3.303683 2.346238
v -4.038107 3.303683 2.323935
v -4.255857 3.303683 2.257881
v -4.456538 3.303683 2.150615
v -4.632435 3.303683 2.006259
v -4.776791 3.303683 1.830362
v -4.884057 3.303683 1.629682
v -4.950110 3.303683 1.411931
v -4.972414 3.303683 1.185478
v -4.950110 3.303683 0.959025
v -4.884057 3.303683 0.741274
v -4.776791 3.303683 0.540594
v -4.632435 3.303683 0.364696
v -4.456538 3.303683 0.220341
v -4.255857 3.303683 0.113075
v -4.038107 3.303683 0.047021
v -3.600881 3.756618 0.125850
v -3.811654 3.756618 0.105091
v -3.398207 3.756618 0.187330
v -3.211423 3.756618 0.287169
v -3.047704 3.756618 0.421529
v -2.913345 3.756618 0.585247
v -2.813506 3.756618 0.772032
v -2.752026 3.756618 0.974705
v -2.731266 3.756618 1.185478
v -2.752026 3.756618 1.396251
v -2.813506 3.756618 1.598924
v -2.913345 3.756618 1.785709
v -3.047704 3.756618 1.949427
v -3.211423 3.756618 2.083787
v -3.398207 3.756618 2.183626
v -3.600881 3.756618 2.245106
v -3.811654 3.756618 2.265865
v -4.022427 3.756618 2.245106
v -4.225101 3.756618 2.183626
v -4.411885 3.756618 2.083787
v -4.575603 3.756618 1.949427
v -4.709963 3.756618 1.785709
v -4.809802 3.756618 1.598924
v -4.871282 3.756618 1.396251
v -4.892041 3.756618 1.185478
v -4.871282 3.756618 0.974705
v -4.809802 3.756618 0.772032
v -4.709963 3.756618 0.585247
v -4.575603 3.756618 0.421529
v -4.411885 3.756618 0.287169
v -4.225101 3.756618 0.187330
v -4.022427 3.756618 0.125850
v -4.979114 3.436972 1.417700
v -5.001986 3.436972 1.185478
v -2.711930 3.436972 1.640998
v -2.821929 3.436972 1.846791
v -4.979114 3.436972 0.953256
v -2.969962 3.436972 2.027170
v -4.911377 3.436972 0.729958
v -3.150341 3.436972 2.175203
v -4.801379 3.436972 0.524165
v -3.356133 3.436972 2.285202
v -3.811654 3.436972 -0.004854
v -3.579432 3.436972 0.018018
v -4.653346 3.436972 0.343786
v -3.579432 3.436972 2.352938
v -3.356133 3.436972 0.085755
v -4.472967 3.436972 0.195753
v -3.811654 3.436972 2.375810
v -3.150341 3.436972 0.195753
v -4.267174 3.436972 0.085754
v -4.043876 3.436972 2.352938
v -2.969962 3.436972 0.343786
v -4.043876 3.436972 0.018018
v -4.267174 3.436972 2.285202
v -2.821929 3.436972 0.524165
v -4.472967 3.436972 2.175203
v -2.711930 3.436972 0.729958
v -4.653346 3.436972 2.027170
v -2.644194 3.436972 0.953256
v -4.801379 3.436972 1.846791
v -2.621322 3.436972 1.185478
v -4.911377 3.436972 1.640998
v -2.644194 3.436972 1.417700
v -4.961142 3.659981 1.414125
v -2.728860 3.659981 1.633986
v -3.811654 3.659981 0.013470
v -4.983662 3.659981 1.185478
v -2.837165 3.659981 1.836611
v -4.961142 3.659981 0.956831
v -2.982919 3.659981 2.014213
v -4.894448 3.659981 0.736970
v -3.160521 3.659981 2.159967
v -4.786143 3.659981 0.534345
v -3.363146 3.659981 2.268272
v -3.583006 3.659981 0.035990
v -4.640388 3.659981 0.356743
v -3.583006 3.659981 2.334966
v -3.363146 3.659981 0.102684
v -4.462787 3.659981 0.210989
v -3.811654 3.659981 2.357486
v -3.160521 3.659981 0.210989
v -4.260162 3.659981 0.102684
v -4.040301 3.659981 2.334966
v -2.982919 3.659981 0.356743
v -4.040301 3.659981 0.035990
v -4.260162 3.659981 2.268272
v -2.837165 3.659981 0.534345
v -4.462787 3.659981 2.159967
v -2.728860 3.659981 0.736970
v -4.640388 3.659981 2.014213
v -2.662166 3.659981 0.956831
v -4.786143 3.659981 1.836611
v -2.639646 3.659981 1.185478
v -4.894448 3.659981 1.633986
v -2.662166 3.659981 1.414125
v -3.712373 -0.083265 0.177458
v -3.712373 3.224493 0.177458
v -3.811654 1.570614 0.172577
v -3.614047 1.570614 0.192039
v -3.517625 -0.083265 0.216196
v -3.517625 3.224493 0.216196
v -3.424033 1.570614 0.249679
v -3.334177 -0.083265 0.292182
v -3.334177 3.224493 0.292182
v -3.248916 1.570614 0.343281
v -3.169079 -0.083265 0.402498
v -3.169079 3.224493 0.402498
v -3.095424 1.570614 0.469249
v -3.028674 -0.083265 0.542903
v -3.028674 3.224493 0.542903
v -2.969457 1.570614 0.622740
v -2.918358 -0.083265 0.708001
v -2.918358 3.224493 0.708001
v -2.875855 1.570614 0.797857
v -2.842371 -0.083265 0.891449
v -2.842371 3.224493 0.891449
v -2.818215 1.570614 0.987871
v -2.803634 -0.083265 1.086197
v -2.803634 3.224493 1.086197
v -2.798753 1.570614 1.185478
v -2.803634 -0.083265 1.284759
v -2.803634 3.224493 1.284759
v -2.818215 1.570614 1.383085
v -2.842371 -0.083265 1.479507
v -2.842371 3.224493 1.479506
v -2.875855 1.570614 1.573099
v -2.918358 -0.083265 1.662955
v -2.918358 3.224493 1.662955
v -2.969457 1.570614 1.748216
v -3.028674 -0.083265 1.828053
v -3.028674 3.224493 1.828053
v -3.095424 1.570614 1.901707
v -3.169079 -0.083265 1.968458
v -3.169079 3.224493 1.968458
v -3.248916 1.570614 2.027675
v -3.334177 -0.083265 2.078774
v -3.334177 3.224493 2.078774
v -3.424033 1.570614 2.121277
v -3.517625 -0.083265 2.154760
v -3.517625 3.224493 2.154760
v -3.614047 1.570614 2.178916
v -3.712373 -0.083265 2.193498
v -3.712373 3.224493 2.193498
v -3.811654 1.570614 2.198379
v -3.910935 -0.083265 2.193498
v -3.910935 3.224493 2.193498
v -4.009261 1.570614 2.178916
v -4.105682 -0.083265 2.154760
v -4.105682 3.224493 2.154760
v -4.199275 1.570614 2.121277
v -4.289130 -0.083265 2.078774
v -4.289130 3.224493 2.078774
v -4.374392 1.570614 2.027675
v -4.454229 -0.083265 1.968458
v -4.454229 3.224493 1.968458
v -4.527883 1.570614 1.901707
v -4.594634 -0.083265 1.828053
v -4.594634 3.224493 1.828053
v -4.653851 1.570614 1.748216
v -4.704949 -0.083265 1.662955
v -4.704949 3.224493 1.662955
v -4.747453 1.570614 1.573099
v -4.780936 -0.083265 1.479506
v -4.780936 3.224493 1.479507
v -4.805092 1.570614 1.383085
v -4.819674 -0.083265 1.284759
v -4.819674 3.224493 1.284759
v -4.824555 1.570614 1.185478
v -4.819674 -0.083265 1.086197
v -4.819674 3.224493 1.086197
v -4.805092 1.570614 0.987871
v -4.780936 -0.083265 0.891449
v -4.780936 3.224493 0.891449
v -4.747453 1.570614 0.797857
v -4.704949 -0.083265 0.708001
v -4.704949 3.224493 0.708001
v -4.653851 1.570614 0.622740
v -4.594634 -0.083265 0.542903
v -4.594634 3.224493 0.542903
v -4.527883 1.570614 0.469249
v -4.454229 -0.083265 0.402498
v -4.454229 3.224493 0.402498
v -4.374392 1.570614 0.343281
v -4.289130 -0.083265 0.292182
v -4.289130 3.224493 0.292182
v -4.199275 1.570614 0.249679
v -4.105682 -0.083265 0.216196
v -4.105682 3.224493 0.216196
v -4.009261 1.570614 0.192039
v -3.910935 -0.083265 0.177458
v -3.910935 3.224493 0.177458
v -3.697880 3.303684 0.030312
v -3.474704 3.303684 0.074704
v -3.264477 3.303684 0.161783
v -3.075278 3.303684 0.288202
v -2.914378 3.303684 0.449102
v -2.787959 3.303684 0.638301
v -2.700880 3.303684 0.848528
v -2.656487 3.303684 1.071704
v -2.656487 3.303684 1.299252
v -2.700880 3.303684 1.522428
v -2.787959 3.303684 1.732654
v -2.914378 3.303684 1.921854
v -3.075278 3.303684 2.082754
v -3.264477 3.303684 2.209173
v -3.474704 3.303684 2.296252
v -3.697880 3.303684 2.340644
v -3.925428 3.303684 2.340644
v -4.148603 3.303684 2.296252
v -4.358830 3.303684 2.209173
v -4.548029 3.303684 2.082754
v -4.708930 3.303684 1.921854
v -4.835349 3.303684 1.732654
v -4.922428 3.303684 1.522428
v -4.966820 3.303684 1.299252
v -4.966820 3.303684 1.071704
v -4.922428 3.303684 0.848528
v -4.835349 3.303684 0.638301
v -4.708930 3.303684 0.449102
v -4.548029 3.303684 0.288202
v -4.358830 3.303684 0.161783
v -4.148603 3.303684 0.074704
v -3.925428 3.303684 0.030311
v -2.713734 3.261904 1.185478
v -2.734830 3.261904 1.399672
v -4.025847 3.261904 2.262302
v -4.231810 3.261904 2.199824
v -4.826000 3.261904 0.765322
v -4.724541 3.261904 0.575506
v -3.035307 3.261904 0.409131
v -2.898767 3.261904 0.575506
v -3.201682 3.261904 2.098365
v -3.391498 3.261904 2.199824
v -4.826000 3.261904 1.605634
v -4.888478 3.261904 1.399672
v -3.811654 3.261904 0.087558
v -3.597460 3.261904 0.108654
v -4.025847 3.261904 0.108654
v -2.797308 3.261904 1.605634
v -4.421626 3.261904 2.098365
v -4.588001 3.261904 0.409131
v -2.797308 3.261904 0.765322
v -3.597460 3.261904 2.262302
v -4.909574 3.261904 1.185478
v -3.391498 3.261904 0.171132
v -2.898767 3.261904 1.795450
v -4.588001 3.261904 1.961825
v -4.421626 3.261904 0.272591
v -2.734830 3.261904 0.971284
v -3.811654 3.261904 2.283398
v -4.888478 3.261904 0.971284
v -3.201682 3.261904 0.272591
v -3.035307 3.261904 1.961825
v -4.724541 3.261904 1.795450
v -4.231810 3.261904 0.171132
v -3.705758 3.756618 0.110297
v -3.498035 3.756618 0.151616
v -3.302365 3.756618 0.232665
v -3.126266 3.756618 0.350330
v -2.976506 3.756618 0.500090
v -2.858841 3.756618 0.676189
v -2.777792 3.756618 0.871859
v -2.736473 3.756618 1.079582
v -2.736473 3.756618 1.291374
v -2.777792 3.756618 1.499097
v -2.858841 3.756618 1.694767
v -2.976506 3.756618 1.870866
v -3.126266 3.756618 2.020626
v -3.302365 3.756618 2.138291
v -3.498035 3.756618 2.219340
v -3.705758 3.756618 2.260659
v -3.917550 3.756618 2.260659
v -4.125273 3.756618 2.219340
v -4.320943 3.756618 2.138291
v -4.497042 3.756618 2.020626
v -4.646801 3.756618 1.870866
v -4.764467 3.756618 1.694767
v -4.845516 3.756618 1.499097
v -4.886835 3.756618 1.291374
v -4.886835 3.756618 1.079582
v -4.845516 3.756618 0.871859
v -4.764467 3.756618 0.676189
v -4.646801 3.756618 0.500090
v -4.497042 3.756618 0.350330
v -4.320943 3.756618 0.232665
v -4.125273 3.756618 0.151616
v -3.917550 3.756618 0.110297
v -4.922952 3.723033 1.406529
v -4.998290 3.356595 1.185478
v -2.764834 3.723033 1.619085
v -2.825002 3.356595 1.844738
v -4.975489 3.356595 0.953977
v -2.972576 3.356595 2.024556
v -4.907962 3.356595 0.731372
v -3.152394 3.356595 2.172129
v -4.798306 3.356595 0.526218
v -3.357548 3.356595 2.281786
v -3.811654 3.723033 0.052409
v -3.580153 3.356595 0.021643
v -4.650732 3.356595 0.346400
v -3.580153 3.356595 2.349313
v -3.357548 3.356595 0.089170
v -4.470913 3.356595 0.198826
v -3.811654 3.356595 2.372114
v -3.152394 3.356595 0.198826
v -4.265760 3.356595 0.089170
v -4.043155 3.356595 2.349313
v -2.972576 3.356595 0.346400
v -4.043155 3.356595 0.021643
v -4.265760 3.356595 2.281786
v -2.825002 3.356595 0.526218
v -4.470913 3.356595 2.172130
v -2.715345 3.356595 0.731372
v -4.650732 3.356595 2.024556
v -2.647819 3.356595 0.953977
v -4.798306 3.356595 1.844738
v -2.625018 3.356595 1.185478
v -4.907962 3.356595 1.639584
v -2.647819 3.356595 1.416979
v -4.975489 3.356595 1.416979
v -4.999696 3.551662 1.185478
v -2.715345 3.356595 1.639584
v -2.823833 3.551662 1.845518
v -4.976868 3.551662 0.953703
v -2.971581 3.551662 2.025550
v -4.909261 3.551662 0.730834
v -3.151613 3.551662 2.173299
v -4.799475 3.551662 0.525437
v -3.357010 3.551662 2.283085
v -3.811654 3.356595 -0.001158
v -3.579878 3.551662 0.020264
v -4.651726 3.551662 0.345406
v -3.579878 3.551662 2.350692
v -3.357010 3.551662 0.087871
v -4.471694 3.551662 0.197657
v -3.811654 3.551662 2.373520
v -3.151613 3.551662 0.197657
v -4.266298 3.551662 0.087871
v -4.043429 3.551662 2.350692
v -2.971581 3.551662 0.345406
v -4.043429 3.551662 0.020264
v -4.266298 3.551662 2.283085
v -2.823833 3.551662 0.525437
v -4.471694 3.551662 2.173299
v -2.714046 3.551662 0.730834
v -4.651726 3.551662 2.025550
v -2.646440 3.551662 0.953703
v -4.799474 3.551662 1.845518
v -2.623612 3.551662 1.185478
v -4.909261 3.551662 1.640122
v -2.646440 3.551662 1.417253
v -2.672582 3.436972 1.531012
v -4.950727 3.436972 1.531012
v -2.627058 3.436972 1.302150
v -4.861429 3.436972 1.746594
v -2.627058 3.436972 1.068805
v -4.731790 3.436972 1.940614
v -2.672582 3.436972 0.839944
v -4.566790 3.436972 2.105614
v -2.761879 3.436972 0.624361
v -4.372770 3.436972 2.235253
v -3.928326 3.436972 0.000882
v -2.891518 3.436973 0.430342
v -4.157188 3.436972 2.324550
v -4.157188 3.436972 0.046406
v -3.056518 3.436972 0.265342
v -3.928326 3.436972 2.370074
v -4.372770 3.436973 0.135703
v -3.250537 3.436972 0.135703
v -3.694981 3.436972 2.370074
v -4.566790 3.436972 0.265342
v -3.466120 3.436972 0.046406
v -3.466120 3.436972 2.324550
v -4.731790 3.436972 0.430342
v -3.694981 3.436972 0.000882
v -3.250537 3.436973 2.235253
v -4.861429 3.436972 0.624361
v -3.056518 3.436972 2.105614
v -4.950727 3.436972 0.839944
v -2.891518 3.436972 1.940614
v -4.996250 3.436972 1.068805
v -2.761879 3.436972 1.746594
v -4.996250 3.436972 1.302150
v -4.976868 3.551662 1.417253
v -2.714046 3.551662 1.640122
v -3.811654 3.551662 -0.002564
v -4.944723 3.723033 1.185478
v -2.869541 3.723033 1.814978
v -4.922952 3.723033 0.964427
v -3.010453 3.723033 1.986679
v -4.858473 3.723033 0.751871
v -3.182154 3.723033 2.127591
v -4.753767 3.723033 0.555978
v -3.378047 3.723033 2.232297
v -3.590603 3.723033 0.074180
v -4.612855 3.723033 0.384277
v -3.590603 3.723033 2.296776
v -3.378047 3.723033 0.138658
v -4.441154 3.723033 0.243365
v -3.811654 3.723033 2.318547
v -3.182154 3.723033 0.243365
v -4.245261 3.723033 0.138659
v -4.032705 3.723033 2.296776
v -3.010453 3.723033 0.384277
v -4.032705 3.723033 0.074180
v -4.245261 3.723033 2.232297
v -2.869541 3.723033 0.555978
v -4.441154 3.723033 2.127591
v -2.764834 3.723033 0.751871
v -4.612855 3.723033 1.986679
v -2.700356 3.723033 0.964427
v -4.753767 3.723033 1.814978
v -2.678584 3.723033 1.185478
v -4.858473 3.723033 1.619085
v -2.700356 3.723033 1.406529
v -2.690116 3.659980 1.525693
v -4.933191 3.659980 1.525693
v -2.645294 3.659980 1.300354
v -4.845269 3.659980 1.737957
v -2.645294 3.659980 1.070602
v -4.717625 3.659980 1.928989
v -2.690116 3.659980 0.845263
v -4.555165 3.659980 2.091449
v -2.778039 3.659980 0.632999
v -4.364132 3.659980 2.219093
v -3.926530 3.659980 0.019118
v -2.905683 3.659980 0.441967
v -4.151868 3.659980 2.307015
v -4.151868 3.659980 0.063941
v -3.068143 3.659980 0.279507
v -3.926530 3.659980 2.351838
v -4.364132 3.659980 0.151863
v -3.259175 3.659980 0.151863
v -3.696777 3.659980 2.351838
v -4.555165 3.659980 0.279507
v -3.471439 3.659980 0.063941
v -3.471439 3.659980 2.307015
v -4.717625 3.659980 0.441967
v -3.696777 3.659980 0.019118
v -3.259175 3.659980 2.219093
v -4.845269 3.659980 0.632999
v -3.068143 3.659980 2.091449
v -4.933191 3.659980 0.845263
v -2.905683 3.659980 1.928989
v -4.978014 3.659980 1.070602
v -2.778039 3.659980 1.737957
v -4.978014 3.659980 1.300354
v -3.712373 1.570614 0.177458
v -3.517625 1.570614 0.216196
v -3.334177 1.570614 0.292182
v -3.169079 1.570614 0.402498
v -3.028674 1.570614 0.542903
v -2.918358 1.570614 0.708001
v -2.842372 1.570614 0.891449
v -2.803634 1.570614 1.086197
v -2.803634 1.570614 1.284759
v -2.842371 1.570614 1.479506
v -2.918358 1.570614 1.662955
v -3.028674 1.570614 1.828053
v -3.169079 1.570614 1.968458
v -3.334177 1.570614 2.078773
v -3.517625 1.570614 2.154760
v -3.712373 1.570614 2.193498
v -3.910935 1.570614 2.193498
v -4.105682 1.570614 2.154760
v -4.289130 1.570614 2.078773
v -4.454229 1.570614 1.968458
v -4.594634 1.570614 1.828053
v -4.704949 1.570614 1.662955
v -4.780936 1.570614 1.479506
v -4.819674 1.570614 1.284759
v -4.819674 1.570614 1.086197
v -4.780936 1.570614 0.891449
v -4.704949 1.570614 0.708001
v -4.594634 1.570614 0.542903
v -4.454229 1.570614 0.402498
v -4.289130 1.570614 0.292182
v -2.719025 3.261904 1.293092
v -4.105682 1.570614 0.216196
v -3.910935 1.570614 0.177458
v -3.811654 -0.083265 1.185478
v -4.939263 3.723034 1.296538
v -4.130362 3.261904 2.236118
v -4.779929 3.261904 0.667924
v -2.962953 3.261904 0.488968
v -3.294100 3.261904 2.153753
v -4.862294 3.261904 1.504186
v -3.704039 3.261904 0.092849
v -3.919268 3.261904 0.092849
v -2.761014 3.261904 1.504186
v -4.329208 3.261904 2.153754
v -4.660355 3.261904 0.488968
v -2.843379 3.261904 0.667924
v -3.492946 3.261904 2.236118
v -4.904283 3.261904 1.293092
v -3.492946 3.261904 0.134838
v -2.843378 3.261904 1.703032
v -4.508164 3.261904 2.034178
v -4.508164 3.261904 0.336777
v -2.761014 3.261904 0.866770
v -3.704039 3.261904 2.278107
v -4.904283 3.261904 1.077863
v -3.294100 3.261904 0.217202
v -2.962953 3.261904 1.881988
v -4.660355 3.261904 1.881988
v -4.329208 3.261904 0.217203
v -2.719025 3.261904 1.077863
v -3.919268 3.261904 2.278107
v -4.862294 3.261904 0.866770
v -3.115143 3.261904 0.336777
v -3.115143 3.261904 2.034178
v -4.779929 3.261904 1.703032
v -4.130362 3.261904 0.134838
v -3.811654 3.756618 1.185478
v -2.812380 3.723034 1.719601
v -4.939262 3.723034 1.074418
v -2.935783 3.723034 1.904287
v -4.895929 3.723034 0.856567
v -3.092845 3.723034 2.061349
v -4.810928 3.723034 0.651355
v -3.277531 3.723034 2.184752
v -3.700594 3.723034 0.057869
v -4.687525 3.723034 0.466669
v -3.482743 3.723034 2.269754
v -3.482743 3.723034 0.101202
v -4.530463 3.723034 0.309607
v -3.700594 3.723034 2.313087
v -3.277531 3.723034 0.186204
v -4.345777 3.723034 0.186204
v -3.922714 3.723034 2.313087
v -3.092845 3.723034 0.309607
v -4.140565 3.723034 0.101202
v -4.140565 3.723034 2.269753
v -2.935783 3.723034 0.466669
v -3.922714 3.723033 0.057869
v -4.345777 3.723034 2.184752
v -2.812380 3.723034 0.651355
v -4.530463 3.723034 2.061349
v -2.727378 3.723034 0.856567
v -4.687525 3.723034 1.904287
v -2.684045 3.723034 1.074418
v -4.810928 3.723034 1.719601
v -2.684045 3.723034 1.296538
v -4.895929 3.723033 1.514389
v -2.727378 3.723033 1.514389
v -2.676119 3.356595 1.529939
v -4.947189 3.356595 1.529939
v -2.630737 3.356595 1.301788
v -4.858169 3.356595 1.744852
v -2.630737 3.356595 1.069168
v -4.728932 3.356595 1.938269
v -2.676119 3.356595 0.841017
v -4.564445 3.356595 2.102756
v -2.765139 3.356595 0.626104
v -4.371028 3.356595 2.231993
v -3.927964 3.356595 0.004561
v -2.894376 3.356595 0.432687
v -4.156115 3.356595 2.321013
v -4.156115 3.356595 0.049943
v -3.058863 3.356595 0.268200
v -3.927964 3.356595 2.366395
v -4.371028 3.356595 0.138963
v -3.252280 3.356595 0.138963
v -3.695344 3.356595 2.366395
v -4.564445 3.356595 0.268200
v -3.467193 3.356595 0.049943
v -3.467193 3.356595 2.321013
v -4.728932 3.356595 0.432687
v -3.695344 3.356595 0.004561
v -3.252280 3.356595 2.231993
v -4.858169 3.356595 0.626104
v -3.058863 3.356595 2.102756
v -4.947189 3.356595 0.841017
v -2.894376 3.356595 1.938269
v -4.992571 3.356595 1.069168
v -2.765139 3.356595 1.744852
v -4.992571 3.356595 1.301788
v -2.674773 3.551662 1.530347
v -4.948534 3.551662 1.530347
v -2.629337 3.551662 1.301926
v -4.859409 3.551662 1.745515
v -2.629337 3.551662 1.069030
v -4.730019 3.551662 1.939161
v -2.674773 3.551662 0.840609
v -4.565337 3.551662 2.103843
v -2.763899 3.551662 0.625441
v -4.371691 3.551662 2.233233
v -3.928102 3.551662 0.003162
v -2.893289 3.551662 0.431795
v -4.156523 3.551662 2.322358
v -4.156523 3.551662 0.048598
v -3.057971 3.551662 0.267113
v -3.928102 3.551662 2.367795
v -4.371691 3.551662 0.137723
v -3.251617 3.551662 0.137723
v -3.695206 3.551662 2.367795
v -4.565337 3.551662 0.267113
v -3.466785 3.551662 0.048598
v -3.466785 3.551662 2.322358
v -4.730019 3.551662 0.431795
v -3.695206 3.551662 0.003162
v -3.251617 3.551662 2.233233
v -4.859409 3.551662 0.625441
v -3.057971 3.551662 2.103843
v -4.948534 3.551662 0.840609
v -2.893289 3.551662 1.939161
v -4.993970 3.551662 1.069030
v -2.763899 3.551662 1.745515
v -4.993970 3.551662 1.301926
vn -0.0000 -0.6962 -0.7178
vn -0.0000 -0.5544 -0.8322
vn 0.1400 -0.6962 -0.7040
vn 0.1624 -0.5544 -0.8162
vn 0.2747 -0.6962 -0.6632
vn 0.3185 -0.5544 -0.7689
vn 0.3988 -0.6962 -0.5969
vn 0.4624 -0.5544 -0.6920
vn 0.5076 -0.6962 -0.5076
vn 0.5885 -0.5544 -0.5885
vn 0.5969 -0.6962 -0.3988
vn 0.6920 -0.5544 -0.4624
vn 0.6632 -0.6962 -0.2747
vn 0.7689 -0.5544 -0.3185
vn 0.7040 -0.6962 -0.1400
vn 0.8162 -0.5544 -0.1624
vn 0.7178 -0.6962 -0.0000
vn 0.8322 -0.5544 -0.0000
vn 0.7040 -0.6962 0.1400
vn 0.8162 -0.5544 0.1624
vn 0.6632 -0.6962 0.2747
vn 0.7689 -0.5544 0.3185
vn 0.5969 -0.6962 0.3988
vn 0.6920 -0.5544 0.4624
vn 0.5076 -0.6962 0.5076
vn 0.5885 -0.5544 0.5885
vn 0.3988 -0.6962 0.5969
vn 0.4624 -0.5544 0.6920
vn 0.2747 -0.6962 0.6632
vn 0.3185 -0.5544 0.7689
vn 0.1400 -0.6962 0.7040
vn 0.1624 -0.5544 0.8162
vn -0.0000 -0.6962 0.7178
vn -0.0000 -0.5544 0.8322
vn -0.1400 -0.6962 0.7040
vn -0.1624 -0.5544 0.8162
vn -0.2747 -0.6962 0.6632
vn -0.3185 -0.5544 0.7689
vn -0.3988 -0.6962 0.5969
vn -0.4624 -0.5544 0.6920
vn -0.5076 -0.6962 0.5076
vn -0.5885 -0.5544 0.5885
vn -0.5969 -0.6962 0.3988
vn -0.6920 -0.5544 0.4624
vn -0.6632 -0.6962 0.2747
vn -0.7689 -0.5544 0.3185
vn -0.7040 -0.6962 0.1400
vn -0.8162 -0.5544 0.1624
vn -0.7178 -0.6962 -0.0000
vn -0.8322 -0.5544 -0.0000
vn -0.7040 -0.6962 -0.1400
vn -0.8162 -0.5544 -0.1624
vn -0.6632 -0.6962 -0.2747
vn -0.7689 -0.5544 -0.3185
vn -0.5969 -0.6962 -0.3988
vn -0.6920 -0.5544 -0.4624
vn -0.5076 -0.6962 -0.5076
vn -0.5885 -0.5544 -0.5885
vn -0.3988 -0.6962 -0.5969
vn -0.4624 -0.5544 -0.6920
vn -0.2747 -0.6962 -0.6632
vn -0.3185 -0.5544 -0.7689
vn -0.1400 -0.6962 -0.7040
vn -0.1624 -0.5544 -0.8162
vn 0.1474 -0.6549 -0.7412
vn -0.0000 -0.6549 -0.7557
vn 0.2892 -0.6549 -0.6982
vn 0.4198 -0.6549 -0.6283
vn 0.5343 -0.6549 -0.5343
vn 0.6283 -0.6549 -0.4198
vn 0.6982 -0.6549 -0.2892
vn 0.7412 -0.6549 -0.1474
vn 0.7557 -0.6549 -0.0000
vn 0.7412 -0.6549 0.1474
vn 0.6982 -0.6549 0.2892
vn 0.6283 -0.6549 0.4198
vn 0.5343 -0.6549 0.5343
vn 0.4198 -0.6549 0.6283
vn 0.2892 -0.6549 0.6982
vn 0.1474 -0.6549 0.7412
vn -0.0000 -0.6549 0.7557
vn -0.1474 -0.6549 0.7412
vn -0.2892 -0.6549 0.6982
vn -0.4198 -0.6549 0.6283
vn -0.5343 -0.6549 0.5343
vn -0.6283 -0.6549 0.4198
vn -0.6982 -0.6549 0.2892
vn -0.7412 -0.6549 0.1474
vn -0.7557 -0.6549 -0.0000
vn -0.7412 -0.6549 -0.1474
vn -0.6982 -0.6549 -0.2892
vn -0.6283 -0.6549 -0.4198
vn -0.5343 -0.6549 -0.5343
vn -0.4198 -0.6549 -0.6283
vn -0.2892 -0.6549 -0.6982
vn -0.1474 -0.6549 -0.7412
vn 0.0562 0.9576 -0.2825
vn -0.0000 0.9576 -0.2880
vn 0.1102 0.9576 -0.2661
vn 0.1600 0.9576 -0.2395
vn 0.2036 0.9576 -0.2036
vn 0.2395 0.9576 -0.1600
vn 0.2661 0.9576 -0.1102
vn 0.2825 0.9576 -0.0562
vn 0.2880 0.9576 -0.0000
vn 0.2825 0.9576 0.0562
vn 0.2661 0.9576 0.1102
vn 0.2395 0.9576 0.1600
vn 0.2036 0.9576 0.2036
vn 0.1600 0.9576 0.2395
vn 0.1102 0.9576 0.2661
vn 0.0562 0.9576 0.2825
vn -0.0000 0.9576 0.2880
vn -0.0562 0.9576 0.2825
vn -0.1102 0.9576 0.2661
vn -0.1600 0.9576 0.2395
vn -0.2036 0.9576 0.2036
vn -0.2395 0.9576 0.1600
vn -0.2661 0.9576 0.1102
vn -0.2825 0.9576 0.0562
vn -0.2880 0.9576 -0.0000
vn -0.2825 0.9576 -0.0562
vn -0.2661 0.9576 -0.1102
vn -0.2395 0.9576 -0.1600
vn -0.2036 0.9576 -0.2036
vn -0.1600 0.9576 -0.2395
vn -0.1102 0.9576 -0.2661
vn -0.0562 0.9576 -0.2825
vn -0.9807 -0.0130 0.1951
vn -0.9999 -0.0130 -0.0000
vn 0.9238 -0.0130 0.3827
vn 0.8314 -0.0130 0.5555
vn -0.9807 -0.0130 -0.1951
vn 0.7070 -0.0130 0.7070
vn -0.9238 -0.0130 -0.3827
vn 0.5555 -0.0130 0.8314
vn -0.8314 -0.0130 -0.5555
vn 0.3827 -0.0130 0.9238
vn -0.0000 -0.0130 -0.9999
vn 0.1951 -0.0130 -0.9807
vn -0.7070 -0.0130 -0.7070
vn 0.1951 -0.0130 0.9807
vn 0.3827 -0.0130 -0.9238
vn -0.5555 -0.0130 -0.8314
vn -0.0000 -0.0130 0.9999
vn 0.5555 -0.0130 -0.8314
vn -0.3827 -0.0130 -0.9238
vn -0.1951 -0.0130 0.9807
vn 0.7070 -0.0130 -0.7070
vn -0.1951 -0.0130 -0.9807
vn -0.3827 -0.0130 0.9238
vn 0.8314 -0.0130 -0.5555
vn -0.5555 -0.0130 0.8314
vn 0.9238 -0.0130 -0.3827
vn -0.7070 -0.0130 0.7070
vn 0.9807 -0.0130 -0.1951
vn -0.8314 -0.0130 0.5555
vn 0.9999 -0.0130 -0.0000
vn -0.9238 -0.0130 0.3827
vn 0.9807 -0.0130 0.1951
vn -0.9220 0.3410 0.1834
vn 0.8685 0.3410 0.3598
vn -0.0000 0.3410 -0.9401
vn -0.9401 0.3410 -0.0000
vn 0.7816 0.3410 0.5223
vn -0.9220 0.3410 -0.1834
vn 0.6647 0.3410 0.6647
vn -0.8685 0.3410 -0.3598
vn 0.5223 0.3410 0.7816
vn -0.7816 0.3410 -0.5223
vn 0.3598 0.3410 0.8685
vn 0.1834 0.3410 -0.9220
vn -0.6647 0.3410 -0.6647
vn 0.1834 0.3410 0.9220
vn 0.3598 0.3410 -0.8685
vn -0.5223 0.3410 -0.7816
vn -0.0000 0.3410 0.9401
vn 0.5223 0.3410 -0.7816
vn -0.3598 0.3410 -0.8685
vn -0.1834 0.3410 0.9220
vn 0.6647 0.3410 -0.6647
vn -0.1834 0.3410 -0.9220
vn -0.3598 0.3410 0.8685
vn 0.7816 0.3410 -0.5223
vn -0.5223 0.3410 0.7816
vn 0.8685 0.3410 -0.3598
vn -0.6647 0.3410 0.6647
vn 0.9220 0.3410 -0.1834
vn -0.7816 0.3410 0.5223
vn 0.9401 0.3410 -0.0000
vn -0.8685 0.3410 0.3598
vn 0.9220 0.3410 0.1834
vn 0.0704 -0.6962 -0.7143
vn 0.0816 -0.5544 -0.8282
vn -0.0000 -0.0000 -1.0000
vn 0.1951 -0.0000 -0.9808
vn 0.2084 -0.6962 -0.6869
vn 0.2416 -0.5544 -0.7964
vn 0.3827 -0.0000 -0.9239
vn 0.3384 -0.6962 -0.6330
vn 0.3923 -0.5544 -0.7340
vn 0.5556 -0.0000 -0.8315
vn 0.4554 -0.6962 -0.5549
vn 0.5280 -0.5544 -0.6433
vn 0.7071 -0.0000 -0.7071
vn 0.5549 -0.6962 -0.4554
vn 0.6433 -0.5544 -0.5280
vn 0.8315 -0.0000 -0.5556
vn 0.6330 -0.6962 -0.3384
vn 0.7340 -0.5544 -0.3923
vn 0.9239 -0.0000 -0.3827
vn 0.6869 -0.6962 -0.2084
vn 0.7964 -0.5544 -0.2416
vn 0.9808 -0.0000 -0.1951
vn 0.7143 -0.6962 -0.0704
vn 0.8282 -0.5544 -0.0816
vn 1.0000 -0.0000 -0.0000
vn 0.7143 -0.6962 0.0704
vn 0.8282 -0.5544 0.0816
vn 0.9808 -0.0000 0.1951
vn 0.6869 -0.6962 0.2084
vn 0.7964 -0.5544 0.2416
vn 0.9239 -0.0000 0.3827
vn 0.6330 -0.6962 0.3384
vn 0.7340 -0.5544 0.3923
vn 0.8315 -0.0000 0.5556
vn 0.5549 -0.6962 0.4554
vn 0.6433 -0.5544 0.5280
vn 0.7071 -0.0000 0.7071
vn 0.4554 -0.6962 0.5549
vn 0.5280 -0.5544 0.6433
vn 0.5556 -0.0000 0.8315
vn 0.3384 -0.6962 0.6330
vn 0.3923 -0.5544 0.7340
vn 0.3827 -0.0000 0.9239
vn 0.2084 -0.6962 0.6869
vn 0.2416 -0.5544 0.7964
vn 0.1951 -0.0000 0.9808
vn 0.0704 -0.6962 0.7143
vn 0.0816 -0.5544 0.8282
vn -0.0000 -0.0000 1.0000
vn -0.0704 -0.6962 0.7143
vn -0.0816 -0.5544 0.8282
vn -0.1951 -0.0000 0.9808
vn -0.2084 -0.6962 0.6869
vn -0.2416 -0.5544 0.7964
vn -0.3827 -0.0000 0.9239
vn -0.3384 -0.6962 0.6330
vn -0.3923 -0.5544 0.7340
vn -0.5556 -0.0000 0.8315
vn -0.4554 -0.6962 0.5549
vn -0.5280 -0.5544 0.6433
vn -0.7071 -0.0000 0.7071
vn -0.5549 -0.6962 0.4554
vn -0.6433 -0.5544 0.5280
vn -0.8315 -0.0000 0.5556
vn -0.6330 -0.6962 0.3384
vn -0.7340 -0.5544 0.3923
vn -0.9239 -0.0000 0.3827
vn -0.6869 -0.6962 0.2084
vn -0.7964 -0.5544 0.2416
vn -0.9808 -0.0000 0.1951
vn -0.7143 -0.6962 0.0704
vn -0.8282 -0.5544 0.0816
vn -1.0000 -0.0000 -0.0000
vn -0.7143 -0.6962 -0.0704
vn -0.8282 -0.5544 -0.0816
vn -0.9808 -0.0000 -0.1951
vn -0.6869 -0.6962 -0.2084
vn -0.7964 -0.5544 -0.2416
vn -0.9239 -0.0000 -0.3827
vn -0.6330 -0.6962 -0.3384
vn -0.7340 -0.5544 -0.3923
vn -0.8315 -0.0000 -0.5556
vn -0.5549 -0.6962 -0.4554
vn -0.6433 -0.5544 -0.5280
vn -0.7071 -0.0000 -0.7071
vn -0.4554 -0.6962 -0.5549
vn -0.5280 -0.5544 -0.6433
vn -0.5556 -0.0000 -0.8315
vn -0.3384 -0.6962 -0.6330
vn -0.3923 -0.5544 -0.7340
vn -0.3827 -0.0000 -0.9239
vn -0.2084 -0.6962 -0.6869
vn -0.2416 -0.5544 -0.7964
vn -0.1951 -0.0000 -0.9808
vn -0.0704 -0.6962 -0.7143
vn -0.0816 -0.5544 -0.8282
vn 0.0741 -0.6549 -0.7520
vn 0.2194 -0.6549 -0.7231
vn 0.3562 -0.6549 -0.6664
vn 0.4794 -0.6549 -0.5841
vn 0.5841 -0.6549 -0.4794
vn 0.6664 -0.6549 -0.3562
vn 0.7231 -0.6549 -0.2194
vn 0.7520 -0.6549 -0.0741
vn 0.7520 -0.6549 0.0741
vn 0.7231 -0.6549 0.2194
vn 0.6664 -0.6549 0.3562
vn 0.5841 -0.6549 0.4794
vn 0.4794 -0.6549 0.5841
vn 0.3562 -0.6549 0.6664
vn 0.2194 -0.6549 0.7231
vn 0.0741 -0.6549 0.7520
vn -0.0741 -0.6549 0.7520
vn -0.2194 -0.6549 0.7231
vn -0.3562 -0.6549 0.6664
vn -0.4794 -0.6549 0.5841
vn -0.5841 -0.6549 0.4794
vn -0.6664 -0.6549 0.3562
vn -0.7231 -0.6549 0.2194
vn -0.7520 -0.6549 0.0741
vn -0.7520 -0.6549 -0.0741
vn -0.7231 -0.6549 -0.2194
vn -0.6664 -0.6549 -0.3562
vn -0.5841 -0.6549 -0.4794
vn -0.4794 -0.6549 -0.5841
vn -0.3562 -0.6549 -0.6664
vn -0.2194 -0.6549 -0.7231
vn -0.0741 -0.6549 -0.7520
vn 0.4820 -0.8761 -0.0000
vn 0.4728 -0.8761 0.0940
vn -0.0940 -0.8761 0.4728
vn -0.1845 -0.8761 0.4454
vn -0.4454 -0.8761 -0.1845
vn -0.4008 -0.8761 -0.2678
vn 0.3409 -0.8761 -0.3409
vn 0.4008 -0.8761 -0.2678
vn 0.2678 -0.8761 0.4008
vn 0.1845 -0.8761 0.4454
vn -0.4454 -0.8761 0.1845
vn -0.4728 -0.8761 0.0940
vn -0.0000 -0.8761 -0.4820
vn 0.0940 -0.8761 -0.4728
vn -0.0940 -0.8761 -0.4728
vn 0.4454 -0.8761 0.1845
vn -0.2678 -0.8761 0.4008
vn -0.3409 -0.8761 -0.3409
vn 0.4454 -0.8761 -0.1845
vn 0.0940 -0.8761 0.4728
vn -0.4820 -0.8761 -0.0000
vn 0.1845 -0.8761 -0.4454
vn 0.4008 -0.8761 0.2678
vn -0.3409 -0.8761 0.3409
vn -0.2678 -0.8761 -0.4008
vn 0.4728 -0.8761 -0.0940
vn -0.0000 -0.8761 0.4820
vn -0.4728 -0.8761 -0.0940
vn 0.2678 -0.8761 -0.4008
vn 0.3409 -0.8761 0.3409
vn -0.4008 -0.8761 0.2678
vn -0.1845 -0.8761 -0.4454
vn 0.0282 0.9576 -0.2866
vn 0.0836 0.9576 -0.2756
vn 0.1358 0.9576 -0.2540
vn 0.1827 0.9576 -0.2226
vn 0.2226 0.9576 -0.1827
vn 0.2540 0.9576 -0.1358
vn 0.2756 0.9576 -0.0836
vn 0.2866 0.9576 -0.0282
vn 0.2866 0.9576 0.0282
vn 0.2756 0.9576 0.0836
vn 0.2540 0.9576 0.1358
vn 0.2226 0.9576 0.1827
vn 0.1827 0.9576 0.2226
vn 0.1358 0.9576 0.2540
vn 0.0836 0.9576 0.2756
vn 0.0282 0.9576 0.2866
vn -0.0282 0.9576 0.2866
vn -0.0836 0.9576 0.2756
vn -0.1358 0.9576 0.2540
vn -0.1827 0.9576 0.2226
vn -0.2226 0.9576 0.1827
vn -0.2540 0.9576 0.1358
vn -0.2756 0.9576 0.0836
vn -0.2866 0.9576 0.0282
vn -0.2866 0.9576 -0.0282
vn -0.2756 0.9576 -0.0836
vn -0.2540 0.9576 -0.1358
vn -0.2226 0.9576 -0.1827
vn -0.1827 0.9576 -0.2226
vn -0.1358 0.9576 -0.2540
vn -0.0836 0.9576 -0.2756
vn -0.0282 0.9576 -0.2866
vn -0.7018 0.6986 0.1396
vn -0.9692 -0.2463 -0.0000
vn 0.6611 0.6986 0.2738
vn 0.8059 -0.2463 0.5385
vn -0.9506 -0.2463 -0.1891
vn 0.6853 -0.2463 0.6853
vn -0.8954 -0.2463 -0.3709
vn 0.5385 -0.2463 0.8059
vn -0.8059 -0.2463 -0.5385
vn 0.3709 -0.2463 0.8954
vn -0.0000 0.6986 -0.7155
vn 0.1891 -0.2463 -0.9506
vn -0.6853 -0.2463 -0.6853
vn 0.1891 -0.2463 0.9506
vn 0.3709 -0.2463 -0.8954
vn -0.5385 -0.2463 -0.8059
vn -0.0000 -0.2463 0.9692
vn 0.5385 -0.2463 -0.8059
vn -0.3709 -0.2463 -0.8954
vn -0.1891 -0.2463 0.9506
vn 0.6853 -0.2463 -0.6853
vn -0.1891 -0.2463 -0.9506
vn -0.3709 -0.2463 0.8954
vn 0.8059 -0.2463 -0.5385
vn -0.5385 -0.2463 0.8059
vn 0.8954 -0.2463 -0.3709
vn -0.6853 -0.2463 0.6853
vn 0.9506 -0.2463 -0.1891
vn -0.8059 -0.2463 0.5385
vn 0.9692 -0.2463 -0.0000
vn -0.8954 -0.2463 0.3709
vn 0.9506 -0.2463 0.1891
vn -0.9506 -0.2463 0.1891
vn -0.9965 0.0832 -0.0000
vn 0.8954 -0.2463 0.3709
vn 0.8286 0.0832 0.5536
vn -0.9774 0.0832 -0.1944
vn 0.7047 0.0832 0.7047
vn -0.9207 0.0832 -0.3814
vn 0.5536 0.0832 0.8286
vn -0.8286 0.0832 -0.5536
vn 0.3814 0.0832 0.9207
vn -0.0000 -0.2463 -0.9692
vn 0.1944 0.0832 -0.9774
vn -0.7047 0.0832 -0.7047
vn 0.1944 0.0832 0.9774
vn 0.3814 0.0832 -0.9207
vn -0.5536 0.0832 -0.8286
vn -0.0000 0.0832 0.9965
vn 0.5536 0.0832 -0.8286
vn -0.3814 0.0832 -0.9207
vn -0.1944 0.0832 0.9774
vn 0.7047 0.0832 -0.7047
vn -0.1944 0.0832 -0.9774
vn -0.3814 0.0832 0.9207
vn 0.8286 0.0832 -0.5536
vn -0.5536 0.0832 0.8286
vn 0.9207 0.0832 -0.3814
vn -0.7047 0.0832 0.7047
vn 0.9774 0.0832 -0.1944
vn -0.8286 0.0832 0.5536
vn 0.9965 0.0832 -0.0000
vn -0.9207 0.0832 0.3814
vn 0.9774 0.0832 0.1944
vn 0.9569 -0.0130 0.2903
vn -0.9569 -0.0130 0.2903
vn 0.9951 -0.0130 0.0980
vn -0.8818 -0.0130 0.4714
vn 0.9951 -0.0130 -0.0980
vn -0.7729 -0.0130 0.6343
vn 0.9569 -0.0130 -0.2903
vn -0.6343 -0.0130 0.7729
vn 0.8818 -0.0130 -0.4714
vn -0.4714 -0.0130 0.8818
vn -0.0980 -0.0130 -0.9951
vn 0.7729 -0.0130 -0.6343
vn -0.2903 -0.0130 0.9569
vn -0.2903 -0.0130 -0.9569
vn 0.6343 -0.0130 -0.7729
vn -0.0980 -0.0130 0.9951
vn -0.4714 -0.0130 -0.8818
vn 0.4714 -0.0130 -0.8818
vn 0.0980 -0.0130 0.9951
vn -0.6343 -0.0130 -0.7729
vn 0.2903 -0.0130 -0.9569
vn 0.2903 -0.0130 0.9569
vn -0.7729 -0.0130 -0.6343
vn 0.0980 -0.0130 -0.9951
vn 0.4714 -0.0130 0.8818
vn -0.8818 -0.0130 -0.4714
vn 0.6343 -0.0130 0.7729
vn -0.9569 -0.0130 -0.2903
vn 0.7729 -0.0130 0.6343
vn -0.9951 -0.0130 -0.0980
vn 0.8818 -0.0130 0.4714
vn -0.9951 -0.0130 0.0980
vn -0.9774 0.0832 0.1944
vn 0.9207 0.0832 0.3814
vn -0.0000 0.0832 -0.9965
vn -0.7155 0.6986 -0.0000
vn 0.5950 0.6986 0.3975
vn -0.7018 0.6986 -0.1396
vn 0.5060 0.6986 0.5060
vn -0.6611 0.6986 -0.2738
vn 0.3975 0.6986 0.5950
vn -0.5950 0.6986 -0.3975
vn 0.2738 0.6986 0.6611
vn 0.1396 0.6986 -0.7018
vn -0.5060 0.6986 -0.5060
vn 0.1396 0.6986 0.7018
vn 0.2738 0.6986 -0.6611
vn -0.3975 0.6986 -0.5950
vn -0.0000 0.6986 0.7155
vn 0.3975 0.6986 -0.5950
vn -0.2738 0.6986 -0.6611
vn -0.1396 0.6986 0.7018
vn 0.5060 0.6986 -0.5060
vn -0.1396 0.6986 -0.7018
vn -0.2738 0.6986 0.6611
vn 0.5950 0.6986 -0.3975
vn -0.3975 0.6986 0.5950
vn 0.6611 0.6986 -0.2738
vn -0.5060 0.6986 0.5060
vn 0.7018 0.6986 -0.1396
vn -0.5950 0.6986 0.3975
vn 0.7155 0.6986 -0.0000
vn -0.6611 0.6986 0.2738
vn 0.7018 0.6986 0.1396
vn 0.8996 0.3410 0.2729
vn -0.8996 0.3410 0.2729
vn 0.9355 0.3410 0.0921
vn -0.8291 0.3410 0.4431
vn 0.9355 0.3410 -0.0921
vn -0.7267 0.3410 0.5964
vn 0.8996 0.3410 -0.2729
vn -0.5964 0.3410 0.7267
vn 0.8291 0.3410 -0.4431
vn -0.4431 0.3410 0.8291
vn -0.0921 0.3410 -0.9355
vn 0.7267 0.3410 -0.5964
vn -0.2729 0.3410 0.8996
vn -0.2729 0.3410 -0.8996
vn 0.5964 0.3410 -0.7267
vn -0.0921 0.3410 0.9355
vn -0.4431 0.3410 -0.8291
vn 0.4431 0.3410 -0.8291
vn 0.0921 0.3410 0.9355
vn -0.5964 0.3410 -0.7267
vn 0.2729 0.3410 -0.8996
vn 0.2729 0.3410 0.8996
vn -0.7267 0.3410 -0.5964
vn 0.0921 0.3410 -0.9355
vn 0.4431 0.3410 0.8291
vn -0.8291 0.3410 -0.4431
vn 0.5964 0.3410 0.7267
vn -0.8996 0.3410 -0.2729
vn 0.7267 0.3410 0.5964
vn -0.9355 0.3410 -0.0921
vn 0.8291 0.3410 0.4431
vn -0.9355 0.3410 0.0921
vn 0.0980 -0.0000 -0.9952
vn 0.2903 -0.0000 -0.9569
vn 0.4714 -0.0000 -0.8819
vn 0.6344 -0.0000 -0.7730
vn 0.7730 -0.0000 -0.6344
vn 0.8819 -0.0000 -0.4714
vn 0.9569 -0.0000 -0.2903
vn 0.9952 -0.0000 -0.0980
vn 0.9952 -0.0000 0.0980
vn 0.9569 -0.0000 0.2903
vn 0.8819 -0.0000 0.4714
vn 0.7730 -0.0000 0.6344
vn 0.6344 -0.0000 0.7730
vn 0.4714 -0.0000 0.8819
vn 0.2903 -0.0000 0.9569
vn 0.0980 -0.0000 0.9952
vn -0.0980 -0.0000 0.9952
vn -0.2903 -0.0000 0.9569
vn -0.4714 -0.0000 0.8819
vn -0.6344 -0.0000 0.7730
vn -0.7730 -0.0000 0.6344
vn -0.8819 -0.0000 0.4714
vn -0.9569 -0.0000 0.2903
vn -0.9952 -0.0000 0.0980
vn -0.9952 -0.0000 -0.0980
vn -0.9569 -0.0000 -0.2903
vn -0.8819 -0.0000 -0.4714
vn -0.7730 -0.0000 -0.6344
vn -0.6344 -0.0000 -0.7730
vn -0.4714 -0.0000 -0.8819
vn 0.4797 -0.8761 0.0472
vn -0.2903 -0.0000 -0.9569
vn -0.0980 -0.0000 -0.9952
vn -0.0000 -1.0000 -0.0000
vn -0.7121 0.6986 0.0701
vn -0.1399 -0.8761 0.4613
vn -0.4251 -0.8761 -0.2272
vn 0.3726 -0.8761 -0.3058
vn 0.2272 -0.8761 0.4251
vn -0.4613 -0.8761 0.1399
vn 0.0472 -0.8761 -0.4797
vn -0.0472 -0.8761 -0.4797
vn 0.4613 -0.8761 0.1399
vn -0.2272 -0.8761 0.4251
vn -0.3726 -0.8761 -0.3058
vn 0.4251 -0.8761 -0.2272
vn 0.1399 -0.8761 0.4613
vn -0.4797 -0.8761 0.0472
vn 0.1399 -0.8761 -0.4613
vn 0.4251 -0.8761 0.2272
vn -0.3058 -0.8761 0.3726
vn -0.3058 -0.8761 -0.3726
vn 0.4613 -0.8761 -0.1399
vn 0.0472 -0.8761 0.4797
vn -0.4797 -0.8761 -0.0472
vn 0.2272 -0.8761 -0.4251
vn 0.3726 -0.8761 0.3058
vn -0.3726 -0.8761 0.3058
vn -0.2272 -0.8761 -0.4251
vn 0.4797 -0.8761 -0.0472
vn -0.0472 -0.8761 0.4797
vn -0.4613 -0.8761 -0.1399
vn 0.3058 -0.8761 -0.3726
vn 0.3058 -0.8761 0.3726
vn -0.4251 -0.8761 0.2272
vn -0.1399 -0.8761 -0.4613
vn -0.0000 1.0000 -0.0000
vn 0.6311 0.6986 0.3373
vn -0.7121 0.6986 -0.0701
vn 0.5531 0.6986 0.4539
vn -0.6847 0.6986 -0.2077
vn 0.4539 0.6986 0.5531
vn -0.6311 0.6986 -0.3373
vn 0.3373 0.6986 0.6311
vn 0.0701 0.6986 -0.7121
vn -0.5531 0.6986 -0.4539
vn 0.2077 0.6986 0.6847
vn 0.2077 0.6986 -0.6847
vn -0.4539 0.6986 -0.5531
vn 0.0701 0.6986 0.7121
vn 0.3373 0.6986 -0.6311
vn -0.3373 0.6986 -0.6311
vn -0.0701 0.6986 0.7121
vn 0.4539 0.6986 -0.5531
vn -0.2077 0.6986 -0.6847
vn -0.2077 0.6986 0.6847
vn 0.5531 0.6986 -0.4539
vn -0.0701 0.6986 -0.7121
vn -0.3373 0.6986 0.6311
vn 0.6311 0.6986 -0.3373
vn -0.4539 0.6986 0.5531
vn 0.6847 0.6986 -0.2077
vn -0.5531 0.6986 0.4539
vn 0.7121 0.6986 -0.0701
vn -0.6311 0.6986 0.3373
vn 0.7121 0.6986 0.0701
vn -0.6847 0.6986 0.2077
vn 0.6847 0.6986 0.2077
vn 0.9275 -0.2463 0.2813
vn -0.9275 -0.2463 0.2813
vn 0.9645 -0.2463 0.0950
vn -0.8548 -0.2463 0.4569
vn 0.9645 -0.2463 -0.0950
vn -0.7492 -0.2463 0.6149
vn 0.9275 -0.2463 -0.2813
vn -0.6149 -0.2463 0.7492
vn 0.8548 -0.2463 -0.4569
vn -0.4569 -0.2463 0.8548
vn -0.0950 -0.2463 -0.9645
vn 0.7492 -0.2463 -0.6149
vn -0.2813 -0.2463 0.9275
vn -0.2813 -0.2463 -0.9275
vn 0.6149 -0.2463 -0.7492
vn -0.0950 -0.2463 0.9645
vn -0.4569 -0.2463 -0.8548
vn 0.4569 -0.2463 -0.8548
vn 0.0950 -0.2463 0.9645
vn -0.6149 -0.2463 -0.7492
vn 0.2813 -0.2463 -0.9275
vn 0.2813 -0.2463 0.9275
vn -0.7492 -0.2463 -0.6149
vn 0.0950 -0.2463 -0.9645
vn 0.4569 -0.2463 0.8548
vn -0.8548 -0.2463 -0.4569
vn 0.6149 -0.2463 0.7492
vn -0.9275 -0.2463 -0.2813
vn 0.7492 -0.2463 0.6149
vn -0.9645 -0.2463 -0.0950
vn 0.8548 -0.2463 0.4569
vn -0.9645 -0.2463 0.0950
vn 0.9536 0.0832 0.2893
vn -0.9536 0.0832 0.2893
vn 0.9917 0.0832 0.0977
vn -0.8789 0.0832 0.4698
vn 0.9917 0.0832 -0.0977
vn -0.7703 0.0832 0.6322
vn 0.9536 0.0832 -0.2893
vn -0.6322 0.0832 0.7703
vn 0.8789 0.0832 -0.4698
vn -0.4698 0.0832 0.8789
vn -0.0977 0.0832 -0.9917
vn 0.7703 0.0832 -0.6322
vn -0.2893 0.0832 0.9536
vn -0.2893 0.0832 -0.9536
vn 0.6322 0.0832 -0.7703
vn -0.0977 0.0832 0.9917
vn -0.4698 0.0832 -0.8789
vn 0.4698 0.0832 -0.8789
vn 0.0977 0.0832 0.9917
vn -0.6322 0.0832 -0.7703
vn 0.2893 0.0832 -0.9536
vn 0.2893 0.0832 0.9536
vn -0.7703 0.0832 -0.6322
vn 0.0977 0.0832 -0.9917
vn 0.4698 0.0832 0.8789
vn -0.8789 0.0832 -0.4698
vn 0.6322 0.0832 0.7703
vn -0.9536 0.0832 -0.2893
vn 0.7703 0.0832 0.6322
vn -0.9917 0.0832 -0.0977
vn 0.8789 0.0832 0.4698
vn -0.9917 0.0832 0.0977
vt 0.134998 0.463250
vt 0.135073 0.231937
vt 0.148973 0.231937
vt 0.148973 0.463250
vt 0.134998 0.000625
vt 0.148973 0.000625
vt 0.162948 0.000625
vt 0.162874 0.231937
vt 0.162948 0.463250
vt 0.176625 0.231937
vt 0.176655 0.463250
vt 0.176655 0.000625
vt 0.190362 0.000625
vt 0.190141 0.231937
vt 0.190362 0.463250
vt 0.203215 0.231937
vt 0.203273 0.463250
vt 0.203273 0.000625
vt 0.216184 0.000625
vt 0.215825 0.231937
vt 0.216184 0.463250
vt 0.227720 0.231937
vt 0.227804 0.463250
vt 0.227804 0.000625
vt 0.239424 0.000625
vt 0.238941 0.231937
vt 0.239424 0.463250
vt 0.249257 0.231937
vt 0.249306 0.463250
vt 0.249306 0.000625
vt 0.259188 0.000625
vt 0.259188 0.231937
vt 0.259188 0.463250
vt 0.260651 0.463250
vt 0.260651 0.231937
vt 0.272306 0.231937
vt 0.272270 0.463250
vt 0.260651 0.000625
vt 0.272270 0.000625
vt 0.283890 0.000625
vt 0.284249 0.231937
vt 0.283890 0.463250
vt 0.296860 0.231937
vt 0.296802 0.463250
vt 0.296802 0.000625
vt 0.309713 0.000625
vt 0.309934 0.231937
vt 0.309713 0.463250
vt 0.323449 0.231937
vt 0.323419 0.463250
vt 0.323419 0.000625
vt 0.337126 0.000625
vt 0.337201 0.231937
vt 0.337126 0.463250
vt 0.351101 0.231937
vt 0.351101 0.463250
vt 0.351101 0.000625
vt 0.365076 0.000625
vt 0.365002 0.231937
vt 0.365076 0.463250
vt 0.378753 0.231937
vt 0.378783 0.463250
vt 0.378783 0.000625
vt 0.392489 0.000625
vt 0.392268 0.231937
vt 0.392489 0.463250
vt 0.405343 0.231937
vt 0.405401 0.463250
vt 0.405401 0.000625
vt 0.418312 0.000625
vt 0.417953 0.231937
vt 0.418312 0.463250
vt 0.429848 0.231937
vt 0.429932 0.463250
vt 0.429932 0.000625
vt 0.441552 0.000625
vt 0.441069 0.231937
vt 0.441552 0.463250
vt 0.451385 0.231937
vt 0.451434 0.463250
vt 0.451434 0.000625
vt 0.461315 0.000625
vt 0.461315 0.231937
vt 0.461315 0.463250
vt 0.462778 0.463250
vt 0.462778 0.231937
vt 0.474434 0.231937
vt 0.474398 0.463250
vt 0.462778 0.000625
vt 0.474398 0.000625
vt 0.486018 0.000625
vt 0.486377 0.231937
vt 0.486018 0.463250
vt 0.498987 0.231937
vt 0.498929 0.463250
vt 0.498929 0.000625
vt 0.511840 0.000625
vt 0.512061 0.231937
vt 0.511840 0.463250
vt 0.525577 0.231937
vt 0.525547 0.463250
vt 0.525547 0.000625
vt 0.539254 0.000625
vt 0.539328 0.231937
vt 0.539254 0.463250
vt 0.553229 0.231937
vt 0.553229 0.463250
vt 0.553229 0.000625
vt 0.567204 0.000625
vt 0.567129 0.231937
vt 0.567204 0.463250
vt 0.580881 0.231937
vt 0.580910 0.463250
vt 0.580910 0.000625
vt 0.594617 0.000625
vt 0.594396 0.231937
vt 0.594617 0.463250
vt 0.607470 0.231937
vt 0.607528 0.463250
vt 0.607528 0.000625
vt 0.620439 0.000625
vt 0.620081 0.231937
vt 0.620439 0.463250
vt 0.631975 0.231937
vt 0.632059 0.463250
vt 0.632059 0.000625
vt 0.643679 0.000625
vt 0.643196 0.231937
vt 0.643679 0.463250
vt 0.653513 0.231937
vt 0.653561 0.463250
vt 0.653561 0.000625
vt 0.663443 0.000625
vt 0.663443 0.231937
vt 0.663443 0.463250
vt 0.521277 0.665377
vt 0.289964 0.665377
vt 0.289964 0.653722
vt 0.521277 0.653757
vt 0.058652 0.665377
vt 0.058652 0.653757
vt 0.058652 0.642138
vt 0.289964 0.641779
vt 0.521277 0.642137
vt 0.289964 0.629168
vt 0.521277 0.629226
vt 0.058652 0.629226
vt 0.058652 0.616315
vt 0.289964 0.616094
vt 0.521277 0.616315
vt 0.289964 0.602579
vt 0.521277 0.602608
vt 0.058652 0.602608
vt 0.058652 0.588902
vt 0.289964 0.588827
vt 0.521277 0.588902
vt 0.289964 0.574927
vt 0.521277 0.574927
vt 0.058652 0.574927
vt 0.058652 0.560952
vt 0.289964 0.561026
vt 0.521277 0.560952
vt 0.289964 0.547275
vt 0.521277 0.547245
vt 0.058652 0.547245
vt 0.058652 0.533538
vt 0.289964 0.533759
vt 0.521277 0.533538
vt 0.289964 0.520685
vt 0.521277 0.520627
vt 0.058652 0.520627
vt 0.058652 0.507716
vt 0.289964 0.508075
vt 0.521277 0.507716
vt 0.289964 0.496180
vt 0.521277 0.496096
vt 0.058652 0.496096
vt 0.058652 0.484476
vt 0.289964 0.484959
vt 0.521277 0.484476
vt 0.289964 0.474643
vt 0.521277 0.474594
vt 0.058652 0.474594
vt 0.058652 0.464712
vt 0.289964 0.464712
vt 0.521277 0.464712
vt 0.058523 0.463250
vt 0.058523 0.231937
vt 0.070179 0.231937
vt 0.070143 0.463250
vt 0.058523 0.000625
vt 0.070143 0.000625
vt 0.081763 0.000625
vt 0.082121 0.231937
vt 0.081763 0.463250
vt 0.766043 0.042134
vt 0.754423 0.049898
vt 0.747610 0.039701
vt 0.760546 0.031850
vt 0.742803 0.057662
vt 0.735406 0.048648
vt 0.726958 0.038355
vt 0.740614 0.029231
vt 0.754269 0.020107
vt 0.094732 0.231937
vt 0.094674 0.463250
vt 0.094674 0.000625
vt 0.107585 0.000625
vt 0.107806 0.231937
vt 0.107585 0.463250
vt 0.121321 0.231937
vt 0.121292 0.463250
vt 0.121292 0.000625
vt 0.000550 0.795778
vt 0.003276 0.782071
vt 0.142441 0.809753
vt 0.000550 0.809753
vt 0.006003 0.768365
vt 0.011351 0.755453
vt 0.016699 0.742542
vt 0.024463 0.730922
vt 0.032227 0.719302
vt 0.042109 0.709420
vt 0.024463 0.730922
vt 0.051991 0.699538
vt 0.063611 0.691774
vt 0.075230 0.684010
vt 0.088142 0.678662
vt 0.101053 0.673314
vt 0.114760 0.670588
vt 0.088142 0.678662
vt 0.128466 0.667861
vt 0.142441 0.667861
vt 0.156416 0.667861
vt 0.170123 0.670588
vt 0.183830 0.673314
vt 0.196741 0.678662
vt 0.170123 0.670588
vt 0.209652 0.684010
vt 0.221272 0.691774
vt 0.196741 0.678662
vt 0.232892 0.699538
vt 0.242774 0.709420
vt 0.252656 0.719302
vt 0.260420 0.730922
vt 0.242774 0.709420
vt 0.268184 0.742542
vt 0.273532 0.755453
vt 0.278880 0.768365
vt 0.281606 0.782071
vt 0.284333 0.795778
vt 0.284333 0.809753
vt 0.284333 0.823728
vt 0.281606 0.837434
vt 0.278880 0.851141
vt 0.273532 0.864052
vt 0.281606 0.837434
vt 0.268184 0.876964
vt 0.260420 0.888583
vt 0.252656 0.900203
vt 0.242774 0.910085
vt 0.232892 0.919967
vt 0.221272 0.927731
vt 0.209652 0.935495
vt 0.196741 0.940843
vt 0.183829 0.946191
vt 0.170123 0.948918
vt 0.196741 0.940843
vt 0.156416 0.951644
vt 0.142441 0.951644
vt 0.128466 0.951644
vt 0.114760 0.948918
vt 0.142441 0.951644
vt 0.101053 0.946191
vt 0.088142 0.940843
vt 0.114760 0.948918
vt 0.075230 0.935495
vt 0.063611 0.927731
vt 0.051991 0.919967
vt 0.042109 0.910085
vt 0.032227 0.900203
vt 0.024463 0.888583
vt 0.016699 0.876964
vt 0.011351 0.864052
vt 0.006003 0.851141
vt 0.003276 0.837434
vt 0.000550 0.823728
vt 0.003276 0.837434
vt 0.611136 0.536548
vt 0.626309 0.530263
vt 0.629336 0.537572
vt 0.615224 0.544196
vt 0.641482 0.523978
vt 0.643999 0.532277
vt 0.646257 0.539720
vt 0.632295 0.544716
vt 0.618890 0.551056
vt 0.969692 0.126488
vt 0.964344 0.113577
vt 0.975673 0.108884
vt 0.980850 0.123103
vt 0.958996 0.100665
vt 0.969279 0.095169
vt 0.981022 0.088892
vt 0.987307 0.104065
vt 0.993592 0.119238
vt 0.847228 0.309768
vt 0.860935 0.307041
vt 0.863327 0.319068
vt 0.848371 0.321372
vt 0.874641 0.304315
vt 0.878026 0.315473
vt 0.881891 0.328215
vt 0.865784 0.331419
vt 0.849676 0.334623
vt 0.696815 0.126488
vt 0.694088 0.140194
vt 0.682061 0.137802
vt 0.685657 0.123103
vt 0.691362 0.153901
vt 0.679758 0.152758
vt 0.666507 0.151453
vt 0.669711 0.135345
vt 0.672915 0.119238
vt 0.900464 0.042134
vt 0.887553 0.036786
vt 0.892246 0.025456
vt 0.905961 0.031850
vt 0.874642 0.031437
vt 0.878026 0.020279
vt 0.881892 0.007537
vt 0.897065 0.013822
vt 0.912237 0.020107
vt 0.943468 0.258327
vt 0.951232 0.246707
vt 0.961428 0.253520
vt 0.952481 0.265724
vt 0.958996 0.235087
vt 0.969279 0.240583
vt 0.981022 0.246860
vt 0.971898 0.260516
vt 0.962774 0.274171
vt 0.707511 0.235087
vt 0.715275 0.246707
vt 0.705079 0.253520
vt 0.697228 0.240583
vt 0.723039 0.258327
vt 0.714026 0.265724
vt 0.703733 0.274171
vt 0.694609 0.260516
vt 0.685484 0.246860
vt 0.732921 0.268209
vt 0.724250 0.276880
vt 0.742803 0.278090
vt 0.735406 0.287104
vt 0.726958 0.297397
vt 0.715346 0.285784
vt 0.791865 0.031437
vt 0.778954 0.036785
vt 0.774261 0.025456
vt 0.788480 0.020279
vt 0.769442 0.013822
vt 0.784615 0.007537
vt 0.975145 0.153901
vt 0.972418 0.140195
vt 0.984446 0.137802
vt 0.986749 0.152758
vt 0.996796 0.135345
vt 1.000000 0.151453
vt 0.819278 0.309768
vt 0.833253 0.309768
vt 0.833253 0.322031
vt 0.818135 0.321372
vt 0.833253 0.334623
vt 0.816830 0.334623
vt 0.707511 0.100665
vt 0.702163 0.113577
vt 0.690833 0.108884
vt 0.697228 0.095169
vt 0.679199 0.104065
vt 0.685484 0.088892
vt 0.923704 0.057662
vt 0.912084 0.049898
vt 0.918897 0.039701
vt 0.931101 0.048648
vt 0.925893 0.029231
vt 0.939548 0.038355
vt 0.923704 0.278090
vt 0.933586 0.268209
vt 0.942257 0.276880
vt 0.931101 0.287104
vt 0.951161 0.285784
vt 0.939548 0.297397
vt 0.696815 0.209264
vt 0.702163 0.222176
vt 0.690833 0.226868
vt 0.685657 0.212649
vt 0.679199 0.231687
vt 0.672915 0.216514
vt 0.819278 0.025985
vt 0.805572 0.028711
vt 0.803179 0.016684
vt 0.818135 0.014381
vt 0.800723 0.004333
vt 0.816830 0.001129
vt 0.975145 0.181851
vt 0.975145 0.167876
vt 0.987408 0.167876
vt 0.986749 0.182994
vt 1.000000 0.167876
vt 1.000000 0.184299
vt 0.791865 0.304315
vt 0.805572 0.307041
vt 0.803179 0.319068
vt 0.788480 0.315473
vt 0.800723 0.331419
vt 0.784615 0.328215
vt 0.723039 0.077426
vt 0.715275 0.089045
vt 0.705079 0.082233
vt 0.714026 0.070028
vt 0.694609 0.075237
vt 0.703733 0.061581
vt 0.943468 0.077426
vt 0.933586 0.067544
vt 0.942257 0.058873
vt 0.952481 0.070029
vt 0.951161 0.049968
vt 0.962774 0.061581
vt 0.900464 0.293619
vt 0.912084 0.285855
vt 0.918897 0.296051
vt 0.905961 0.303902
vt 0.925893 0.306521
vt 0.912237 0.315645
vt 0.691362 0.181851
vt 0.694088 0.195558
vt 0.682061 0.197950
vt 0.679758 0.182994
vt 0.669711 0.200407
vt 0.666507 0.184299
vt 0.847228 0.025985
vt 0.833253 0.025985
vt 0.833253 0.013722
vt 0.848371 0.014381
vt 0.833253 0.001129
vt 0.849676 0.001129
vt 0.969692 0.209264
vt 0.972418 0.195558
vt 0.984446 0.197950
vt 0.980850 0.212649
vt 0.996796 0.200407
vt 0.993592 0.216514
vt 0.766042 0.293619
vt 0.778954 0.298967
vt 0.774261 0.310296
vt 0.760546 0.303902
vt 0.769442 0.321930
vt 0.754269 0.315645
vt 0.732921 0.067544
vt 0.724250 0.058873
vt 0.715346 0.049968
vt 0.951232 0.089045
vt 0.961428 0.082233
vt 0.971898 0.075237
vt 0.887553 0.298967
vt 0.892246 0.310296
vt 0.897065 0.321930
vt 0.691362 0.167876
vt 0.679099 0.167876
vt 0.666507 0.167876
vt 0.860935 0.028711
vt 0.863327 0.016684
vt 0.865784 0.004333
vt 0.964344 0.222176
vt 0.975673 0.226868
vt 0.987307 0.231687
vt 0.754423 0.285855
vt 0.747610 0.296051
vt 0.740614 0.306521
vt 0.573315 0.780176
vt 0.564482 0.768265
vt 0.690120 0.684317
vt 0.583274 0.791163
vt 0.556858 0.755547
vt 0.550519 0.742142
vt 0.564482 0.768265
vt 0.545523 0.728180
vt 0.541920 0.713796
vt 0.539744 0.699128
vt 0.539017 0.684317
vt 0.541920 0.713796
vt 0.539744 0.669506
vt 0.541920 0.654838
vt 0.545523 0.640454
vt 0.550519 0.626493
vt 0.556859 0.613087
vt 0.564482 0.600369
vt 0.573315 0.588458
vt 0.583274 0.577471
vt 0.594261 0.567513
vt 0.606172 0.558680
vt 0.618890 0.551056
vt 0.646257 0.539720
vt 0.660641 0.536118
vt 0.675309 0.533941
vt 0.690120 0.533214
vt 0.660641 0.536118
vt 0.704931 0.533941
vt 0.719599 0.536118
vt 0.733983 0.539720
vt 0.747944 0.544716
vt 0.761350 0.551056
vt 0.774068 0.558680
vt 0.747944 0.544716
vt 0.785979 0.567513
vt 0.796966 0.577471
vt 0.806924 0.588458
vt 0.815757 0.600369
vt 0.823381 0.613087
vt 0.829721 0.626493
vt 0.815757 0.600369
vt 0.834717 0.640454
vt 0.838319 0.654839
vt 0.840496 0.669506
vt 0.841223 0.684317
vt 0.838319 0.654839
vt 0.840496 0.699128
vt 0.838319 0.713796
vt 0.834717 0.728180
vt 0.829721 0.742142
vt 0.823381 0.755547
vt 0.815757 0.768266
vt 0.829721 0.742142
vt 0.806924 0.780176
vt 0.796966 0.791163
vt 0.785979 0.801122
vt 0.774068 0.809955
vt 0.796966 0.791163
vt 0.761349 0.817579
vt 0.747944 0.823918
vt 0.774068 0.809955
vt 0.733983 0.828914
vt 0.719599 0.832517
vt 0.704930 0.834693
vt 0.690120 0.835420
vt 0.719599 0.832517
vt 0.675309 0.834693
vt 0.660641 0.832517
vt 0.690120 0.835420
vt 0.646257 0.828914
vt 0.632295 0.823918
vt 0.660641 0.832517
vt 0.618890 0.817579
vt 0.606172 0.809955
vt 0.594261 0.801122
vt 0.583274 0.791163
vt 0.837889 0.763301
vt 0.828765 0.776957
vt 0.822187 0.772562
vt 0.830241 0.759213
vt 0.819640 0.790612
vt 0.812937 0.785110
vt 0.806924 0.780176
vt 0.823381 0.755547
vt 0.583825 0.554796
vt 0.597480 0.545672
vt 0.601875 0.552250
vt 0.589327 0.561500
vt 0.594261 0.567513
vt 0.850459 0.732955
vt 0.844174 0.748128
vt 0.836865 0.745101
vt 0.842160 0.730438
vt 0.834717 0.728180
vt 0.560599 0.578022
vt 0.572212 0.566409
vt 0.577806 0.572003
vt 0.567303 0.583524
vt 0.856867 0.700740
vt 0.853663 0.716848
vt 0.845904 0.715305
vt 0.848236 0.699890
vt 0.840496 0.699128
vt 0.542351 0.605333
vt 0.551475 0.591678
vt 0.558053 0.596073
vt 0.549999 0.609421
vt 0.856867 0.667894
vt 0.856867 0.684317
vt 0.848956 0.684317
vt 0.848236 0.668744
vt 0.840496 0.669507
vt 0.560599 0.790612
vt 0.551475 0.776957
vt 0.558053 0.772562
vt 0.567303 0.785110
vt 0.542351 0.763301
vt 0.549999 0.759213
vt 0.556858 0.755547
vt 0.529781 0.635679
vt 0.536066 0.620506
vt 0.543375 0.623533
vt 0.538080 0.638196
vt 0.545523 0.640454
vt 0.850459 0.635679
vt 0.853663 0.651787
vt 0.845904 0.653330
vt 0.842160 0.638196
vt 0.834717 0.640454
vt 0.583825 0.813838
vt 0.572212 0.802225
vt 0.577806 0.796631
vt 0.589327 0.807134
vt 0.594261 0.801122
vt 0.523373 0.667894
vt 0.526577 0.651786
vt 0.534336 0.653330
vt 0.532004 0.668744
vt 0.539744 0.669506
vt 0.837889 0.605333
vt 0.844174 0.620506
vt 0.836865 0.623533
vt 0.830241 0.609421
vt 0.823381 0.613088
vt 0.611136 0.832086
vt 0.597480 0.822962
vt 0.601875 0.816384
vt 0.615224 0.824438
vt 0.618890 0.817579
vt 0.523373 0.700740
vt 0.523373 0.684317
vt 0.531284 0.684317
vt 0.532004 0.699890
vt 0.539744 0.699128
vt 0.819640 0.578022
vt 0.828765 0.591678
vt 0.822187 0.596073
vt 0.812937 0.583524
vt 0.806925 0.588458
vt 0.641482 0.844656
vt 0.626309 0.838371
vt 0.629336 0.831062
vt 0.643999 0.836357
vt 0.646257 0.828914
vt 0.529781 0.732955
vt 0.526577 0.716848
vt 0.534336 0.715305
vt 0.538080 0.730438
vt 0.545523 0.728180
vt 0.796415 0.554797
vt 0.808028 0.566409
vt 0.802434 0.572003
vt 0.790913 0.561500
vt 0.673697 0.851064
vt 0.657589 0.847860
vt 0.659132 0.840101
vt 0.674547 0.842434
vt 0.675309 0.834693
vt 0.536066 0.748128
vt 0.543375 0.745101
vt 0.769104 0.536548
vt 0.782759 0.545672
vt 0.778364 0.552250
vt 0.765016 0.544196
vt 0.761350 0.551056
vt 0.706543 0.851064
vt 0.690120 0.851064
vt 0.690120 0.843153
vt 0.705693 0.842434
vt 0.704931 0.834693
vt 0.738758 0.523978
vt 0.753931 0.530263
vt 0.750904 0.537572
vt 0.736241 0.532277
vt 0.733983 0.539720
vt 0.738758 0.844656
vt 0.722650 0.847860
vt 0.721107 0.840101
vt 0.736241 0.836357
vt 0.733983 0.828914
vt 0.706543 0.517570
vt 0.722651 0.520774
vt 0.721107 0.528533
vt 0.705693 0.526201
vt 0.704931 0.533941
vt 0.769104 0.832086
vt 0.753931 0.838371
vt 0.750904 0.831062
vt 0.765016 0.824438
vt 0.761350 0.817579
vt 0.673697 0.517570
vt 0.690120 0.517570
vt 0.690120 0.525481
vt 0.674547 0.526201
vt 0.675309 0.533941
vt 0.796415 0.813838
vt 0.782759 0.822962
vt 0.778364 0.816384
vt 0.790913 0.807134
vt 0.785979 0.801122
vt 0.657589 0.520774
vt 0.659133 0.528533
vt 0.808028 0.802225
vt 0.802434 0.796631
vt 0.340216 0.669196
vt 0.356324 0.669197
vt 0.356367 0.677310
vt 0.340502 0.677310
vt 0.372432 0.669196
vt 0.372528 0.677310
vt 0.372537 0.688653
vt 0.356376 0.688653
vt 0.340528 0.688653
vt 0.057060 0.178482
vt 0.057060 0.193655
vt 0.048947 0.193569
vt 0.048947 0.178196
vt 0.057060 0.208828
vt 0.048947 0.208364
vt 0.037603 0.208322
vt 0.037603 0.193552
vt 0.037603 0.178170
vt 0.388855 0.669197
vt 0.388855 0.677310
vt 0.405278 0.669196
vt 0.405181 0.677310
vt 0.405173 0.688653
vt 0.388855 0.688653
vt 0.057060 0.222483
vt 0.048947 0.222359
vt 0.057060 0.236138
vt 0.048947 0.235514
vt 0.037603 0.235457
vt 0.037603 0.222335
vt 0.421385 0.669197
vt 0.421342 0.677310
vt 0.437493 0.669196
vt 0.437207 0.677310
vt 0.437181 0.688653
vt 0.421333 0.688653
vt 0.057060 0.247751
vt 0.048947 0.247751
vt 0.057060 0.259364
vt 0.048947 0.259988
vt 0.037603 0.260045
vt 0.037603 0.247751
vt 0.452666 0.669197
vt 0.452581 0.677310
vt 0.467839 0.669196
vt 0.467375 0.677310
vt 0.467333 0.688653
vt 0.452564 0.688653
vt 0.057060 0.273019
vt 0.048947 0.273143
vt 0.057060 0.286675
vt 0.048947 0.287138
vt 0.037603 0.287181
vt 0.037603 0.273168
vt 0.481494 0.669197
vt 0.481371 0.677310
vt 0.495149 0.669197
vt 0.494525 0.677310
vt 0.494469 0.688653
vt 0.481346 0.688653
vt 0.057060 0.301848
vt 0.048947 0.301933
vt 0.057060 0.317021
vt 0.048947 0.317306
vt 0.037603 0.317332
vt 0.037603 0.301950
vt 0.723404 0.418832
vt 0.723404 0.434940
vt 0.715291 0.434897
vt 0.715291 0.418736
vt 0.723404 0.451048
vt 0.715291 0.450762
vt 0.703948 0.450736
vt 0.703948 0.434888
vt 0.703948 0.418727
vt 0.506762 0.669197
vt 0.506691 0.677220
vt 0.518375 0.669197
vt 0.518375 0.676771
vt 0.518375 0.684346
vt 0.506677 0.688294
vt 0.057060 0.333128
vt 0.048947 0.333172
vt 0.057060 0.349236
vt 0.048947 0.349332
vt 0.037603 0.349341
vt 0.037603 0.333180
vt 0.723404 0.466221
vt 0.715291 0.466135
vt 0.723404 0.481393
vt 0.715291 0.480930
vt 0.703948 0.480888
vt 0.703948 0.466118
vt 0.723404 0.296114
vt 0.723404 0.309770
vt 0.715381 0.309822
vt 0.715830 0.296114
vt 0.723404 0.323425
vt 0.715291 0.323889
vt 0.703948 0.323931
vt 0.704307 0.309833
vt 0.708255 0.296114
vt 0.057060 0.365659
vt 0.048947 0.365659
vt 0.057060 0.382082
vt 0.048947 0.381986
vt 0.037603 0.381977
vt 0.037603 0.365659
vt 0.723404 0.495049
vt 0.715381 0.494996
vt 0.723404 0.508704
vt 0.715830 0.508704
vt 0.708255 0.508704
vt 0.704307 0.494986
vt 0.723404 0.338598
vt 0.715291 0.338683
vt 0.723404 0.353771
vt 0.715291 0.354057
vt 0.703948 0.354083
vt 0.703948 0.338700
vt 0.057060 0.398190
vt 0.048947 0.398146
vt 0.057060 0.414297
vt 0.048947 0.414012
vt 0.037603 0.413986
vt 0.037603 0.398137
vt 0.057060 0.000323
vt 0.057060 0.011936
vt 0.049037 0.012007
vt 0.049485 0.000323
vt 0.057060 0.023549
vt 0.048947 0.024173
vt 0.037603 0.024229
vt 0.037962 0.012021
vt 0.041911 0.000323
vt 0.723404 0.369879
vt 0.715291 0.369922
vt 0.723404 0.385986
vt 0.715291 0.386083
vt 0.703948 0.386091
vt 0.703948 0.369931
vt 0.057060 0.429470
vt 0.048947 0.429385
vt 0.057060 0.444643
vt 0.048947 0.444179
vt 0.037603 0.444137
vt 0.037603 0.429368
vt 0.057060 0.037204
vt 0.048947 0.037327
vt 0.057060 0.050859
vt 0.048947 0.051323
vt 0.037603 0.051365
vt 0.037603 0.037352
vt 0.723404 0.402409
vt 0.715291 0.402409
vt 0.703948 0.402409
vt 0.057060 0.458298
vt 0.049037 0.458246
vt 0.057060 0.471954
vt 0.049485 0.471954
vt 0.041911 0.471954
vt 0.037962 0.458235
vt 0.057060 0.066032
vt 0.048947 0.066117
vt 0.057060 0.081205
vt 0.048947 0.081491
vt 0.037603 0.081517
vt 0.037603 0.066134
vt 0.259334 0.669197
vt 0.270947 0.669197
vt 0.271018 0.677220
vt 0.259334 0.676771
vt 0.282560 0.669196
vt 0.283184 0.677310
vt 0.283241 0.688653
vt 0.271032 0.688294
vt 0.259334 0.684346
vt 0.057060 0.097313
vt 0.048947 0.097356
vt 0.057060 0.113420
vt 0.048947 0.113517
vt 0.037603 0.113525
vt 0.037603 0.097365
vt 0.296215 0.669197
vt 0.296339 0.677310
vt 0.309870 0.669196
vt 0.310334 0.677310
vt 0.310376 0.688653
vt 0.296364 0.688653
vt 0.057060 0.129843
vt 0.048947 0.129843
vt 0.057060 0.146266
vt 0.048947 0.146170
vt 0.037603 0.146161
vt 0.037603 0.129843
vt 0.325043 0.669197
vt 0.325129 0.677310
vt 0.325146 0.688653
vt 0.057060 0.162374
vt 0.048947 0.162331
vt 0.037603 0.162322
vt 0.356367 0.705381
vt 0.340502 0.705381
vt 0.372528 0.705381
vt 0.372432 0.725339
vt 0.356324 0.725339
vt 0.340216 0.725339
vt 0.020876 0.193569
vt 0.020876 0.178196
vt 0.020876 0.208364
vt 0.000918 0.208828
vt 0.000918 0.193655
vt 0.000918 0.178482
vt 0.388855 0.705381
vt 0.405181 0.705381
vt 0.405278 0.725339
vt 0.388855 0.725339
vt 0.020876 0.222359
vt 0.020876 0.235514
vt 0.000918 0.236138
vt 0.000918 0.222483
vt 0.421342 0.705381
vt 0.437207 0.705381
vt 0.437493 0.725339
vt 0.421385 0.725339
vt 0.020876 0.247751
vt 0.020876 0.259988
vt 0.000918 0.259364
vt 0.000918 0.247751
vt 0.452581 0.705381
vt 0.467375 0.705381
vt 0.467839 0.725339
vt 0.452666 0.725339
vt 0.020876 0.273143
vt 0.020876 0.287138
vt 0.000918 0.286675
vt 0.000918 0.273019
vt 0.481371 0.705381
vt 0.494525 0.705381
vt 0.495149 0.725339
vt 0.481494 0.725339
vt 0.020876 0.301933
vt 0.020876 0.317306
vt 0.000918 0.317021
vt 0.000918 0.301848
vt 0.687220 0.434897
vt 0.687220 0.418736
vt 0.687220 0.450762
vt 0.667262 0.451048
vt 0.667262 0.434940
vt 0.667262 0.418832
vt 0.506692 0.705291
vt 0.518375 0.704842
vt 0.518375 0.725339
vt 0.506762 0.725339
vt 0.020876 0.333172
vt 0.020876 0.349332
vt 0.000918 0.349236
vt 0.000918 0.333128
vt 0.687220 0.466135
vt 0.687220 0.480930
vt 0.667262 0.481393
vt 0.667262 0.466221
vt 0.687310 0.309823
vt 0.687759 0.296114
vt 0.687220 0.323889
vt 0.667262 0.323425
vt 0.667262 0.309770
vt 0.667262 0.296114
vt 0.020876 0.365659
vt 0.020876 0.381986
vt 0.000918 0.382082
vt 0.000918 0.365659
vt 0.687310 0.494996
vt 0.687759 0.508704
vt 0.667262 0.508704
vt 0.667262 0.495049
vt 0.687220 0.338683
vt 0.687220 0.354057
vt 0.667262 0.353771
vt 0.667262 0.338598
vt 0.020876 0.398146
vt 0.020876 0.414012
vt 0.000918 0.414297
vt 0.000918 0.398190
vt 0.020966 0.012007
vt 0.021414 0.000323
vt 0.020876 0.024173
vt 0.000918 0.023549
vt 0.000918 0.011936
vt 0.000918 0.000323
vt 0.687220 0.369922
vt 0.687220 0.386083
vt 0.667262 0.385986
vt 0.667262 0.369879
vt 0.020876 0.429385
vt 0.020876 0.444179
vt 0.000918 0.444643
vt 0.000918 0.429470
vt 0.020876 0.037327
vt 0.020876 0.051323
vt 0.000918 0.050859
vt 0.000918 0.037204
vt 0.687220 0.402409
vt 0.667262 0.402409
vt 0.020966 0.458246
vt 0.021414 0.471954
vt 0.000918 0.471954
vt 0.000918 0.458298
vt 0.020876 0.066117
vt 0.020876 0.081491
vt 0.000918 0.081205
vt 0.000918 0.066032
vt 0.271018 0.705291
vt 0.259334 0.704842
vt 0.283184 0.705381
vt 0.282560 0.725339
vt 0.270947 0.725339
vt 0.259334 0.725339
vt 0.020876 0.097356
vt 0.020876 0.113517
vt 0.000918 0.113420
vt 0.000918 0.097313
vt 0.296339 0.705381
vt 0.310334 0.705381
vt 0.309870 0.725339
vt 0.296215 0.725339
vt 0.020876 0.129843
vt 0.020876 0.146170
vt 0.000918 0.146266
vt 0.000918 0.129843
vt 0.325129 0.705381
vt 0.325043 0.725339
vt 0.020876 0.162331
vt 0.000918 0.162374
s 1
f 4851/5575/4851 5045/5576/5045 5395/5577/5395 5043/5578/5043
f 5045/5576/5045 4852/5579/4852 5044/5580/5044 5395/5577/5395
f 5395/5577/5395 5044/5580/5044 4854/5581/4854 5046/5582/5046
f 5043/5578/5043 5395/5577/5395 5046/5582/5046 4853/5583/4853
f 4853/5583/4853 5046/5582/5046 5396/5584/5396 5047/5585/5047
f 5046/5582/5046 4854/5581/4854 5048/5586/5048 5396/5584/5396
f 5396/5584/5396 5048/5586/5048 4856/5587/4856 5049/5588/5049
f 5047/5585/5047 5396/5584/5396 5049/5588/5049 4855/5589/4855
f 4855/5589/4855 5049/5588/5049 5397/5590/5397 5050/5591/5050
f 5049/5588/5049 4856/5587/4856 5051/5592/5051 5397/5590/5397
f 5397/5590/5397 5051/5592/5051 4858/5593/4858 5052/5594/5052
f 5050/5591/5050 5397/5590/5397 5052/5594/5052 4857/5595/4857
f 4857/5595/4857 5052/5594/5052 5398/5596/5398 5053/5597/5053
f 5052/5594/5052 4858/5593/4858 5054/5598/5054 5398/5596/5398
f 5398/5596/5398 5054/5598/5054 4860/5599/4860 5055/5600/5055
f 5053/5597/5053 5398/5596/5398 5055/5600/5055 4859/5601/4859
f 4859/5601/4859 5055/5600/5055 5399/5602/5399 5056/5603/5056
f 5055/5600/5055 4860/5599/4860 5057/5604/5057 5399/5602/5399
f 5399/5602/5399 5057/5604/5057 4862/5605/4862 5058/5606/5058
f 5056/5603/5056 5399/5602/5399 5058/5606/5058 4861/5607/4861
f 4861/5608/4861 5058/5609/5058 5400/5610/5400 5059/5611/5059
f 5058/5609/5058 4862/5612/4862 5060/5613/5060 5400/5610/5400
f 5400/5610/5400 5060/5613/5060 4864/5614/4864 5061/5615/5061
f 5059/5611/5059 5400/5610/5400 5061/5615/5061 4863/5616/4863
f 4863/5616/4863 5061/5615/5061 5401/5617/5401 5062/5618/5062
f 5061/5615/5061 4864/5614/4864 5063/5619/5063 5401/5617/5401
f 5401/5617/5401 5063/5619/5063 4866/5620/4866 5064/5621/5064
f 5062/5618/5062 5401/5617/5401 5064/5621/5064 4865/5622/4865
f 4865/5622/4865 5064/5621/5064 5402/5623/5402 5065/5624/5065
f 5064/5621/5064 4866/5620/4866 5066/5625/5066 5402/5623/5402
f 5402/5623/5402 5066/5625/5066 4868/5626/4868 5067/5627/5067
f 5065/5624/5065 5402/5623/5402 5067/5627/5067 4867/5628/4867
f 4867/5628/4867 5067/5627/5067 5403/5629/5403 5068/5630/5068
f 5067/5627/5067 4868/5626/4868 5069/5631/5069 5403/5629/5403
f 5403/5629/5403 5069/5631/5069 4870/5632/4870 5070/5633/5070
f 5068/5630/5068 5403/5629/5403 5070/5633/5070 4869/5634/4869
f 4869/5634/4869 5070/5633/5070 5404/5635/5404 5071/5636/5071
f 5070/5633/5070 4870/5632/4870 5072/5637/5072 5404/5635/5404
f 5404/5635/5404 5072/5637/5072 4872/5638/4872 5073/5639/5073
f 5071/5636/5071 5404/5635/5404 5073/5639/5073 4871/5640/4871
f 4871/5640/4871 5073/5639/5073 5405/5641/5405 5074/5642/5074
f 5073/5639/5073 4872/5638/4872 5075/5643/5075 5405/5641/5405
f 5405/5641/5405 5075/5643/5075 4874/5644/4874 5076/5645/5076
f 5074/5642/5074 5405/5641/5405 5076/5645/5076 4873/5646/4873
f 4873/5646/4873 5076/5645/5076 5406/5647/5406 5077/5648/5077
f 5076/5645/5076 4874/5644/4874 5078/5649/5078 5406/5647/5406
f 5406/5647/5406 5078/5649/5078 4876/5650/4876 5079/5651/5079
f 5077/5648/5077 5406/5647/5406 5079/5651/5079 4875/5652/4875
f 4875/5652/4875 5079/5651/5079 5407/5653/5407 5080/5654/5080
f 5079/5651/5079 4876/5650/4876 5081/5655/5081 5407/5653/5407
f 5407/5653/5407 5081/5655/5081 4878/5656/4878 5082/5657/5082
f 5080/5654/5080 5407/5653/5407 5082/5657/5082 4877/5658/4877
f 4877/5659/4877 5082/5660/5082 5408/5661/5408 5083/5662/5083
f 5082/5660/5082 4878/5663/4878 5084/5664/5084 5408/5661/5408
f 5408/5661/5408 5084/5664/5084 4880/5665/4880 5085/5666/5085
f 5083/5662/5083 5408/5661/5408 5085/5666/5085 4879/5667/4879
f 4879/5667/4879 5085/5666/5085 5409/5668/5409 5086/5669/5086
f 5085/5666/5085 4880/5665/4880 5087/5670/5087 5409/5668/5409
f 5409/5668/5409 5087/5670/5087 4882/5671/4882 5088/5672/5088
f 5086/5669/5086 5409/5668/5409 5088/5672/5088 4881/5673/4881
f 4881/5673/4881 5088/5672/5088 5410/5674/5410 5089/5675/5089
f 5088/5672/5088 4882/5671/4882 5090/5676/5090 5410/5674/5410
f 5410/5674/5410 5090/5676/5090 4884/5677/4884 5091/5678/5091
f 5089/5675/5089 5410/5674/5410 5091/5678/5091 4883/5679/4883
f 4883/5679/4883 5091/5678/5091 5411/5680/5411 5092/5681/5092
f 5091/5678/5091 4884/5677/4884 5093/5682/5093 5411/5680/5411
f 5411/5680/5411 5093/5682/5093 4886/5683/4886 5094/5684/5094
f 5092/5681/5092 5411/5680/5411 5094/5684/5094 4885/5685/4885
f 4885/5685/4885 5094/5684/5094 5412/5686/5412 5095/5687/5095
f 5094/5684/5094 4886/5683/4886 5096/5688/5096 5412/5686/5412
f 5412/5686/5412 5096/5688/5096 4888/5689/4888 5097/5690/5097
f 5095/5687/5095 5412/5686/5412 5097/5690/5097 4887/5691/4887
f 4887/5691/4887 5097/5690/5097 5413/5692/5413 5098/5693/5098
f 5097/5690/5097 4888/5689/4888 5099/5694/5099 5413/5692/5413
f 5413/5692/5413 5099/5694/5099 4890/5695/4890 5100/5696/5100
f 5098/5693/5098 5413/5692/5413 5100/5696/5100 4889/5697/4889
f 4889/5697/4889 5100/5696/5100 5414/5698/5414 5101/5699/5101
f 5100/5696/5100 4890/5695/4890 5102/5700/5102 5414/5698/5414
f 5414/5698/5414 5102/5700/5102 4892/5701/4892 5103/5702/5103
f 5101/5699/5101 5414/5698/5414 5103/5702/5103 4891/5703/4891
f 4891/5703/4891 5103/5702/5103 5415/5704/5415 5104/5705/5104
f 5103/5702/5103 4892/5701/4892 5105/5706/5105 5415/5704/5415
f 5415/5704/5415 5105/5706/5105 4894/5707/4894 5106/5708/5106
f 5104/5705/5104 5415/5704/5415 5106/5708/5106 4893/5709/4893
f 4893/5710/4893 5106/5711/5106 5416/5712/5416 5107/5713/5107
f 5106/5711/5106 4894/5714/4894 5108/5715/5108 5416/5712/5416
f 5416/5712/5416 5108/5715/5108 4896/5716/4896 5109/5717/5109
f 5107/5713/5107 5416/5712/5416 5109/5717/5109 4895/5718/4895
f 4895/5718/4895 5109/5717/5109 5417/5719/5417 5110/5720/5110
f 5109/5717/5109 4896/5716/4896 5111/5721/5111 5417/5719/5417
f 5417/5719/5417 5111/5721/5111 4898/5722/4898 5112/5723/5112
f 5110/5720/5110 5417/5719/5417 5112/5723/5112 4897/5724/4897
f 4897/5724/4897 5112/5723/5112 5418/5725/5418 5113/5726/5113
f 5112/5723/5112 4898/5722/4898 5114/5727/5114 5418/5725/5418
f 5418/5725/5418 5114/5727/5114 4900/5728/4900 5115/5729/5115
f 5113/5726/5113 5418/5725/5418 5115/5729/5115 4899/5730/4899
f 4899/5730/4899 5115/5729/5115 5419/5731/5419 5116/5732/5116
f 5115/5729/5115 4900/5728/4900 5117/5733/5117 5419/5731/5419
f 5419/5731/5419 5117/5733/5117 4902/5734/4902 5118/5735/5118
f 5116/5732/5116 5419/5731/5419 5118/5735/5118 4901/5736/4901
f 4901/5736/4901 5118/5735/5118 5420/5737/5420 5119/5738/5119
f 5118/5735/5118 4902/5734/4902 5120/5739/5120 5420/5737/5420
f 5420/5737/5420 5120/5739/5120 4904/5740/4904 5121/5741/5121
f 5119/5738/5119 5420/5737/5420 5121/5741/5121 4903/5742/4903
f 4903/5742/4903 5121/5741/5121 5421/5743/5421 5122/5744/5122
f 5121/5741/5121 4904/5740/4904 5123/5745/5123 5421/5743/5421
f 5421/5743/5421 5123/5745/5123 4906/5746/4906 5124/5747/5124
f 5122/5744/5122 5421/5743/5421 5124/5747/5124 4905/5748/4905
f 4905/5748/4905 5124/5747/5124 5422/5749/5422 5125/5750/5125
f 5124/5747/5124 4906/5746/4906 5126/5751/5126 5422/5749/5422
f 5422/5749/5422 5126/5751/5126 4908/5752/4908 5127/5753/5127
f 5125/5750/5125 5422/5749/5422 5127/5753/5127 4907/5754/4907
f 4907/5754/4907 5127/5753/5127 5423/5755/5423 5128/5756/5128
f 5127/5753/5127 4908/5752/4908 5129/5757/5129 5423/5755/5423
f 5423/5755/5423 5129/5757/5129 4910/5758/4910 5130/5759/5130
f 5128/5756/5128 5423/5755/5423 5130/5759/5130 4909/5760/4909
f 4909/5761/4909 5130/5762/5130 5424/5763/5424 5131/5764/5131
f 5130/5762/5130 4910/5765/4910 5132/5766/5132 5424/5763/5424
f 5424/5763/5424 5132/5766/5132 4912/5767/4912 5133/5768/5133
f 5131/5764/5131 5424/5763/5424 5133/5768/5133 4911/5769/4911
f 4870/5770/4870 5069/5771/5069 5425/5772/5425 5172/5773/5172
f 5069/5771/5069 4868/5774/4868 5171/5775/5171 5425/5772/5425
f 5425/5772/5425 5171/5775/5171 4923/5776/4923 5147/5777/5147
f 5172/5773/5172 5425/5772/5425 5147/5777/5147 4924/5778/4924
f 4911/5769/4911 5133/5768/5133 5426/5779/5426 5134/5780/5134
f 5133/5768/5133 4912/5767/4912 5135/5781/5135 5426/5779/5426
f 5426/5779/5426 5135/5781/5135 4914/5782/4914 5136/5783/5136
f 5134/5780/5134 5426/5779/5426 5136/5783/5136 4913/5784/4913
f 4913/5784/4913 5136/5783/5136 5427/5785/5427 5137/5786/5137
f 5136/5783/5136 4914/5782/4914 5138/5787/5138 5427/5785/5427
f 5427/5785/5427 5138/5787/5138 4852/5579/4852 5045/5576/5045
f 5137/5786/5137 5427/5785/5427 5045/5576/5045 4851/5575/4851
f 4851/5788/4851 5043/5789/5043 5428/5790/5428 5137/5791/5137
f 4853/5792/4853 5047/5793/5047 5428/5790/5428 5043/5789/5043
f 4855/5794/4855 5050/5795/5050 5428/5790/5428 5047/5793/5047
f 4857/5796/4857 5053/5797/5053 5428/5790/5428 5050/5798/5050
f 4859/5799/4859 5056/5800/5056 5428/5790/5428 5053/5797/5053
f 4861/5801/4861 5059/5802/5059 5428/5790/5428 5056/5800/5056
f 4863/5803/4863 5062/5804/5062 5428/5790/5428 5059/5805/5059
f 4865/5806/4865 5065/5807/5065 5428/5790/5428 5062/5804/5062
f 4867/5808/4867 5068/5809/5068 5428/5790/5428 5065/5807/5065
f 4869/5810/4869 5071/5811/5071 5428/5790/5428 5068/5812/5068
f 4871/5813/4871 5074/5814/5074 5428/5790/5428 5071/5815/5071
f 4873/5816/4873 5077/5817/5077 5428/5790/5428 5074/5814/5074
f 4875/5818/4875 5080/5819/5080 5428/5790/5428 5077/5820/5077
f 4877/5821/4877 5083/5822/5083 5428/5790/5428 5080/5819/5080
f 4879/5823/4879 5086/5824/5086 5428/5790/5428 5083/5822/5083
f 4881/5825/4881 5089/5826/5089 5428/5790/5428 5086/5824/5086
f 4883/5827/4883 5092/5828/5092 5428/5790/5428 5089/5826/5089
f 4885/5829/4885 5095/5830/5095 5428/5790/5428 5092/5831/5092
f 4887/5832/4887 5098/5833/5098 5428/5790/5428 5095/5830/5095
f 4889/5834/4889 5101/5835/5101 5428/5790/5428 5098/5833/5098
f 4891/5836/4891 5104/5837/5104 5428/5790/5428 5101/5835/5101
f 4893/5838/4893 5107/5839/5107 5428/5790/5428 5104/5837/5104
f 4895/5840/4895 5110/5841/5110 5428/5790/5428 5107/5842/5107
f 4897/5843/4897 5113/5844/5113 5428/5790/5428 5110/5841/5110
f 4899/5845/4899 5116/5846/5116 5428/5790/5428 5113/5847/5113
f 4901/5848/4901 5119/5849/5119 5428/5790/5428 5116/5850/5116
f 4903/5851/4903 5122/5852/5122 5428/5790/5428 5119/5849/5119
f 4905/5853/4905 5125/5854/5125 5428/5790/5428 5122/5852/5122
f 4907/5855/4907 5128/5856/5128 5428/5790/5428 5125/5854/5125
f 4909/5857/4909 5131/5858/5131 5428/5790/5428 5128/5856/5128
f 4911/5859/4911 5134/5860/5134 5428/5790/5428 5131/5858/5131
f 4913/5861/4913 5137/5791/5137 5428/5790/5428 5134/5862/5134
f 5014/5863/5014 5394/5864/5394 5429/5865/5429 5334/5866/5334
f 5394/5864/5394 5011/5867/5011 5235/5868/5235 5429/5865/5429
f 5429/5865/5429 5235/5868/5235 4970/5869/4970 5226/5870/5226
f 5334/5866/5334 5429/5865/5429 5226/5870/5226 4971/5871/4971
f 4888/5872/4888 5096/5873/5096 5430/5874/5430 5174/5875/5174
f 5096/5873/5096 4886/5876/4886 5173/5877/5173 5430/5874/5430
f 5430/5874/5430 5173/5877/5173 4932/5878/4932 5156/5879/5156
f 5174/5875/5174 5430/5874/5430 5156/5879/5156 4933/5880/4933
f 4906/5881/4906 5123/5882/5123 5431/5883/5431 5176/5884/5176
f 5123/5882/5123 4904/5885/4904 5175/5886/5175 5431/5883/5431
f 5431/5883/5431 5175/5886/5175 4941/5887/4941 5165/5888/5165
f 5176/5884/5176 5431/5883/5431 5165/5888/5165 4942/5889/4942
f 4862/5890/4862 5057/5891/5057 5432/5892/5432 5178/5893/5178
f 5057/5891/5057 4860/5894/4860 5177/5895/5177 5432/5892/5432
f 5432/5892/5432 5177/5895/5177 4919/5896/4919 5143/5897/5143
f 5178/5893/5178 5432/5892/5432 5143/5897/5143 4920/5898/4920
f 4880/5899/4880 5084/5900/5084 5433/5901/5433 5180/5902/5180
f 5084/5900/5084 4878/5903/4878 5179/5904/5179 5433/5901/5433
f 5433/5901/5433 5179/5904/5179 4928/5905/4928 5152/5906/5152
f 5180/5902/5180 5433/5901/5433 5152/5906/5152 4929/5907/4929
f 4898/5908/4898 5111/5909/5111 5434/5910/5434 5182/5911/5182
f 5111/5909/5111 4896/5912/4896 5181/5913/5181 5434/5910/5434
f 5434/5910/5434 5181/5913/5181 4937/5914/4937 5161/5915/5161
f 5182/5911/5182 5434/5910/5434 5161/5915/5161 4938/5916/4938
f 4854/5917/4854 5044/5918/5044 5435/5919/5435 5184/5920/5184
f 5044/5918/5044 4852/5921/4852 5183/5922/5183 5435/5919/5435
f 5435/5919/5435 5183/5922/5183 4916/5923/4916 5139/5924/5139
f 5184/5920/5184 5435/5919/5435 5139/5924/5139 4915/5925/4915
f 4852/5921/4852 5138/5926/5138 5436/5927/5436 5183/5922/5183
f 5138/5926/5138 4914/5928/4914 5185/5929/5185 5436/5927/5436
f 5436/5927/5436 5185/5929/5185 4946/5930/4946 5170/5931/5170
f 5183/5922/5183 5436/5927/5436 5170/5931/5170 4916/5923/4916
f 4872/5932/4872 5072/5933/5072 5437/5934/5437 5186/5935/5186
f 5072/5933/5072 4870/5770/4870 5172/5773/5172 5437/5934/5437
f 5437/5934/5437 5172/5773/5172 4924/5778/4924 5148/5936/5148
f 5186/5935/5186 5437/5934/5437 5148/5936/5148 4925/5937/4925
f 4890/5938/4890 5099/5939/5099 5438/5940/5438 5187/5941/5187
f 5099/5939/5099 4888/5872/4888 5174/5875/5174 5438/5940/5438
f 5438/5940/5438 5174/5875/5174 4933/5880/4933 5157/5942/5157
f 5187/5941/5187 5438/5940/5438 5157/5942/5157 4934/5943/4934
f 4908/5944/4908 5126/5945/5126 5439/5946/5439 5188/5947/5188
f 5126/5945/5126 4906/5881/4906 5176/5884/5176 5439/5946/5439
f 5439/5946/5439 5176/5884/5176 4942/5889/4942 5166/5948/5166
f 5188/5947/5188 5439/5946/5439 5166/5948/5166 4943/5949/4943
f 4864/5950/4864 5060/5951/5060 5440/5952/5440 5189/5953/5189
f 5060/5951/5060 4862/5890/4862 5178/5893/5178 5440/5952/5440
f 5440/5952/5440 5178/5893/5178 4920/5898/4920 5144/5954/5144
f 5189/5953/5189 5440/5952/5440 5144/5954/5144 4921/5955/4921
f 4882/5956/4882 5087/5957/5087 5441/5958/5441 5190/5959/5190
f 5087/5957/5087 4880/5899/4880 5180/5902/5180 5441/5958/5441
f 5441/5958/5441 5180/5902/5180 4929/5907/4929 5153/5960/5153
f 5190/5959/5190 5441/5958/5441 5153/5960/5153 4930/5961/4930
f 4900/5962/4900 5114/5963/5114 5442/5964/5442 5191/5965/5191
f 5114/5963/5114 4898/5908/4898 5182/5911/5182 5442/5964/5442
f 5442/5964/5442 5182/5911/5182 4938/5916/4938 5162/5966/5162
f 5191/5965/5191 5442/5964/5442 5162/5966/5162 4939/5967/4939
f 4856/5968/4856 5048/5969/5048 5443/5970/5443 5192/5971/5192
f 5048/5969/5048 4854/5917/4854 5184/5920/5184 5443/5970/5443
f 5443/5970/5443 5184/5920/5184 4915/5925/4915 5140/5972/5140
f 5192/5971/5192 5443/5970/5443 5140/5972/5140 4917/5973/4917
f 4874/5974/4874 5075/5975/5075 5444/5976/5444 5193/5977/5193
f 5075/5975/5075 4872/5932/4872 5186/5935/5186 5444/5976/5444
f 5444/5976/5444 5186/5935/5186 4925/5937/4925 5149/5978/5149
f 5193/5977/5193 5444/5976/5444 5149/5978/5149 4926/5979/4926
f 4892/5980/4892 5102/5981/5102 5445/5982/5445 5194/5983/5194
f 5102/5981/5102 4890/5938/4890 5187/5941/5187 5445/5982/5445
f 5445/5982/5445 5187/5941/5187 4934/5943/4934 5158/5984/5158
f 5194/5983/5194 5445/5982/5445 5158/5984/5158 4935/5985/4935
f 4910/5986/4910 5129/5987/5129 5446/5988/5446 5195/5989/5195
f 5129/5987/5129 4908/5944/4908 5188/5947/5188 5446/5988/5446
f 5446/5988/5446 5188/5947/5188 4943/5949/4943 5167/5990/5167
f 5195/5989/5195 5446/5988/5446 5167/5990/5167 4944/5991/4944
f 4866/5992/4866 5063/5993/5063 5447/5994/5447 5196/5995/5196
f 5063/5993/5063 4864/5950/4864 5189/5953/5189 5447/5994/5447
f 5447/5994/5447 5189/5953/5189 4921/5955/4921 5145/5996/5145
f 5196/5995/5196 5447/5994/5447 5145/5996/5145 4922/5997/4922
f 4884/5998/4884 5090/5999/5090 5448/6000/5448 5197/6001/5197
f 5090/5999/5090 4882/5956/4882 5190/5959/5190 5448/6000/5448
f 5448/6000/5448 5190/5959/5190 4930/5961/4930 5154/6002/5154
f 5197/6001/5197 5448/6000/5448 5154/6002/5154 4931/6003/4931
f 4902/6004/4902 5117/6005/5117 5449/6006/5449 5198/6007/5198
f 5117/6005/5117 4900/5962/4900 5191/5965/5191 5449/6006/5449
f 5449/6006/5449 5191/5965/5191 4939/5967/4939 5163/6008/5163
f 5198/6007/5198 5449/6006/5449 5163/6008/5163 4940/6009/4940
f 4858/6010/4858 5051/6011/5051 5450/6012/5450 5199/6013/5199
f 5051/6011/5051 4856/5968/4856 5192/5971/5192 5450/6012/5450
f 5450/6012/5450 5192/5971/5192 4917/5973/4917 5141/6014/5141
f 5199/6013/5199 5450/6012/5450 5141/6014/5141 4918/6015/4918
f 4876/6016/4876 5078/6017/5078 5451/6018/5451 5200/6019/5200
f 5078/6017/5078 4874/5974/4874 5193/5977/5193 5451/6018/5451
f 5451/6018/5451 5193/5977/5193 4926/5979/4926 5150/6020/5150
f 5200/6019/5200 5451/6018/5451 5150/6020/5150 4927/6021/4927
f 4894/6022/4894 5105/6023/5105 5452/6024/5452 5201/6025/5201
f 5105/6023/5105 4892/5980/4892 5194/5983/5194 5452/6024/5452
f 5452/6024/5452 5194/5983/5194 4935/5985/4935 5159/6026/5159
f 5201/6025/5201 5452/6024/5452 5159/6026/5159 4936/6027/4936
f 4912/6028/4912 5132/6029/5132 5453/6030/5453 5202/6031/5202
f 5132/6029/5132 4910/5986/4910 5195/5989/5195 5453/6030/5453
f 5453/6030/5453 5195/5989/5195 4944/5991/4944 5168/6032/5168
f 5202/6031/5202 5453/6030/5453 5168/6032/5168 4945/6033/4945
f 4868/5774/4868 5066/6034/5066 5454/6035/5454 5171/5775/5171
f 5066/6034/5066 4866/5992/4866 5196/5995/5196 5454/6035/5454
f 5454/6035/5454 5196/5995/5196 4922/5997/4922 5146/6036/5146
f 5171/5775/5171 5454/6035/5454 5146/6036/5146 4923/5776/4923
f 4886/5876/4886 5093/6037/5093 5455/6038/5455 5173/5877/5173
f 5093/6037/5093 4884/5998/4884 5197/6001/5197 5455/6038/5455
f 5455/6038/5455 5197/6001/5197 4931/6003/4931 5155/6039/5155
f 5173/5877/5173 5455/6038/5455 5155/6039/5155 4932/5878/4932
f 4904/5885/4904 5120/6040/5120 5456/6041/5456 5175/5886/5175
f 5120/6040/5120 4902/6004/4902 5198/6007/5198 5456/6041/5456
f 5456/6041/5456 5198/6007/5198 4940/6009/4940 5164/6042/5164
f 5175/5886/5175 5456/6041/5456 5164/6042/5164 4941/5887/4941
f 4860/5894/4860 5054/6043/5054 5457/6044/5457 5177/5895/5177
f 5054/6043/5054 4858/6010/4858 5199/6013/5199 5457/6044/5457
f 5457/6044/5457 5199/6013/5199 4918/6015/4918 5142/6045/5142
f 5177/5895/5177 5457/6044/5457 5142/6045/5142 4919/5896/4919
f 4878/5903/4878 5081/6046/5081 5458/6047/5458 5179/5904/5179
f 5081/6046/5081 4876/6016/4876 5200/6019/5200 5458/6047/5458
f 5458/6047/5458 5200/6019/5200 4927/6021/4927 5151/6048/5151
f 5179/5904/5179 5458/6047/5458 5151/6048/5151 4928/5905/4928
f 4896/5912/4896 5108/6049/5108 5459/6050/5459 5181/5913/5181
f 5108/6049/5108 4894/6022/4894 5201/6025/5201 5459/6050/5459
f 5459/6050/5459 5201/6025/5201 4936/6027/4936 5160/6051/5160
f 5181/5913/5181 5459/6050/5459 5160/6051/5160 4937/5914/4937
f 4914/5928/4914 5135/6052/5135 5460/6053/5460 5185/5929/5185
f 5135/6052/5135 4912/6028/4912 5202/6031/5202 5460/6053/5460
f 5460/6053/5460 5202/6031/5202 4945/6033/4945 5169/6054/5169
f 5185/5929/5185 5460/6053/5460 5169/6054/5169 4946/5930/4946
f 4947/6055/4947 5203/6056/5203 5461/6057/5461 5204/6058/5204
f 4948/6059/4948 5234/6060/5234 5461/6057/5461 5203/6061/5203
f 4978/6062/4978 5233/6063/5233 5461/6057/5461 5234/6060/5234
f 4977/6064/4977 5232/6065/5232 5461/6057/5461 5233/6066/5233
f 4976/6067/4976 5231/6068/5231 5461/6057/5461 5232/6065/5232
f 4975/6069/4975 5230/6070/5230 5461/6057/5461 5231/6068/5231
f 4974/6071/4974 5229/6072/5229 5461/6057/5461 5230/6070/5230
f 4973/6073/4973 5228/6074/5228 5461/6057/5461 5229/6072/5229
f 4972/6075/4972 5227/6076/5227 5461/6057/5461 5228/6074/5228
f 4971/6077/4971 5226/5870/5226 5461/6057/5461 5227/6076/5227
f 4970/6078/4970 5225/6079/5225 5461/6057/5461 5226/5870/5226
f 4969/6080/4969 5224/6081/5224 5461/6057/5461 5225/6082/5225
f 4968/6083/4968 5223/6084/5223 5461/6057/5461 5224/6081/5224
f 4967/6085/4967 5222/6086/5222 5461/6057/5461 5223/6084/5223
f 4966/6087/4966 5221/6088/5221 5461/6057/5461 5222/6089/5222
f 4965/6090/4965 5220/6091/5220 5461/6057/5461 5221/6088/5221
f 4964/6092/4964 5219/6093/5219 5461/6057/5461 5220/6091/5220
f 4963/6094/4963 5218/6095/5218 5461/6057/5461 5219/6096/5219
f 4962/6097/4962 5217/6098/5217 5461/6057/5461 5218/6095/5218
f 4961/6099/4961 5216/6100/5216 5461/6057/5461 5217/6101/5217
f 4960/6102/4960 5215/6103/5215 5461/6057/5461 5216/6100/5216
f 4959/6104/4959 5214/6105/5214 5461/6057/5461 5215/6103/5215
f 4958/6106/4958 5213/6107/5213 5461/6057/5461 5214/6108/5214
f 4957/6109/4957 5212/6110/5212 5461/6057/5461 5213/6107/5213
f 4956/6111/4956 5211/6112/5211 5461/6057/5461 5212/6113/5212
f 4955/6114/4955 5210/6115/5210 5461/6057/5461 5211/6116/5211
f 4954/6117/4954 5209/6118/5209 5461/6057/5461 5210/6115/5210
f 4953/6119/4953 5208/6120/5208 5461/6057/5461 5209/6121/5209
f 4952/6122/4952 5207/6123/5207 5461/6057/5461 5208/6124/5208
f 4951/6125/4951 5206/6126/5206 5461/6057/5461 5207/6127/5207
f 4950/6128/4950 5205/6129/5205 5461/6057/5461 5206/6126/5206
f 4949/6130/4949 5204/6131/5204 5461/6057/5461 5205/6129/5205
f 5015/6132/5015 5393/6133/5393 5462/6134/5462 5335/6135/5335
f 5393/6133/5393 5012/6136/5012 5237/6137/5237 5462/6134/5462
f 5462/6134/5462 5237/6137/5237 4957/6138/4957 5213/6107/5213
f 5335/6135/5335 5462/6134/5462 5213/6107/5213 4958/6139/4958
f 5016/6140/5016 5392/6141/5392 5463/6142/5463 5336/6143/5336
f 5392/6141/5392 5014/5863/5014 5334/5866/5334 5463/6142/5463
f 5463/6142/5463 5334/5866/5334 4971/5871/4971 5227/6076/5227
f 5336/6143/5336 5463/6142/5463 5227/6076/5227 4972/6144/4972
f 5017/6145/5017 5391/6146/5391 5464/6147/5464 5337/6148/5337
f 5391/6146/5391 5015/6132/5015 5335/6135/5335 5464/6147/5464
f 5464/6147/5464 5335/6135/5335 4958/6139/4958 5214/6105/5214
f 5337/6148/5337 5464/6147/5464 5214/6105/5214 4959/6149/4959
f 5018/6150/5018 5390/6151/5390 5465/6152/5465 5338/6153/5338
f 5390/6151/5390 5016/6140/5016 5336/6143/5336 5465/6152/5465
f 5465/6152/5465 5336/6143/5336 4972/6144/4972 5228/6074/5228
f 5338/6153/5338 5465/6152/5465 5228/6074/5228 4973/6073/4973
f 5019/6154/5019 5389/6155/5389 5466/6156/5466 5339/6157/5339
f 5389/6155/5389 5017/6145/5017 5337/6148/5337 5466/6156/5466
f 5466/6156/5466 5337/6148/5337 4959/6149/4959 5215/6103/5215
f 5339/6157/5339 5466/6156/5466 5215/6103/5215 4960/6158/4960
f 5020/6159/5020 5388/6160/5388 5467/6161/5467 5340/6162/5340
f 5388/6160/5388 5018/6150/5018 5338/6153/5338 5467/6161/5467
f 5467/6161/5467 5338/6153/5338 4973/6073/4973 5229/6072/5229
f 5340/6162/5340 5467/6161/5467 5229/6072/5229 4974/6071/4974
f 5021/6163/5021 5387/6164/5387 5468/6165/5468 5341/6166/5341
f 5387/6164/5387 5019/6154/5019 5339/6157/5339 5468/6165/5468
f 5468/6165/5468 5339/6157/5339 4960/6158/4960 5216/6100/5216
f 5341/6166/5341 5468/6165/5468 5216/6100/5216 4961/6167/4961
f 5022/6168/5022 5386/6169/5386 5469/6170/5469 5342/6171/5342
f 5386/6169/5386 5013/6172/5013 5245/6173/5245 5469/6170/5469
f 5469/6170/5469 5245/6173/5245 4948/6174/4948 5203/6056/5203
f 5342/6171/5342 5469/6170/5469 5203/6056/5203 4947/6055/4947
f 5023/6175/5023 5385/6176/5385 5470/6177/5470 5343/6178/5343
f 5385/6176/5385 5020/6159/5020 5340/6162/5340 5470/6177/5470
f 5470/6177/5470 5340/6162/5340 4974/6071/4974 5230/6070/5230
f 5343/6178/5343 5470/6177/5470 5230/6070/5230 4975/6179/4975
f 5024/6180/5024 5384/6181/5384 5471/6182/5471 5344/6183/5344
f 5384/6181/5384 5021/6163/5021 5341/6166/5341 5471/6182/5471
f 5471/6182/5471 5341/6166/5341 4961/6167/4961 5217/6098/5217
f 5344/6183/5344 5471/6182/5471 5217/6098/5217 4962/6184/4962
f 5025/6185/5025 5383/6186/5383 5472/6187/5472 5345/6188/5345
f 5383/6186/5383 5022/6168/5022 5342/6171/5342 5472/6187/5472
f 5472/6187/5472 5342/6171/5342 4947/6055/4947 5204/6131/5204
f 5345/6188/5345 5472/6187/5472 5204/6131/5204 4949/6189/4949
f 5026/6190/5026 5382/6191/5382 5473/6192/5473 5346/6193/5346
f 5382/6191/5382 5023/6175/5023 5343/6178/5343 5473/6192/5473
f 5473/6192/5473 5343/6178/5343 4975/6179/4975 5231/6068/5231
f 5346/6193/5346 5473/6192/5473 5231/6068/5231 4976/6194/4976
f 5027/6195/5027 5381/6196/5381 5474/6197/5474 5347/6198/5347
f 5381/6196/5381 5024/6180/5024 5344/6183/5344 5474/6197/5474
f 5474/6197/5474 5344/6183/5344 4962/6184/4962 5218/6095/5218
f 5347/6198/5347 5474/6197/5474 5218/6095/5218 4963/6199/4963
f 5028/6200/5028 5380/6201/5380 5475/6202/5475 5348/6203/5348
f 5380/6201/5380 5025/6185/5025 5345/6188/5345 5475/6202/5475
f 5475/6202/5475 5345/6188/5345 4949/6189/4949 5205/6129/5205
f 5348/6203/5348 5475/6202/5475 5205/6129/5205 4950/6204/4950
f 5029/6205/5029 5379/6206/5379 5476/6207/5476 5349/6208/5349
f 5379/6206/5379 5026/6190/5026 5346/6193/5346 5476/6207/5476
f 5476/6207/5476 5346/6193/5346 4976/6194/4976 5232/6065/5232
f 5349/6208/5349 5476/6207/5476 5232/6065/5232 4977/6209/4977
f 5030/6210/5030 5378/6211/5378 5477/6212/5477 5350/6213/5350
f 5378/6211/5378 5027/6195/5027 5347/6198/5347 5477/6212/5477
f 5477/6212/5477 5347/6198/5347 4963/6199/4963 5219/6093/5219
f 5350/6213/5350 5477/6212/5477 5219/6093/5219 4964/6214/4964
f 5031/6215/5031 5377/6216/5377 5478/6217/5478 5351/6218/5351
f 5377/6216/5377 5028/6200/5028 5348/6203/5348 5478/6217/5478
f 5478/6217/5478 5348/6203/5348 4950/6204/4950 5206/6126/5206
f 5351/6218/5351 5478/6217/5478 5206/6126/5206 4951/6219/4951
f 5032/6220/5032 5376/6221/5376 5479/6222/5479 5352/6223/5352
f 5376/6221/5376 5029/6205/5029 5349/6208/5349 5479/6222/5479
f 5479/6222/5479 5349/6208/5349 4977/6209/4977 5233/6063/5233
f 5352/6223/5352 5479/6222/5479 5233/6063/5233 4978/6224/4978
f 5033/6225/5033 5375/6226/5375 5480/6227/5480 5353/6228/5353
f 5375/6226/5375 5030/6210/5030 5350/6213/5350 5480/6227/5480
f 5480/6227/5480 5350/6213/5350 4964/6214/4964 5220/6091/5220
f 5353/6228/5353 5480/6227/5480 5220/6091/5220 4965/6090/4965
f 5034/6229/5034 5374/6230/5374 5481/6231/5481 5354/6232/5354
f 5374/6230/5374 5031/6215/5031 5351/6218/5351 5481/6231/5481
f 5481/6231/5481 5351/6218/5351 4951/6219/4951 5207/6123/5207
f 5354/6232/5354 5481/6231/5481 5207/6123/5207 4952/6233/4952
f 5013/6172/5013 5373/6234/5373 5482/6235/5482 5245/6173/5245
f 5373/6234/5373 5032/6220/5032 5352/6223/5352 5482/6235/5482
f 5482/6235/5482 5352/6223/5352 4978/6224/4978 5234/6060/5234
f 5245/6173/5245 5482/6235/5482 5234/6060/5234 4948/6174/4948
f 5035/6236/5035 5372/6237/5372 5483/6238/5483 5355/6239/5355
f 5372/6237/5372 5033/6225/5033 5353/6228/5353 5483/6238/5483
f 5483/6238/5483 5353/6228/5353 4965/6090/4965 5221/6088/5221
f 5355/6239/5355 5483/6238/5483 5221/6088/5221 4966/6240/4966
f 5036/6241/5036 5371/6242/5371 5484/6243/5484 5356/6244/5356
f 5371/6242/5371 5034/6229/5034 5354/6232/5354 5484/6243/5484
f 5484/6243/5484 5354/6232/5354 4952/6233/4952 5208/6120/5208
f 5356/6244/5356 5484/6243/5484 5208/6120/5208 4953/6245/4953
f 5037/6246/5037 5370/6247/5370 5485/6248/5485 5357/6249/5357
f 5370/6247/5370 5035/6236/5035 5355/6239/5355 5485/6248/5485
f 5485/6248/5485 5355/6239/5355 4966/6240/4966 5222/6086/5222
f 5357/6249/5357 5485/6248/5485 5222/6086/5222 4967/6250/4967
f 5038/6251/5038 5369/6252/5369 5486/6253/5486 5358/6254/5358
f 5369/6252/5369 5036/6241/5036 5356/6244/5356 5486/6253/5486
f 5486/6253/5486 5356/6244/5356 4953/6245/4953 5209/6118/5209
f 5358/6254/5358 5486/6253/5486 5209/6118/5209 4954/6255/4954
f 5039/6256/5039 5368/6257/5368 5487/6258/5487 5359/6259/5359
f 5368/6257/5368 5037/6246/5037 5357/6249/5357 5487/6258/5487
f 5487/6258/5487 5357/6249/5357 4967/6250/4967 5223/6084/5223
f 5359/6259/5359 5487/6258/5487 5223/6084/5223 4968/6260/4968
f 5040/6261/5040 5367/6262/5367 5488/6263/5488 5360/6264/5360
f 5367/6262/5367 5038/6251/5038 5358/6254/5358 5488/6263/5488
f 5488/6263/5488 5358/6254/5358 4954/6255/4954 5210/6115/5210
f 5360/6264/5360 5488/6263/5488 5210/6115/5210 4955/6265/4955
f 5041/6266/5041 5366/6267/5366 5489/6268/5489 5361/6269/5361
f 5366/6267/5366 5039/6256/5039 5359/6259/5359 5489/6268/5489
f 5489/6268/5489 5359/6259/5359 4968/6260/4968 5224/6081/5224
f 5361/6269/5361 5489/6268/5489 5224/6081/5224 4969/6270/4969
f 5042/6271/5042 5365/6272/5365 5490/6273/5490 5362/6274/5362
f 5365/6272/5365 5040/6261/5040 5360/6264/5360 5490/6273/5490
f 5490/6273/5490 5360/6264/5360 4955/6265/4955 5211/6112/5211
f 5362/6274/5362 5490/6273/5490 5211/6112/5211 4956/6275/4956
f 5011/5867/5011 5364/6276/5364 5491/6277/5491 5235/5868/5235
f 5364/6276/5364 5041/6266/5041 5361/6269/5361 5491/6277/5491
f 5491/6277/5491 5361/6269/5361 4969/6270/4969 5225/6079/5225
f 5235/5868/5235 5491/6277/5491 5225/6079/5225 4970/5869/4970
f 5012/6136/5012 5363/6278/5363 5492/6279/5492 5237/6137/5237
f 5363/6278/5363 5042/6271/5042 5362/6274/5362 5492/6279/5492
f 5492/6279/5492 5362/6274/5362 4956/6275/4956 5212/6110/5212
f 5237/6137/5237 5492/6279/5492 5212/6110/5212 4957/6138/4957
f 4925/6280/4925 5148/6281/5148 5493/6282/5493 5269/6283/5269
f 5148/6281/5148 4924/6284/4924 5266/6285/5266 5493/6282/5493
f 5493/6282/5493 5266/6285/5266 5010/6286/5010 5299/6287/5299
f 5269/6283/5269 5493/6282/5493 5299/6287/5299 4981/6288/4981
f 4938/6289/4938 5161/6290/5161 5494/6291/5494 5267/6292/5267
f 5161/6290/5161 4937/6293/4937 5265/6294/5265 5494/6291/5494
f 5494/6291/5494 5265/6294/5265 5009/6295/5009 5300/6296/5300
f 5267/6292/5267 5494/6291/5494 5300/6296/5300 4979/6297/4979
f 4924/6284/4924 5147/6298/5147 5495/6299/5495 5266/6285/5266
f 5147/6298/5147 4923/6300/4923 5264/6301/5264 5495/6299/5495
f 5495/6299/5495 5264/6301/5264 5008/6302/5008 5301/6303/5301
f 5266/6285/5266 5495/6299/5495 5301/6303/5301 5010/6286/5010
f 4937/6293/4937 5160/6304/5160 5496/6305/5496 5265/6294/5265
f 5160/6304/5160 4936/6306/4936 5263/6307/5263 5496/6305/5496
f 5496/6305/5496 5263/6307/5263 5007/6308/5007 5302/6309/5302
f 5265/6294/5265 5496/6305/5496 5302/6309/5302 5009/6295/5009
f 4923/6300/4923 5146/6310/5146 5497/6311/5497 5264/6301/5264
f 5146/6310/5146 4922/6312/4922 5262/6313/5262 5497/6311/5497
f 5497/6311/5497 5262/6313/5262 5006/6314/5006 5303/6315/5303
f 5264/6301/5264 5497/6311/5497 5303/6315/5303 5008/6302/5008
f 4936/6306/4936 5159/6316/5159 5498/6317/5498 5263/6307/5263
f 5159/6316/5159 4935/6318/4935 5261/6319/5261 5498/6317/5498
f 5498/6317/5498 5261/6319/5261 5005/6320/5005 5304/6321/5304
f 5263/6307/5263 5498/6317/5498 5304/6321/5304 5007/6308/5007
f 4922/6312/4922 5145/6322/5145 5499/6323/5499 5262/6313/5262
f 5145/6322/5145 4921/6324/4921 5260/6325/5260 5499/6323/5499
f 5499/6323/5499 5260/6325/5260 5004/6326/5004 5305/6327/5305
f 5262/6313/5262 5499/6323/5499 5305/6327/5305 5006/6314/5006
f 4935/6318/4935 5158/6328/5158 5500/6329/5500 5261/6319/5261
f 5158/6328/5158 4934/6330/4934 5259/6331/5259 5500/6329/5500
f 5500/6329/5500 5259/6331/5259 5003/6332/5003 5306/6333/5306
f 5261/6319/5261 5500/6329/5500 5306/6333/5306 5005/6320/5005
f 4921/6324/4921 5144/6334/5144 5501/6335/5501 5260/6325/5260
f 5144/6334/5144 4920/6336/4920 5258/6337/5258 5501/6335/5501
f 5501/6335/5501 5258/6337/5258 5002/6338/5002 5307/6339/5307
f 5260/6325/5260 5501/6335/5501 5307/6339/5307 5004/6326/5004
f 4934/6330/4934 5157/6340/5157 5502/6341/5502 5259/6331/5259
f 5157/6340/5157 4933/6342/4933 5257/6343/5257 5502/6341/5502
f 5502/6341/5502 5257/6343/5257 5001/6344/5001 5308/6345/5308
f 5259/6331/5259 5502/6341/5502 5308/6345/5308 5003/6332/5003
f 4916/6346/4916 5170/6347/5170 5503/6348/5503 5277/6349/5277
f 5170/6347/5170 4946/6350/4946 5256/6351/5256 5503/6348/5503
f 5503/6348/5503 5256/6351/5256 5000/6352/5000 5309/6353/5309
f 5277/6349/5277 5503/6348/5503 5309/6353/5309 4989/6354/4989
f 4920/6336/4920 5143/6355/5143 5504/6356/5504 5258/6337/5258
f 5143/6355/5143 4919/6357/4919 5255/6358/5255 5504/6356/5504
f 5504/6356/5504 5255/6358/5255 4999/6359/4999 5310/6360/5310
f 5258/6337/5258 5504/6356/5504 5310/6360/5310 5002/6338/5002
f 4933/6342/4933 5156/6361/5156 5505/6362/5505 5257/6343/5257
f 5156/6361/5156 4932/6363/4932 5254/6364/5254 5505/6362/5505
f 5505/6362/5505 5254/6364/5254 4998/6365/4998 5311/6366/5311
f 5257/6343/5257 5505/6362/5505 5311/6366/5311 5001/6344/5001
f 4946/6350/4946 5169/6367/5169 5506/6368/5506 5256/6351/5256
f 5169/6367/5169 4945/6369/4945 5253/6370/5253 5506/6368/5506
f 5506/6368/5506 5253/6370/5253 4997/6371/4997 5312/6372/5312
f 5256/6351/5256 5506/6368/5506 5312/6372/5312 5000/6352/5000
f 4919/6373/4919 5142/6374/5142 5507/6375/5507 5255/6376/5255
f 5142/6374/5142 4918/6377/4918 5252/6378/5252 5507/6375/5507
f 5507/6375/5507 5252/6378/5252 4996/6379/4996 5313/6380/5313
f 5255/6376/5255 5507/6375/5507 5313/6380/5313 4999/6381/4999
f 4932/6363/4932 5155/6382/5155 5508/6383/5508 5254/6364/5254
f 5155/6382/5155 4931/6384/4931 5251/6385/5251 5508/6383/5508
f 5508/6383/5508 5251/6385/5251 4995/6386/4995 5314/6387/5314
f 5254/6364/5254 5508/6383/5508 5314/6387/5314 4998/6365/4998
f 4945/6369/4945 5168/6388/5168 5509/6389/5509 5253/6370/5253
f 5168/6388/5168 4944/6390/4944 5250/6391/5250 5509/6389/5509
f 5509/6389/5509 5250/6391/5250 4994/6392/4994 5315/6393/5315
f 5253/6370/5253 5509/6389/5509 5315/6393/5315 4997/6371/4997
f 4918/6377/4918 5141/6394/5141 5510/6395/5510 5252/6378/5252
f 5141/6394/5141 4917/6396/4917 5249/6397/5249 5510/6395/5510
f 5510/6395/5510 5249/6397/5249 4993/6398/4993 5316/6399/5316
f 5252/6378/5252 5510/6395/5510 5316/6399/5316 4996/6379/4996
f 4931/6384/4931 5154/6400/5154 5511/6401/5511 5251/6385/5251
f 5154/6400/5154 4930/6402/4930 5248/6403/5248 5511/6401/5511
f 5511/6401/5511 5248/6403/5248 4992/6404/4992 5317/6405/5317
f 5251/6385/5251 5511/6401/5511 5317/6405/5317 4995/6386/4995
f 4944/6406/4944 5167/6407/5167 5512/6408/5512 5250/6409/5250
f 5167/6407/5167 4943/6410/4943 5247/6411/5247 5512/6408/5512
f 5512/6408/5512 5247/6411/5247 4991/6412/4991 5318/6413/5318
f 5250/6409/5250 5512/6408/5512 5318/6413/5318 4994/6414/4994
f 4917/6396/4917 5140/6415/5140 5513/6416/5513 5249/6397/5249
f 5140/6415/5140 4915/6417/4915 5246/6418/5246 5513/6416/5513
f 5513/6416/5513 5246/6418/5246 4990/6419/4990 5319/6420/5319
f 5249/6397/5249 5513/6416/5513 5319/6420/5319 4993/6398/4993
f 4930/6402/4930 5153/6421/5153 5514/6422/5514 5248/6403/5248
f 5153/6421/5153 4929/6423/4929 5244/6424/5244 5514/6422/5514
f 5514/6422/5514 5244/6424/5244 4988/6425/4988 5320/6426/5320
f 5248/6403/5248 5514/6422/5514 5320/6426/5320 4992/6404/4992
f 4943/6410/4943 5166/6427/5166 5515/6428/5515 5247/6411/5247
f 5166/6427/5166 4942/6429/4942 5243/6430/5243 5515/6428/5515
f 5515/6428/5515 5243/6430/5243 4987/6431/4987 5321/6432/5321
f 5247/6411/5247 5515/6428/5515 5321/6432/5321 4991/6412/4991
f 4915/6417/4915 5139/6433/5139 5516/6434/5516 5246/6418/5246
f 5139/6433/5139 4916/6346/4916 5277/6349/5277 5516/6434/5516
f 5516/6434/5516 5277/6349/5277 4989/6354/4989 5322/6435/5322
f 5246/6418/5246 5516/6434/5516 5322/6435/5322 4990/6419/4990
f 4929/6423/4929 5152/6436/5152 5517/6437/5517 5244/6424/5244
f 5152/6436/5152 4928/6438/4928 5242/6439/5242 5517/6437/5517
f 5517/6437/5517 5242/6439/5242 4986/6440/4986 5323/6441/5323
f 5244/6424/5244 5517/6437/5517 5323/6441/5323 4988/6425/4988
f 4942/6429/4942 5165/6442/5165 5518/6443/5518 5243/6430/5243
f 5165/6442/5165 4941/6444/4941 5241/6445/5241 5518/6443/5518
f 5518/6443/5518 5241/6445/5241 4985/6446/4985 5324/6447/5324
f 5243/6430/5243 5518/6443/5518 5324/6447/5324 4987/6431/4987
f 4928/6448/4928 5151/6449/5151 5519/6450/5519 5242/6451/5242
f 5151/6449/5151 4927/6452/4927 5240/6453/5240 5519/6450/5519
f 5519/6450/5519 5240/6453/5240 4984/6454/4984 5325/6455/5325
f 5242/6451/5242 5519/6450/5519 5325/6455/5325 4986/6456/4986
f 4941/6444/4941 5164/6457/5164 5520/6458/5520 5241/6445/5241
f 5164/6457/5164 4940/6459/4940 5239/6460/5239 5520/6458/5520
f 5520/6458/5520 5239/6460/5239 4983/6461/4983 5326/6462/5326
f 5241/6445/5241 5520/6458/5520 5326/6462/5326 4985/6446/4985
f 4927/6452/4927 5150/6463/5150 5521/6464/5521 5240/6453/5240
f 5150/6463/5150 4926/6465/4926 5238/6466/5238 5521/6464/5521
f 5521/6464/5521 5238/6466/5238 4982/6467/4982 5327/6468/5327
f 5240/6453/5240 5521/6464/5521 5327/6468/5327 4984/6454/4984
f 4940/6459/4940 5163/6469/5163 5522/6470/5522 5239/6460/5239
f 5163/6469/5163 4939/6471/4939 5236/6472/5236 5522/6470/5522
f 5522/6470/5522 5236/6472/5236 4980/6473/4980 5328/6474/5328
f 5239/6460/5239 5522/6470/5522 5328/6474/5328 4983/6461/4983
f 4926/6465/4926 5149/6475/5149 5523/6476/5523 5238/6466/5238
f 5149/6475/5149 4925/6280/4925 5269/6283/5269 5523/6476/5523
f 5523/6476/5523 5269/6283/5269 4981/6288/4981 5329/6477/5329
f 5238/6466/5238 5523/6476/5523 5329/6477/5329 4982/6467/4982
f 4939/6471/4939 5162/6478/5162 5524/6479/5524 5236/6472/5236
f 5162/6478/5162 4938/6289/4938 5267/6292/5267 5524/6479/5524
f 5524/6479/5524 5267/6292/5267 4979/6297/4979 5330/6480/5330
f 5236/6472/5236 5524/6479/5524 5330/6480/5330 4980/6473/4980
f 4981/6288/4981 5299/6287/5299 5525/6481/5525 5332/6482/5332
f 5299/6287/5299 5010/6286/5010 5298/6483/5298 5525/6481/5525
f 5525/6481/5525 5298/6483/5298 5042/6484/5042 5363/6485/5363
f 5332/6482/5332 5525/6481/5525 5363/6485/5363 5012/6486/5012
f 4979/6297/4979 5300/6296/5300 5526/6487/5526 5331/6488/5331
f 5300/6296/5300 5009/6295/5009 5297/6489/5297 5526/6487/5526
f 5526/6487/5526 5297/6489/5297 5041/6490/5041 5364/6491/5364
f 5331/6488/5331 5526/6487/5526 5364/6491/5364 5011/6492/5011
f 5010/6286/5010 5301/6303/5301 5527/6493/5527 5298/6483/5298
f 5301/6303/5301 5008/6302/5008 5296/6494/5296 5527/6493/5527
f 5527/6493/5527 5296/6494/5296 5040/6495/5040 5365/6496/5365
f 5298/6483/5298 5527/6493/5527 5365/6496/5365 5042/6484/5042
f 5009/6295/5009 5302/6309/5302 5528/6497/5528 5297/6489/5297
f 5302/6309/5302 5007/6308/5007 5295/6498/5295 5528/6497/5528
f 5528/6497/5528 5295/6498/5295 5039/6499/5039 5366/6500/5366
f 5297/6489/5297 5528/6497/5528 5366/6500/5366 5041/6490/5041
f 5008/6302/5008 5303/6315/5303 5529/6501/5529 5296/6494/5296
f 5303/6315/5303 5006/6314/5006 5294/6502/5294 5529/6501/5529
f 5529/6501/5529 5294/6502/5294 5038/6503/5038 5367/6504/5367
f 5296/6494/5296 5529/6501/5529 5367/6504/5367 5040/6495/5040
f 5007/6308/5007 5304/6321/5304 5530/6505/5530 5295/6498/5295
f 5304/6321/5304 5005/6320/5005 5293/6506/5293 5530/6505/5530
f 5530/6505/5530 5293/6506/5293 5037/6507/5037 5368/6508/5368
f 5295/6498/5295 5530/6505/5530 5368/6508/5368 5039/6499/5039
f 5006/6314/5006 5305/6327/5305 5531/6509/5531 5294/6502/5294
f 5305/6327/5305 5004/6326/5004 5292/6510/5292 5531/6509/5531
f 5531/6509/5531 5292/6510/5292 5036/6511/5036 5369/6512/5369
f 5294/6502/5294 5531/6509/5531 5369/6512/5369 5038/6503/5038
f 5005/6320/5005 5306/6333/5306 5532/6513/5532 5293/6506/5293
f 5306/6333/5306 5003/6332/5003 5291/6514/5291 5532/6513/5532
f 5532/6513/5532 5291/6514/5291 5035/6515/5035 5370/6516/5370
f 5293/6506/5293 5532/6513/5532 5370/6516/5370 5037/6507/5037
f 5004/6326/5004 5307/6339/5307 5533/6517/5533 5292/6510/5292
f 5307/6339/5307 5002/6338/5002 5290/6518/5290 5533/6517/5533
f 5533/6517/5533 5290/6518/5290 5034/6519/5034 5371/6520/5371
f 5292/6510/5292 5533/6517/5533 5371/6520/5371 5036/6511/5036
f 5003/6332/5003 5308/6345/5308 5534/6521/5534 5291/6514/5291
f 5308/6345/5308 5001/6344/5001 5289/6522/5289 5534/6521/5534
f 5534/6521/5534 5289/6522/5289 5033/6523/5033 5372/6524/5372
f 5291/6514/5291 5534/6521/5534 5372/6524/5372 5035/6515/5035
f 4989/6354/4989 5309/6353/5309 5535/6525/5535 5333/6526/5333
f 5309/6353/5309 5000/6352/5000 5288/6527/5288 5535/6525/5535
f 5535/6525/5535 5288/6527/5288 5032/6528/5032 5373/6529/5373
f 5333/6526/5333 5535/6525/5535 5373/6529/5373 5013/6530/5013
f 5002/6338/5002 5310/6360/5310 5536/6531/5536 5290/6518/5290
f 5310/6360/5310 4999/6359/4999 5287/6532/5287 5536/6531/5536
f 5536/6531/5536 5287/6532/5287 5031/6533/5031 5374/6534/5374
f 5290/6518/5290 5536/6531/5536 5374/6534/5374 5034/6519/5034
f 5001/6344/5001 5311/6366/5311 5537/6535/5537 5289/6522/5289
f 5311/6366/5311 4998/6365/4998 5286/6536/5286 5537/6535/5537
f 5537/6535/5537 5286/6536/5286 5030/6537/5030 5375/6538/5375
f 5289/6522/5289 5537/6535/5537 5375/6538/5375 5033/6523/5033
f 5000/6352/5000 5312/6372/5312 5538/6539/5538 5288/6527/5288
f 5312/6372/5312 4997/6371/4997 5285/6540/5285 5538/6539/5538
f 5538/6539/5538 5285/6540/5285 5029/6541/5029 5376/6542/5376
f 5288/6527/5288 5538/6539/5538 5376/6542/5376 5032/6528/5032
f 4999/6381/4999 5313/6380/5313 5539/6543/5539 5287/6544/5287
f 5313/6380/5313 4996/6379/4996 5284/6545/5284 5539/6543/5539
f 5539/6543/5539 5284/6545/5284 5028/6546/5028 5377/6547/5377
f 5287/6544/5287 5539/6543/5539 5377/6547/5377 5031/6548/5031
f 4998/6365/4998 5314/6387/5314 5540/6549/5540 5286/6536/5286
f 5314/6387/5314 4995/6386/4995 5283/6550/5283 5540/6549/5540
f 5540/6549/5540 5283/6550/5283 5027/6551/5027 5378/6552/5378
f 5286/6536/5286 5540/6549/5540 5378/6552/5378 5030/6537/5030
f 4997/6371/4997 5315/6393/5315 5541/6553/5541 5285/6540/5285
f 5315/6393/5315 4994/6392/4994 5282/6554/5282 5541/6553/5541
f 5541/6553/5541 5282/6554/5282 5026/6555/5026 5379/6556/5379
f 5285/6540/5285 5541/6553/5541 5379/6556/5379 5029/6541/5029
f 4996/6379/4996 5316/6399/5316 5542/6557/5542 5284/6545/5284
f 5316/6399/5316 4993/6398/4993 5281/6558/5281 5542/6557/5542
f 5542/6557/5542 5281/6558/5281 5025/6559/5025 5380/6560/5380
f 5284/6545/5284 5542/6557/5542 5380/6560/5380 5028/6546/5028
f 4995/6386/4995 5317/6405/5317 5543/6561/5543 5283/6550/5283
f 5317/6405/5317 4992/6404/4992 5280/6562/5280 5543/6561/5543
f 5543/6561/5543 5280/6562/5280 5024/6563/5024 5381/6564/5381
f 5283/6550/5283 5543/6561/5543 5381/6564/5381 5027/6551/5027
f 4994/6414/4994 5318/6413/5318 5544/6565/5544 5282/6566/5282
f 5318/6413/5318 4991/6412/4991 5279/6567/5279 5544/6565/5544
f 5544/6565/5544 5279/6567/5279 5023/6568/5023 5382/6569/5382
f 5282/6566/5282 5544/6565/5544 5382/6569/5382 5026/6570/5026
f 4993/6398/4993 5319/6420/5319 5545/6571/5545 5281/6558/5281
f 5319/6420/5319 4990/6419/4990 5278/6572/5278 5545/6571/5545
f 5545/6571/5545 5278/6572/5278 5022/6573/5022 5383/6574/5383
f 5281/6558/5281 5545/6571/5545 5383/6574/5383 5025/6559/5025
f 4992/6404/4992 5320/6426/5320 5546/6575/5546 5280/6562/5280
f 5320/6426/5320 4988/6425/4988 5276/6576/5276 5546/6575/5546
f 5546/6575/5546 5276/6576/5276 5021/6577/5021 5384/6578/5384
f 5280/6562/5280 5546/6575/5546 5384/6578/5384 5024/6563/5024
f 4991/6412/4991 5321/6432/5321 5547/6579/5547 5279/6567/5279
f 5321/6432/5321 4987/6431/4987 5275/6580/5275 5547/6579/5547
f 5547/6579/5547 5275/6580/5275 5020/6581/5020 5385/6582/5385
f 5279/6567/5279 5547/6579/5547 5385/6582/5385 5023/6568/5023
f 4990/6419/4990 5322/6435/5322 5548/6583/5548 5278/6572/5278
f 5322/6435/5322 4989/6354/4989 5333/6526/5333 5548/6583/5548
f 5548/6583/5548 5333/6526/5333 5013/6530/5013 5386/6584/5386
f 5278/6572/5278 5548/6583/5548 5386/6584/5386 5022/6573/5022
f 4988/6425/4988 5323/6441/5323 5549/6585/5549 5276/6576/5276
f 5323/6441/5323 4986/6440/4986 5274/6586/5274 5549/6585/5549
f 5549/6585/5549 5274/6586/5274 5019/6587/5019 5387/6588/5387
f 5276/6576/5276 5549/6585/5549 5387/6588/5387 5021/6577/5021
f 4987/6431/4987 5324/6447/5324 5550/6589/5550 5275/6580/5275
f 5324/6447/5324 4985/6446/4985 5273/6590/5273 5550/6589/5550
f 5550/6589/5550 5273/6590/5273 5018/6591/5018 5388/6592/5388
f 5275/6580/5275 5550/6589/5550 5388/6592/5388 5020/6581/5020
f 4986/6456/4986 5325/6455/5325 5551/6593/5551 5274/6594/5274
f 5325/6455/5325 4984/6454/4984 5272/6595/5272 5551/6593/5551
f 5551/6593/5551 5272/6595/5272 5017/6596/5017 5389/6597/5389
f 5274/6594/5274 5551/6593/5551 5389/6597/5389 5019/6598/5019
f 4985/6446/4985 5326/6462/5326 5552/6599/5552 5273/6590/5273
f 5326/6462/5326 4983/6461/4983 5271/6600/5271 5552/6599/5552
f 5552/6599/5552 5271/6600/5271 5016/6601/5016 5390/6602/5390
f 5273/6590/5273 5552/6599/5552 5390/6602/5390 5018/6591/5018
f 4984/6454/4984 5327/6468/5327 5553/6603/5553 5272/6595/5272
f 5327/6468/5327 4982/6467/4982 5270/6604/5270 5553/6603/5553
f 5553/6603/5553 5270/6604/5270 5015/6605/5015 5391/6606/5391
f 5272/6595/5272 5553/6603/5553 5391/6606/5391 5017/6596/5017
f 4983/6461/4983 5328/6474/5328 5554/6607/5554 5271/6600/5271
f 5328/6474/5328 4980/6473/4980 5268/6608/5268 5554/6607/5554
f 5554/6607/5554 5268/6608/5268 5014/6609/5014 5392/6610/5392
f 5271/6600/5271 5554/6607/5554 5392/6610/5392 5016/6601/5016
f 4982/6467/4982 5329/6477/5329 5555/6611/5555 5270/6604/5270
f 5329/6477/5329 4981/6288/4981 5332/6482/5332 5555/6611/5555
f 5555/6611/5555 5332/6482/5332 5012/6486/5012 5393/6612/5393
f 5270/6604/5270 5555/6611/5555 5393/6612/5393 5015/6605/5015
f 4980/6473/4980 5330/6480/5330 5556/6613/5556 5268/6608/5268
f 5330/6480/5330 4979/6297/4979 5331/6488/5331 5556/6613/5556
f 5556/6613/5556 5331/6488/5331 5011/6492/5011 5394/6614/5394
f 5268/6608/5268 5556/6613/5556 5394/6614/5394 5014/6609/5014
o DoorBridge_AllowingStarL
v -5.592094 6.300162 1.177361
v -3.814603 4.349755 1.177361
v -4.691908 5.961339 0.546231
v -4.691908 5.961339 1.808493
v -3.814312 5.009830 1.808493
v -3.814352 6.540696 1.808493
v -3.814312 5.009830 0.546231
v -3.814352 6.540696 0.546231
v -4.388446 5.469793 1.808493
v -4.150472 6.076722 1.808493
v -4.150472 6.076722 0.546231
v -4.388446 5.469793 0.546231
v -3.240172 5.469736 0.546231
v -3.478138 6.076761 0.546231
v -3.478138 6.076761 1.808493
v -3.240172 5.469736 1.808493
v -4.518999 6.589325 1.177361
v -5.012630 5.296347 1.177361
v -3.814607 7.490433 1.177361
v -3.110211 6.589325 1.177361
v -2.616577 5.296347 1.177361
v -4.379000 4.837924 1.808493
v -4.379000 4.837924 0.546231
v -4.944108 4.024873 1.177361
v -3.248850 4.836918 0.546231
v -3.248850 4.836918 1.808493
v -2.683781 4.023556 1.177361
v -2.935857 5.962095 0.546231
v -2.935857 5.962095 1.808493
v -2.035799 6.301478 1.177361
v -4.412883 6.087770 1.808493
v -4.412883 6.087770 0.546231
v -4.989723 6.648114 1.177361
v -4.443227 5.157136 0.546231
v -4.443227 5.157136 1.808493
v -5.153930 4.720267 1.177361
v -4.581902 5.686449 1.808493
v -4.581902 5.686449 0.546231
v -5.400056 5.666653 1.177361
v -4.045337 6.293279 0.546231
v -4.045337 6.293279 1.808493
v -4.367884 6.971240 1.177361
v -3.583366 6.293279 0.546231
v -3.583366 6.293279 1.808493
v -3.261329 6.971240 1.177361
v -3.215209 6.088255 1.808493
v -3.215209 6.088255 0.546231
v -2.638829 6.648772 1.177361
v -3.046319 5.686837 0.546231
v -2.228493 5.667311 1.177361
v -3.046319 5.686837 1.808493
v -3.184971 5.156573 1.808493
v -3.184970 5.156573 0.546231
v -2.474618 4.719609 1.177361
v -4.085761 4.897905 1.808493
v -4.295105 4.113715 1.177361
v -4.085761 4.897905 0.546231
v -3.542492 4.897438 0.546231
v -3.333442 4.113056 1.177361
v -3.542492 4.897438 1.808493
v -3.966575 6.470965 0.546231
v -3.966575 6.470965 1.808493
v -4.191317 7.310973 1.177361
v -3.437898 7.310973 1.177361
v -3.662128 6.470965 0.546231
v -3.662128 6.470965 1.808493
v -4.604149 6.064103 1.808493
v -5.380060 6.555768 1.177361
v -4.604149 6.064103 0.546231
v -4.698325 5.845025 0.546231
v -4.698325 5.845024 1.808493
v -5.607441 6.022315 1.177361
v -4.454109 4.943892 1.808493
v -5.136087 4.283935 1.177361
v -4.454109 4.943892 0.546231
v -3.023273 6.065307 0.546231
v -2.246517 6.558401 1.177361
v -3.023273 6.065307 1.808493
v -2.929127 5.846107 1.808493
v -2.929127 5.846107 0.546231
v -2.019134 6.024948 1.177361
v -3.173327 4.942605 0.546231
v -2.490485 4.281301 1.177361
v -3.173327 4.942605 1.808493
v -3.356874 4.817476 1.808493
v -3.356874 4.817476 0.546231
v -2.949010 3.973472 1.177361
v -4.270685 4.818756 0.546231
v -4.270685 4.818756 1.808493
v -4.677562 3.976107 1.177361
v -3.179385 6.494717 1.563214
v -3.814555 7.307267 1.563214
v -4.894839 5.328809 1.563214
v -5.417356 6.233972 1.563214
v -3.814551 4.475245 1.563214
v -4.449722 6.494717 1.563214
v -2.734264 5.328809 1.563214
v -4.833052 4.182292 1.563214
v -2.794863 4.181104 1.563214
v -2.210563 6.235158 1.563214
v -4.874184 6.547728 1.563214
v -5.022253 4.809345 1.563214
v -5.244191 5.662723 1.563214
v -4.313457 6.839098 1.563214
v -3.315651 6.839098 1.563214
v -2.754329 6.548321 1.563214
v -2.384320 5.663316 1.563214
v -2.606256 4.808751 1.563214
v -4.247831 4.262403 1.563214
v -3.380678 4.261809 1.563214
v -4.154243 7.145444 1.563214
v -3.474868 7.145444 1.563214
v -5.226160 6.464458 1.563214
v -5.431194 5.983431 1.563214
v -5.006164 4.415894 1.563214
v -2.400572 6.466832 1.563214
v -2.195536 5.985806 1.563214
v -2.620564 4.413519 1.563214
v -3.034027 4.135943 1.563214
v -4.592701 4.138318 1.563214
v -2.734264 5.328809 0.791508
v -4.449721 6.494717 0.791508
v -3.814551 4.475245 0.791508
v -5.417356 6.233972 0.791508
v -4.894839 5.328809 0.791508
v -3.814555 7.307267 0.791508
v -3.179385 6.494717 0.791508
v -4.833052 4.182292 0.791508
v -2.794863 4.181104 0.791508
v -2.210563 6.235158 0.791508
v -4.874184 6.547728 0.791508
v -5.022253 4.809345 0.791508
v -5.244191 5.662723 0.791508
v -4.313457 6.839098 0.791508
v -3.315651 6.839098 0.791508
v -2.754329 6.548321 0.791508
v -2.384320 5.663316 0.791508
v -2.606256 4.808751 0.791508
v -4.247831 4.262403 0.791508
v -3.380677 4.261809 0.791508
v -4.154243 7.145444 0.791508
v -3.474868 7.145443 0.791508
v -5.226160 6.464458 0.791508
v -5.431194 5.983431 0.791508
v -5.006164 4.415894 0.791508
v -2.400572 6.466832 0.791508
v -2.195536 5.985806 0.791508
v -2.620564 4.413519 0.791508
v -3.034026 4.135943 0.791508
v -4.592701 4.138318 0.791508
v -4.876662 6.248436 1.764852
v -5.015176 6.081765 1.764852
v -4.059992 6.767701 0.589871
v -3.814440 6.884958 0.589871
v -4.059992 6.767701 1.764852
v -3.814440 6.884958 1.764852
v -4.883639 5.665310 1.764852
v -4.612177 5.407887 1.764852
v -4.615534 6.306102 0.589871
v -4.283051 6.263813 0.589871
v -5.025036 5.901152 0.589871
v -5.015176 6.081765 0.589871
v -4.149954 4.608383 1.764852
v -3.814429 4.773729 1.764852
v -4.711934 5.006025 0.589871
v -4.612177 5.407887 0.589871
v -2.744761 5.665760 0.589871
v -3.016680 5.407875 0.589871
v -3.012823 6.306580 1.764852
v -3.345806 6.263822 1.764852
v -3.452680 6.538000 0.589871
v -3.345806 6.263822 0.589871
v -3.478452 4.607911 0.589871
v -3.814429 4.773729 0.589871
v -3.452680 6.538000 1.764852
v -2.916459 5.005519 1.764852
v -3.016680 5.407874 1.764852
v -4.703362 4.713945 1.764852
v -4.578993 4.545110 1.764852
v -4.406534 4.513918 0.589871
v -4.578993 4.545110 0.589871
v -2.923714 4.712149 0.589871
v -3.048964 4.544140 0.589871
v -3.220583 4.512120 1.764852
v -3.048964 4.544140 1.764852
v -2.750421 6.250217 0.589871
v -2.612755 6.082653 0.589871
v -2.602050 5.902896 1.764852
v -2.612754 6.082653 1.764852
v -4.283051 6.263813 1.764852
v -4.615534 6.306102 1.764852
v -4.876662 6.248436 0.589871
v -4.703362 4.713945 0.589871
v -4.711934 5.006025 1.764852
v -5.025036 5.901152 1.764852
v -4.883639 5.665310 0.589871
v -4.176199 6.538000 0.589871
v -4.176199 6.538000 1.764852
v -3.568888 6.767701 0.589871
v -3.568889 6.767701 1.764852
v -2.750421 6.250217 1.764852
v -3.012823 6.306580 0.589871
v -2.602050 5.902895 0.589871
v -2.744761 5.665760 1.764852
v -2.923714 4.712149 1.764852
v -2.916459 5.005519 0.589871
v -4.406534 4.513918 1.764852
v -4.149954 4.608383 0.589871
v -3.220583 4.512120 0.589871
v -3.478452 4.607911 1.764852
v -2.645711 5.304383 0.969837
v -3.127336 6.565904 1.384885
v -3.814594 7.445089 1.384885
v -4.983469 5.304383 1.384885
v -4.961195 6.169570 1.764852
v -4.501849 6.565904 0.969837
v -3.948244 6.849349 0.589871
v -3.814490 4.623893 0.665402
v -5.548837 6.283776 1.384885
v -3.948244 6.849349 1.764852
v -5.212052 6.156221 0.665402
v -3.814590 4.380821 1.384885
v -4.724495 5.550378 1.764852
v -4.367424 6.381916 1.689320
v -4.435553 6.264839 0.589871
v -4.755001 5.367495 0.665402
v -5.035430 5.996182 0.589871
v -3.988096 4.714627 1.764852
v -3.814495 7.091969 0.665402
v -4.636878 5.211520 0.589871
v -2.904298 5.550441 0.589871
v -3.261560 6.381917 0.665402
v -3.193211 6.264919 1.764852
v -2.873980 5.367493 1.689320
v -3.419947 6.376685 0.589871
v -3.640699 4.714551 0.589871
v -3.419947 6.376685 1.764852
v -2.991914 5.211418 1.764852
v -4.061947 4.265596 1.177361
v -4.415202 6.744887 1.177361
v -3.567176 4.265513 1.177361
v -2.456694 5.499614 1.177361
v -5.509455 6.434988 1.177361
v -5.172431 5.499532 1.177361
v -3.609219 7.435833 1.177361
v -4.648244 4.613738 1.764852
v -4.500417 4.513880 0.589871
v -5.051286 4.130491 1.177361
v -4.702764 4.367309 0.665402
v -4.916615 4.063843 1.384885
v -2.979269 4.612354 0.589871
v -3.127123 4.512489 1.764852
v -2.575944 4.128515 1.177361
v -2.925180 4.366263 1.689320
v -2.711280 4.062558 0.969837
v -2.666315 6.170906 0.589871
v -2.592075 5.997494 1.764852
v -2.117780 6.436963 1.177361
v -2.079063 6.285060 0.969837
v -2.415891 6.157256 1.689320
v -4.435553 6.264839 1.764852
v -4.763898 6.300771 0.589871
v -4.733061 6.591809 1.177361
v -4.961121 6.623262 1.384885
v -4.739344 6.428461 0.665402
v -4.733188 4.840945 0.589871
v -4.636878 5.211520 1.764852
v -5.047778 5.016433 1.177361
v -4.866637 4.912961 0.665402
v -5.121332 4.742319 1.384885
v -4.982734 5.785806 1.764852
v -4.724495 5.550378 0.589871
v -5.544143 5.846889 1.177361
v -5.361471 5.665680 1.384885
v -5.060836 5.659559 0.665402
v -4.208929 6.376684 0.589871
v -4.208930 6.376684 1.764852
v -4.303551 7.160153 1.177361
v -4.248012 6.684223 0.665402
v -4.354411 6.938528 1.384885
v -3.495364 6.667863 0.589871
v -3.495364 6.667863 1.764852
v -3.214010 6.744887 1.177361
v -3.274777 6.938527 1.384885
v -3.380976 6.684223 0.665402
v -2.863655 6.302069 1.764852
v -3.193211 6.264919 0.589871
v -2.896067 6.591892 1.177361
v -2.667422 6.623904 0.969837
v -2.889114 6.428982 1.689320
v -2.644847 5.787066 0.589871
v -2.083173 5.848781 1.177361
v -2.904299 5.550441 1.764852
v -2.567627 5.660077 1.689320
v -2.267069 5.666322 0.969837
v -2.894380 4.839631 1.764852
v -2.991914 5.211418 0.589871
v -2.581346 5.016350 1.177361
v -2.761823 4.912436 1.689320
v -2.507206 4.741677 0.969837
v -4.290142 4.540741 1.764852
v -4.501822 4.015723 1.177361
v -3.988096 4.714627 0.589871
v -4.283402 4.150524 1.384885
v -4.193655 4.437568 0.665402
v -3.337457 4.539445 0.589871
v -3.125491 4.013830 1.177361
v -3.640699 4.714551 1.764852
v -3.345135 4.149881 0.969837
v -3.434807 4.437047 1.689320
v -4.133515 6.667863 0.589871
v -4.133515 6.667863 1.764852
v -4.019996 7.435833 1.177361
v -4.109569 6.951365 0.665402
v -4.182138 7.269996 1.384885
v -3.325663 7.160153 1.177361
v -3.680636 6.849349 0.589871
v -3.680636 6.849349 1.764852
v -3.519421 6.951365 0.665402
v -3.447050 7.269995 1.384885
v -4.763899 6.300771 1.764852
v -5.208624 6.636387 1.177361
v -4.961194 6.169570 0.589871
v -5.045929 6.356443 0.665402
v -5.341961 6.533164 1.384885
v -4.982734 5.785807 0.589871
v -5.035430 5.996182 1.764852
v -5.623145 6.168262 1.177361
v -5.563810 6.012689 1.384885
v -5.224056 5.938648 0.665402
v -4.733188 4.840945 1.764852
v -5.182332 4.476327 1.177361
v -4.648244 4.613738 0.589871
v -5.103924 4.316602 1.384885
v -4.853044 4.570226 0.665402
v -2.863655 6.302069 0.589871
v -2.418693 6.638279 1.177361
v -2.666315 6.170906 1.764852
v -2.580983 6.358513 1.689320
v -2.284654 6.535732 0.969837
v -2.644847 5.787066 1.764852
v -2.592075 5.997494 0.589871
v -2.004089 6.170237 1.177361
v -2.402857 5.940713 1.689320
v -2.062804 6.015258 0.969837
v -2.894380 4.839631 0.589871
v -2.444981 4.474434 1.177361
v -2.979269 4.612354 1.764852
v -2.522687 4.314033 0.969837
v -2.773865 4.568153 1.689320
v -3.337457 4.539445 1.764852
v -3.127123 4.512489 0.589871
v -2.805207 3.974601 1.177361
v -2.970057 4.013693 0.969837
v -3.132774 4.327111 1.689320
v -4.290142 4.540741 0.589871
v -4.500417 4.513880 1.764852
v -4.822023 3.976577 1.177361
v -4.656554 4.016263 1.384885
v -4.494140 4.329185 0.665402
v -3.261560 6.381917 1.689320
v -3.814495 7.091969 1.689320
v -4.755001 5.367495 1.689320
v -5.212052 6.156221 1.689320
v -3.814490 4.623893 1.689320
v -4.501849 6.565904 1.384885
v -2.645711 5.304383 1.384885
v -4.702764 4.367309 1.689320
v -2.711280 4.062558 1.384885
v -2.079063 6.285060 1.384885
v -4.739344 6.428461 1.689320
v -4.866637 4.912961 1.689320
v -5.060835 5.659559 1.689320
v -4.248012 6.684223 1.689320
v -3.380976 6.684223 1.689320
v -2.667422 6.623904 1.384885
v -2.267069 5.666322 1.384885
v -2.507206 4.741676 1.384885
v -4.193654 4.437568 1.689320
v -3.345136 4.149881 1.384885
v -4.109569 6.951365 1.689320
v -3.519421 6.951365 1.689320
v -5.045929 6.356443 1.689320
v -5.224056 5.938648 1.689320
v -4.853044 4.570227 1.689320
v -2.284654 6.535732 1.384885
v -2.062804 6.015258 1.384885
v -2.522687 4.314033 1.384885
v -2.970057 4.013693 1.384885
v -4.494140 4.329185 1.689320
v -4.434232 4.174041 1.563214
v -3.193163 4.172334 1.563214
v -2.697625 4.275749 1.563214
v -2.253281 5.826952 1.563214
v -2.284488 6.357328 1.563214
v -4.929697 4.277530 1.563214
v -5.374117 5.825245 1.563214
v -5.342838 6.355548 1.563214
v -3.629351 7.258033 1.563214
v -4.255447 7.009446 1.563214
v -3.591441 4.399283 1.563214
v -4.037587 4.399357 1.563214
v -2.579532 4.587671 1.563214
v -2.590094 5.512099 1.563214
v -2.555828 6.538860 1.563214
v -3.373662 7.009446 1.563214
v -4.356125 6.634991 1.563214
v -5.038936 5.512025 1.563214
v -5.047864 4.589379 1.563214
v -5.071572 6.537153 1.563214
v -2.181970 6.116815 1.563214
v -2.904356 4.136961 1.563214
v -4.722965 4.138742 1.563214
v -3.272983 6.634991 1.563214
v -4.926534 5.076404 1.563214
v -2.702495 5.076329 1.563214
v -2.986287 6.497031 1.563214
v -5.445355 6.115035 1.563214
v -3.999759 7.258033 1.563214
v -4.642745 6.496957 1.563214
v -2.873980 5.367493 0.665402
v -4.367424 6.381916 0.665402
v -3.814590 4.380821 0.969837
v -5.548837 6.283776 0.969837
v -4.983470 5.304383 0.969837
v -3.814595 7.445089 0.969837
v -3.127336 6.565904 0.969837
v -4.916615 4.063843 0.969837
v -2.925180 4.366263 0.665402
v -2.415891 6.157256 0.665402
v -4.961121 6.623262 0.969837
v -5.121332 4.742319 0.969837
v -5.361471 5.665680 0.969837
v -4.354410 6.938528 0.969837
v -3.274777 6.938527 0.969837
v -2.889114 6.428982 0.665402
v -2.567627 5.660077 0.665402
v -2.761823 4.912436 0.665402
v -4.283402 4.150524 0.969837
v -3.434807 4.437047 0.665402
v -4.182138 7.269996 0.969837
v -3.447050 7.269995 0.969837
v -5.341961 6.533164 0.969837
v -5.563810 6.012690 0.969837
v -5.103924 4.316602 0.969837
v -2.580983 6.358513 0.665402
v -2.402857 5.940713 0.665402
v -2.773865 4.568153 0.665402
v -3.132774 4.327111 0.665402
v -4.656554 4.016263 0.969837
v -4.434232 4.174041 0.791508
v -3.193163 4.172334 0.791508
v -2.697625 4.275749 0.791508
v -2.253282 5.826951 0.791508
v -2.284488 6.357328 0.791508
v -4.929697 4.277530 0.791508
v -5.374117 5.825245 0.791508
v -5.342838 6.355548 0.791508
v -3.629351 7.258033 0.791508
v -4.255447 7.009446 0.791508
v -3.591441 4.399283 0.791508
v -4.037587 4.399357 0.791508
v -2.579532 4.587672 0.791508
v -2.590094 5.512099 0.791508
v -2.555828 6.538860 0.791508
v -3.373663 7.009445 0.791508
v -4.356125 6.634991 0.791508
v -5.038936 5.512025 0.791508
v -5.047864 4.589378 0.791508
v -5.071572 6.537154 0.791508
v -2.181970 6.116815 0.791508
v -2.904356 4.136961 0.791508
v -4.722965 4.138742 0.791508
v -4.926534 5.076404 0.791508
v -3.999759 7.258033 0.791508
v -2.986287 6.497031 0.791508
v -2.702495 5.076329 0.791508
v -4.642746 6.496957 0.791508
v -5.445355 6.115035 0.791508
v -3.272983 6.634991 0.791508
v -4.559190 5.969187 1.809598
v -3.886045 6.415427 0.545125
v -3.886045 6.415427 1.809598
v -4.391300 5.596915 1.809598
v -4.221028 6.010736 0.545125
v -4.600515 5.874252 0.545125
v -3.941350 5.048367 1.809598
v -4.326818 5.349710 0.545125
v -3.237172 5.596999 0.545125
v -3.407353 6.010888 1.809598
v -3.581298 6.104370 0.545125
v -3.687132 5.048235 0.545125
v -3.581298 6.104370 1.809598
v -3.301646 5.349496 1.809598
v -4.349300 4.967488 1.809598
v -4.271126 4.913331 0.545125
v -3.278380 4.966463 0.545125
v -3.356634 4.912292 1.809598
v -3.068462 5.970056 0.545125
v -3.027134 5.875051 1.809598
v -4.221028 6.010736 1.809598
v -4.443601 6.036442 0.545125
v -4.389671 5.101006 0.545125
v -4.326818 5.349710 1.809598
v -4.563219 5.754896 1.809598
v -4.391300 5.596915 0.545125
v -4.047316 6.104362 0.545125
v -4.047316 6.104362 1.809598
v -3.639670 6.308816 0.545125
v -3.639670 6.308816 1.809598
v -3.184093 6.037292 1.809598
v -3.407353 6.010888 0.545125
v -3.064561 5.755629 0.545125
v -3.237172 5.596999 1.809598
v -3.238078 5.100097 1.809598
v -3.301646 5.349496 0.545125
v -4.148096 4.934356 1.809598
v -3.941350 5.048367 0.545125
v -3.479748 4.933503 0.545125
v -3.687132 5.048235 1.809598
v -3.988964 6.308817 0.545125
v -3.988964 6.308817 1.809598
v -3.742589 6.415427 0.545125
v -3.742589 6.415427 1.809598
v -4.443601 6.036442 1.809598
v -4.559190 5.969187 0.545125
v -4.563219 5.754896 0.545125
v -4.600515 5.874252 1.809598
v -4.389671 5.101006 1.809598
v -4.349300 4.967488 0.545125
v -3.184093 6.037292 0.545125
v -3.068462 5.970056 1.809598
v -3.064561 5.755629 1.809598
v -3.027134 5.875051 0.545125
v -3.238078 5.100097 0.545125
v -3.278380 4.966463 1.809598
v -3.479748 4.933503 1.809598
v -3.356634 4.912292 0.545125
v -4.148096 4.934356 0.545125
v -4.271126 4.913331 1.809598
v -4.876306 6.029742 1.799246
v -4.762822 6.165311 1.799246
v -3.814407 6.737415 0.555477
v -4.014190 6.642178 0.555477
v -4.014190 6.642178 1.799246
v -3.814407 6.737415 1.799246
v -4.502654 5.439633 1.799246
v -4.754726 5.682700 1.799246
v -4.217908 6.169466 0.555477
v -4.535141 6.206277 0.555477
v -4.876306 6.029742 0.555477
v -4.884181 5.882642 0.555477
v -3.814379 4.886584 1.799246
v -4.130956 4.734290 1.799246
v -4.502654 5.439633 0.555477
v -4.592979 5.063497 0.555477
v -3.126101 5.439595 0.555477
v -2.873595 5.683116 0.555477
v -3.410843 6.169492 1.799246
v -3.093063 6.206771 1.799246
v -3.410843 6.169492 0.555477
v -3.517214 6.436733 0.555477
v -3.814379 4.886584 0.555477
v -3.497386 4.733812 0.555477
v -3.517214 6.436733 1.799246
v -3.126101 5.439595 1.799246
v -3.035324 5.062930 1.799246
v -4.493801 4.671177 1.799246
v -4.593514 4.808762 1.799246
v -4.493802 4.671177 0.555477
v -4.354994 4.646679 0.555477
v -3.134122 4.670155 0.555477
v -3.033689 4.807154 0.555477
v -3.134123 4.670155 1.799246
v -3.272318 4.645069 1.799246
v -2.751544 6.030547 0.555477
v -2.864387 6.166872 0.555477
v -2.751544 6.030547 1.799246
v -2.743043 5.884099 1.799246
v -4.535141 6.206277 1.799246
v -4.217909 6.169466 1.799246
v -4.762822 6.165311 0.555477
v -4.593514 4.808762 0.555477
v -4.592979 5.063497 1.799246
v -4.884181 5.882642 1.799246
v -4.754726 5.682700 0.555477
v -4.111599 6.436734 0.555477
v -4.111599 6.436734 1.799246
v -3.614625 6.642178 0.555477
v -3.614625 6.642178 1.799246
v -2.864387 6.166872 1.799246
v -3.093063 6.206771 0.555477
v -2.743043 5.884099 0.555477
v -2.873595 5.683116 1.799246
v -3.033689 4.807154 1.799246
v -3.035324 5.062930 0.555477
v -4.354994 4.646680 1.799246
v -4.130956 4.734290 0.555477
v -3.272318 4.645069 0.555477
v -3.497386 4.733812 1.799246
v -3.814044 5.625448 0.541601
v -3.814044 5.625448 1.813122
v -3.343675 6.505200 0.665402
v -5.236376 6.052954 0.665402
v -4.536717 6.383788 0.665402
v -4.710702 6.568328 1.384885
v -4.014986 7.391818 1.384885
v -2.611337 5.031199 0.969837
v -5.579132 6.155085 1.384885
v -3.092196 6.383855 1.689320
v -2.846158 5.146430 1.689320
v -2.918402 6.568408 0.969837
v -3.975365 7.049200 0.665402
v -5.017763 5.031279 1.384885
v -4.782757 5.146501 0.665402
v -3.228609 6.717681 1.384885
v -4.607261 4.329510 0.665402
v -4.797501 4.016722 1.384885
v -3.020168 4.327950 1.689320
v -2.829752 4.014794 0.969837
v -2.048125 6.157012 0.969837
v -2.391051 6.054503 1.689320
v -5.174696 6.611821 1.384885
v -4.911518 6.419565 0.665402
v -4.889227 4.721125 0.665402
v -5.149043 4.504314 1.384885
v -5.139383 5.502625 1.384885
v -4.881191 5.527904 0.665402
v -4.285312 6.505200 0.665402
v -4.400577 6.717681 1.384885
v -3.337545 7.122845 1.384885
v -3.431462 6.833037 0.665402
v -2.452642 6.613667 0.969837
v -2.715974 6.421055 1.689320
v -2.747724 5.527969 1.689320
v -2.489718 5.502705 0.969837
v -2.738264 4.719632 1.689320
v -2.478290 4.502467 0.969837
v -4.055917 4.298710 1.384885
v -4.009788 4.557441 0.665402
v -3.573183 4.298629 0.969837
v -3.619126 4.557374 1.689320
v -4.197527 6.833038 0.665402
v -4.291643 7.122845 1.384885
v -3.653624 7.049200 0.665402
v -3.614202 7.391818 1.384885
v -5.147307 6.261820 0.665402
v -5.468207 6.415322 1.384885
v -5.502051 5.841531 1.384885
v -5.174344 5.801113 0.665402
v -5.021186 4.166892 1.384885
v -4.786639 4.450011 0.665402
v -2.480121 6.263372 1.689320
v -2.159050 6.417249 0.969837
v -2.453150 5.802598 1.689320
v -2.125285 5.843377 0.969837
v -2.606067 4.164964 0.969837
v -2.840787 4.448452 1.689320
v -3.142244 4.053069 0.969837
v -3.271240 4.358850 1.689320
v -4.485089 4.054915 1.384885
v -4.356254 4.360341 0.665402
v -4.356254 4.360341 1.689320
v -3.142244 4.053069 1.384885
v -2.606067 4.164964 1.384885
v -2.125285 5.843377 1.384885
v -2.159050 6.417249 1.384885
v -4.786639 4.450011 1.689320
v -5.174344 5.801113 1.689320
v -5.147307 6.261820 1.689320
v -3.653624 7.049200 1.689320
v -4.197527 6.833038 1.689320
v -3.573183 4.298629 1.384885
v -4.009788 4.557441 1.689320
v -2.478290 4.502467 1.384885
v -2.489718 5.502705 1.384885
v -2.452642 6.613667 1.384885
v -3.431462 6.833037 1.689320
v -4.285312 6.505200 1.689320
v -4.881191 5.527904 1.689320
v -4.889227 4.721125 1.689320
v -4.911518 6.419565 1.689320
v -2.048125 6.157012 1.384885
v -2.829752 4.014794 1.384885
v -4.607261 4.329510 1.689320
v -3.343675 6.505200 1.689320
v -4.782756 5.146501 1.689320
v -2.611337 5.031199 1.384885
v -2.918402 6.568408 1.384885
v -5.236376 6.052954 1.689320
v -3.975365 7.049200 1.689320
v -4.536717 6.383788 1.689320
v -4.485089 4.054915 0.969837
v -3.271240 4.358850 0.665402
v -2.840787 4.448452 0.665402
v -2.453150 5.802598 0.665402
v -2.480121 6.263372 0.665402
v -5.021186 4.166892 0.969837
v -5.502051 5.841531 0.969837
v -5.468207 6.415322 0.969837
v -3.614203 7.391818 0.969837
v -4.291642 7.122845 0.969837
v -3.619126 4.557374 0.665402
v -4.055917 4.298709 0.969837
v -2.738264 4.719633 0.665402
v -2.747724 5.527969 0.665402
v -2.715974 6.421054 0.665402
v -3.337545 7.122845 0.969837
v -4.400577 6.717681 0.969837
v -5.139383 5.502625 0.969837
v -5.149043 4.504314 0.969837
v -5.174696 6.611821 0.969837
v -2.391051 6.054503 0.665402
v -3.020168 4.327950 0.665402
v -4.797501 4.016722 0.969837
v -5.017763 5.031279 0.969837
v -4.014986 7.391818 0.969837
v -3.092196 6.383855 0.665402
v -2.846158 5.146430 0.665402
v -4.710702 6.568328 0.969837
v -5.579132 6.155086 0.969837
v -3.228609 6.717681 0.969837
v -4.824112 6.097163 1.799355
v -3.922308 6.700362 0.555368
v -3.922309 6.700362 1.799355
v -4.600313 5.577198 1.799355
v -4.361125 6.161516 0.555368
v -4.884427 5.957743 0.555368
v -3.978926 4.839344 1.799355
v -4.517108 5.256736 0.555368
v -3.028366 5.577271 0.555368
v -3.267470 6.161637 1.799355
v -3.488564 6.275496 0.555368
v -3.649759 4.839236 0.555368
v -3.488563 6.275496 1.799355
v -3.111565 5.256557 1.799355
v -4.543129 4.733698 1.799355
v -4.426572 4.653784 0.555368
v -3.084427 4.732390 0.555368
v -3.201059 4.652459 1.799355
v -2.803427 6.098339 0.555368
v -2.743104 5.958855 1.799355
v -4.361125 6.161516 1.799355
v -4.661741 6.202621 0.555368
v -4.610351 4.921377 0.555368
v -4.517108 5.256736 1.799355
v -4.838896 5.785689 1.799355
v -4.600313 5.577198 0.555368
v -4.140235 6.275493 0.555368
v -4.140235 6.275493 1.799355
v -3.555794 6.549840 0.555368
v -3.555794 6.549839 1.799355
v -2.965821 6.203793 1.799355
v -3.267470 6.161637 0.555368
v -2.788743 5.786756 0.555368
v -3.028366 5.577270 1.799355
v -3.017257 4.920161 1.799355
v -3.111565 5.256556 0.555368
v -4.253091 4.678431 1.799355
v -3.978926 4.839344 0.555368
v -3.374602 4.677265 0.555368
v -3.649759 4.839236 1.799355
v -4.073014 6.549840 0.555368
v -4.073014 6.549840 1.799355
v -3.706500 6.700362 0.555368
v -3.706500 6.700362 1.799355
v -4.661742 6.202621 1.799355
v -4.824112 6.097163 0.555368
v -4.838896 5.785689 0.555368
v -4.884427 5.957743 1.799355
v -4.610351 4.921377 1.799355
v -4.543129 4.733698 0.555368
v -2.965821 6.203793 0.555368
v -2.803427 6.098339 1.799355
v -2.788743 5.786756 1.799355
v -2.743104 5.958855 0.555368
v -3.017257 4.920161 0.555368
v -3.084427 4.732390 1.799355
v -3.374602 4.677265 1.799355
v -3.201059 4.652459 0.555368
v -4.253091 4.678431 0.555368
v -4.426572 4.653784 1.799355
vn -0.9249 0.3801 -0.0000
vn -0.0001 -1.0000 -0.0000
vn -0.0316 0.0118 -0.9994
vn -0.0316 0.0118 0.9994
vn -0.0000 -0.0382 0.9993
vn -0.0000 0.0328 0.9995
vn -0.0000 -0.0382 -0.9993
vn -0.0000 0.0328 -0.9995
vn -0.0369 -0.0099 0.9993
vn -0.0193 0.0356 0.9992
vn -0.0193 0.0356 -0.9992
vn -0.0369 -0.0099 -0.9993
vn 0.0369 -0.0099 -0.9993
vn 0.0192 0.0356 -0.9992
vn 0.0192 0.0356 0.9992
vn 0.0369 -0.0099 0.9993
vn -0.4608 0.8875 -0.0000
vn -0.9635 -0.2675 -0.0000
vn -0.0000 1.0000 -0.0000
vn 0.4606 0.8876 -0.0000
vn 0.9636 -0.2674 -0.0000
vn -0.0170 -0.0286 0.9994
vn -0.0170 -0.0286 -0.9994
vn -0.5467 -0.8373 -0.0000
vn 0.0170 -0.0286 -0.9994
vn 0.0170 -0.0286 0.9994
vn 0.5468 -0.8373 -0.0000
vn 0.0317 0.0117 -0.9994
vn 0.0317 0.0117 0.9994
vn 0.9249 0.3802 -0.0000
vn 0.0105 0.0636 0.9979
vn 0.0105 0.0636 -0.9979
vn 0.0689 0.9976 -0.0000
vn -0.0493 0.0146 -0.9987
vn -0.0493 0.0146 0.9987
vn -0.9759 0.2184 -0.0000
vn -0.0348 -0.0414 0.9985
vn -0.0348 -0.0414 -0.9985
vn -0.7004 -0.7137 -0.0000
vn -0.0601 0.0143 -0.9981
vn -0.0601 0.0143 0.9981
vn -0.9632 0.2689 -0.0000
vn 0.0601 0.0144 -0.9981
vn 0.0601 0.0143 0.9981
vn 0.9632 0.2690 -0.0000
vn -0.0107 0.0637 0.9979
vn -0.0107 0.0637 -0.9979
vn -0.0728 0.9973 -0.0000
vn 0.0348 -0.0414 -0.9985
vn 0.7003 -0.7139 -0.0000
vn 0.0348 -0.0414 0.9985
vn 0.0494 0.0148 0.9987
vn 0.0494 0.0148 -0.9987
vn 0.9752 0.2212 -0.0000
vn 0.0260 -0.0438 0.9987
vn 0.4832 -0.8755 -0.0000
vn 0.0260 -0.0438 -0.9987
vn -0.0261 -0.0437 -0.9987
vn -0.4847 -0.8747 -0.0000
vn -0.0261 -0.0437 0.9987
vn -0.0327 0.0282 -0.9991
vn -0.0327 0.0282 0.9991
vn -0.6965 0.7175 -0.0000
vn 0.6965 0.7175 -0.0000
vn 0.0327 0.0282 -0.9991
vn 0.0327 0.0282 0.9991
vn -0.0198 0.0330 0.9993
vn -0.5678 0.8232 -0.0000
vn -0.0198 0.0330 -0.9993
vn -0.0370 -0.0085 -0.9993
vn -0.0370 -0.0085 0.9993
vn -0.9759 -0.2182 -0.0000
vn -0.0346 -0.0122 0.9993
vn -0.9295 -0.3688 -0.0000
vn -0.0346 -0.0122 -0.9993
vn 0.0198 0.0330 -0.9993
vn 0.5680 0.8230 -0.0000
vn 0.0198 0.0330 0.9993
vn 0.0370 -0.0084 0.9993
vn 0.0370 -0.0084 -0.9993
vn 0.9761 -0.2173 -0.0000
vn 0.0346 -0.0122 -0.9993
vn 0.9293 -0.3694 -0.0000
vn 0.0346 -0.0122 0.9993
vn -0.0042 -0.0407 0.9992
vn -0.0042 -0.0407 -0.9992
vn -0.0997 -0.9950 -0.0000
vn 0.0042 -0.0407 -0.9992
vn 0.0042 -0.0407 0.9992
vn 0.1007 -0.9949 -0.0000
vn 0.3510 0.6953 0.6272
vn -0.0000 0.6774 0.7357
vn -0.7394 -0.2053 0.6412
vn -0.6143 0.2533 0.7473
vn -0.0001 -0.7631 0.6463
vn -0.3510 0.6951 0.6274
vn 0.7396 -0.2052 0.6410
vn -0.3580 -0.5507 0.7540
vn 0.3578 -0.5501 0.7546
vn 0.6138 0.2531 0.7478
vn 0.0698 0.8566 0.5112
vn -0.7999 0.1883 0.5698
vn -0.5727 -0.5986 0.5602
vn -0.8357 0.2302 0.4987
vn 0.8359 0.2302 0.4983
vn -0.0730 0.8572 0.5098
vn 0.5727 -0.5988 0.5599
vn 0.8002 0.1906 0.5687
vn 0.4017 -0.7189 0.5673
vn -0.4029 -0.7184 0.5670
vn -0.5287 0.5284 0.6642
vn 0.5289 0.5285 0.6640
vn -0.3955 0.5913 0.7028
vn -0.6882 -0.1615 0.7073
vn -0.6504 -0.2490 0.7176
vn 0.3951 0.5912 0.7031
vn 0.6882 -0.1610 0.7074
vn 0.6503 -0.2489 0.7178
vn -0.0819 -0.7234 0.6856
vn 0.0823 -0.7237 0.6852
vn 0.7396 -0.2052 -0.6410
vn -0.3510 0.6951 -0.6274
vn -0.0001 -0.7631 -0.6463
vn -0.6143 0.2533 -0.7473
vn -0.7394 -0.2053 -0.6412
vn -0.0000 0.6774 -0.7357
vn 0.3510 0.6953 -0.6272
vn -0.3580 -0.5507 -0.7540
vn 0.3578 -0.5501 -0.7546
vn 0.6138 0.2531 -0.7478
vn 0.0698 0.8566 -0.5112
vn -0.7999 0.1883 -0.5698
vn -0.5727 -0.5986 -0.5602
vn -0.8357 0.2302 -0.4987
vn 0.8359 0.2302 -0.4983
vn -0.0730 0.8572 -0.5098
vn 0.5727 -0.5988 -0.5599
vn 0.8002 0.1906 -0.5687
vn 0.4017 -0.7189 -0.5673
vn -0.4029 -0.7184 -0.5670
vn -0.5287 0.5284 -0.6642
vn 0.5289 0.5285 -0.6640
vn -0.3955 0.5913 -0.7028
vn -0.6882 -0.1615 -0.7073
vn -0.6504 -0.2490 -0.7176
vn 0.3951 0.5912 -0.7031
vn 0.6882 -0.1610 -0.7074
vn 0.6503 -0.2489 -0.7178
vn -0.0819 -0.7234 -0.6856
vn 0.0823 -0.7237 -0.6852
vn -0.1749 0.2690 0.9471
vn -0.2634 0.1087 0.9585
vn -0.2536 0.2444 -0.9359
vn -0.0000 0.2920 -0.9564
vn -0.2536 0.2444 0.9359
vn -0.0000 0.2920 0.9564
vn -0.2906 -0.3248 0.9000
vn -0.3345 -0.0923 0.9379
vn 0.0590 0.4776 -0.8766
vn -0.1594 0.3077 -0.9380
vn -0.3081 -0.0749 -0.9484
vn -0.2634 0.1087 -0.9585
vn 0.2120 -0.3674 0.9056
vn -0.0001 -0.3509 0.9364
vn -0.4128 0.1091 -0.9043
vn -0.3345 -0.0923 -0.9379
vn 0.2907 -0.3250 -0.8999
vn 0.3347 -0.0923 -0.9378
vn -0.0606 0.4785 0.8760
vn 0.1593 0.3079 0.9380
vn 0.4638 0.1190 -0.8779
vn 0.1593 0.3079 -0.9380
vn -0.2126 -0.3673 -0.9055
vn -0.0001 -0.3509 -0.9364
vn 0.4638 0.1190 0.8779
vn 0.4134 0.1103 0.9038
vn 0.3347 -0.0923 0.9378
vn -0.2902 -0.1077 0.9509
vn -0.1521 -0.2341 0.9602
vn 0.0414 -0.3327 -0.9421
vn -0.1521 -0.2341 -0.9602
vn 0.2901 -0.1075 -0.9509
vn 0.1520 -0.2339 -0.9603
vn -0.0415 -0.3325 0.9422
vn 0.1520 -0.2339 0.9603
vn 0.1746 0.2690 -0.9472
vn 0.2632 0.1086 -0.9586
vn 0.3080 -0.0748 0.9484
vn 0.2632 0.1086 0.9586
vn -0.1594 0.3077 0.9380
vn 0.0590 0.4776 0.8766
vn -0.1749 0.2690 -0.9471
vn -0.2902 -0.1077 -0.9509
vn -0.4128 0.1091 0.9043
vn -0.3081 -0.0749 0.9484
vn -0.2906 -0.3248 -0.9000
vn -0.4635 0.1190 -0.8781
vn -0.4635 0.1190 0.8781
vn 0.2538 0.2445 -0.9359
vn 0.2538 0.2445 0.9359
vn 0.1746 0.2690 0.9472
vn -0.0606 0.4785 -0.8760
vn 0.3080 -0.0748 -0.9484
vn 0.2907 -0.3250 0.8999
vn 0.2901 -0.1075 0.9509
vn 0.4134 0.1103 -0.9038
vn 0.0414 -0.3327 0.9421
vn 0.2120 -0.3674 -0.9056
vn -0.0415 -0.3325 -0.9422
vn -0.2126 -0.3673 0.9055
vn 0.9137 -0.2536 -0.3177
vn 0.4356 0.8467 0.3056
vn -0.0000 0.9123 0.4096
vn -0.9136 -0.2537 0.3179
vn -0.2263 0.1892 0.9555
vn -0.4357 0.8466 -0.3057
vn -0.1394 0.2781 -0.9504
vn -0.0001 -0.5349 -0.8449
vn -0.8391 0.3451 0.4205
vn -0.1394 0.2781 0.9504
vn -0.3947 0.1630 -0.9042
vn -0.0001 -0.9463 0.3232
vn -0.2863 -0.2977 0.9107
vn -0.2464 0.4889 0.8368
vn 0.0527 0.4604 -0.8861
vn -0.5179 -0.1434 -0.8434
vn -0.2938 0.0143 -0.9558
vn 0.1744 -0.3591 0.9168
vn -0.0000 0.4378 -0.8991
vn -0.3999 0.0958 -0.9115
vn 0.2865 -0.2978 -0.9106
vn 0.2463 0.4891 -0.8367
vn -0.0532 0.4607 0.8860
vn 0.5182 -0.1434 0.8432
vn 0.3916 0.1597 -0.9062
vn -0.1746 -0.3590 -0.9169
vn 0.3916 0.1597 0.9062
vn 0.4003 0.0962 0.9113
vn 0.4442 -0.8959 -0.0000
vn -0.9265 0.3763 -0.0000
vn -0.4446 -0.8957 -0.0000
vn 0.6890 -0.7248 -0.0000
vn -0.7772 0.6292 -0.0000
vn -0.6888 -0.7249 -0.0000
vn 0.4233 0.9060 -0.0000
vn -0.2314 -0.1703 0.9578
vn -0.0494 -0.2957 -0.9540
vn -0.7941 -0.6078 -0.0000
vn -0.2281 -0.3513 -0.9081
vn -0.4938 -0.7572 0.4276
vn 0.2300 -0.1714 -0.9580
vn 0.0509 -0.2947 0.9542
vn 0.7907 -0.6122 -0.0000
vn 0.2279 -0.3508 0.9083
vn 0.4938 -0.7569 -0.4281
vn 0.2269 0.1875 -0.9557
vn 0.2934 0.0157 0.9559
vn 0.7806 0.6250 -0.0000
vn 0.8389 0.3451 -0.4209
vn 0.3943 0.1629 0.9044
vn 0.0527 0.4604 0.8861
vn -0.0738 0.3812 -0.9216
vn 0.1213 0.9926 -0.0000
vn 0.0683 0.9686 0.2389
vn 0.0698 0.6772 -0.7325
vn -0.3622 -0.0056 -0.9321
vn -0.3999 0.0958 0.9115
vn -0.9709 0.2394 -0.0000
vn -0.6006 0.1508 -0.7852
vn -0.9376 0.2114 0.2761
vn -0.3121 -0.1925 0.9303
vn -0.2863 -0.2977 -0.9107
vn -0.8784 -0.4779 -0.0000
vn -0.6732 -0.6884 0.2701
vn -0.4272 -0.4629 -0.7767
vn -0.3914 0.1596 -0.9063
vn -0.3914 0.1596 0.9063
vn -0.8792 0.4765 -0.0000
vn -0.6613 0.1760 -0.7292
vn -0.9377 0.2617 0.2284
vn 0.3835 0.1811 -0.9056
vn 0.3835 0.1811 0.9056
vn 0.9265 0.3763 -0.0000
vn 0.9378 0.2617 0.2282
vn 0.6617 0.1761 -0.7288
vn 0.0718 0.3827 0.9211
vn -0.0532 0.4607 -0.8860
vn -0.1223 0.9925 -0.0000
vn -0.0720 0.9686 -0.2379
vn -0.0721 0.6782 0.7314
vn 0.3121 -0.1932 -0.9302
vn 0.8777 -0.4793 -0.0000
vn 0.2865 -0.2978 0.9106
vn 0.4273 -0.4631 0.7765
vn 0.6731 -0.6886 -0.2699
vn 0.3631 -0.0039 0.9317
vn 0.4003 0.0962 -0.9113
vn 0.9708 0.2401 -0.0000
vn 0.6013 0.1526 0.7843
vn 0.9372 0.2140 -0.2753
vn 0.1357 -0.3592 0.9233
vn 0.3173 -0.9483 -0.0000
vn 0.1744 -0.3591 -0.9168
vn 0.4654 -0.8421 0.2726
vn 0.3059 -0.5374 -0.7859
vn -0.1369 -0.3593 -0.9231
vn -0.3199 -0.9474 -0.0000
vn -0.1746 -0.3590 0.9168
vn -0.4668 -0.8414 -0.2723
vn -0.3068 -0.5372 0.7857
vn -0.3832 0.1810 -0.9057
vn -0.3832 0.1810 0.9057
vn -0.4233 0.9060 -0.0000
vn -0.3724 0.3633 -0.8540
vn -0.6553 0.6709 0.3471
vn 0.8792 0.4765 -0.0000
vn 0.1394 0.2782 -0.9504
vn 0.1394 0.2782 0.9504
vn 0.3725 0.3634 -0.8539
vn 0.6553 0.6710 0.3470
vn -0.0738 0.3812 0.9216
vn -0.2587 0.9660 -0.0000
vn -0.2263 0.1892 -0.9555
vn -0.2618 0.3995 -0.8786
vn -0.5228 0.7632 0.3798
vn -0.3121 -0.1925 -0.9303
vn -0.2938 0.0143 0.9558
vn -0.9978 0.0670 -0.0000
vn -0.9010 -0.2037 0.3830
vn -0.4596 -0.1112 -0.8811
vn -0.3622 -0.0056 0.9321
vn -0.9973 -0.0732 -0.0000
vn -0.2314 -0.1703 -0.9578
vn -0.8557 -0.3367 0.3929
vn -0.4323 -0.1619 -0.8871
vn 0.0718 0.3827 -0.9211
vn 0.2535 0.9673 -0.0000
vn 0.2269 0.1875 0.9557
vn 0.2614 0.3994 0.8787
vn 0.5228 0.7630 -0.3802
vn 0.3121 -0.1932 0.9302
vn 0.2934 0.0157 -0.9559
vn 0.9974 0.0719 -0.0000
vn 0.4596 -0.1109 0.8812
vn 0.9011 -0.2029 -0.3832
vn 0.3631 -0.0039 -0.9317
vn 0.9976 -0.0689 -0.0000
vn 0.2300 -0.1714 0.9580
vn 0.8555 -0.3371 -0.3931
vn 0.4322 -0.1617 0.8872
vn -0.1369 -0.3593 0.9231
vn 0.0509 -0.2947 -0.9542
vn 0.2029 -0.9792 -0.0000
vn -0.0954 -0.9262 -0.3647
vn -0.0605 -0.4938 0.8674
vn 0.1357 -0.3592 -0.9233
vn -0.0494 -0.2957 0.9540
vn -0.1975 -0.9803 -0.0000
vn 0.0962 -0.9264 0.3642
vn 0.0606 -0.4942 -0.8672
vn 0.2463 0.4891 0.8367
vn -0.0000 0.4378 0.8991
vn -0.5179 -0.1434 0.8434
vn -0.3947 0.1630 0.9042
vn -0.0001 -0.5349 0.8449
vn -0.4357 0.8466 0.3057
vn 0.9137 -0.2536 0.3177
vn -0.2281 -0.3513 0.9081
vn 0.4938 -0.7569 0.4281
vn 0.8389 0.3451 0.4209
vn 0.0698 0.6772 0.7325
vn -0.6006 0.1508 0.7852
vn -0.4272 -0.4629 0.7767
vn -0.6613 0.1760 0.7292
vn 0.6617 0.1761 0.7288
vn -0.0720 0.9686 0.2379
vn 0.6731 -0.6886 0.2699
vn 0.9372 0.2140 0.2753
vn 0.3059 -0.5374 0.7859
vn -0.4668 -0.8414 0.2723
vn -0.3724 0.3633 0.8540
vn 0.3725 0.3634 0.8539
vn -0.2618 0.3995 0.8786
vn -0.4596 -0.1112 0.8811
vn -0.4323 -0.1619 0.8871
vn 0.5228 0.7630 0.3802
vn 0.9011 -0.2029 0.3832
vn 0.8555 -0.3371 0.3931
vn -0.0954 -0.9262 0.3647
vn 0.0606 -0.4942 0.8672
vn 0.2561 -0.7357 0.6271
vn -0.2582 -0.7353 0.6266
vn 0.5287 -0.4028 0.7471
vn 0.6607 -0.3771 0.6491
vn 0.5246 0.4262 0.7370
vn -0.5316 -0.4002 0.7465
vn -0.6610 -0.3759 0.6495
vn -0.5228 0.4296 0.7363
vn 0.3048 0.6292 0.7150
vn -0.7209 0.3756 0.5824
vn -0.3612 -0.7290 0.5814
vn 0.3609 -0.7292 0.5813
vn 0.7544 -0.0356 0.6555
vn 0.5738 -0.6040 0.5532
vn 0.1792 0.7587 0.6263
vn 0.7211 0.3757 0.5822
vn -0.7832 0.3145 0.5363
vn -0.5735 -0.6040 0.5534
vn -0.7535 -0.0389 0.6563
vn -0.1832 0.7569 0.6274
vn 0.6744 0.0424 0.7372
vn 0.1272 -0.6698 0.7316
vn -0.1237 -0.6715 0.7306
vn 0.7835 0.3146 0.5359
vn -0.8037 0.1976 0.5612
vn 0.8039 0.1983 0.5607
vn -0.1076 0.8700 0.4812
vn -0.6751 0.0391 0.7367
vn -0.3048 0.6291 0.7151
vn 0.1067 0.8699 0.4816
vn 0.5182 -0.1434 -0.8432
vn -0.2464 0.4889 -0.8368
vn -0.0001 -0.9463 -0.3232
vn -0.8391 0.3451 -0.4205
vn -0.9136 -0.2537 -0.3179
vn -0.0000 0.9123 -0.4096
vn 0.4356 0.8467 -0.3056
vn -0.4938 -0.7572 -0.4276
vn 0.2279 -0.3508 -0.9083
vn 0.3943 0.1629 -0.9044
vn 0.0683 0.9686 -0.2389
vn -0.9376 0.2114 -0.2761
vn -0.6732 -0.6884 -0.2701
vn -0.9377 0.2617 -0.2284
vn 0.9378 0.2617 -0.2282
vn -0.0721 0.6782 -0.7314
vn 0.4273 -0.4631 -0.7765
vn 0.6013 0.1526 -0.7843
vn 0.4654 -0.8421 -0.2726
vn -0.3068 -0.5372 -0.7857
vn -0.6553 0.6709 -0.3471
vn 0.6553 0.6710 -0.3470
vn -0.5228 0.7632 -0.3798
vn -0.9010 -0.2037 -0.3830
vn -0.8557 -0.3367 -0.3929
vn 0.2614 0.3994 -0.8787
vn 0.4596 -0.1109 -0.8812
vn 0.4322 -0.1617 -0.8872
vn -0.0605 -0.4938 -0.8674
vn 0.0962 -0.9264 -0.3642
vn 0.2561 -0.7357 -0.6271
vn -0.2582 -0.7353 -0.6266
vn 0.5287 -0.4028 -0.7471
vn 0.6607 -0.3771 -0.6491
vn 0.5246 0.4262 -0.7370
vn -0.5316 -0.4002 -0.7465
vn -0.6610 -0.3759 -0.6495
vn -0.5228 0.4296 -0.7363
vn 0.3048 0.6292 -0.7150
vn -0.7209 0.3756 -0.5824
vn -0.3612 -0.7290 -0.5814
vn 0.3609 -0.7292 -0.5813
vn 0.7544 -0.0356 -0.6555
vn 0.5738 -0.6040 -0.5532
vn 0.1792 0.7587 -0.6263
vn 0.7211 0.3757 -0.5822
vn -0.7832 0.3145 -0.5363
vn -0.5735 -0.6040 -0.5534
vn -0.7535 -0.0389 -0.6563
vn -0.1832 0.7569 -0.6274
vn 0.6744 0.0424 -0.7372
vn 0.1272 -0.6698 -0.7316
vn -0.1237 -0.6715 -0.7306
vn -0.8037 0.1976 -0.5612
vn -0.3048 0.6291 -0.7151
vn -0.1076 0.8700 -0.4812
vn 0.8039 0.1983 -0.5607
vn 0.1067 0.8699 -0.4816
vn -0.6751 0.0391 -0.7367
vn 0.7835 0.3146 -0.5359
vn -0.0093 0.0076 0.9999
vn -0.0056 0.0132 -0.9999
vn -0.0056 0.0132 0.9999
vn -0.0220 -0.0161 0.9996
vn -0.0024 0.0304 -0.9995
vn -0.0111 0.0008 -0.9999
vn 0.0079 -0.0249 0.9997
vn -0.0278 0.0023 -0.9996
vn 0.0221 -0.0162 -0.9996
vn 0.0024 0.0305 0.9995
vn 0.0227 0.0146 -0.9996
vn -0.0080 -0.0249 -0.9997
vn 0.0227 0.0146 0.9996
vn 0.0279 0.0023 0.9996
vn -0.0090 -0.0068 0.9999
vn -0.0023 -0.0105 -0.9999
vn 0.0089 -0.0069 -0.9999
vn 0.0023 -0.0104 0.9999
vn 0.0093 0.0076 -0.9999
vn 0.0111 0.0009 0.9999
vn -0.0024 0.0304 0.9995
vn -0.0041 0.0228 -0.9997
vn -0.0213 -0.0004 -0.9998
vn -0.0278 0.0023 0.9996
vn -0.0180 -0.0112 0.9998
vn -0.0220 -0.0161 -0.9996
vn -0.0227 0.0146 -0.9996
vn -0.0227 0.0146 0.9996
vn 0.0226 0.0119 -0.9997
vn 0.0226 0.0119 0.9997
vn 0.0041 0.0229 0.9997
vn 0.0024 0.0305 -0.9995
vn 0.0180 -0.0112 -0.9998
vn 0.0221 -0.0162 0.9996
vn 0.0214 -0.0003 0.9998
vn 0.0279 0.0023 -0.9996
vn 0.0067 -0.0206 0.9998
vn 0.0079 -0.0249 -0.9997
vn -0.0068 -0.0206 -0.9998
vn -0.0080 -0.0249 0.9997
vn -0.0225 0.0119 -0.9997
vn -0.0225 0.0119 0.9997
vn 0.0056 0.0132 -0.9999
vn 0.0056 0.0132 0.9999
vn -0.0041 0.0228 0.9997
vn -0.0093 0.0076 -0.9999
vn -0.0180 -0.0112 -0.9998
vn -0.0111 0.0008 0.9999
vn -0.0213 -0.0004 0.9998
vn -0.0090 -0.0068 -0.9999
vn 0.0041 0.0229 -0.9997
vn 0.0093 0.0076 0.9999
vn 0.0180 -0.0112 0.9998
vn 0.0111 0.0009 -0.9999
vn 0.0214 -0.0003 -0.9998
vn 0.0089 -0.0069 0.9999
vn -0.0068 -0.0206 0.9998
vn 0.0023 -0.0104 -0.9999
vn 0.0067 -0.0206 -0.9998
vn -0.0023 -0.0105 0.9999
vn -0.1342 0.0547 0.9894
vn -0.0864 0.1352 0.9870
vn -0.0000 0.1491 -0.9888
vn -0.1273 0.1197 -0.9846
vn -0.1273 0.1197 0.9846
vn -0.0000 0.1491 0.9888
vn -0.1416 -0.0392 0.9891
vn -0.1373 -0.1587 0.9777
vn -0.0685 0.1249 -0.9898
vn 0.0335 0.2304 -0.9725
vn -0.1342 0.0547 -0.9894
vn -0.1529 -0.0368 -0.9876
vn -0.0000 -0.1519 0.9884
vn 0.1008 -0.1741 0.9796
vn -0.1416 -0.0392 -0.9891
vn -0.1973 0.0551 -0.9788
vn 0.1417 -0.0392 -0.9891
vn 0.1374 -0.1588 -0.9777
vn 0.0685 0.1250 0.9898
vn -0.0342 0.2307 0.9724
vn 0.0685 0.1250 -0.9898
vn 0.2202 0.0559 -0.9739
vn -0.0000 -0.1519 -0.9884
vn -0.1011 -0.1740 -0.9795
vn 0.2202 0.0559 0.9739
vn 0.1417 -0.0392 0.9891
vn 0.1976 0.0556 0.9787
vn -0.0782 -0.1210 0.9896
vn -0.1448 -0.0529 0.9881
vn -0.0782 -0.1210 -0.9896
vn 0.0198 -0.1636 -0.9863
vn 0.0780 -0.1208 -0.9896
vn 0.1449 -0.0528 -0.9880
vn 0.0780 -0.1208 0.9896
vn -0.0199 -0.1637 0.9863
vn 0.1339 0.0545 -0.9895
vn 0.0863 0.1353 -0.9870
vn 0.1339 0.0545 0.9895
vn 0.1530 -0.0368 0.9875
vn 0.0335 0.2304 0.9725
vn -0.0685 0.1249 0.9898
vn -0.0864 0.1352 -0.9870
vn -0.1448 -0.0529 -0.9881
vn -0.1973 0.0551 0.9788
vn -0.1529 -0.0368 0.9876
vn -0.1373 -0.1587 -0.9777
vn -0.2200 0.0559 -0.9739
vn -0.2200 0.0559 0.9739
vn 0.1273 0.1197 -0.9846
vn 0.1273 0.1197 0.9846
vn 0.0863 0.1353 0.9870
vn -0.0342 0.2307 -0.9724
vn 0.1530 -0.0368 -0.9875
vn 0.1374 -0.1588 0.9777
vn 0.1449 -0.0528 0.9880
vn 0.1976 0.0556 -0.9787
vn 0.0198 -0.1636 0.9863
vn 0.1008 -0.1741 -0.9796
vn -0.0199 -0.1637 -0.9863
vn -0.1011 -0.1740 0.9795
vn -0.0000 0.0002 -1.0000
vn -0.0000 0.0002 1.0000
vn 0.5900 0.2389 -0.7713
vn -0.4385 0.0233 -0.8985
vn 0.0806 0.6818 -0.7271
vn 0.1193 0.9691 0.2157
vn -0.3924 0.8326 0.3908
vn 0.9361 0.2322 -0.2642
vn -0.9099 0.0590 0.4105
vn -0.0814 0.6820 0.7268
vn 0.5981 0.1452 0.7882
vn -0.1204 0.9691 -0.2155
vn -0.2054 0.4151 -0.8863
vn -0.9362 0.2315 0.2646
vn -0.5977 0.1446 -0.7886
vn 0.8984 0.3625 0.2479
vn -0.0770 -0.4397 -0.8948
vn -0.1767 -0.8966 0.4059
vn 0.0793 -0.4382 0.8954
vn 0.1816 -0.8953 -0.4068
vn 0.9094 0.0635 -0.4110
vn 0.4378 0.0254 0.8987
vn -0.2408 0.9160 0.3208
vn -0.1198 0.5504 -0.8263
vn -0.5304 -0.0178 -0.8476
vn -0.9373 -0.0646 0.3425
vn -0.6645 -0.7009 0.2592
vn -0.4293 -0.4485 -0.7839
vn -0.5896 0.2388 -0.7715
vn -0.8983 0.3625 0.2481
vn 0.8436 0.4544 0.2861
vn 0.5459 0.2708 -0.7929
vn 0.2359 0.9176 -0.3200
vn 0.1168 0.5523 0.8254
vn 0.4295 -0.4486 0.7838
vn 0.6647 -0.7008 -0.2590
vn 0.5315 -0.0154 0.8469
vn 0.9378 -0.0606 -0.3419
vn 0.4274 -0.8603 0.2781
vn 0.2624 -0.5358 -0.8025
vn -0.4277 -0.8601 -0.2781
vn -0.2626 -0.5356 0.8026
vn -0.5456 0.2707 -0.7931
vn -0.8435 0.4544 0.2863
vn 0.2054 0.4152 -0.8862
vn 0.3924 0.8327 0.3907
vn -0.3390 0.2807 -0.8979
vn -0.7079 0.5753 0.4098
vn -0.8256 -0.4531 0.3363
vn -0.4625 -0.2734 -0.8434
vn -0.7218 -0.5501 0.4200
vn -0.3436 -0.2566 -0.9034
vn 0.3400 0.2783 0.8983
vn 0.7108 0.5712 -0.4104
vn 0.4625 -0.2743 0.8431
vn 0.8250 -0.4545 -0.3360
vn 0.7184 -0.5540 -0.4207
vn 0.3416 -0.2581 0.9037
vn -0.3053 -0.8979 -0.3171
vn -0.1921 -0.5270 0.8279
vn 0.3028 -0.8986 0.3175
vn 0.1904 -0.5270 -0.8282
vn 0.1904 -0.5270 0.8282
vn -0.3053 -0.8979 0.3171
vn 0.7184 -0.5540 0.4207
vn 0.8250 -0.4545 0.3360
vn 0.7108 0.5712 0.4104
vn -0.3436 -0.2566 0.9034
vn -0.4625 -0.2734 0.8434
vn -0.3390 0.2807 0.8979
vn 0.2054 0.4152 0.8862
vn -0.5456 0.2707 0.7931
vn -0.4277 -0.8601 0.2781
vn 0.2624 -0.5358 0.8025
vn 0.9378 -0.0606 0.3419
vn 0.6647 -0.7008 0.2590
vn 0.2359 0.9176 0.3200
vn 0.5459 0.2708 0.7929
vn -0.5896 0.2388 0.7715
vn -0.4293 -0.4485 0.7839
vn -0.5304 -0.0178 0.8476
vn -0.1198 0.5504 0.8263
vn 0.9094 0.0635 0.4110
vn 0.1816 -0.8953 0.4068
vn -0.0770 -0.4397 0.8948
vn 0.5900 0.2389 0.7713
vn -0.5977 0.1446 0.7886
vn 0.9361 0.2322 0.2642
vn -0.1204 0.9691 0.2155
vn -0.4385 0.0233 0.8984
vn -0.2054 0.4151 0.8863
vn 0.0806 0.6818 0.7271
vn 0.3028 -0.8986 -0.3175
vn -0.1921 -0.5270 -0.8279
vn 0.3416 -0.2581 -0.9037
vn 0.4625 -0.2743 -0.8431
vn 0.3400 0.2783 -0.8983
vn -0.7218 -0.5501 -0.4200
vn -0.8256 -0.4531 -0.3363
vn -0.7079 0.5753 -0.4098
vn 0.3924 0.8327 -0.3907
vn -0.8435 0.4544 -0.2863
vn -0.2626 -0.5356 -0.8026
vn 0.4274 -0.8603 -0.2781
vn 0.5315 -0.0154 -0.8469
vn 0.4295 -0.4486 -0.7838
vn 0.1168 0.5523 -0.8254
vn 0.8436 0.4544 -0.2861
vn -0.8983 0.3625 -0.2481
vn -0.6645 -0.7009 -0.2592
vn -0.9373 -0.0646 -0.3425
vn -0.2408 0.9160 -0.3208
vn 0.4378 0.0254 -0.8987
vn 0.0793 -0.4382 -0.8954
vn -0.1767 -0.8966 -0.4059
vn -0.9362 0.2315 -0.2646
vn -0.3924 0.8326 -0.3908
vn -0.0814 0.6820 -0.7268
vn 0.5981 0.1452 -0.7882
vn 0.1193 0.9691 -0.2157
vn -0.9099 0.0590 -0.4105
vn 0.8984 0.3625 -0.2479
vn -0.1047 0.0908 0.9904
vn -0.0686 0.1328 -0.9888
vn -0.0686 0.1328 0.9888
vn -0.1294 -0.1289 0.9832
vn 0.0186 0.2061 -0.9784
vn -0.1385 0.0046 -0.9904
vn 0.0749 -0.1615 0.9840
vn -0.1792 0.0393 -0.9830
vn 0.1295 -0.1289 -0.9832
vn -0.0189 0.2063 0.9783
vn 0.1687 0.0740 -0.9829
vn -0.0749 -0.1614 -0.9840
vn 0.1687 0.0740 0.9829
vn 0.1794 0.0394 0.9830
vn -0.1109 -0.0774 0.9908
vn -0.0199 -0.1413 -0.9898
vn 0.1102 -0.0779 -0.9908
vn 0.0206 -0.1409 0.9898
vn 0.1050 0.0900 -0.9904
vn 0.1383 0.0052 0.9904
vn 0.0186 0.2061 0.9783
vn -0.0261 0.1915 -0.9811
vn -0.1783 0.0060 -0.9840
vn -0.1792 0.0393 0.9830
vn -0.1483 -0.1023 0.9836
vn -0.1294 -0.1289 -0.9832
vn -0.1686 0.0740 -0.9829
vn -0.1686 0.0740 0.9829
vn 0.1919 0.0813 -0.9780
vn 0.1919 0.0813 0.9780
vn 0.0251 0.1923 0.9810
vn -0.0189 0.2063 -0.9783
vn 0.1483 -0.1026 -0.9836
vn 0.1295 -0.1289 0.9832
vn 0.1788 0.0069 0.9839
vn 0.1794 0.0394 -0.9830
vn 0.0726 -0.1715 0.9825
vn 0.0749 -0.1615 -0.9840
vn -0.0732 -0.1716 -0.9825
vn -0.0750 -0.1614 0.9840
vn -0.1918 0.0812 -0.9781
vn -0.1918 0.0812 0.9781
vn 0.0686 0.1328 -0.9888
vn 0.0686 0.1328 0.9888
vn -0.0261 0.1915 0.9811
vn -0.1047 0.0908 -0.9904
vn -0.1483 -0.1023 -0.9836
vn -0.1385 0.0046 0.9904
vn -0.1783 0.0060 0.9840
vn -0.1109 -0.0774 -0.9908
vn 0.0251 0.1923 -0.9810
vn 0.1050 0.0900 0.9904
vn 0.1483 -0.1026 0.9836
vn 0.1383 0.0052 -0.9904
vn 0.1787 0.0069 -0.9839
vn 0.1102 -0.0779 0.9908
vn -0.0732 -0.1716 0.9825
vn 0.0206 -0.1409 -0.9898
vn 0.0726 -0.1715 -0.9825
vn -0.0199 -0.1413 0.9898
vt 0.731054 0.608414
vt 0.724829 0.629101
vt 0.630872 0.608593
vt 0.724758 0.587731
vt 0.749366 0.652546
vt 0.743457 0.662704
vt 0.762313 0.682611
vt 0.746923 0.682717
vt 0.743457 0.662704
vt 0.759233 0.700244
vt 0.738138 0.695458
vt 0.742016 0.712505
vt 0.716425 0.702076
vt 0.738138 0.695458
vt 0.707311 0.710811
vt 0.675931 0.691938
vt 0.716425 0.702076
vt 0.656412 0.702010
vt 0.635726 0.702521
vt 0.675931 0.691938
vt 0.621226 0.733570
vt 0.610080 0.730555
vt 0.635726 0.702521
vt 0.595463 0.752573
vt 0.590670 0.736667
vt 0.610080 0.730555
vt 0.576532 0.751571
vt 0.575207 0.729977
vt 0.590670 0.736667
vt 0.559778 0.737327
vt 0.564220 0.711191
vt 0.575207 0.729977
vt 0.555857 0.706211
vt 0.568323 0.674962
vt 0.564220 0.711191
vt 0.557560 0.663504
vt 0.553024 0.646727
vt 0.568323 0.674962
vt 0.522281 0.646474
vt 0.519732 0.637306
vt 0.553024 0.646727
vt 0.493338 0.633721
vt 0.502346 0.620596
vt 0.519732 0.637306
vt 0.481935 0.608975
vt 0.502294 0.597251
vt 0.493228 0.584178
vt 0.519605 0.580464
vt 0.502294 0.597251
vt 0.522114 0.571296
vt 0.552854 0.570891
vt 0.519605 0.580464
vt 0.557310 0.554094
vt 0.568003 0.542551
vt 0.552854 0.570891
vt 0.555344 0.511311
vt 0.563626 0.506229
vt 0.568003 0.542551
vt 0.559009 0.480069
vt 0.574525 0.487388
vt 0.563625 0.506229
vt 0.575773 0.465806
vt 0.589970 0.480628
vt 0.574525 0.487388
vt 0.594646 0.464669
vt 0.609417 0.486676
vt 0.620606 0.483682
vt 0.635294 0.514707
vt 0.609417 0.486676
vt 0.656005 0.515149
vt 0.675594 0.525110
vt 0.635294 0.514707
vt 0.706947 0.506053
vt 0.716156 0.514675
vt 0.675594 0.525110
vt 0.741762 0.504081
vt 0.737917 0.521185
vt 0.716156 0.514675
vt 0.758987 0.516332
vt 0.746760 0.533899
vt 0.737917 0.521185
vt 0.762190 0.533904
vt 0.743353 0.553942
vt 0.746760 0.533899
vt 0.749245 0.564139
vt 0.724758 0.587731
vt 0.743353 0.553942
vt 0.328872 0.332454
vt 0.318110 0.343912
vt 0.255561 0.277543
vt 0.333408 0.315677
vt 0.330575 0.375161
vt 0.322212 0.380141
vt 0.318110 0.343912
vt 0.326654 0.406277
vt 0.311226 0.398926
vt 0.322212 0.380141
vt 0.309900 0.420521
vt 0.295762 0.405617
vt 0.311226 0.398926
vt 0.290970 0.421523
vt 0.276352 0.399504
vt 0.295762 0.405617
vt 0.265207 0.402520
vt 0.250706 0.371470
vt 0.230020 0.370960
vt 0.210502 0.360888
vt 0.250706 0.371470
vt 0.179121 0.379761
vt 0.170007 0.371026
vt 0.144416 0.381455
vt 0.148295 0.364408
vt 0.127199 0.369194
vt 0.139510 0.351667
vt 0.148295 0.364408
vt 0.124119 0.351561
vt 0.142976 0.331653
vt 0.137066 0.321496
vt 0.161604 0.298050
vt 0.155378 0.277363
vt 0.161674 0.256681
vt 0.137187 0.233089
vt 0.143079 0.222892
vt 0.161674 0.256681
vt 0.124242 0.202854
vt 0.139672 0.202849
vt 0.143079 0.222892
vt 0.127445 0.185282
vt 0.148516 0.190135
vt 0.139672 0.202849
vt 0.144671 0.173030
vt 0.170277 0.183625
vt 0.148516 0.190135
vt 0.179486 0.175003
vt 0.210839 0.194059
vt 0.170277 0.183625
vt 0.230427 0.184099
vt 0.251138 0.183657
vt 0.210839 0.194059
vt 0.265826 0.152632
vt 0.277015 0.155625
vt 0.291787 0.133619
vt 0.296462 0.149578
vt 0.310659 0.134756
vt 0.311907 0.156338
vt 0.327423 0.149018
vt 0.322807 0.175179
vt 0.311907 0.156338
vt 0.331088 0.180261
vt 0.318429 0.211501
vt 0.322807 0.175179
vt 0.329122 0.223044
vt 0.333578 0.239841
vt 0.364318 0.240246
vt 0.366827 0.249414
vt 0.333578 0.239841
vt 0.393205 0.253128
vt 0.384139 0.266201
vt 0.366827 0.249414
vt 0.404497 0.277925
vt 0.384087 0.289546
vt 0.384139 0.266201
vt 0.393095 0.302671
vt 0.366701 0.306255
vt 0.384087 0.289546
vt 0.364151 0.315424
vt 0.333408 0.315677
vt 0.366701 0.306255
vt 0.419319 0.522091
vt 0.462109 0.519032
vt 0.487130 0.532193
vt 0.457010 0.537890
vt 0.504899 0.515973
vt 0.508715 0.519661
vt 0.526846 0.532628
vt 0.508507 0.544733
vt 0.482268 0.550119
vt 0.567150 0.885845
vt 0.548579 0.885453
vt 0.561454 0.841659
vt 0.579878 0.839739
vt 0.530008 0.885062
vt 0.544706 0.837976
vt 0.557077 0.804221
vt 0.571012 0.807486
vt 0.586472 0.805760
vt 0.188482 0.778359
vt 0.244267 0.773275
vt 0.268922 0.794445
vt 0.226445 0.795001
vt 0.288345 0.778232
vt 0.310268 0.794895
vt 0.332192 0.811558
vt 0.298300 0.811601
vt 0.264408 0.811644
vt 0.188482 0.640746
vt 0.244267 0.646171
vt 0.231098 0.675357
vt 0.186364 0.675573
vt 0.288345 0.640619
vt 0.281317 0.674645
vt 0.274289 0.708672
vt 0.226458 0.709057
vt 0.182119 0.709754
vt 0.780888 0.141552
vt 0.757189 0.140888
vt 0.743810 0.106591
vt 0.769069 0.107084
vt 0.733490 0.140224
vt 0.717910 0.105940
vt 0.702331 0.071655
vt 0.736949 0.072177
vt 0.763370 0.072653
vt 0.541551 0.172374
vt 0.484740 0.172374
vt 0.485847 0.141302
vt 0.537659 0.139397
vt 0.427928 0.172374
vt 0.427580 0.141681
vt 0.427232 0.110987
vt 0.484617 0.109494
vt 0.536776 0.107328
vt 0.895758 0.958835
vt 0.877295 0.958870
vt 0.875387 0.924729
vt 0.897867 0.924591
vt 0.858831 0.958904
vt 0.854071 0.924630
vt 0.852566 0.890268
vt 0.874511 0.890377
vt 0.897712 0.890231
vt 0.421571 0.093428
vt 0.401552 0.139175
vt 0.377774 0.161161
vt 0.388122 0.126049
vt 0.381534 0.184923
vt 0.361367 0.199799
vt 0.341200 0.214676
vt 0.357962 0.178061
vt 0.366665 0.147406
vt 0.526202 0.041752
vt 0.466004 0.045536
vt 0.447334 0.021315
vt 0.495340 0.020932
vt 0.412579 0.041752
vt 0.399966 0.020932
vt 0.387354 0.000112
vt 0.425915 0.000112
vt 0.464477 0.000112
vt 0.067517 0.898952
vt 0.033866 0.901531
vt 0.037936 0.866480
vt 0.072289 0.864688
vt 0.000216 0.904110
vt 0.002929 0.869015
vt 0.005641 0.833921
vt 0.040414 0.831737
vt 0.075334 0.830004
vt 0.373251 0.673537
vt 0.353586 0.641440
vt 0.397760 0.635652
vt 0.414014 0.658006
vt 0.333921 0.609342
vt 0.389912 0.609204
vt 0.425938 0.609114
vt 0.431781 0.630875
vt 0.445108 0.649031
vt 0.113144 0.632420
vt 0.057095 0.631584
vt 0.061751 0.597280
vt 0.113098 0.597839
vt 0.001047 0.630748
vt 0.004214 0.596462
vt 0.007382 0.562177
vt 0.064236 0.562864
vt 0.115961 0.563400
vt 0.776354 0.824055
vt 0.723719 0.794459
vt 0.709584 0.766614
vt 0.748484 0.781530
vt 0.671084 0.764862
vt 0.672619 0.760275
vt 0.666592 0.738396
vt 0.698556 0.742345
vt 0.732023 0.754484
vt 0.323203 0.820575
vt 0.370649 0.824623
vt 0.358928 0.855242
vt 0.319054 0.854056
vt 0.408746 0.820575
vt 0.402199 0.855058
vt 0.395651 0.889541
vt 0.354252 0.888421
vt 0.314533 0.887391
vt 0.885845 0.742932
vt 0.883621 0.762095
vt 0.843462 0.737996
vt 0.843556 0.719676
vt 0.881396 0.781257
vt 0.837635 0.753634
vt 0.806980 0.732683
vt 0.812034 0.719885
vt 0.811994 0.704608
vt 0.723344 0.239320
vt 0.724710 0.222722
vt 0.757872 0.211588
vt 0.756658 0.232995
vt 0.726075 0.206124
vt 0.759199 0.192783
vt 0.792322 0.179441
vt 0.791573 0.205951
vt 0.790396 0.228636
vt 0.000588 0.141641
vt 0.003197 0.122791
vt 0.043294 0.147089
vt 0.043018 0.165306
vt 0.005807 0.103940
vt 0.049291 0.131577
vt 0.079849 0.152649
vt 0.074670 0.165356
vt 0.074576 0.180565
vt 0.951338 0.673935
vt 0.933044 0.673682
vt 0.930315 0.637763
vt 0.951232 0.638452
vt 0.914750 0.673428
vt 0.909592 0.638165
vt 0.907296 0.603183
vt 0.928584 0.602731
vt 0.950082 0.603454
vt 0.687980 0.800379
vt 0.706163 0.800179
vt 0.707486 0.828810
vt 0.688490 0.828771
vt 0.724346 0.799979
vt 0.726728 0.828350
vt 0.729110 0.856721
vt 0.707798 0.859502
vt 0.688999 0.857162
vt 0.321118 0.000153
vt 0.339386 0.000927
vt 0.326269 0.044683
vt 0.307939 0.046421
vt 0.357654 0.001701
vt 0.342899 0.048542
vt 0.330370 0.082221
vt 0.316520 0.078825
vt 0.301122 0.080414
vt 0.143996 0.644776
vt 0.166239 0.642761
vt 0.154849 0.676989
vt 0.129537 0.679016
vt 0.148916 0.711290
vt 0.115077 0.713257
vt 0.485841 0.851400
vt 0.475762 0.822511
vt 0.500390 0.788928
vt 0.511455 0.810746
vt 0.465683 0.793621
vt 0.492148 0.763903
vt 0.518614 0.734186
vt 0.521035 0.763062
vt 0.529905 0.781741
vt 0.839125 0.812860
vt 0.807739 0.818458
vt 0.779507 0.784494
vt 0.804249 0.778487
vt 0.758895 0.757883
vt 0.779551 0.752984
vt 0.173916 0.631892
vt 0.143530 0.632156
vt 0.151800 0.597864
vt 0.181291 0.597540
vt 0.155920 0.563447
vt 0.185953 0.563118
vt 0.607627 0.014330
vt 0.643522 0.019746
vt 0.653006 0.054423
vt 0.615820 0.048754
vt 0.679418 0.025162
vt 0.691307 0.060144
vt 0.703196 0.095125
vt 0.658026 0.088892
vt 0.624013 0.083178
vt 0.649694 0.813686
vt 0.647136 0.782871
vt 0.628303 0.862510
vt 0.626069 0.813629
vt 0.624799 0.782665
vt 0.643445 0.756726
vt 0.505313 0.701949
vt 0.462510 0.699081
vt 0.489304 0.684511
vt 0.525413 0.686955
vt 0.419707 0.696212
vt 0.457327 0.680219
vt 0.482530 0.667858
vt 0.510645 0.671802
vt 0.545513 0.671961
vt 0.915525 0.140224
vt 0.872719 0.140851
vt 0.865563 0.106556
vt 0.909318 0.105940
vt 0.829912 0.141477
vt 0.826023 0.107041
vt 0.821987 0.072613
vt 0.861709 0.072141
vt 0.903110 0.071655
vt 0.274047 0.814541
vt 0.298625 0.817558
vt 0.287849 0.851672
vt 0.260564 0.848714
vt 0.281893 0.885180
vt 0.247081 0.882886
vt 0.372964 0.544973
vt 0.396142 0.533532
vt 0.433064 0.546235
vt 0.413796 0.560296
vt 0.461150 0.557112
vt 0.444930 0.569113
vt 0.128756 0.900111
vt 0.098137 0.899531
vt 0.105146 0.864424
vt 0.136133 0.865238
vt 0.109418 0.829599
vt 0.147418 0.829511
vt 0.402274 0.034959
vt 0.411922 0.064193
vt 0.386358 0.097974
vt 0.376232 0.075717
vt 0.365985 0.123130
vt 0.357588 0.104684
vt 0.216044 0.121271
vt 0.237652 0.072543
vt 0.240974 0.105650
vt 0.222457 0.146371
vt 0.259260 0.023815
vt 0.261352 0.072602
vt 0.262481 0.103551
vt 0.244526 0.131870
vt 0.228871 0.171471
vt 0.690811 0.171637
vt 0.686020 0.219269
vt 0.655524 0.232281
vt 0.655872 0.178166
vt 0.690811 0.278246
vt 0.656704 0.281261
vt 0.620933 0.302280
vt 0.621347 0.238122
vt 0.620933 0.184694
vt 0.047618 0.071922
vt 0.079329 0.066766
vt 0.107039 0.100066
vt 0.082586 0.106671
vt 0.111039 0.061610
vt 0.134318 0.096292
vt 0.157596 0.130975
vt 0.128108 0.127389
vt 0.107234 0.132327
vt 0.601541 0.159174
vt 0.571546 0.165774
vt 0.576874 0.134381
vt 0.610131 0.127801
vt 0.577879 0.102403
vt 0.618721 0.096427
vt 0.726075 0.396000
vt 0.724049 0.347751
vt 0.757253 0.342824
vt 0.759199 0.392435
vt 0.722023 0.299501
vt 0.755911 0.297515
vt 0.789690 0.294611
vt 0.790956 0.340313
vt 0.792322 0.388869
vt 0.803044 0.608297
vt 0.836419 0.646248
vt 0.805464 0.640291
vt 0.792957 0.608306
vt 0.869793 0.684199
vt 0.826133 0.670507
vt 0.796528 0.662888
vt 0.779180 0.636587
vt 0.769500 0.608347
vt 0.239242 0.000684
vt 0.240626 0.028628
vt 0.206185 0.038289
vt 0.204737 0.009474
vt 0.242009 0.056573
vt 0.207646 0.068241
vt 0.173283 0.079909
vt 0.171696 0.043404
vt 0.170231 0.018265
vt 0.083388 0.277247
vt 0.050183 0.239148
vt 0.081102 0.245207
vt 0.093475 0.277256
vt 0.016977 0.201048
vt 0.060500 0.214831
vt 0.090070 0.222563
vt 0.107365 0.249004
vt 0.116933 0.277297
vt 0.396479 0.684875
vt 0.433344 0.671981
vt 0.461381 0.660959
vt 0.805400 0.141515
vt 0.795178 0.107222
vt 0.790126 0.072806
vt 0.353443 0.577158
vt 0.397642 0.582722
vt 0.431684 0.587327
vt 0.429224 0.701549
vt 0.428777 0.738902
vt 0.395614 0.734783
vt 0.396157 0.695264
vt 0.428331 0.776256
vt 0.395218 0.773817
vt 0.362105 0.771379
vt 0.361868 0.732602
vt 0.363090 0.688979
vt 0.507924 0.868231
vt 0.527248 0.827162
vt 0.542769 0.795468
vt 0.834739 0.958409
vt 0.830364 0.924268
vt 0.810647 0.957913
vt 0.804940 0.923798
vt 0.799234 0.889683
vt 0.828254 0.889927
vt 0.953341 0.957913
vt 0.924550 0.958374
vt 0.925100 0.924235
vt 0.954981 0.923798
vt 0.925348 0.889895
vt 0.956621 0.889683
vt 0.597727 0.874177
vt 0.602676 0.831562
vt 0.605227 0.798835
vt 0.211700 0.630748
vt 0.192808 0.631320
vt 0.204539 0.597032
vt 0.225713 0.596462
vt 0.210499 0.562617
vt 0.239726 0.562177
vt 0.860261 0.797059
vt 0.823811 0.767389
vt 0.795837 0.743978
vt 0.379964 0.018330
vt 0.360410 0.059332
vt 0.344712 0.090969
vt 0.177258 0.904110
vt 0.153007 0.902110
vt 0.163400 0.866955
vt 0.189085 0.869015
vt 0.174166 0.831716
vt 0.200913 0.833921
vt 0.290189 0.011984
vt 0.284994 0.054605
vt 0.282257 0.087336
vt 0.694038 0.301638
vt 0.659359 0.313985
vt 0.697264 0.325029
vt 0.662658 0.339455
vt 0.628051 0.353881
vt 0.624492 0.328081
vt 0.891672 0.675755
vt 0.886712 0.639843
vt 0.868595 0.678082
vt 0.862348 0.642060
vt 0.856101 0.606038
vt 0.883827 0.604766
vt 0.026713 0.087931
vt 0.063075 0.117783
vt 0.090974 0.141332
vt 0.999059 0.678082
vt 0.975199 0.676009
vt 0.974653 0.640081
vt 0.999530 0.642060
vt 0.973921 0.605003
vt 1.000000 0.606038
vt 0.008783 0.171345
vt 0.048211 0.188140
vt 0.078980 0.199594
vt 0.722684 0.269411
vt 0.755864 0.261332
vt 0.789590 0.257396
vt 0.877819 0.713566
vt 0.838371 0.696975
vt 0.807586 0.685677
vt 0.089904 0.331838
vt 0.078846 0.354626
vt 0.048062 0.365924
vt 0.060299 0.339457
vt 0.074439 0.373557
vt 0.042876 0.388626
vt 0.000588 0.411882
vt 0.008613 0.382516
vt 0.016639 0.353149
vt 0.972882 0.571634
vt 0.997759 0.573614
vt 0.949461 0.570006
vt 0.947797 0.537042
vt 0.971657 0.539116
vt 0.995517 0.541189
vt 0.884941 0.571397
vt 0.907821 0.569719
vt 0.860577 0.573614
vt 0.865053 0.541189
vt 0.888131 0.538862
vt 0.911208 0.536535
vt 0.625284 0.866839
vt 0.657142 0.862000
vt 0.656291 0.899249
vt 0.626233 0.903739
vt 0.683818 0.895799
vt 0.684949 0.931866
vt 0.656066 0.936252
vt 0.627182 0.940639
vt 0.756108 0.861780
vt 0.751134 0.899056
vt 0.727021 0.895554
vt 0.783105 0.866839
vt 0.776687 0.903739
vt 0.770270 0.940639
vt 0.745792 0.936052
vt 0.721315 0.931466
vt 0.079452 0.401633
vt 0.090595 0.412927
vt 0.062621 0.436338
vt 0.048797 0.422584
vt 0.106882 0.421933
vt 0.082184 0.447436
vt 0.047307 0.481810
vt 0.026172 0.466008
vt 0.005036 0.450207
vt 0.261633 0.451615
vt 0.281205 0.467784
vt 0.283756 0.500512
vt 0.260363 0.482579
vt 0.299960 0.474710
vt 0.306555 0.508688
vt 0.319282 0.554794
vt 0.288706 0.543127
vt 0.258129 0.531460
vt 0.329355 0.473171
vt 0.343663 0.464418
vt 0.359184 0.496112
vt 0.341726 0.506925
vt 0.356528 0.450691
vt 0.374977 0.479696
vt 0.400592 0.520350
vt 0.378508 0.537181
vt 0.356424 0.554012
vt 0.460494 0.278064
vt 0.454748 0.256277
vt 0.488791 0.251672
vt 0.496521 0.278154
vt 0.441502 0.238062
vt 0.472636 0.229245
vt 0.513468 0.213923
vt 0.532990 0.246108
vt 0.552511 0.278292
vt 0.403903 0.336808
vt 0.425051 0.329909
vt 0.453088 0.340930
vt 0.429106 0.349169
vt 0.441324 0.317981
vt 0.472419 0.326956
vt 0.513182 0.342487
vt 0.489953 0.353824
vt 0.466725 0.365162
vt 0.137097 0.038289
vt 0.135649 0.009474
vt 0.138558 0.068241
vt 0.103833 0.056573
vt 0.102450 0.028628
vt 0.101066 0.000684
vt 0.116933 0.277297
vt 0.107252 0.305537
vt 0.080969 0.309241
vt 0.093475 0.277256
vt 0.050014 0.315198
vt 0.569199 0.069070
vt 0.602456 0.062489
vt 0.529904 0.074181
vt 0.556196 0.035152
vt 0.586191 0.028552
vt 0.587441 0.233715
vt 0.587402 0.178182
vt 0.587402 0.290279
vt 0.553872 0.278277
vt 0.553872 0.224973
vt 0.553872 0.171669
vt 0.107312 0.795605
vt 0.140068 0.796033
vt 0.074269 0.795910
vt 0.071478 0.761395
vt 0.102097 0.761975
vt 0.132717 0.762554
vt 0.424965 0.225993
vt 0.453718 0.214984
vt 0.399289 0.218828
vt 0.433201 0.204934
vt 0.467113 0.191041
vt 0.490290 0.202482
vt 0.340919 0.340911
vt 0.375788 0.340751
vt 0.397128 0.353461
vt 0.361019 0.355905
vt 0.423922 0.368030
vt 0.381120 0.370898
vt 0.219841 0.407346
vt 0.242987 0.425675
vt 0.239297 0.451821
vt 0.213813 0.429225
vt 0.236739 0.482636
vt 0.215348 0.433812
vt 0.127538 0.426833
vt 0.106926 0.453443
vt 0.154409 0.423434
vt 0.137949 0.450480
vt 0.110078 0.493005
vt 0.078693 0.487407
vt 0.365398 0.432012
vt 0.386043 0.457877
vt 0.367819 0.403135
vt 0.394284 0.432853
vt 0.420749 0.462571
vt 0.410671 0.491461
vt 0.705842 0.894815
vt 0.703132 0.931666
vt 0.928544 0.569317
vt 0.929503 0.536789
vt 0.074398 0.388835
vt 0.042971 0.406945
vt 0.002812 0.431044
vt 0.387141 0.780916
vt 0.416173 0.780916
vt 0.391528 0.801152
vt 0.355172 0.800745
vt 0.445205 0.780916
vt 0.426976 0.800745
vt 0.187877 0.411294
vt 0.176848 0.435564
vt 0.162713 0.463408
vt 0.477853 0.076374
vt 0.419906 0.076369
vt 0.039917 0.797701
vt 0.004909 0.800237
vt 0.004177 0.766553
vt 0.037827 0.763974
vt 0.315421 0.476436
vt 0.324978 0.510609
vt 0.337853 0.554403
vt 0.454651 0.299825
vt 0.488673 0.304602
vt 0.532847 0.310389
vt 0.264408 0.612083
vt 0.298300 0.612040
vt 0.268922 0.626909
vt 0.226445 0.626414
vt 0.332192 0.611997
vt 0.310268 0.626308
vt 0.824334 0.261391
vt 0.824381 0.297575
vt 0.825127 0.233054
vt 0.860283 0.239439
vt 0.859623 0.269529
vt 0.858962 0.299620
vt 0.796362 0.553613
vt 0.807452 0.530644
vt 0.838221 0.519191
vt 0.825933 0.545881
vt 0.811857 0.511615
vt 0.843415 0.496356
vt 0.885845 0.472692
vt 0.877650 0.502395
vt 0.869455 0.532098
vt 0.806584 0.483699
vt 0.795458 0.472382
vt 0.823357 0.448833
vt 0.837141 0.462627
vt 0.779198 0.463378
vt 0.803846 0.437721
vt 0.838814 0.402972
vt 0.859720 0.418981
vt 0.880625 0.434990
vt 0.628228 0.436371
vt 0.604591 0.418342
vt 0.601746 0.384838
vt 0.627700 0.395618
vt 0.585310 0.411464
vt 0.578494 0.377471
vt 0.565314 0.331203
vt 0.596243 0.343034
vt 0.627173 0.354865
vt 0.556062 0.413271
vt 0.541720 0.422019
vt 0.526022 0.390383
vt 0.543533 0.379592
vt 0.528844 0.435735
vt 0.510200 0.406767
vt 0.484158 0.366009
vt 0.506468 0.349380
vt 0.528778 0.332751
vt 0.204660 0.527945
vt 0.225834 0.527374
vt 0.181411 0.528452
vt 0.174158 0.493716
vt 0.193050 0.493144
vt 0.211942 0.492572
vt 0.925221 0.855147
vt 0.955102 0.854710
vt 0.897988 0.855503
vt 0.896000 0.820659
vt 0.924791 0.820198
vt 0.953582 0.819737
vt 0.830484 0.855180
vt 0.854192 0.855542
vt 0.805061 0.854710
vt 0.810889 0.819737
vt 0.834981 0.820233
vt 0.859073 0.820728
vt 0.326808 0.734783
vt 0.327350 0.695264
vt 0.326411 0.773817
vt 0.290717 0.776256
vt 0.291164 0.738902
vt 0.291610 0.701549
vt 0.794312 0.038140
vt 0.825158 0.037959
vt 0.768204 0.038001
vt 0.779157 0.003387
vt 0.803669 0.003350
vt 0.828181 0.003312
vt 0.769500 0.608347
vt 0.779067 0.580055
vt 0.805330 0.576257
vt 0.792957 0.608306
vt 0.836249 0.570198
vt 0.825722 0.342883
vt 0.827668 0.392494
vt 0.860988 0.347869
vt 0.863014 0.396119
vt 0.758442 0.458650
vt 0.778968 0.431934
vt 0.731455 0.462303
vt 0.747790 0.435205
vt 0.775393 0.392660
vt 0.807104 0.397816
vt 0.726027 0.130947
vt 0.726027 0.167128
vt 0.707938 0.195490
vt 0.708419 0.151292
vt 0.726027 0.203310
vt 0.708419 0.240778
vt 0.520447 0.454180
vt 0.500075 0.429025
vt 0.519767 0.478456
vt 0.498310 0.457099
vt 0.464861 0.424478
vt 0.474510 0.395244
vt 0.286203 0.917412
vt 0.258918 0.914454
vt 0.317295 0.919694
vt 0.319912 0.952055
vt 0.295334 0.949038
vt 0.270755 0.946021
vt 0.864698 0.037474
vt 0.908452 0.036857
vt 0.870987 0.002686
vt 0.913794 0.002059
vt 0.653006 0.122892
vt 0.615820 0.117223
vt 0.691307 0.128613
vt 0.679418 0.162100
vt 0.643522 0.156684
vt 0.607627 0.151268
vt 0.151921 0.528776
vt 0.113219 0.528751
vt 0.113386 0.494244
vt 0.143772 0.493980
vt 0.154849 0.745796
vt 0.129537 0.747823
vt 0.186364 0.744117
vt 0.166239 0.780374
vt 0.143996 0.782389
vt 0.569913 0.409875
vt 0.560164 0.375733
vt 0.547046 0.331977
vt 0.811763 0.496406
vt 0.843138 0.478139
vt 0.883235 0.453841
vt 0.826341 0.211647
vt 0.827668 0.192842
vt 0.863014 0.206243
vt 0.861649 0.222841
vt 0.061872 0.528192
vt 0.004335 0.527375
vt 0.001288 0.492572
vt 0.057337 0.493408
vt 0.742944 0.037509
vt 0.717045 0.036857
vt 0.731759 0.002059
vt 0.755458 0.002723
vt 0.526612 0.507796
vt 0.506821 0.490949
vt 0.526846 0.532628
vt 0.508715 0.519661
vt 0.484880 0.470226
vt 0.697107 0.477055
vt 0.707997 0.452680
vt 0.657562 0.502521
vt 0.663975 0.477422
vt 0.670388 0.452322
vt 0.722891 0.422491
vt 0.231098 0.743113
vt 0.281317 0.743452
vt 0.875508 0.855641
vt 0.877537 0.820694
vt 0.356828 0.920575
vt 0.400553 0.920798
vt 0.405455 0.952055
vt 0.362683 0.952055
vt 0.331950 0.442084
vt 0.320959 0.450553
vt 0.343061 0.432135
vt 0.502346 0.620596
vt 0.455997 0.626601
vt 0.449928 0.609055
vt 0.465499 0.641532
vt 0.445108 0.649031
vt 0.431781 0.630875
vt 0.425938 0.609114
vt 0.430435 0.295551
vt 0.420934 0.310481
vt 0.436504 0.278005
vt 0.250706 0.371470
vt 0.247416 0.405476
vt 0.225066 0.389534
vt 0.264529 0.430642
vt 0.544505 0.696923
vt 0.544065 0.673310
vt 0.536565 0.725574
vt 0.532063 0.703073
vt 0.577193 0.782899
vt 0.565473 0.781603
vt 0.589414 0.782832
vt 0.586472 0.805760
vt 0.571011 0.807486
vt 0.557077 0.804221
vt 0.127570 0.304090
vt 0.135317 0.277330
vt 0.110419 0.328792
vt 0.675931 0.691938
vt 0.691135 0.722871
vt 0.661367 0.720585
vt 0.722608 0.735147
vt 0.666592 0.738396
vt 0.635294 0.514707
vt 0.638424 0.481886
vt 0.660203 0.498675
vt 0.621534 0.455902
vt 0.642895 0.469446
vt 0.318429 0.211501
vt 0.342633 0.189059
vt 0.342607 0.213234
vt 0.350413 0.160427
vt 0.357962 0.178061
vt 0.524979 0.555863
vt 0.542201 0.543177
vt 0.498751 0.560583
vt 0.482268 0.550119
vt 0.508507 0.544734
vt 0.758761 0.581574
vt 0.751116 0.608380
vt 0.775861 0.556740
vt 0.333578 0.239841
vt 0.360443 0.225236
vt 0.387118 0.229554
vt 0.370245 0.216752
vt 0.196387 0.164097
vt 0.226342 0.167596
vt 0.164629 0.150739
vt 0.193234 0.151223
vt 0.110174 0.395865
vt 0.100017 0.387815
vt 0.122371 0.404092
vt 0.746923 0.682717
vt 0.789221 0.707919
vt 0.786415 0.718866
vt 0.790351 0.696268
vt 0.811994 0.704608
vt 0.812034 0.719885
vt 0.737917 0.521185
vt 0.775943 0.489538
vt 0.786089 0.497602
vt 0.763758 0.481308
vt 0.097440 0.177438
vt 0.100344 0.166552
vt 0.096211 0.189032
vt 0.074576 0.180565
vt 0.074670 0.165356
vt 0.553559 0.444305
vt 0.564572 0.435837
vt 0.542429 0.454250
vt 0.310197 0.103388
vt 0.321860 0.104787
vt 0.298032 0.103351
vt 0.301122 0.080414
vt 0.316520 0.078825
vt 0.330370 0.082221
vt 0.318110 0.343912
vt 0.341927 0.365872
vt 0.349867 0.394524
vt 0.342367 0.342260
vt 0.354369 0.372023
vt 0.564220 0.711191
vt 0.537228 0.746638
vt 0.543371 0.763185
vt 0.529905 0.781741
vt 0.521035 0.763062
vt 0.716425 0.702076
vt 0.745742 0.737922
vt 0.764062 0.735142
vt 0.779550 0.752984
vt 0.758895 0.757883
vt 0.195297 0.391820
vt 0.163824 0.404097
vt 0.276352 0.399504
vt 0.281258 0.444377
vt 0.297019 0.451781
vt 0.635726 0.702521
vt 0.639016 0.736527
vt 0.621904 0.761693
vt 0.643445 0.756726
vt 0.525587 0.661642
vt 0.498966 0.657309
vt 0.510644 0.671802
vt 0.482530 0.667858
vt 0.333408 0.315677
vt 0.360845 0.330592
vt 0.387466 0.326259
vt 0.519605 0.580464
vt 0.480359 0.566903
vt 0.465354 0.576510
vt 0.444930 0.569113
vt 0.366827 0.249414
vt 0.405966 0.235847
vt 0.421078 0.245459
vt 0.349975 0.139720
vt 0.344003 0.123200
vt 0.357588 0.104684
vt 0.365985 0.123130
vt 0.568003 0.542551
vt 0.543427 0.519843
vt 0.536019 0.491477
vt 0.609418 0.486676
vt 0.604349 0.441845
vt 0.588401 0.434401
vt 0.248170 0.150156
vt 0.265278 0.124523
vt 0.244526 0.131870
vt 0.262481 0.103551
vt 0.170277 0.183624
vt 0.141130 0.147623
vt 0.122674 0.150258
vt 0.128108 0.127389
vt 0.675594 0.525110
vt 0.690483 0.494629
vt 0.722136 0.481667
vt 0.101285 0.348647
vt 0.096081 0.365218
vt 0.724829 0.629101
vt 0.758862 0.635140
vt 0.776013 0.659842
vt 0.796528 0.662888
vt 0.743353 0.553942
vt 0.785019 0.536738
vt 0.790221 0.520082
vt 0.161674 0.256681
vt 0.127672 0.250524
vt 0.110571 0.225690
vt 0.090070 0.222563
vt 0.519732 0.637306
vt 0.480546 0.651071
vt 0.461382 0.660959
vt 0.366701 0.306255
vt 0.405886 0.320021
vt 0.502294 0.597251
vt 0.455919 0.591482
vt 0.431684 0.587327
vt 0.430513 0.260432
vt 0.349204 0.415588
vt 0.575207 0.729977
vt 0.554483 0.773134
vt 0.542769 0.795468
vt 0.610080 0.730555
vt 0.605174 0.775427
vt 0.309240 0.451849
vt 0.170007 0.371026
vt 0.140690 0.406872
vt 0.776259 0.726915
vt 0.795837 0.743978
vt 0.563625 0.506229
vt 0.536458 0.470770
vt 0.311907 0.156338
vt 0.332873 0.113255
vt 0.344712 0.090969
vt 0.277015 0.155625
vt 0.282174 0.110752
vt 0.282257 0.087336
vt 0.576236 0.434438
vt 0.716156 0.514675
vt 0.745363 0.478675
vt 0.148516 0.190135
vt 0.110489 0.158487
vt 0.090974 0.141332
vt 0.101414 0.205688
vt 0.788993 0.508488
vt 0.743457 0.662704
vt 0.785147 0.679697
vt 0.807586 0.685677
vt 0.139510 0.351667
vt 0.097211 0.376869
s 1
f 5563/6615/5563 6074/6616/6074 6157/6617/6157 6048/6618/6048
f 5613/6619/5613 6095/6620/6095 6157/6617/6157 6074/6616/6074
f 5644/6621/5644 6052/6622/6052 6157/6617/6157 6095/6623/6095
f 5579/6624/5579 6086/6625/6086 6157/6617/6157 6052/6622/6052
f 5631/6626/5631 6059/6627/6059 6157/6617/6157 6086/6628/6086
f 5590/6629/5590 6044/6630/6044 6157/6617/6157 6059/6631/6059
f 5568/6632/5568 6062/6633/6062 6157/6617/6157 6044/6634/6044
f 5594/6635/5594 6083/6636/6083 6157/6617/6157 6062/6637/6062
f 5626/6638/5626 6042/6639/6042 6157/6617/6157 6083/6640/6083
f 5559/6641/5559 6082/6642/6082 6157/6617/6157 6042/6643/6042
f 5625/6644/5625 6058/6645/6058 6157/6617/6157 6082/6646/6082
f 5588/6647/5588 6041/6648/6041 6157/6617/6157 6058/6649/6058
f 5567/6650/5567 6063/6651/6063 6157/6617/6157 6041/6652/6041
f 5596/6653/5596 6077/6654/6077 6157/6617/6157 6063/6655/6063
f 5617/6656/5617 6038/6657/6038 6157/6617/6157 6077/6658/6077
f 5564/6659/5564 6079/6660/6079 6157/6617/6157 6038/6657/6038
f 5621/6661/5621 6065/6662/6065 6157/6617/6157 6079/6663/6079
f 5599/6664/5599 6047/6665/6047 6157/6617/6157 6065/6666/6065
f 5570/6667/5570 6068/6668/6068 6157/6617/6157 6047/6669/6047
f 5603/6670/5603 6087/6671/6087 6157/6617/6157 6068/6672/6068
f 5632/6673/5632 6055/6674/6055 6157/6617/6157 6087/6675/6087
f 5584/6676/5584 6090/6677/6090 6157/6617/6157 6055/6678/6055
f 5636/6679/5636 6069/6680/6069 6157/6617/6157 6090/6677/6090
f 5605/6681/5605 6045/6682/6045 6157/6617/6157 6069/6683/6069
f 5569/6684/5569 6072/6685/6072 6157/6617/6157 6045/6686/6045
f 5609/6687/5609 6091/6688/6091 6157/6617/6157 6072/6689/6072
f 5638/6690/5638 6053/6691/6053 6157/6617/6157 6091/6692/6091
f 5581/6693/5581 6094/6694/6094 6157/6617/6157 6053/6695/6053
f 5642/6696/5642 6075/6697/6075 6157/6617/6157 6094/6698/6094
f 5614/6699/5614 6048/6700/6048 6157/6617/6157 6075/6701/6075
f 5566/6702/5566 6057/6703/6057 6158/6704/6158 6064/6705/6064
f 5587/6706/5587 6081/6707/6081 6158/6704/6158 6057/6708/6057
f 5623/6709/5623 6037/6710/6037 6158/6704/6158 6081/6711/6081
f 5560/6712/5560 6084/6713/6084 6158/6704/6158 6037/6714/6037
f 5627/6715/5627 6061/6716/6061 6158/6704/6158 6084/6717/6084
f 5593/6718/5593 6040/6719/6040 6158/6704/6158 6061/6716/6061
f 5565/6720/5565 6060/6721/6060 6158/6704/6158 6040/6722/6040
f 5591/6723/5591 6085/6724/6085 6158/6704/6158 6060/6721/6060
f 5629/6725/5629 6051/6726/6051 6158/6704/6158 6085/6724/6085
f 5578/6727/5578 6096/6728/6096 6158/6704/6158 6051/6729/6051
f 5645/6730/5645 6073/6731/6073 6158/6704/6158 6096/6728/6096
f 5611/6732/5611 6043/6733/6043 6158/6704/6158 6073/6731/6073
f 5561/6734/5561 6076/6735/6076 6158/6704/6158 6043/6733/6043
f 5616/6736/5616 6093/6737/6093 6158/6704/6158 6076/6738/6076
f 5641/6739/5641 6054/6740/6054 6158/6704/6158 6093/6741/6093
f 5582/6742/5582 6092/6743/6092 6158/6704/6158 6054/6744/6054
f 5640/6745/5640 6071/6746/6071 6158/6704/6158 6092/6747/6092
f 5608/6748/5608 6050/6749/6050 6158/6704/6158 6071/6750/6071
f 5572/6751/5572 6070/6752/6070 6158/6704/6158 6050/6753/6050
f 5607/6754/5607 6089/6755/6089 6158/6704/6158 6070/6752/6070
f 5635/6756/5635 6056/6757/6056 6158/6704/6158 6089/6755/6089
f 5585/6758/5585 6088/6759/6088 6158/6704/6158 6056/6757/6056
f 5634/6760/5634 6067/6761/6067 6158/6704/6158 6088/6762/6088
f 5602/6763/5602 6046/6764/6046 6158/6704/6158 6067/6765/6067
f 5571/6766/5571 6049/6767/6049 6158/6704/6158 6046/6764/6046
f 5600/6768/5600 6066/6769/6066 6158/6704/6158 6049/6770/6049
f 5622/6771/5622 6080/6772/6080 6158/6704/6158 6066/6773/6066
f 5562/6774/5562 6039/6775/6039 6158/6704/6158 6080/6776/6080
f 5618/6777/5618 6078/6778/6078 6158/6704/6158 6039/6779/6039
f 5597/6780/5597 6064/6781/6064 6158/6704/6158 6078/6782/6078
f 5691/6783/5691 6036/6784/6036 6159/6785/6159 5841/6786/5841
f 6036/6784/6036 5683/6787/5683 5788/6788/5788 6159/6785/6159
f 6159/6785/6159 5788/6788/5788 5728/6789/5728 5791/6790/5791
f 5841/6786/5841 6159/6785/6159 5791/6790/5791 5727/6791/5727
f 5700/6792/5700 6035/6793/6035 6160/6794/6160 5886/6795/5886
f 6035/6793/6035 5680/6796/5680 5777/6797/5777 6160/6794/6160
f 6160/6794/6160 5777/6797/5777 5718/6798/5718 5783/6799/5783
f 5886/6795/5886 6160/6794/6160 5783/6799/5783 5717/6800/5717
f 5687/6801/5687 6034/6802/6034 6161/6803/6161 5821/6804/5821
f 6034/6802/6034 5678/6805/5678 5978/6806/5978 6161/6803/6161
f 6161/6803/6161 5978/6806/5978 5716/6807/5716 5781/6808/5781
f 5821/6804/5821 6161/6803/6161 5781/6808/5781 5715/6809/5715
f 5657/6810/5657 5976/6811/5976 6162/6812/6162 5820/6813/5820
f 5976/6811/5976 5652/6814/5652 5922/6815/5922 6162/6812/6162
f 6162/6812/6162 5922/6815/5922 5573/6816/5573 5819/6817/5819
f 5820/6813/5820 6162/6812/6162 5819/6817/5819 5589/6818/5589
f 5667/6819/5667 5975/6820/5975 6163/6821/6163 5871/6822/5871
f 5975/6820/5975 5648/6823/5648 5769/6824/5769 6163/6821/6163
f 6163/6821/6163 5769/6824/5769 5575/6825/5575 5869/6826/5869
f 5871/6822/5871 6163/6821/6163 5869/6826/5869 5619/6827/5619
f 5694/6828/5694 6033/6829/6033 6164/6830/6164 5856/6831/5856
f 6033/6829/6033 5677/6832/5677 5767/6833/5767 6164/6830/6164
f 6164/6830/6164 5767/6833/5767 5577/6834/5577 5854/6835/5854
f 5856/6831/5856 6164/6830/6164 5854/6835/5854 5610/6836/5610
f 5670/6837/5670 5974/6838/5974 6165/6839/6165 5885/6840/5885
f 5974/6838/5974 5650/6841/5650 5775/6842/5775 6165/6839/6165
f 6165/6839/6165 5775/6842/5775 5557/6843/5557 5884/6844/5884
f 5885/6840/5885 6165/6839/6165 5884/6844/5884 5628/6845/5628
f 5662/6846/5662 5973/6847/5973 6166/6848/6166 5846/6849/5846
f 5973/6847/5973 5647/6850/5647 5917/6851/5917 6166/6848/6166
f 6166/6848/6166 5917/6851/5917 5726/6852/5726 5789/6853/5789
f 5846/6849/5846 6166/6848/6166 5789/6853/5789 5725/6854/5725
f 5664/6855/5664 5972/6856/5972 6167/6857/6167 5855/6858/5855
f 5972/6856/5972 5653/6859/5653 5790/6860/5790 6167/6857/6167
f 6167/6857/6167 5790/6860/5790 5733/6861/5733 5794/6862/5794
f 5855/6858/5855 6167/6857/6167 5794/6862/5794 5732/6863/5732
f 5692/6864/5692 6032/6865/6032 6168/6866/6168 5845/6867/5845
f 6032/6865/6032 5683/6868/5683 5983/6869/5983 6168/6866/6168
f 6168/6866/6168 5983/6869/5983 5576/6870/5576 5844/6871/5844
f 5845/6867/5845 6168/6866/6168 5844/6871/5844 5604/6872/5604
f 5697/6873/5697 6031/6874/6031 6169/6875/6169 5870/6876/5870
f 6031/6874/6031 5682/6877/5682 5785/6878/5785 6169/6875/6169
f 6169/6875/6169 5785/6878/5785 5710/6879/5710 5773/6880/5773
f 5870/6876/5870 6169/6875/6169 5773/6880/5773 5709/6881/5709
f 5658/6882/5658 5971/6883/5971 6170/6884/6170 5826/6885/5826
f 5971/6883/5971 5649/6886/5649 5770/6887/5770 6170/6884/6170
f 6170/6884/6170 5770/6887/5770 5574/6888/5574 5824/6889/5824
f 5826/6885/5826 6170/6884/6170 5824/6889/5824 5592/6890/5592
f 5688/6891/5688 6030/6892/6030 6171/6893/6171 5825/6894/5825
f 6030/6892/6030 5681/6895/5681 5782/6896/5782 6171/6893/6171
f 6171/6893/6171 5782/6896/5782 5722/6897/5722 5786/6898/5786
f 5825/6894/5825 6171/6893/6171 5786/6898/5786 5721/6899/5721
f 5661/6900/5661 5970/6901/5970 6172/6902/6172 5840/6903/5840
f 5970/6901/5970 5647/6904/5647 5768/6905/5768 6172/6902/6172
f 6172/6902/6172 5768/6905/5768 5576/6906/5576 5839/6907/5839
f 5840/6903/5840 6172/6902/6172 5839/6907/5839 5601/6908/5601
f 5706/6909/5706 6029/6910/6029 6173/6911/6173 5916/6912/5916
f 6029/6910/6029 5684/6913/5684 5805/6914/5805 6173/6911/6173
f 6173/6911/6173 5805/6914/5805 5737/6915/5737 5803/6916/5803
f 5916/6912/5916 6173/6911/6173 5803/6916/5803 5736/6917/5736
f 5676/6918/5676 5969/6919/5969 6174/6920/6174 5915/6921/5915
f 5969/6919/5969 5654/6922/5654 5806/6923/5806 6174/6920/6174
f 6174/6920/6174 5806/6923/5806 5580/6924/5580 5914/6925/5914
f 5915/6921/5915 6174/6920/6174 5914/6925/5914 5646/6926/5646
f 5675/6927/5675 5968/6928/5968 6175/6929/6175 5911/6930/5911
f 5968/6928/5968 5655/6931/5655 5810/6932/5810 6175/6929/6175
f 6175/6929/6175 5810/6932/5810 5741/6933/5741 5808/6934/5808
f 5911/6930/5911 6175/6929/6175 5808/6934/5808 5740/6935/5740
f 5705/6936/5705 6028/6937/6028 6176/6938/6176 5910/6939/5910
f 6028/6937/6028 5685/6940/5685 5811/6941/5811 6176/6938/6176
f 6176/6938/6176 5811/6941/5811 5583/6942/5583 5909/6943/5909
f 5910/6939/5910 6176/6938/6176 5909/6943/5909 5643/6944/5643
f 5703/6945/5703 6027/6946/6027 6177/6947/6177 5901/6948/5901
f 6027/6946/6027 5686/6949/5686 5815/6950/5815 6177/6947/6177
f 6177/6947/6177 5815/6950/5815 5586/6951/5586 5899/6952/5899
f 5901/6948/5901 6177/6947/6177 5899/6952/5899 5637/6953/5637
f 5673/6954/5673 5967/6955/5967 6178/6956/6178 5900/6957/5900
f 5967/6955/5967 5656/6958/5656 5816/6959/5816 6178/6956/6178
f 6178/6956/6178 5816/6959/5816 5745/6960/5745 5813/6961/5813
f 5900/6957/5900 6178/6956/6178 5813/6961/5813 5744/6962/5744
f 5669/6963/5669 5966/6964/5966 6179/6965/6179 5881/6966/5881
f 5966/6964/5966 5657/6810/5657 5820/6813/5820 6179/6965/6179
f 6179/6965/6179 5820/6813/5820 5589/6818/5589 5878/6967/5878
f 5881/6966/5881 6179/6965/6179 5878/6967/5878 5624/6968/5624
f 5699/6969/5699 6026/6970/6026 6180/6971/6180 5880/6972/5880
f 6026/6970/6026 5687/6973/5687 5821/6974/5821 6180/6971/6180
f 6180/6971/6180 5821/6974/5821 5715/6975/5715 5818/6976/5818
f 5880/6972/5880 6180/6971/6180 5818/6976/5818 5748/6977/5748
f 5701/6978/5701 6025/6979/6025 6181/6980/6181 5891/6981/5891
f 6025/6979/6025 5688/6891/5688 5825/6894/5825 6181/6980/6181
f 6181/6980/6181 5825/6894/5825 5721/6899/5721 5822/6982/5822
f 5891/6981/5891 6181/6980/6181 5822/6982/5822 5749/6983/5749
f 5671/6984/5671 5965/6985/5965 6182/6986/6182 5890/6987/5890
f 5965/6985/5965 5658/6882/5658 5826/6885/5826 6182/6986/6182
f 6182/6986/6182 5826/6885/5826 5592/6890/5592 5888/6988/5888
f 5890/6987/5890 6182/6986/6182 5888/6988/5888 5630/6989/5630
f 5649/6990/5649 5964/6991/5964 6183/6992/6183 5770/6993/5770
f 5964/6991/5964 5659/6994/5659 5830/6995/5830 6183/6992/6183
f 6183/6992/6183 5830/6995/5830 5595/6996/5595 5800/6997/5800
f 5770/6993/5770 6183/6992/6183 5800/6997/5800 5574/6998/5574
f 5681/6895/5681 6024/6999/6024 6184/7000/6184 5782/6896/5782
f 6024/6999/6024 5689/7001/5689 5831/7002/5831 6184/7000/6184
f 6184/7000/6184 5831/7002/5831 5752/7003/5752 5828/7004/5828
f 5782/6896/5782 6184/7000/6184 5828/7004/5828 5722/6897/5722
f 5678/7005/5678 6023/7006/6023 6185/7007/6185 5978/7008/5978
f 6023/7006/6023 5690/7009/5690 5835/7010/5835 6185/7007/6185
f 6185/7007/6185 5835/7010/5835 5753/7011/5753 5832/7012/5832
f 5978/7008/5978 6185/7007/6185 5832/7012/5832 5716/7013/5716
f 5652/7014/5652 5963/7015/5963 6186/7016/6186 5922/7017/5922
f 5963/7015/5963 5660/7018/5660 5836/7019/5836 6186/7016/6186
f 6186/7016/6186 5836/7019/5836 5598/7020/5598 5796/7021/5796
f 5922/7017/5922 6186/7016/6186 5796/7021/5796 5573/7022/5573
f 5668/7023/5668 5962/7024/5962 6187/7025/6187 5876/7026/5876
f 5962/7024/5962 5661/6900/5661 5840/6903/5840 6187/7025/6187
f 6187/7025/6187 5840/6903/5840 5601/6908/5601 5872/7027/5872
f 5876/7026/5876 6187/7025/6187 5872/7027/5872 5620/7028/5620
f 5698/7029/5698 6022/7030/6022 6188/7031/6188 5875/7032/5875
f 6022/7030/6022 5691/6783/5691 5841/6786/5841 6188/7031/6188
f 6188/7031/6188 5841/6786/5841 5727/6791/5727 5837/7033/5837
f 5875/7032/5875 6188/7031/6188 5837/7033/5837 5755/7034/5755
f 5702/7035/5702 6021/7036/6021 6189/7037/6189 5896/7038/5896
f 6021/7036/6021 5692/6864/5692 5845/6867/5845 6189/7037/6189
f 6189/7037/6189 5845/6867/5845 5604/6872/5604 5893/7039/5893
f 5896/7038/5896 6189/7037/6189 5893/7039/5893 5633/7040/5633
f 5672/7041/5672 5961/7042/5961 6190/7043/6190 5895/7044/5895
f 5961/7042/5961 5662/6846/5662 5846/6849/5846 6190/7043/6190
f 6190/7043/6190 5846/6849/5846 5725/6854/5725 5842/7045/5842
f 5895/7044/5895 6190/7043/6190 5842/7045/5842 5757/7046/5757
f 5653/7047/5653 5960/7048/5960 6191/7049/6191 5790/7050/5790
f 5960/7048/5960 5663/7051/5663 5850/7052/5850 6191/7049/6191
f 6191/7049/6191 5850/7052/5850 5760/7053/5760 5849/7054/5849
f 5790/7050/5790 6191/7049/6191 5849/7054/5849 5733/7055/5733
f 5677/7056/5677 6020/7057/6020 6192/7058/6192 5767/7059/5767
f 6020/7057/6020 5693/7060/5693 5851/7061/5851 6192/7058/6192
f 6192/7058/6192 5851/7061/5851 5606/7062/5606 5798/7063/5798
f 5767/7059/5767 6192/7058/6192 5798/7063/5798 5577/7064/5577
f 5674/7065/5674 5959/7066/5959 6193/7067/6193 5906/7068/5906
f 5959/7066/5959 5664/7069/5664 5855/7070/5855 6193/7067/6193
f 6193/7067/6193 5855/7070/5855 5732/7071/5732 5852/7072/5852
f 5906/7068/5906 6193/7067/6193 5852/7072/5852 5761/7073/5761
f 5704/7074/5704 6019/7075/6019 6194/7076/6194 5905/7077/5905
f 6019/7075/6019 5694/6828/5694 5856/6831/5856 6194/7076/6194
f 6194/7076/6194 5856/6831/5856 5610/6836/5610 5903/7078/5903
f 5905/7077/5905 6194/7076/6194 5903/7078/5903 5639/7079/5639
f 5651/7080/5651 5958/7081/5958 6195/7082/6195 5778/7083/5778
f 5958/7081/5958 5665/7084/5665 5860/7085/5860 6195/7082/6195
f 6195/7082/6195 5860/7085/5860 5612/7086/5612 5795/7087/5795
f 5778/7083/5778 6195/7082/6195 5795/7087/5795 5558/7088/5558
f 5679/7089/5679 6018/7090/6018 6196/7091/6196 5774/7092/5774
f 6018/7090/6018 5695/7093/5695 5861/7094/5861 6196/7091/6196
f 6196/7091/6196 5861/7094/5861 5764/7095/5764 5859/7096/5859
f 5774/7092/5774 6196/7091/6196 5859/7096/5859 5730/7097/5730
f 5679/7098/5679 6017/7099/6017 6197/7100/6197 5979/7101/5979
f 6017/7099/6017 5696/7102/5696 5865/7103/5865 6197/7100/6197
f 6197/7100/6197 5865/7103/5865 5615/7104/5615 5797/7105/5797
f 5979/7101/5979 6197/7100/6197 5797/7105/5797 5558/7106/5558
f 5651/7107/5651 5957/7108/5957 6198/7109/6198 5921/7110/5921
f 5957/7108/5957 5666/7111/5666 5866/7112/5866 6198/7109/6198
f 6198/7109/6198 5866/7112/5866 5766/7113/5766 5864/7114/5864
f 5921/7110/5921 6198/7109/6198 5864/7114/5864 5720/7115/5720
f 5690/7009/5690 6016/7116/6016 6199/7117/6199 5835/7010/5835
f 6016/7116/6016 5697/6873/5697 5870/6876/5870 6199/7117/6199
f 6199/7117/6199 5870/6876/5870 5709/6881/5709 5867/7118/5867
f 5835/7010/5835 6199/7117/6199 5867/7118/5867 5753/7011/5753
f 5660/7018/5660 5956/7119/5956 6200/7120/6200 5836/7019/5836
f 5956/7119/5956 5667/6819/5667 5871/6822/5871 6200/7120/6200
f 6200/7120/6200 5871/6822/5871 5619/6827/5619 5834/7121/5834
f 5836/7019/5836 6200/7120/6200 5834/7121/5834 5598/7020/5598
f 5682/6877/5682 6015/7122/6015 6201/7123/6201 5785/6878/5785
f 6015/7122/6015 5698/7029/5698 5875/7032/5875 6201/7123/6201
f 6201/7123/6201 5875/7032/5875 5755/7034/5755 5873/7124/5873
f 5785/6878/5785 6201/7123/6201 5873/7124/5873 5710/6879/5710
f 5648/7125/5648 5955/7126/5955 6202/7127/6202 5769/7128/5769
f 5955/7126/5955 5668/7129/5668 5876/7130/5876 6202/7127/6202
f 6202/7127/6202 5876/7130/5876 5620/7131/5620 5801/7132/5801
f 5769/7128/5769 6202/7127/6202 5801/7132/5801 5575/7133/5575
f 5680/6796/5680 6014/7134/6014 6203/7135/6203 5777/6797/5777
f 6014/7134/6014 5699/6969/5699 5880/6972/5880 6203/7135/6203
f 6203/7135/6203 5880/6972/5880 5748/6977/5748 5879/7136/5879
f 5777/6797/5777 6203/7135/6203 5879/7136/5879 5718/6798/5718
f 5650/6841/5650 5954/7137/5954 6204/7138/6204 5775/6842/5775
f 5954/7137/5954 5669/7139/5669 5881/7140/5881 6204/7138/6204
f 6204/7138/6204 5881/7140/5881 5624/7141/5624 5799/7142/5799
f 5775/6842/5775 6204/7138/6204 5799/7142/5799 5557/6843/5557
f 5659/7143/5659 5953/7144/5953 6205/7145/6205 5830/7146/5830
f 5953/7144/5953 5670/6837/5670 5885/6840/5885 6205/7145/6205
f 6205/7145/6205 5885/6840/5885 5628/6845/5628 5829/7147/5829
f 5830/7146/5830 6205/7145/6205 5829/7147/5829 5595/7148/5595
f 5689/7001/5689 6013/7149/6013 6206/7150/6206 5831/7002/5831
f 6013/7149/6013 5700/6792/5700 5886/6795/5886 6206/7150/6206
f 6206/7150/6206 5886/6795/5886 5717/6800/5717 5882/7151/5882
f 5831/7002/5831 6206/7150/6206 5882/7151/5882 5752/7003/5752
f 5654/7152/5654 5952/7153/5952 6207/7154/6207 5806/7155/5806
f 5952/7153/5952 5671/6984/5671 5890/6987/5890 6207/7154/6207
f 6207/7154/6207 5890/6987/5890 5630/6989/5630 5804/7156/5804
f 5806/7155/5806 6207/7154/6207 5804/7156/5804 5580/7157/5580
f 5684/6913/5684 6012/7158/6012 6208/7159/6208 5805/6914/5805
f 6012/7158/6012 5701/6978/5701 5891/6981/5891 6208/7159/6208
f 6208/7159/6208 5891/6981/5891 5749/6983/5749 5889/7160/5889
f 5805/6914/5805 6208/7159/6208 5889/7160/5889 5737/6915/5737
f 5656/6958/5656 5951/7161/5951 6209/7162/6209 5816/6959/5816
f 5951/7161/5951 5672/7041/5672 5895/7044/5895 6209/7162/6209
f 6209/7162/6209 5895/7044/5895 5757/7046/5757 5894/7163/5894
f 5816/6959/5816 6209/7162/6209 5894/7163/5894 5745/6960/5745
f 5686/7164/5686 6011/7165/6011 6210/7166/6210 5815/7167/5815
f 6011/7165/6011 5702/7035/5702 5896/7038/5896 6210/7166/6210
f 6210/7166/6210 5896/7038/5896 5633/7040/5633 5814/7168/5814
f 5815/7167/5815 6210/7166/6210 5814/7168/5814 5586/7169/5586
f 5663/7051/5663 5950/7170/5950 6211/7171/6211 5850/7052/5850
f 5950/7170/5950 5673/6954/5673 5900/6957/5900 6211/7171/6211
f 6211/7171/6211 5900/6957/5900 5744/6962/5744 5897/7172/5897
f 5850/7052/5850 6211/7171/6211 5897/7172/5897 5760/7053/5760
f 5693/7060/5693 6010/7173/6010 6212/7174/6212 5851/7061/5851
f 6010/7173/6010 5703/7175/5703 5901/7176/5901 6212/7174/6212
f 6212/7174/6212 5901/7176/5901 5637/7177/5637 5848/7178/5848
f 5851/7061/5851 6212/7174/6212 5848/7178/5848 5606/7062/5606
f 5685/6940/5685 6009/7179/6009 6213/7180/6213 5811/6941/5811
f 6009/7179/6009 5704/7181/5704 5905/7182/5905 6213/7180/6213
f 6213/7180/6213 5905/7182/5905 5639/7183/5639 5809/7184/5809
f 5811/6941/5811 6213/7180/6213 5809/7184/5809 5583/6942/5583
f 5655/6931/5655 5949/7185/5949 6214/7186/6214 5810/6932/5810
f 5949/7185/5949 5674/7065/5674 5906/7068/5906 6214/7186/6214
f 6214/7186/6214 5906/7068/5906 5761/7073/5761 5904/7187/5904
f 5810/6932/5810 6214/7186/6214 5904/7187/5904 5741/6933/5741
f 5696/7188/5696 6008/7189/6008 6215/7190/6215 5865/7191/5865
f 6008/7189/6008 5705/6936/5705 5910/6939/5910 6215/7190/6215
f 6215/7190/6215 5910/6939/5910 5643/6944/5643 5863/7192/5863
f 5865/7191/5865 6215/7190/6215 5863/7192/5863 5615/7193/5615
f 5666/7111/5666 5948/7194/5948 6216/7195/6216 5866/7112/5866
f 5948/7194/5948 5675/6927/5675 5911/6930/5911 6216/7195/6216
f 6216/7195/6216 5911/6930/5911 5740/6935/5740 5907/7196/5907
f 5866/7112/5866 6216/7195/6216 5907/7196/5907 5766/7113/5766
f 5665/7084/5665 5947/7197/5947 6217/7198/6217 5860/7085/5860
f 5947/7197/5947 5676/6918/5676 5915/6921/5915 6217/7198/6217
f 6217/7198/6217 5915/6921/5915 5646/6926/5646 5858/7199/5858
f 5860/7085/5860 6217/7198/6217 5858/7199/5858 5612/7086/5612
f 5695/7093/5695 6007/7200/6007 6218/7201/6218 5861/7094/5861
f 6007/7200/6007 5706/6909/5706 5916/6912/5916 6218/7201/6218
f 6218/7201/6218 5916/6912/5916 5736/6917/5736 5912/7202/5912
f 5861/7094/5861 6218/7201/6218 5912/7202/5912 5764/7095/5764
f 5719/7203/5719 5857/7204/5857 6219/7205/6219 5935/7206/5935
f 5857/7204/5857 5763/7207/5763 5946/7208/5946 6219/7205/6219
f 6219/7205/6219 5946/7208/5946 5676/7209/5676 5947/7210/5947
f 5935/7206/5935 6219/7205/6219 5947/7210/5947 5665/7211/5665
f 5615/7193/5615 5863/7192/5863 6220/7212/6220 5936/7213/5936
f 5863/7192/5863 5643/6944/5643 5945/7214/5945 6220/7212/6220
f 6220/7212/6220 5945/7214/5945 5675/7215/5675 5948/7216/5948
f 5936/7213/5936 6220/7212/6220 5948/7216/5948 5666/7217/5666
f 5583/6942/5583 5809/7184/5809 6221/7218/6221 5925/7219/5925
f 5809/7184/5809 5639/7183/5639 5944/7220/5944 6221/7218/6221
f 6221/7218/6221 5944/7220/5944 5674/7221/5674 5949/7222/5949
f 5925/7219/5925 6221/7218/6221 5949/7222/5949 5655/7223/5655
f 5606/7224/5606 5848/7225/5848 6222/7226/6222 5933/7227/5933
f 5848/7225/5848 5637/6953/5637 5943/7228/5943 6222/7226/6222
f 6222/7226/6222 5943/7228/5943 5673/7229/5673 5950/7230/5950
f 5933/7227/5933 6222/7226/6222 5950/7230/5950 5663/7231/5663
f 5586/6951/5586 5814/7232/5814 6223/7233/6223 5926/7234/5926
f 5814/7232/5814 5633/7235/5633 5942/7236/5942 6223/7233/6223
f 6223/7233/6223 5942/7236/5942 5672/7237/5672 5951/7238/5951
f 5926/7234/5926 6223/7233/6223 5951/7238/5951 5656/7239/5656
f 5735/7240/5735 5802/7241/5802 6224/7242/6224 5924/7243/5924
f 5802/7241/5802 5734/7244/5734 5941/7245/5941 6224/7242/6224
f 6224/7242/6224 5941/7245/5941 5671/7246/5671 5952/7247/5952
f 5924/7243/5924 6224/7242/6224 5952/7247/5952 5654/7248/5654
f 5713/7249/5713 5827/7250/5827 6225/7251/6225 5929/7252/5929
f 5827/7250/5827 5751/7253/5751 5940/7254/5940 6225/7251/6225
f 6225/7251/6225 5940/7254/5940 5670/7255/5670 5953/7256/5953
f 5929/7252/5929 6225/7251/6225 5953/7256/5953 5659/7257/5659
f 5708/7258/5708 5771/7259/5771 6226/7260/6226 5920/7261/5920
f 5771/7259/5771 5707/7262/5707 5939/7263/5939 6226/7260/6226
f 6226/7260/6226 5939/7263/5939 5669/7264/5669 5954/7265/5954
f 5920/7261/5920 6226/7260/6226 5954/7265/5954 5650/7266/5650
f 5712/7267/5712 5874/7268/5874 6227/7269/6227 5918/7270/5918
f 5874/7268/5874 5756/7271/5756 5938/7272/5938 6227/7269/6227
f 6227/7269/6227 5938/7272/5938 5668/7273/5668 5955/7274/5955
f 5918/7270/5918 6227/7269/6227 5955/7274/5955 5648/7275/5648
f 5754/7276/5754 5868/7277/5868 6228/7278/6228 5930/7279/5930
f 5868/7277/5868 5711/7280/5711 5937/7281/5937 6228/7278/6228
f 6228/7278/6228 5937/7281/5937 5667/7282/5667 5956/7283/5956
f 5930/7279/5930 6228/7278/6228 5956/7283/5956 5660/7284/5660
f 5558/7106/5558 5797/7105/5797 6229/7285/6229 5778/7286/5778
f 5797/7105/5797 5615/7104/5615 5936/7287/5936 6229/7285/6229
f 6229/7285/6229 5936/7287/5936 5666/7288/5666 5957/7289/5957
f 5778/7286/5778 6229/7285/6229 5957/7289/5957 5651/7290/5651
f 5720/7291/5720 5784/7292/5784 6230/7293/6230 5921/7294/5921
f 5784/7292/5784 5719/7203/5719 5935/7206/5935 6230/7293/6230
f 6230/7293/6230 5935/7206/5935 5665/7211/5665 5958/7295/5958
f 5921/7294/5921 6230/7293/6230 5958/7295/5958 5651/7107/5651
f 5639/7079/5639 5903/7078/5903 6231/7296/6231 5944/7297/5944
f 5903/7078/5903 5610/6836/5610 5934/7298/5934 6231/7296/6231
f 6231/7296/6231 5934/7298/5934 5664/6855/5664 5959/7299/5959
f 5944/7297/5944 6231/7296/6231 5959/7299/5959 5674/7300/5674
f 5577/7064/5577 5798/7063/5798 6232/7301/6232 5923/7302/5923
f 5798/7063/5798 5606/7062/5606 5933/7303/5933 6232/7301/6232
f 6232/7301/6232 5933/7303/5933 5663/7304/5663 5960/7305/5960
f 5923/7302/5923 6232/7301/6232 5960/7305/5960 5653/7306/5653
f 5633/7040/5633 5893/7039/5893 6233/7307/6233 5942/7308/5942
f 5893/7039/5893 5604/6872/5604 5932/7309/5932 6233/7307/6233
f 6233/7307/6233 5932/7309/5932 5662/7310/5662 5961/7311/5961
f 5942/7308/5942 6233/7307/6233 5961/7311/5961 5672/7312/5672
f 5756/7271/5756 5838/7313/5838 6234/7314/6234 5938/7272/5938
f 5838/7313/5838 5731/7315/5731 5931/7316/5931 6234/7314/6234
f 6234/7314/6234 5931/7316/5931 5661/7317/5661 5962/7318/5962
f 5938/7272/5938 6234/7314/6234 5962/7318/5962 5668/7273/5668
f 5746/7319/5746 5833/7320/5833 6235/7321/6235 5780/7322/5780
f 5833/7320/5833 5754/7276/5754 5930/7279/5930 6235/7321/6235
f 6235/7321/6235 5930/7279/5930 5660/7284/5660 5963/7323/5963
f 5780/7322/5780 6235/7321/6235 5963/7323/5963 5652/7324/5652
f 5714/7325/5714 5779/7326/5779 6236/7327/6236 5919/7328/5919
f 5779/7326/5779 5713/7249/5713 5929/7252/5929 6236/7327/6236
f 6236/7327/6236 5929/7252/5929 5659/7257/5659 5964/7329/5964
f 5919/7328/5919 6236/7327/6236 5964/7329/5964 5649/7330/5649
f 5734/7244/5734 5887/7331/5887 6237/7332/6237 5941/7245/5941
f 5887/7331/5887 5750/7333/5750 5928/7334/5928 6237/7332/6237
f 6237/7332/6237 5928/7334/5928 5658/7335/5658 5965/7336/5965
f 5941/7245/5941 6237/7332/6237 5965/7336/5965 5671/7246/5671
f 5707/7262/5707 5877/7337/5877 6238/7338/6238 5939/7263/5939
f 5877/7337/5877 5747/7339/5747 5927/7340/5927 6238/7338/6238
f 6238/7338/6238 5927/7340/5927 5657/7341/5657 5966/7342/5966
f 5939/7263/5939 6238/7338/6238 5966/7342/5966 5669/7264/5669
f 5637/6953/5637 5899/6952/5899 6239/7343/6239 5943/7228/5943
f 5899/6952/5899 5586/6951/5586 5926/7234/5926 6239/7343/6239
f 6239/7343/6239 5926/7234/5926 5656/7239/5656 5967/7344/5967
f 5943/7228/5943 6239/7343/6239 5967/7344/5967 5673/7229/5673
f 5643/6944/5643 5909/6943/5909 6240/7345/6240 5945/7214/5945
f 5909/6943/5909 5583/6942/5583 5925/7219/5925 6240/7345/6240
f 6240/7345/6240 5925/7219/5925 5655/7223/5655 5968/7346/5968
f 5945/7214/5945 6240/7345/6240 5968/7346/5968 5675/7215/5675
f 5763/7207/5763 5913/7347/5913 6241/7348/6241 5946/7208/5946
f 5913/7347/5913 5735/7240/5735 5924/7243/5924 6241/7348/6241
f 6241/7348/6241 5924/7243/5924 5654/7248/5654 5969/7349/5969
f 5946/7208/5946 6241/7348/6241 5969/7349/5969 5676/7209/5676
f 5731/7350/5731 5793/7351/5793 6242/7352/6242 5931/7353/5931
f 5793/7351/5793 5726/7354/5726 5917/7355/5917 6242/7352/6242
f 6242/7352/6242 5917/7355/5917 5647/6904/5647 5970/6901/5970
f 5931/7353/5931 6242/7352/6242 5970/6901/5970 5661/6900/5661
f 5750/7333/5750 5823/7356/5823 6243/7357/6243 5928/7334/5928
f 5823/7356/5823 5714/7325/5714 5919/7328/5919 6243/7357/6243
f 6243/7357/6243 5919/7328/5919 5649/7330/5649 5971/7358/5971
f 5928/7334/5928 6243/7357/6243 5971/7358/5971 5658/7335/5658
f 5610/6836/5610 5854/6835/5854 6244/7359/6244 5934/7298/5934
f 5854/6835/5854 5577/6834/5577 5923/7360/5923 6244/7359/6244
f 6244/7359/6244 5923/7360/5923 5653/6859/5653 5972/6856/5972
f 5934/7298/5934 6244/7359/6244 5972/6856/5972 5664/6855/5664
f 5604/6872/5604 5844/6871/5844 6245/7361/6245 5932/7309/5932
f 5844/6871/5844 5576/6870/5576 5768/7362/5768 6245/7361/6245
f 6245/7361/6245 5768/7362/5768 5647/7363/5647 5973/7364/5973
f 5932/7309/5932 6245/7361/6245 5973/7364/5973 5662/7310/5662
f 5751/7253/5751 5883/7365/5883 6246/7366/6246 5940/7254/5940
f 5883/7365/5883 5708/7258/5708 5920/7261/5920 6246/7366/6246
f 6246/7366/6246 5920/7261/5920 5650/7266/5650 5974/7367/5974
f 5940/7254/5940 6246/7366/6246 5974/7367/5974 5670/7255/5670
f 5711/7280/5711 5776/7368/5776 6247/7369/6247 5937/7281/5937
f 5776/7368/5776 5712/7267/5712 5918/7270/5918 6247/7369/6247
f 6247/7369/6247 5918/7270/5918 5648/7275/5648 5975/7370/5975
f 5937/7281/5937 6247/7369/6247 5975/7370/5975 5667/7282/5667
f 5747/7371/5747 5817/7372/5817 6248/7373/6248 5927/7374/5927
f 5817/7372/5817 5746/7375/5746 5780/7376/5780 6248/7373/6248
f 6248/7373/6248 5780/7376/5780 5652/6814/5652 5976/6811/5976
f 5927/7374/5927 6248/7373/6248 5976/6811/5976 5657/6810/5657
f 5612/7086/5612 5858/7199/5858 6249/7377/6249 5995/7378/5995
f 5858/7199/5858 5646/6926/5646 6006/7379/6006 6249/7377/6249
f 6249/7377/6249 6006/7379/6006 5706/7380/5706 6007/7381/6007
f 5995/7378/5995 6249/7377/6249 6007/7381/6007 5695/7382/5695
f 5729/7383/5729 5862/7384/5862 6250/7385/6250 5996/7386/5996
f 5862/7384/5862 5765/7387/5765 6005/7388/6005 6250/7385/6250
f 6250/7385/6250 6005/7388/6005 5705/7389/5705 6008/7390/6008
f 5996/7386/5996 6250/7385/6250 6008/7390/6008 5696/7391/5696
f 5739/7392/5739 5807/7393/5807 6251/7394/6251 5985/7395/5985
f 5807/7393/5807 5738/7396/5738 6004/7397/6004 6251/7394/6251
f 6251/7394/6251 6004/7397/6004 5704/7398/5704 6009/7399/6009
f 5985/7395/5985 6251/7394/6251 6009/7399/6009 5685/7400/5685
f 5723/7401/5723 5847/7402/5847 6252/7403/6252 5993/7404/5993
f 5847/7402/5847 5759/7405/5759 6003/7406/6003 6252/7403/6252
f 6252/7403/6252 6003/7406/6003 5703/7407/5703 6010/7408/6010
f 5993/7404/5993 6252/7403/6252 6010/7408/6010 5693/7409/5693
f 5743/7410/5743 5812/7411/5812 6253/7412/6253 5986/7413/5986
f 5812/7411/5812 5742/7414/5742 6002/7415/6002 6253/7412/6253
f 6253/7412/6253 6002/7415/6002 5702/7416/5702 6011/7417/6011
f 5986/7413/5986 6253/7412/6253 6011/7417/6011 5686/7418/5686
f 5580/7157/5580 5804/7156/5804 6254/7419/6254 5984/7420/5984
f 5804/7156/5804 5630/6989/5630 6001/7421/6001 6254/7419/6254
f 6254/7419/6254 6001/7421/6001 5701/7422/5701 6012/7423/6012
f 5984/7420/5984 6254/7419/6254 6012/7423/6012 5684/7424/5684
f 5595/7148/5595 5829/7147/5829 6255/7425/6255 5989/7426/5989
f 5829/7147/5829 5628/6845/5628 6000/7427/6000 6255/7425/6255
f 6255/7425/6255 6000/7427/6000 5700/7428/5700 6013/7429/6013
f 5989/7426/5989 6255/7425/6255 6013/7429/6013 5689/7430/5689
f 5557/6843/5557 5799/7142/5799 6256/7431/6256 5980/7432/5980
f 5799/7142/5799 5624/7141/5624 5999/7433/5999 6256/7431/6256
f 6256/7431/6256 5999/7433/5999 5699/7434/5699 6014/7435/6014
f 5980/7432/5980 6256/7431/6256 6014/7435/6014 5680/7436/5680
f 5575/7133/5575 5801/7132/5801 6257/7437/6257 5982/7438/5982
f 5801/7132/5801 5620/7131/5620 5998/7439/5998 6257/7437/6257
f 6257/7437/6257 5998/7439/5998 5698/7440/5698 6015/7441/6015
f 5982/7438/5982 6257/7437/6257 6015/7441/6015 5682/7442/5682
f 5598/7020/5598 5834/7121/5834 6258/7443/6258 5990/7444/5990
f 5834/7121/5834 5619/6827/5619 5997/7445/5997 6258/7443/6258
f 6258/7443/6258 5997/7445/5997 5697/7446/5697 6016/7447/6016
f 5990/7444/5990 6258/7443/6258 6016/7447/6016 5690/7448/5690
f 5730/7449/5730 5792/7450/5792 6259/7451/6259 5774/7452/5774
f 5792/7450/5792 5729/7383/5729 5996/7386/5996 6259/7451/6259
f 6259/7451/6259 5996/7386/5996 5696/7391/5696 6017/7453/6017
f 5774/7452/5774 6259/7451/6259 6017/7453/6017 5679/7089/5679
f 5558/7088/5558 5795/7087/5795 6260/7454/6260 5979/7455/5979
f 5795/7087/5795 5612/7086/5612 5995/7378/5995 6260/7454/6260
f 6260/7454/6260 5995/7378/5995 5695/7382/5695 6018/7456/6018
f 5979/7455/5979 6260/7454/6260 6018/7456/6018 5679/7457/5679
f 5738/7396/5738 5902/7458/5902 6261/7459/6261 6004/7397/6004
f 5902/7458/5902 5762/7460/5762 5994/7461/5994 6261/7459/6261
f 6261/7459/6261 5994/7461/5994 5694/7462/5694 6019/7463/6019
f 6004/7397/6004 6261/7459/6261 6019/7463/6019 5704/7398/5704
f 5724/7464/5724 5787/7465/5787 6262/7466/6262 5977/7467/5977
f 5787/7465/5787 5723/7468/5723 5993/7469/5993 6262/7466/6262
f 6262/7466/6262 5993/7469/5993 5693/7060/5693 6020/7057/6020
f 5977/7467/5977 6262/7466/6262 6020/7057/6020 5677/7056/5677
f 5742/7414/5742 5892/7470/5892 6263/7471/6263 6002/7415/6002
f 5892/7470/5892 5758/7472/5758 5992/7473/5992 6263/7471/6263
f 6263/7471/6263 5992/7473/5992 5692/7474/5692 6021/7475/6021
f 6002/7415/6002 6263/7471/6263 6021/7475/6021 5702/7416/5702
f 5620/7028/5620 5872/7027/5872 6264/7476/6264 5998/7477/5998
f 5872/7027/5872 5601/6908/5601 5991/7478/5991 6264/7476/6264
f 6264/7476/6264 5991/7478/5991 5691/7479/5691 6022/7480/6022
f 5998/7477/5998 6264/7476/6264 6022/7480/6022 5698/7481/5698
f 5573/7022/5573 5796/7021/5796 6265/7482/6265 5772/7483/5772
f 5796/7021/5796 5598/7020/5598 5990/7444/5990 6265/7482/6265
f 6265/7482/6265 5990/7444/5990 5690/7448/5690 6023/7484/6023
f 5772/7483/5772 6265/7482/6265 6023/7484/6023 5678/7485/5678
f 5574/6998/5574 5800/6997/5800 6266/7486/6266 5981/7487/5981
f 5800/6997/5800 5595/6996/5595 5989/7488/5989 6266/7486/6266
f 6266/7486/6266 5989/7488/5989 5689/7489/5689 6024/7490/6024
f 5981/7487/5981 6266/7486/6266 6024/7490/6024 5681/7491/5681
f 5630/6989/5630 5888/6988/5888 6267/7492/6267 6001/7421/6001
f 5888/6988/5888 5592/6890/5592 5988/7493/5988 6267/7492/6267
f 6267/7492/6267 5988/7493/5988 5688/7494/5688 6025/7495/6025
f 6001/7421/6001 6267/7492/6267 6025/7495/6025 5701/7422/5701
f 5624/6968/5624 5878/6967/5878 6268/7496/6268 5999/7497/5999
f 5878/6967/5878 5589/6818/5589 5987/7498/5987 6268/7496/6268
f 6268/7496/6268 5987/7498/5987 5687/6801/5687 6026/7499/6026
f 5999/7497/5999 6268/7496/6268 6026/7499/6026 5699/7500/5699
f 5759/7405/5759 5898/7501/5898 6269/7502/6269 6003/7406/6003
f 5898/7501/5898 5743/7410/5743 5986/7413/5986 6269/7502/6269
f 6269/7502/6269 5986/7413/5986 5686/7418/5686 6027/7503/6027
f 6003/7406/6003 6269/7502/6269 6027/7503/6027 5703/7407/5703
f 5765/7387/5765 5908/7504/5908 6270/7505/6270 6005/7388/6005
f 5908/7504/5908 5739/7392/5739 5985/7395/5985 6270/7505/6270
f 6270/7505/6270 5985/7395/5985 5685/7400/5685 6028/7506/6028
f 6005/7388/6005 6270/7505/6270 6028/7506/6028 5705/7389/5705
f 5646/6926/5646 5914/6925/5914 6271/7507/6271 6006/7379/6006
f 5914/6925/5914 5580/6924/5580 5984/7508/5984 6271/7507/6271
f 6271/7507/6271 5984/7508/5984 5684/7509/5684 6029/7510/6029
f 6006/7379/6006 6271/7507/6271 6029/7510/6029 5706/7380/5706
f 5592/6890/5592 5824/6889/5824 6272/7511/6272 5988/7493/5988
f 5824/6889/5824 5574/6888/5574 5981/7512/5981 6272/7511/6272
f 6272/7511/6272 5981/7512/5981 5681/7513/5681 6030/7514/6030
f 5988/7493/5988 6272/7511/6272 6030/7514/6030 5688/7494/5688
f 5619/6827/5619 5869/6826/5869 6273/7515/6273 5997/7445/5997
f 5869/6826/5869 5575/6825/5575 5982/7516/5982 6273/7515/6273
f 6273/7515/6273 5982/7516/5982 5682/7517/5682 6031/7518/6031
f 5997/7445/5997 6273/7515/6273 6031/7518/6031 5697/7446/5697
f 5758/7472/5758 5843/7519/5843 6274/7520/6274 5992/7473/5992
f 5843/7519/5843 5728/7521/5728 5788/7522/5788 6274/7520/6274
f 6274/7520/6274 5788/7522/5788 5683/6787/5683 6032/7523/6032
f 5992/7473/5992 6274/7520/6274 6032/7523/6032 5692/7474/5692
f 5762/7460/5762 5853/7524/5853 6275/7525/6275 5994/7461/5994
f 5853/7524/5853 5724/7526/5724 5977/7527/5977 6275/7525/6275
f 6275/7525/6275 5977/7527/5977 5677/7528/5677 6033/7529/6033
f 5994/7461/5994 6275/7525/6275 6033/7529/6033 5694/7462/5694
f 5589/6818/5589 5819/6817/5819 6276/7530/6276 5987/7498/5987
f 5819/6817/5819 5573/6816/5573 5772/7531/5772 6276/7530/6276
f 6276/7530/6276 5772/7531/5772 5678/6805/5678 6034/6802/6034
f 5987/7498/5987 6276/7530/6276 6034/6802/6034 5687/6801/5687
f 5628/6845/5628 5884/6844/5884 6277/7532/6277 6000/7427/6000
f 5884/6844/5884 5557/6843/5557 5980/7432/5980 6277/7532/6277
f 6277/7532/6277 5980/7432/5980 5680/7436/5680 6035/7533/6035
f 6000/7427/6000 6277/7532/6277 6035/7533/6035 5700/7428/5700
f 5601/6908/5601 5839/6907/5839 6278/7534/6278 5991/7478/5991
f 5839/6907/5839 5576/6906/5576 5983/7535/5983 6278/7534/6278
f 6278/7534/6278 5983/7535/5983 5683/7536/5683 6036/7537/6036
f 5991/7478/5991 6278/7534/6278 6036/7537/6036 5691/7479/5691
f 5560/6712/5560 6037/6714/6037 6279/7538/6279 6097/7539/6097
f 6037/6714/6037 5623/6709/5623 6098/7540/6098 6279/7538/6279
f 6279/7538/6279 6098/7540/6098 5707/7262/5707 5771/7259/5771
f 6097/7539/6097 6279/7538/6279 5771/7259/5771 5708/7258/5708
f 5564/6659/5564 6038/7541/6038 6280/7542/6280 6099/7543/6099
f 6038/7541/6038 5617/6656/5617 6100/7544/6100 6280/7542/6280
f 6280/7542/6280 6100/7544/6100 5709/7545/5709 5773/7546/5773
f 6099/7543/6099 6280/7542/6280 5773/7546/5773 5710/7547/5710
f 5618/6777/5618 6039/6775/6039 6281/7548/6281 6101/7549/6101
f 6039/6775/6039 5562/6774/5562 6102/7550/6102 6281/7548/6281
f 6281/7548/6281 6102/7550/6102 5712/7267/5712 5776/7368/5776
f 6101/7549/6101 6281/7548/6281 5776/7368/5776 5711/7280/5711
f 5565/6720/5565 6040/7551/6040 6282/7552/6282 6103/7553/6103
f 6040/7551/6040 5593/6718/5593 6104/7554/6104 6282/7552/6282
f 6282/7552/6282 6104/7554/6104 5713/7249/5713 5779/7326/5779
f 6103/7553/6103 6282/7552/6282 5779/7326/5779 5714/7325/5714
f 5567/6650/5567 6041/6652/6041 6283/7555/6283 6105/7556/6105
f 6041/6652/6041 5588/6647/5588 6106/7557/6106 6283/7555/6283
f 6283/7555/6283 6106/7557/6106 5715/6975/5715 5781/7558/5781
f 6105/7556/6105 6283/7555/6283 5781/7558/5781 5716/7013/5716
f 5559/6641/5559 6042/6639/6042 6284/7559/6284 6107/7560/6107
f 6042/6639/6042 5626/6638/5626 6108/7561/6108 6284/7559/6284
f 6284/7559/6284 6108/7561/6108 5717/7562/5717 5783/7563/5783
f 6107/7560/6107 6284/7559/6284 5783/7563/5783 5718/7564/5718
f 5561/6734/5561 6043/6733/6043 6285/7565/6285 6109/7566/6109
f 6043/6733/6043 5611/6732/5611 6110/7567/6110 6285/7565/6285
f 6285/7565/6285 6110/7567/6110 5719/7203/5719 5784/7292/5784
f 6109/7566/6109 6285/7565/6285 5784/7292/5784 5720/7291/5720
f 5568/6632/5568 6044/7568/6044 6286/7569/6286 6111/7570/6111
f 6044/7568/6044 5590/6629/5590 6112/7571/6112 6286/7569/6286
f 6286/7569/6286 6112/7571/6112 5721/6899/5721 5786/6898/5786
f 6111/7570/6111 6286/7569/6286 5786/6898/5786 5722/7572/5722
f 5569/6684/5569 6045/7573/6045 6287/7574/6287 6113/7575/6113
f 6045/7573/6045 5605/6681/5605 6114/7576/6114 6287/7574/6287
f 6287/7574/6287 6114/7576/6114 5723/7401/5723 5787/7577/5787
f 6113/7575/6113 6287/7574/6287 5787/7577/5787 5724/7526/5724
f 5571/6766/5571 6046/7578/6046 6288/7579/6288 6115/7580/6115
f 6046/7578/6046 5602/6763/5602 6116/7581/6116 6288/7579/6288
f 6288/7579/6288 6116/7581/6116 5725/6854/5725 5789/7582/5789
f 6115/7580/6115 6288/7579/6288 5789/7582/5789 5726/6852/5726
f 5570/6667/5570 6047/6665/6047 6289/7583/6289 6117/7584/6117
f 6047/6665/6047 5599/6664/5599 6118/7585/6118 6289/7583/6289
f 6289/7583/6289 6118/7585/6118 5727/7586/5727 5791/7587/5791
f 6117/7584/6117 6289/7583/6289 5791/7587/5791 5728/7521/5728
f 5563/6615/5563 6048/6618/6048 6290/7588/6290 6119/7589/6119
f 6048/6618/6048 5614/6699/5614 6120/7590/6120 6290/7588/6290
f 6290/7588/6290 6120/7590/6120 5729/7383/5729 5792/7450/5792
f 6119/7589/6119 6290/7588/6290 5792/7450/5792 5730/7449/5730
f 5600/6768/5600 6049/7591/6049 6291/7592/6291 6121/7593/6121
f 6049/7591/6049 5571/6766/5571 6115/7580/6115 6291/7592/6291
f 6291/7592/6291 6115/7580/6115 5726/6852/5726 5793/7594/5793
f 6121/7593/6121 6291/7592/6291 5793/7594/5793 5731/7315/5731
f 5572/6751/5572 6050/6753/6050 6292/7595/6292 6122/7596/6122
f 6050/6753/6050 5608/6748/5608 6123/7597/6123 6292/7595/6292
f 6292/7595/6292 6123/7597/6123 5732/7071/5732 5794/7598/5794
f 6122/7596/6122 6292/7595/6292 5794/7598/5794 5733/7055/5733
f 5578/6727/5578 6051/6729/6051 6293/7599/6293 6124/7600/6124
f 6051/6729/6051 5629/6725/5629 6125/7601/6125 6293/7599/6293
f 6293/7599/6293 6125/7601/6125 5734/7244/5734 5802/7241/5802
f 6124/7600/6124 6293/7599/6293 5802/7241/5802 5735/7240/5735
f 5579/6624/5579 6052/7602/6052 6294/7603/6294 6126/7604/6126
f 6052/7602/6052 5644/6621/5644 6127/7605/6127 6294/7603/6294
f 6294/7603/6294 6127/7605/6127 5736/7606/5736 5803/7607/5803
f 6126/7604/6126 6294/7603/6294 5803/7607/5803 5737/6915/5737
f 5581/6693/5581 6053/7608/6053 6295/7609/6295 6128/7610/6128
f 6053/7608/6053 5638/6690/5638 6129/7611/6129 6295/7609/6295
f 6295/7609/6295 6129/7611/6129 5738/7396/5738 5807/7393/5807
f 6128/7610/6128 6295/7609/6295 5807/7393/5807 5739/7392/5739
f 5582/6742/5582 6054/6740/6054 6296/7612/6296 6130/7613/6130
f 6054/6740/6054 5641/6739/5641 6131/7614/6131 6296/7612/6296
f 6296/7612/6296 6131/7614/6131 5740/7615/5740 5808/7616/5808
f 6130/7613/6130 6296/7612/6296 5808/7616/5808 5741/6933/5741
f 5584/6676/5584 6055/6678/6055 6297/7617/6297 6132/7618/6132
f 6055/6678/6055 5632/6673/5632 6133/7619/6133 6297/7617/6297
f 6297/7617/6297 6133/7619/6133 5742/7414/5742 5812/7411/5812
f 6132/7618/6132 6297/7617/6297 5812/7411/5812 5743/7410/5743
f 5585/6758/5585 6056/6757/6056 6298/7620/6298 6134/7621/6134
f 6056/6757/6056 5635/6756/5635 6135/7622/6135 6298/7620/6298
f 6298/7620/6298 6135/7622/6135 5744/7623/5744 5813/7624/5813
f 6134/7621/6134 6298/7620/6298 5813/7624/5813 5745/7625/5745
f 5587/6706/5587 6057/7626/6057 6299/7627/6299 6136/7628/6136
f 6057/7626/6057 5566/6702/5566 6137/7629/6137 6299/7627/6299
f 6299/7627/6299 6137/7629/6137 5746/7319/5746 5817/7630/5817
f 6136/7628/6136 6299/7627/6299 5817/7630/5817 5747/7339/5747
f 5588/6647/5588 6058/7631/6058 6300/7632/6300 6106/7557/6106
f 6058/7631/6058 5625/6644/5625 6138/7633/6138 6300/7632/6300
f 6300/7632/6300 6138/7633/6138 5748/7634/5748 5818/7635/5818
f 6106/7557/6106 6300/7632/6300 5818/7635/5818 5715/6975/5715
f 5590/6629/5590 6059/7636/6059 6301/7637/6301 6112/7571/6112
f 6059/7636/6059 5631/6626/5631 6139/7638/6139 6301/7637/6301
f 6301/7637/6301 6139/7638/6139 5749/7639/5749 5822/7640/5822
f 6112/7571/6112 6301/7637/6301 5822/7640/5822 5721/6899/5721
f 5591/6723/5591 6060/6721/6060 6302/7641/6302 6140/7642/6140
f 6060/6721/6060 5565/6720/5565 6103/7553/6103 6302/7641/6302
f 6302/7641/6302 6103/7553/6103 5714/7325/5714 5823/7356/5823
f 6140/7642/6140 6302/7641/6302 5823/7356/5823 5750/7333/5750
f 5593/6718/5593 6061/7643/6061 6303/7644/6303 6104/7554/6104
f 6061/7643/6061 5627/6715/5627 6141/7645/6141 6303/7644/6303
f 6303/7644/6303 6141/7645/6141 5751/7253/5751 5827/7250/5827
f 6104/7554/6104 6303/7644/6303 5827/7250/5827 5713/7249/5713
f 5594/6635/5594 6062/7646/6062 6304/7647/6304 6142/7648/6142
f 6062/7646/6062 5568/6632/5568 6111/7570/6111 6304/7647/6304
f 6304/7647/6304 6111/7570/6111 5722/7572/5722 5828/7649/5828
f 6142/7648/6142 6304/7647/6304 5828/7649/5828 5752/7003/5752
f 5596/6653/5596 6063/6655/6063 6305/7650/6305 6143/7651/6143
f 6063/6655/6063 5567/6650/5567 6105/7556/6105 6305/7650/6305
f 6305/7650/6305 6105/7556/6105 5716/7013/5716 5832/7652/5832
f 6143/7651/6143 6305/7650/6305 5832/7652/5832 5753/7653/5753
f 5566/6702/5566 6064/7654/6064 6306/7655/6306 6137/7629/6137
f 6064/7654/6064 5597/6780/5597 6144/7656/6144 6306/7655/6306
f 6306/7655/6306 6144/7656/6144 5754/7276/5754 5833/7320/5833
f 6137/7629/6137 6306/7655/6306 5833/7320/5833 5746/7319/5746
f 5599/6664/5599 6065/7657/6065 6307/7658/6307 6118/7585/6118
f 6065/7657/6065 5621/6661/5621 6145/7659/6145 6307/7658/6307
f 6307/7658/6307 6145/7659/6145 5755/7660/5755 5837/7033/5837
f 6118/7585/6118 6307/7658/6307 5837/7033/5837 5727/7586/5727
f 5622/6771/5622 6066/7661/6066 6308/7662/6308 6146/7663/6146
f 6066/7661/6066 5600/6768/5600 6121/7593/6121 6308/7662/6308
f 6308/7662/6308 6121/7593/6121 5731/7315/5731 5838/7313/5838
f 6146/7663/6146 6308/7662/6308 5838/7313/5838 5756/7271/5756
f 5602/6763/5602 6067/6765/6067 6309/7664/6309 6116/7581/6116
f 6067/6765/6067 5634/6760/5634 6147/7665/6147 6309/7664/6309
f 6309/7664/6309 6147/7665/6147 5757/7666/5757 5842/7667/5842
f 6116/7581/6116 6309/7664/6309 5842/7667/5842 5725/6854/5725
f 5603/6670/5603 6068/7668/6068 6310/7669/6310 6148/7670/6148
f 6068/7668/6068 5570/6667/5570 6117/7584/6117 6310/7669/6310
f 6310/7669/6310 6117/7584/6117 5728/7521/5728 5843/7519/5843
f 6148/7670/6148 6310/7669/6310 5843/7519/5843 5758/7472/5758
f 5605/6681/5605 6069/7671/6069 6311/7672/6311 6114/7576/6114
f 6069/7671/6069 5636/6679/5636 6149/7673/6149 6311/7672/6311
f 6311/7672/6311 6149/7673/6149 5759/7405/5759 5847/7402/5847
f 6114/7576/6114 6311/7672/6311 5847/7402/5847 5723/7401/5723
f 5607/6754/5607 6070/6752/6070 6312/7674/6312 6150/7675/6150
f 6070/6752/6070 5572/6751/5572 6122/7596/6122 6312/7674/6312
f 6312/7674/6312 6122/7596/6122 5733/7055/5733 5849/7676/5849
f 6150/7675/6150 6312/7674/6312 5849/7676/5849 5760/7677/5760
f 5608/6748/5608 6071/7678/6071 6313/7679/6313 6123/7597/6123
f 6071/7678/6071 5640/6745/5640 6151/7680/6151 6313/7679/6313
f 6313/7679/6313 6151/7680/6151 5761/7073/5761 5852/7681/5852
f 6123/7597/6123 6313/7679/6313 5852/7681/5852 5732/7071/5732
f 5609/6687/5609 6072/7682/6072 6314/7683/6314 6152/7684/6152
f 6072/7682/6072 5569/6684/5569 6113/7575/6113 6314/7683/6314
f 6314/7683/6314 6113/7575/6113 5724/7526/5724 5853/7524/5853
f 6152/7684/6152 6314/7683/6314 5853/7524/5853 5762/7460/5762
f 5611/6732/5611 6073/6731/6073 6315/7685/6315 6110/7567/6110
f 6073/6731/6073 5645/6730/5645 6153/7686/6153 6315/7685/6315
f 6315/7685/6315 6153/7686/6153 5763/7207/5763 5857/7204/5857
f 6110/7567/6110 6315/7685/6315 5857/7204/5857 5719/7203/5719
f 5613/6619/5613 6074/7687/6074 6316/7688/6316 6154/7689/6154
f 6074/7687/6074 5563/6615/5563 6119/7589/6119 6316/7688/6316
f 6316/7688/6316 6119/7589/6119 5730/7449/5730 5859/7096/5859
f 6154/7689/6154 6316/7688/6316 5859/7096/5859 5764/7690/5764
f 5614/6699/5614 6075/7691/6075 6317/7692/6317 6120/7590/6120
f 6075/7691/6075 5642/6696/5642 6155/7693/6155 6317/7692/6317
f 6317/7692/6317 6155/7693/6155 5765/7387/5765 5862/7384/5862
f 6120/7590/6120 6317/7692/6317 5862/7384/5862 5729/7383/5729
f 5616/6736/5616 6076/7694/6076 6318/7695/6318 6156/7696/6156
f 6076/7694/6076 5561/6734/5561 6109/7566/6109 6318/7695/6318
f 6318/7695/6318 6109/7566/6109 5720/7291/5720 5864/7114/5864
f 6156/7696/6156 6318/7695/6318 5864/7114/5864 5766/7697/5766
f 5617/6656/5617 6077/7698/6077 6319/7699/6319 6100/7544/6100
f 6077/7698/6077 5596/6653/5596 6143/7651/6143 6319/7699/6319
f 6319/7699/6319 6143/7651/6143 5753/7653/5753 5867/7700/5867
f 6100/7544/6100 6319/7699/6319 5867/7700/5867 5709/7545/5709
f 5597/6780/5597 6078/7701/6078 6320/7702/6320 6144/7656/6144
f 6078/7701/6078 5618/6777/5618 6101/7549/6101 6320/7702/6320
f 6320/7702/6320 6101/7549/6101 5711/7280/5711 5868/7277/5868
f 6144/7656/6144 6320/7702/6320 5868/7277/5868 5754/7276/5754
f 5621/6661/5621 6079/7703/6079 6321/7704/6321 6145/7659/6145
f 6079/7703/6079 5564/6659/5564 6099/7543/6099 6321/7704/6321
f 6321/7704/6321 6099/7543/6099 5710/7547/5710 5873/7705/5873
f 6145/7659/6145 6321/7704/6321 5873/7705/5873 5755/7660/5755
f 5562/6774/5562 6080/6776/6080 6322/7706/6322 6102/7550/6102
f 6080/6776/6080 5622/6771/5622 6146/7663/6146 6322/7706/6322
f 6322/7706/6322 6146/7663/6146 5756/7271/5756 5874/7268/5874
f 6102/7550/6102 6322/7706/6322 5874/7268/5874 5712/7267/5712
f 5623/6709/5623 6081/6707/6081 6323/7707/6323 6098/7540/6098
f 6081/6707/6081 5587/6706/5587 6136/7628/6136 6323/7707/6323
f 6323/7707/6323 6136/7628/6136 5747/7339/5747 5877/7337/5877
f 6098/7540/6098 6323/7707/6323 5877/7337/5877 5707/7262/5707
f 5625/6644/5625 6082/7708/6082 6324/7709/6324 6138/7633/6138
f 6082/7708/6082 5559/6641/5559 6107/7560/6107 6324/7709/6324
f 6324/7709/6324 6107/7560/6107 5718/7564/5718 5879/7710/5879
f 6138/7633/6138 6324/7709/6324 5879/7710/5879 5748/7634/5748
f 5626/6638/5626 6083/7711/6083 6325/7712/6325 6108/7561/6108
f 6083/7711/6083 5594/6635/5594 6142/7648/6142 6325/7712/6325
f 6325/7712/6325 6142/7648/6142 5752/7003/5752 5882/7151/5882
f 6108/7561/6108 6325/7712/6325 5882/7151/5882 5717/7562/5717
f 5627/6715/5627 6084/6717/6084 6326/7713/6326 6141/7645/6141
f 6084/6717/6084 5560/6712/5560 6097/7539/6097 6326/7713/6326
f 6326/7713/6326 6097/7539/6097 5708/7258/5708 5883/7365/5883
f 6141/7645/6141 6326/7713/6326 5883/7365/5883 5751/7253/5751
f 5629/6725/5629 6085/7714/6085 6327/7715/6327 6125/7601/6125
f 6085/7714/6085 5591/6723/5591 6140/7642/6140 6327/7715/6327
f 6327/7715/6327 6140/7642/6140 5750/7333/5750 5887/7331/5887
f 6125/7601/6125 6327/7715/6327 5887/7331/5887 5734/7244/5734
f 5631/6626/5631 6086/6628/6086 6328/7716/6328 6139/7638/6139
f 6086/6628/6086 5579/6624/5579 6126/7604/6126 6328/7716/6328
f 6328/7716/6328 6126/7604/6126 5737/6915/5737 5889/7717/5889
f 6139/7638/6139 6328/7716/6328 5889/7717/5889 5749/7639/5749
f 5632/6673/5632 6087/7718/6087 6329/7719/6329 6133/7619/6133
f 6087/7718/6087 5603/6670/5603 6148/7670/6148 6329/7719/6329
f 6329/7719/6329 6148/7670/6148 5758/7472/5758 5892/7470/5892
f 6133/7619/6133 6329/7719/6329 5892/7470/5892 5742/7414/5742
f 5634/6760/5634 6088/7720/6088 6330/7721/6330 6147/7665/6147
f 6088/7720/6088 5585/6758/5585 6134/7621/6134 6330/7721/6330
f 6330/7721/6330 6134/7621/6134 5745/7625/5745 5894/7722/5894
f 6147/7665/6147 6330/7721/6330 5894/7722/5894 5757/7666/5757
f 5635/6756/5635 6089/7723/6089 6331/7724/6331 6135/7622/6135
f 6089/7723/6089 5607/6754/5607 6150/7675/6150 6331/7724/6331
f 6331/7724/6331 6150/7675/6150 5760/7677/5760 5897/7725/5897
f 6135/7622/6135 6331/7724/6331 5897/7725/5897 5744/7623/5744
f 5636/6679/5636 6090/6677/6090 6332/7726/6332 6149/7673/6149
f 6090/6677/6090 5584/6676/5584 6132/7618/6132 6332/7726/6332
f 6332/7726/6332 6132/7618/6132 5743/7410/5743 5898/7501/5898
f 6149/7673/6149 6332/7726/6332 5898/7501/5898 5759/7405/5759
f 5638/6690/5638 6091/7727/6091 6333/7728/6333 6129/7611/6129
f 6091/7727/6091 5609/6687/5609 6152/7684/6152 6333/7728/6333
f 6333/7728/6333 6152/7684/6152 5762/7460/5762 5902/7458/5902
f 6129/7611/6129 6333/7728/6333 5902/7458/5902 5738/7396/5738
f 5640/6745/5640 6092/7729/6092 6334/7730/6334 6151/7680/6151
f 6092/7729/6092 5582/6742/5582 6130/7613/6130 6334/7730/6334
f 6334/7730/6334 6130/7613/6130 5741/6933/5741 5904/7731/5904
f 6151/7680/6151 6334/7730/6334 5904/7731/5904 5761/7073/5761
f 5641/6739/5641 6093/6741/6093 6335/7732/6335 6131/7614/6131
f 6093/6741/6093 5616/6736/5616 6156/7696/6156 6335/7732/6335
f 6335/7732/6335 6156/7696/6156 5766/7697/5766 5907/7196/5907
f 6131/7614/6131 6335/7732/6335 5907/7196/5907 5740/7615/5740
f 5642/6696/5642 6094/6694/6094 6336/7733/6336 6155/7693/6155
f 6094/6694/6094 5581/6693/5581 6128/7610/6128 6336/7733/6336
f 6336/7733/6336 6128/7610/6128 5739/7392/5739 5908/7504/5908
f 6155/7693/6155 6336/7733/6336 5908/7504/5908 5765/7387/5765
f 5644/6621/5644 6095/7734/6095 6337/7735/6337 6127/7605/6127
f 6095/7734/6095 5613/6619/5613 6154/7689/6154 6337/7735/6337
f 6337/7735/6337 6154/7689/6154 5764/7690/5764 5912/7736/5912
f 6127/7605/6127 6337/7735/6337 5912/7736/5912 5736/7606/5736
f 5645/6730/5645 6096/7737/6096 6338/7738/6338 6153/7686/6153
f 6096/7737/6096 5578/6727/5578 6124/7600/6124 6338/7738/6338
f 6338/7738/6338 6124/7600/6124 5735/7240/5735 5913/7347/5913
f 6153/7686/6153 6338/7738/6338 5913/7347/5913 5763/7207/5763
