# Blender 5.0.1
# www.blender.org
mtllib Wall.mtl
o WallBarrier_Croissant
v 0.244571 1.458384 -3.395414
v 0.252921 1.001080 -3.201847
v 0.244571 1.458384 3.403025
v 0.252921 1.001080 3.209459
v -0.244571 1.458384 -3.391198
v -0.252921 1.001080 -3.205793
v -0.244571 1.458384 3.398810
v -0.252921 1.001080 3.213404
v -0.330330 2.275879 0.003806
v 0.330330 3.307888 0.003806
v -0.330330 3.307888 0.003806
v 0.330330 2.275879 0.003806
v -0.329685 1.891668 1.840240
v 0.329685 2.810660 1.852504
v -0.329685 2.810660 1.852504
v 0.329685 1.891668 1.840240
v -0.329685 2.810660 -1.844892
v 0.329685 1.891668 -1.832629
v -0.329685 1.891668 -1.832629
v 0.329685 2.810660 -1.844892
v -0.314893 1.440547 2.692141
v 0.312974 2.176143 2.777374
v -0.312974 2.176143 2.777374
v 0.314893 1.440547 2.692141
v -0.312974 2.176142 -2.769763
v 0.314893 1.440547 -2.684530
v -0.314893 1.440547 -2.684530
v 0.312974 2.176143 -2.769762
v -0.330330 3.186334 0.921411
v 0.330330 2.182171 0.921411
v -0.330330 2.182171 0.921411
v 0.330330 3.186334 0.921411
v -0.330330 2.182171 -0.913800
v 0.330330 3.186334 -0.913800
v -0.330330 3.186334 -0.913800
v 0.330330 2.182171 -0.913800
v 0.112300 0.540720 -3.609565
v -0.112300 0.540720 -3.629586
v 0.111292 0.603960 -3.746335
v -0.112300 0.540720 3.637197
v -0.111292 0.603960 3.733046
v 0.111292 0.603960 3.753946
v 0.112300 0.540720 3.617177
v -0.111292 0.603960 -3.725434
v 0.300935 1.235540 -3.284931
v -0.300935 1.235540 3.292474
v 0.300935 1.235540 3.292542
v -0.300935 1.235540 -3.284863
v 0.422911 2.723214 0.003806
v -0.422911 2.723214 0.003806
v -0.420328 2.304000 1.843077
v 0.420328 2.304000 1.843077
v 0.420328 2.304000 -1.835465
v -0.420328 2.304000 -1.835465
v -0.391503 1.786719 2.728373
v 0.391503 1.786719 2.728373
v 0.391503 1.786719 -2.720762
v -0.391503 1.786719 -2.720762
v 0.422911 2.619718 0.919770
v -0.422911 2.619718 0.919770
v -0.422911 2.619718 -0.912159
v 0.422911 2.619718 -0.912159
v 0.109624 0.530908 -3.698335
v -0.109624 0.530908 3.705738
v 0.109624 0.530908 3.705947
v -0.109624 0.530908 -3.698128
v -0.172707 0.952007 -3.634524
v -0.177314 0.720893 -3.472150
v 0.177314 0.720893 -3.452189
v 0.172707 0.952007 -3.655704
v 0.207488 0.835652 -3.542718
v -0.207488 0.835652 -3.542413
v -0.177314 0.720893 3.479761
v -0.172707 0.952007 3.642135
v 0.177314 0.720893 3.459801
v 0.172707 0.952007 3.663315
v 0.207488 0.835652 3.550329
v -0.207488 0.835652 3.550025
v 0.000000 0.864822 -3.236454
v 0.000000 1.502232 3.480000
v 0.000000 0.864822 3.244066
v 0.000000 1.502232 -3.472389
v -0.000000 2.089429 0.003806
v 0.000000 3.706085 0.003806
v 0.000000 1.717513 1.868555
v 0.000000 3.118105 1.883502
v 0.000000 3.118105 -1.875890
v 0.000000 1.717512 -1.860943
v 0.000000 1.277903 2.727277
v 0.000000 2.364050 2.831164
v 0.000000 1.277903 -2.719665
v 0.000000 2.364050 -2.823553
v 0.000000 3.562789 0.936180
v 0.000000 1.994481 0.936180
v 0.000000 3.562789 -0.928569
v 0.000000 1.994481 -0.928569
v -0.000000 0.506560 -3.626107
v 0.000000 0.558344 3.779103
v 0.000000 0.506560 3.633718
v -0.000000 0.558344 -3.771491
v -0.000000 0.469632 -3.728823
v 0.000000 0.469632 3.736434
v 0.000000 0.921490 -3.727106
v 0.000000 0.633188 -3.479444
v 0.000000 0.921490 3.734718
v 0.000000 0.633188 3.487055
v 0.132918 0.903143 3.221254
v 0.127351 1.525647 -3.447917
v 0.168452 3.609689 0.003806
v 0.168452 3.054789 1.870268
v 0.168452 3.054789 -1.862657
v 0.161404 2.343158 2.811259
v 0.161404 2.343158 -2.803648
v 0.168452 3.474455 0.929616
v 0.168452 3.474455 -0.922005
v 0.059910 0.512325 3.629619
v 0.059462 0.564407 -3.767077
v 0.049485 0.469632 -3.728823
v 0.093890 0.663030 -3.459187
v 0.090818 0.951024 3.712895
v 0.132918 0.903143 -3.213643
v 0.127351 1.525647 3.455528
v 0.168452 2.124879 0.003806
v 0.168452 1.749477 1.855426
v 0.168452 1.749477 -1.847815
v 0.162683 1.311400 2.708103
v 0.162683 1.311400 -2.700492
v 0.168452 2.031205 0.929616
v 0.168452 2.031205 -0.922005
v 0.059910 0.512325 -3.622008
v 0.059462 0.564407 3.774689
v 0.049485 0.469632 3.736434
v 0.090818 0.951024 -3.705284
v 0.093890 0.663030 3.466799
v -0.132918 0.903143 -3.214629
v -0.127351 1.525647 3.454474
v -0.168452 2.124879 0.003806
v -0.168452 1.749477 1.855427
v -0.168452 1.749477 -1.847815
v -0.162683 1.311400 2.708103
v -0.162683 1.311400 -2.700492
v -0.168452 2.031204 0.929616
v -0.168452 2.031205 -0.922005
v -0.059910 0.512325 -3.627173
v -0.059462 0.564407 3.769315
v -0.049485 0.469632 3.736399
v -0.090818 0.951024 -3.699989
v -0.093890 0.663030 3.471789
v -0.132918 0.903143 3.222240
v -0.127351 1.525647 -3.446862
v -0.168452 3.609689 0.003806
v -0.168452 3.054789 1.870269
v -0.168452 3.054789 -1.862657
v -0.161404 2.343158 2.811259
v -0.161404 2.343158 -2.803648
v -0.168452 3.474455 0.929616
v -0.168452 3.474455 -0.922005
v -0.059910 0.512325 3.634784
v -0.059462 0.564407 -3.761704
v -0.049485 0.469632 -3.728788
v -0.093890 0.663030 -3.464177
v -0.090818 0.951024 3.707600
v -0.288351 1.205682 2.996421
v -0.197762 0.938531 -3.202173
v 0.289396 1.106584 -3.233034
v -0.284177 1.360607 3.348852
v 0.289396 1.106584 3.240645
v -0.289396 1.106584 -3.235738
v -0.189760 1.511861 3.432169
v 0.282748 1.803757 3.139774
v 0.197762 0.938531 3.206948
v -0.282748 1.803757 -3.131636
v 0.189760 1.511861 -3.427588
v 0.288351 1.205682 -2.988316
v -0.330330 2.252914 -0.454997
v 0.330330 3.277664 -0.454997
v -0.330330 3.277664 0.462608
v 0.330330 2.252914 0.462608
v 0.395212 2.462226 0.003806
v -0.251856 2.173234 0.003806
v -0.395212 2.462226 0.003806
v 0.251856 3.495483 0.003806
v -0.330250 2.061558 1.380367
v 0.330250 3.032194 1.381900
v -0.326627 2.520424 2.332444
v 0.326867 1.677696 2.292666
v -0.393356 2.066308 1.839969
v 0.393356 2.066308 1.839969
v -0.251776 1.794770 1.846144
v 0.251776 2.966399 1.860604
v -0.330250 3.032194 -1.374289
v 0.330250 2.061558 -1.372756
v -0.326867 1.677696 -2.285054
v 0.326627 2.520425 -2.324833
v 0.251776 2.966399 -1.852993
v -0.251776 1.794769 -1.838532
v 0.393356 2.066308 -1.832358
v -0.393356 2.066308 -1.832358
v -0.326867 1.677696 2.292665
v 0.326627 2.520425 2.332444
v -0.282748 1.803756 3.139247
v 0.288351 1.205682 2.995927
v -0.369766 1.590805 2.705083
v 0.369766 1.590805 2.705083
v -0.242716 1.354335 2.695323
v 0.240876 2.288271 2.795827
v -0.326627 2.520424 -2.324833
v 0.326867 1.677696 -2.285054
v -0.288351 1.205682 -2.988809
v 0.282748 1.803757 -3.132163
v 0.369766 1.590805 -2.697472
v -0.242716 1.354335 -2.687711
v 0.240876 2.288271 -2.788216
v -0.369766 1.590805 -2.697472
v -0.330250 3.032194 1.381900
v 0.330250 2.061558 1.380367
v -0.330330 2.252914 0.462608
v 0.330330 3.277664 0.462608
v 0.251856 3.366493 0.924898
v -0.251856 2.080271 0.924898
v 0.395212 2.365095 0.919975
v -0.395212 2.365095 0.919975
v -0.330250 2.061558 -1.372755
v 0.330250 3.032194 -1.374288
v -0.330330 3.277664 -0.454997
v 0.330330 2.252914 -0.454997
v -0.395212 2.365095 -0.912364
v 0.251856 3.366493 -0.917287
v -0.251856 2.080272 -0.917287
v 0.395212 2.365095 -0.912364
v -0.089229 0.520061 -3.632358
v 0.110742 0.526944 -3.651792
v -0.110261 0.556206 3.726047
v 0.110742 0.526944 3.659404
v -0.110742 0.526944 -3.665710
v -0.088529 0.574367 3.753740
v 0.089229 0.520061 3.625379
v 0.088529 0.574367 -3.761320
v -0.137228 0.737145 -3.694031
v -0.215573 0.845823 -3.357485
v -0.139447 0.609271 3.577294
v -0.208123 1.184146 3.553926
v 0.215573 0.845823 -3.345619
v 0.137228 0.737145 -3.718245
v 0.139447 0.609271 3.554259
v 0.208123 1.184146 3.566585
v 0.284177 1.360607 -3.344147
v -0.289396 1.106584 3.243349
v 0.284177 1.360607 3.351759
v -0.284177 1.360607 -3.341241
v 0.395212 3.029351 0.003806
v -0.395212 3.029351 0.003806
v -0.393356 2.572562 1.847008
v 0.393356 2.572562 1.847008
v 0.393356 2.572562 -1.839397
v -0.393356 2.572562 -1.839397
v -0.368566 1.996779 2.754009
v 0.368566 1.996779 2.754009
v 0.368566 1.996779 -2.746398
v -0.368566 1.996779 -2.746398
v 0.395212 2.916973 0.919975
v -0.395212 2.916973 0.919975
v -0.395212 2.916973 -0.912364
v 0.395212 2.916973 -0.912364
v 0.110261 0.556206 -3.732981
v -0.110742 0.526944 3.673321
v 0.110261 0.556206 3.740593
v -0.110261 0.556206 -3.718436
v 0.156394 0.660914 -3.633152
v 0.156394 0.660914 3.640764
v 0.075559 0.477292 -3.725012
v -0.075559 0.477292 3.732513
v 0.422588 2.489656 -1.371059
v -0.422911 2.697347 -0.454177
v -0.422588 2.489656 1.378670
v 0.422911 2.697347 0.461788
v -0.412850 2.063459 -2.300627
v 0.350505 1.499234 -3.050221
v 0.412850 2.063459 2.308239
v -0.350505 1.499234 3.057824
v -0.422588 2.489656 -1.371059
v 0.412850 2.063459 -2.300627
v 0.422588 2.489656 1.378670
v -0.412850 2.063459 2.308239
v -0.422911 2.697347 0.461788
v 0.422911 2.697347 -0.454177
v -0.156394 0.660914 -3.632857
v 0.350505 1.499234 3.057832
v -0.350505 1.499234 -3.050213
v -0.156394 0.660914 3.640468
v -0.208123 1.184146 -3.546314
v -0.139447 0.609271 -3.569682
v 0.139447 0.609271 -3.546648
v 0.208123 1.184146 -3.558973
v 0.254365 1.021058 -3.437126
v -0.254365 1.021058 -3.436928
v -0.200597 0.771675 -3.500876
v 0.197718 0.903196 -3.604036
v 0.200597 0.771675 -3.487191
v -0.135111 0.964050 -3.671588
v 0.139526 0.687048 -3.446918
v -0.197718 0.903196 -3.589437
v -0.215573 0.845823 3.365096
v -0.137228 0.737145 3.701642
v 0.215573 0.845823 3.353230
v 0.137228 0.737145 3.725856
v 0.254365 1.021058 3.444737
v -0.254365 1.021058 3.444539
v -0.197718 0.903196 3.597048
v 0.200597 0.771675 3.494803
v 0.197718 0.903196 3.611647
v 0.135111 0.964050 3.694423
v -0.139526 0.687048 3.468876
v -0.200597 0.771675 3.508487
v 0.066459 0.876480 -3.229326
v 0.063675 1.513259 3.472353
v -0.066459 0.876480 3.237061
v -0.063675 1.513259 -3.464609
v 0.084226 2.098599 0.003806
v -0.084226 3.680413 0.003806
v 0.084226 1.725594 1.864452
v -0.084226 3.102770 1.879366
v -0.084226 3.102770 -1.871755
v 0.084226 1.725593 -1.856841
v 0.081342 1.286781 2.721285
v -0.080702 2.361973 2.824944
v 0.081342 1.286781 -2.713674
v -0.080702 2.361973 -2.817333
v -0.084226 3.539636 0.934129
v 0.084226 2.004050 0.934129
v -0.084226 3.539636 -0.926517
v 0.084226 2.004050 -0.926517
v 0.029955 0.508361 -3.624826
v 0.029731 0.560238 3.777723
v -0.029955 0.508361 3.633083
v -0.029731 0.560238 -3.769440
v -0.024743 0.469632 -3.728818
v 0.024743 0.469632 3.736434
v 0.045409 0.931461 -3.720287
v -0.046945 0.642514 -3.473737
v -0.045409 0.931461 3.727237
v 0.046945 0.642514 3.480725
v 0.000000 0.729130 3.387378
v 0.000000 1.176672 3.647381
v 0.000000 0.729130 -3.379766
v 0.000000 1.176672 -3.639769
v -0.000000 0.477355 3.691207
v 0.000000 0.477355 -3.683596
v 0.000000 0.709383 3.772708
v 0.000000 0.559275 3.566550
v 0.000000 0.709383 -3.765097
v 0.000000 0.559275 -3.558939
v -0.000000 0.486800 -3.758465
v 0.000000 0.486800 3.766076
v 0.000000 1.879734 -1.394756
v 0.000000 3.380419 -1.396624
v 0.000000 2.065102 0.469993
v 0.000000 3.670541 0.469993
v 0.000000 1.917430 -3.198757
v 0.000000 1.054045 -3.023426
v 0.000000 2.774119 2.374021
v 0.000000 1.508864 2.325535
v 0.000000 1.508864 -2.317924
v 0.000000 2.774119 -2.366409
v 0.000000 3.380419 1.404236
v 0.000000 1.879733 1.402367
v 0.000000 3.670542 -0.462381
v 0.000000 2.065102 -0.462381
v 0.000000 1.054045 3.031037
v 0.000000 1.917431 3.206368
v 0.066459 0.876480 3.236938
v 0.063675 1.513259 -3.464742
v 0.084226 3.680413 0.003806
v 0.084226 3.102770 1.879367
v 0.084226 3.102770 -1.871755
v 0.080702 2.361973 2.824944
v 0.080702 2.361973 -2.817333
v 0.084226 3.539636 0.934129
v 0.084226 3.539637 -0.926517
v 0.029955 0.508361 3.632438
v 0.029731 0.560238 -3.770112
v 0.024743 0.469632 -3.728822
v 0.046945 0.642514 -3.473114
v 0.045409 0.931461 3.727899
v 0.197762 0.938531 -3.199337
v 0.189760 1.511861 3.435199
v 0.251856 2.173234 0.003806
v 0.251776 1.794770 1.846144
v 0.251776 1.794770 -1.838532
v 0.242716 1.354335 2.695323
v 0.242716 1.354335 -2.687712
v 0.251856 2.080272 0.924898
v 0.251856 2.080272 -0.917287
v 0.089229 0.520061 -3.617768
v 0.088529 0.574367 3.768931
v 0.075559 0.477292 3.732623
v 0.135111 0.964050 -3.686811
v 0.139526 0.687048 3.454529
v 0.146575 1.921143 3.183822
v 0.168452 3.576144 -0.459100
v 0.168452 3.302345 1.394377
v 0.167571 2.730155 -2.349723
v 0.167571 2.730155 2.357334
v 0.146575 1.921143 -3.176211
v 0.168452 3.576144 0.466711
v 0.168452 3.302345 -1.386765
v 0.051715 0.487558 3.765525
v 0.074882 0.576696 -3.546670
v 0.073434 0.727475 3.759498
v 0.051771 0.478076 3.690695
v 0.113676 0.765880 -3.356479
v 0.108709 1.208814 3.622285
v 0.113676 0.765880 3.364090
v 0.108709 1.208814 -3.614674
v 0.051771 0.478076 -3.683084
v 0.074882 0.576696 3.554281
v 0.073434 0.727475 -3.751886
v 0.051715 0.487558 -3.757914
v 0.168452 1.914267 -1.384910
v 0.168452 2.101412 0.466711
v 0.150310 1.090496 -3.002114
v 0.167731 1.540513 2.309190
v 0.167731 1.540513 -2.301579
v 0.168452 1.914267 1.392522
v 0.168452 2.101412 -0.459100
v 0.150310 1.090496 3.009725
v -0.066459 0.876480 -3.229450
v -0.063675 1.513259 3.472221
v -0.084226 2.098600 0.003806
v -0.084226 1.725594 1.864452
v -0.084226 1.725593 -1.856840
v -0.081342 1.286781 2.721285
v -0.081342 1.286781 -2.713674
v -0.084226 2.004050 0.934129
v -0.084226 2.004050 -0.926517
v -0.029955 0.508361 -3.625472
v -0.029731 0.560238 3.777052
v -0.024743 0.469632 3.736429
v -0.045409 0.931461 -3.719625
v -0.046945 0.642514 3.481349
v -0.197762 0.938531 3.209784
v -0.189760 1.511861 -3.424558
v -0.251856 3.495483 0.003806
v -0.251776 2.966399 1.860604
v -0.251776 2.966399 -1.852993
v -0.240876 2.288271 2.795827
v -0.240876 2.288271 -2.788216
v -0.251856 3.366493 0.924898
v -0.251856 3.366493 -0.917287
v -0.089229 0.520061 3.639969
v -0.088529 0.574367 -3.746129
v -0.075559 0.477292 -3.724902
v -0.139526 0.687048 -3.461265
v -0.135111 0.964050 3.679199
v -0.150310 1.090496 3.009848
v -0.168452 2.101412 -0.459100
v -0.168452 1.914267 1.392521
v -0.167731 1.540513 -2.301579
v -0.167731 1.540513 2.309190
v -0.150310 1.090496 -3.002237
v -0.168452 2.101412 0.466711
v -0.168452 1.914267 -1.384910
v -0.051715 0.487558 -3.754807
v -0.073434 0.727475 -3.745752
v -0.074882 0.576696 3.560121
v -0.051771 0.478076 -3.686076
v -0.108709 1.208814 -3.611509
v -0.113676 0.765880 3.367057
v -0.108709 1.208814 3.619120
v -0.113676 0.765880 -3.359445
v -0.051771 0.478076 3.693687
v -0.073434 0.727475 3.753363
v -0.074882 0.576696 -3.552509
v -0.051715 0.487558 3.762419
v -0.168452 3.302345 -1.386765
v -0.168452 3.576145 0.466711
v -0.146575 1.921143 -3.176080
v -0.167571 2.730155 2.357334
v -0.167571 2.730155 -2.349723
v -0.168452 3.302345 1.394377
v -0.168452 3.576144 -0.459100
v -0.146575 1.921143 3.183691
v -0.218562 1.886763 3.165255
v -0.153242 0.629894 3.606233
v -0.330581 1.666167 -3.093531
v 0.223931 1.130167 2.996012
v 0.330581 1.666167 3.101506
v -0.151873 0.702528 -3.664907
v 0.395212 3.001278 -0.454279
v 0.251856 2.150313 -0.456741
v -0.395212 3.001278 0.461891
v -0.251856 3.463478 -0.456741
v -0.387472 2.307476 2.320242
v 0.394980 2.775481 1.379418
v 0.251846 1.961643 1.385464
v -0.251846 3.202401 1.387271
v -0.250292 2.656951 -2.337226
v 0.250522 1.584804 -2.290319
v 0.387472 2.307477 -2.312631
v -0.394980 2.775481 -1.371807
v -0.330581 1.666167 3.101142
v 0.387472 2.307477 2.320242
v 0.250522 1.584804 2.297930
v -0.250292 2.656952 2.344837
v 0.330581 1.666167 -3.093894
v 0.223931 1.130167 -2.988401
v -0.218562 1.886763 -3.157644
v -0.387472 2.307477 -2.312631
v -0.251856 3.463478 0.464352
v 0.251856 2.150313 0.464352
v 0.395212 3.001278 0.461891
v -0.394980 2.775481 1.379418
v -0.395212 3.001278 -0.454279
v -0.251846 3.202401 -1.379660
v 0.251846 1.961643 -1.377852
v 0.394980 2.775481 -1.371807
v -0.078371 0.496516 3.752903
v 0.078371 0.496516 -3.754403
v -0.111090 0.590878 -3.556211
v 0.108997 0.739032 -3.740113
v 0.111090 0.590878 3.547115
v -0.108997 0.739032 3.730169
v 0.151873 0.702528 3.689344
v 0.153242 0.629894 -3.582681
v 0.151873 0.702528 -3.681733
v 0.153242 0.629894 3.590293
v 0.078501 0.484585 -3.679018
v -0.078501 0.484585 3.695396
v 0.394980 2.241481 -1.370927
v -0.395212 2.438199 -0.454279
v -0.394980 2.241481 1.378538
v 0.395212 2.438199 0.461891
v -0.387622 1.842789 -2.289797
v 0.334083 1.335520 -3.011321
v 0.387622 1.842789 2.297408
v -0.334083 1.335520 3.019270
v -0.394980 2.241481 -1.370927
v 0.387622 1.842789 -2.289797
v 0.394980 2.241481 1.378538
v -0.387622 1.842789 2.297408
v -0.395212 2.438198 0.461891
v 0.395212 2.438198 -0.454279
v -0.153242 0.629894 -3.598622
v 0.334083 1.335520 3.018932
v -0.334083 1.335520 -3.011659
v -0.151873 0.702528 3.672518
v -0.245382 0.924871 -3.388198
v 0.240726 1.114810 -3.502540
v 0.245382 0.924871 -3.380065
v 0.161901 1.212681 -3.593595
v -0.169042 0.796744 -3.350551
v -0.240726 1.114810 -3.493813
v -0.240726 1.114810 3.501424
v 0.245382 0.924871 3.387676
v 0.240726 1.114810 3.510152
v -0.161901 1.212681 3.592107
v 0.169042 0.796744 3.349633
v -0.245382 0.924871 3.395810
v -0.056838 0.740575 3.380471
v 0.054354 1.188942 3.639538
v 0.056838 0.740575 -3.372489
v -0.054354 1.188942 -3.631531
v 0.025885 0.477580 3.691047
v -0.025885 0.477580 -3.683810
v 0.036717 0.715130 3.768579
v -0.037441 0.564719 3.563446
v -0.036717 0.715130 -3.760201
v 0.037441 0.564719 -3.555105
v -0.025857 0.487037 -3.757905
v 0.025857 0.487037 3.765904
v -0.084226 1.888618 -1.391679
v 0.084226 3.360472 -1.393543
v -0.084226 2.074541 0.468967
v 0.084226 3.645494 0.468967
v 0.073287 1.922950 -3.191711
v -0.075155 1.064482 -3.016781
v 0.083785 2.764832 2.368806
v -0.083865 1.516886 2.320427
v -0.083865 1.516886 -2.312816
v 0.083785 2.764832 -2.361195
v 0.084226 3.360473 1.401155
v -0.084226 1.888618 1.399291
v 0.084226 3.645494 -0.461356
v -0.084226 2.074541 -0.461356
v -0.075155 1.064482 3.024392
v 0.073287 1.922950 3.199323
v 0.218562 1.886763 3.165634
v 0.251856 3.463478 -0.456741
v 0.251846 3.202401 1.387271
v 0.250292 2.656951 -2.337226
v 0.250292 2.656952 2.344837
v 0.218562 1.886763 -3.158023
v 0.251856 3.463478 0.464352
v 0.251846 3.202401 -1.379660
v 0.078371 0.496516 3.762015
v 0.111090 0.590878 -3.539504
v 0.108997 0.739032 3.747725
v 0.078501 0.484585 3.686630
v 0.169042 0.796744 -3.342022
v 0.161901 1.212681 3.601206
v 0.056838 0.740575 3.380100
v 0.054354 1.188942 -3.631927
v 0.025885 0.477580 -3.683436
v 0.037441 0.564719 3.562716
v 0.036717 0.715130 -3.760968
v 0.025857 0.487037 -3.758292
v 0.084226 1.888617 -1.391679
v 0.084226 2.074541 0.468967
v 0.075155 1.064482 -3.016766
v 0.083865 1.516886 2.320427
v 0.083865 1.516886 -2.312816
v 0.084226 1.888618 1.399291
v 0.084226 2.074541 -0.461356
v 0.075155 1.064482 3.024377
v -0.223931 1.130167 2.996367
v -0.251856 2.150313 -0.456741
v -0.251846 1.961643 1.385464
v -0.250522 1.584804 -2.290319
v -0.250522 1.584804 2.297930
v -0.223931 1.130167 -2.988756
v -0.251856 2.150313 0.464352
v -0.251846 1.961643 -1.377852
v -0.078371 0.496516 -3.745291
v -0.108997 0.739032 -3.722558
v -0.111090 0.590878 3.563822
v -0.078501 0.484585 -3.687785
v -0.161901 1.212681 -3.584496
v -0.169042 0.796744 3.358162
v -0.054354 1.188942 3.639142
v -0.056838 0.740575 -3.372860
v -0.025885 0.477580 3.691422
v -0.036717 0.715130 3.767813
v -0.037441 0.564719 -3.555835
v -0.025857 0.487037 3.765516
v -0.084226 3.360472 -1.393543
v -0.084226 3.645494 0.468967
v -0.073287 1.922950 -3.191695
v -0.083785 2.764832 2.368806
v -0.083785 2.764832 -2.361195
v -0.084226 3.360473 1.401155
v -0.084226 3.645494 -0.461356
v -0.073287 1.922950 3.199306
vn 0.8352 0.2367 -0.4964
vn 0.8924 -0.4006 0.2076
vn 0.8352 0.2367 0.4964
vn 0.8924 -0.4006 -0.2076
vn -0.8334 0.2323 -0.5014
vn -0.8919 -0.4031 0.2050
vn -0.8334 0.2323 0.5014
vn -0.8919 -0.4031 -0.2050
vn -0.8941 -0.4479 -0.0000
vn 0.9512 0.3085 -0.0000
vn -0.9512 0.3085 -0.0000
vn 0.8941 -0.4479 -0.0000
vn -0.8709 -0.4544 -0.1873
vn 0.9280 0.3272 0.1781
vn -0.9280 0.3272 0.1781
vn 0.8709 -0.4544 -0.1873
vn -0.9280 0.3272 -0.1781
vn 0.8709 -0.4544 0.1873
vn -0.8709 -0.4544 0.1873
vn 0.9280 0.3272 -0.1781
vn -0.8735 -0.4276 -0.2326
vn 0.8867 0.3246 0.3294
vn -0.8866 0.3245 0.3295
vn 0.8735 -0.4275 -0.2327
vn -0.8866 0.3245 -0.3295
vn 0.8735 -0.4275 0.2327
vn -0.8735 -0.4276 0.2326
vn 0.8867 0.3246 -0.3294
vn -0.9463 0.3122 0.0835
vn 0.8875 -0.4512 -0.0938
vn -0.8875 -0.4512 -0.0938
vn 0.9463 0.3122 0.0835
vn -0.8875 -0.4512 0.0938
vn 0.9463 0.3122 -0.0835
vn -0.9463 0.3122 -0.0835
vn 0.8875 -0.4512 0.0938
vn 0.7753 -0.5796 0.2508
vn -0.7841 -0.5662 0.2542
vn 0.8079 -0.0709 -0.5851
vn -0.7841 -0.5662 -0.2542
vn -0.8032 -0.0418 0.5942
vn 0.8079 -0.0709 0.5851
vn 0.7753 -0.5796 -0.2508
vn -0.8032 -0.0418 -0.5942
vn 0.9857 -0.0723 -0.1521
vn -0.9853 -0.0704 0.1556
vn 0.9857 -0.0723 0.1521
vn -0.9853 -0.0704 -0.1556
vn 1.0000 0.0004 -0.0000
vn -1.0000 0.0004 -0.0000
vn -0.9999 -0.0035 0.0122
vn 0.9999 -0.0035 0.0122
vn 0.9999 -0.0035 -0.0122
vn -0.9999 -0.0035 -0.0122
vn -0.9975 -0.0242 0.0662
vn 0.9975 -0.0242 0.0662
vn 0.9975 -0.0242 -0.0662
vn -0.9975 -0.0242 -0.0662
vn 1.0000 -0.0007 0.0026
vn -1.0000 -0.0007 0.0026
vn -1.0000 -0.0007 -0.0026
vn 1.0000 -0.0007 -0.0026
vn 0.9073 -0.3987 -0.1332
vn -0.9075 -0.3835 0.1712
vn 0.9073 -0.3987 0.1332
vn -0.9075 -0.3835 -0.1712
vn -0.8166 0.0632 -0.5737
vn -0.8586 -0.4662 0.2134
vn 0.8596 -0.4622 0.2176
vn 0.8229 0.0696 -0.5640
vn 0.9699 -0.1612 -0.1823
vn -0.9669 -0.1461 -0.2091
vn -0.8586 -0.4662 -0.2134
vn -0.8166 0.0632 0.5737
vn 0.8596 -0.4622 -0.2176
vn 0.8229 0.0696 0.5640
vn 0.9699 -0.1612 0.1823
vn -0.9669 -0.1461 0.2091
vn -0.0009 -0.7376 0.6753
vn -0.0013 0.5043 0.8635
vn -0.0009 -0.7376 -0.6753
vn -0.0013 0.5043 -0.8635
vn -0.0000 -1.0000 -0.0000
vn -0.0000 1.0000 -0.0000
vn -0.0000 -0.9281 -0.3722
vn -0.0000 0.8535 0.5211
vn -0.0000 0.8535 -0.5211
vn -0.0000 -0.9281 0.3722
vn -0.0000 -0.8384 -0.5450
vn -0.0000 0.7005 0.7136
vn -0.0000 -0.8384 0.5450
vn -0.0000 0.7005 -0.7136
vn -0.0000 0.9582 0.2860
vn -0.0000 -0.9809 -0.1943
vn -0.0000 0.9582 -0.2860
vn -0.0000 -0.9809 0.1943
vn -0.0052 -0.8450 0.5348
vn -0.0101 -0.0631 0.9980
vn -0.0052 -0.8450 -0.5348
vn -0.0101 -0.0631 -0.9980
vn -0.0013 -0.9924 -0.1234
vn -0.0013 -0.9924 0.1234
vn -0.0070 0.2480 -0.9687
vn -0.0046 -0.7255 0.6882
vn -0.0069 0.2480 0.9687
vn -0.0046 -0.7255 -0.6882
vn 0.1944 -0.7301 -0.6551
vn 0.2622 0.4931 -0.8295
vn 0.7319 0.6814 -0.0000
vn 0.6058 0.6868 0.4016
vn 0.6058 0.6868 -0.4016
vn 0.4267 0.6447 0.6342
vn 0.4267 0.6447 -0.6342
vn 0.7048 0.6817 0.1964
vn 0.7048 0.6817 -0.1964
vn 0.1077 -0.8299 -0.5474
vn 0.1730 -0.0330 -0.9844
vn 0.1294 -0.9836 -0.1258
vn 0.1475 -0.7153 0.6831
vn 0.2500 0.2466 0.9363
vn 0.1944 -0.7301 0.6551
vn 0.2622 0.4931 0.8295
vn 0.4096 -0.9123 -0.0000
vn 0.3263 -0.8758 -0.3558
vn 0.3263 -0.8758 0.3558
vn 0.2586 -0.8128 -0.5220
vn 0.2586 -0.8128 0.5220
vn 0.3946 -0.9008 -0.1810
vn 0.3946 -0.9008 0.1810
vn 0.1077 -0.8299 0.5474
vn 0.1730 -0.0330 0.9844
vn 0.1294 -0.9836 0.1258
vn 0.2500 0.2466 -0.9363
vn 0.1475 -0.7153 -0.6831
vn -0.2176 -0.7319 0.6457
vn -0.2862 0.4849 0.8264
vn -0.4096 -0.9123 -0.0000
vn -0.3263 -0.8758 -0.3558
vn -0.3263 -0.8758 0.3558
vn -0.2589 -0.8128 -0.5219
vn -0.2589 -0.8128 0.5219
vn -0.3946 -0.9008 -0.1810
vn -0.3946 -0.9008 0.1810
vn -0.2187 -0.8152 0.5363
vn -0.3701 -0.0303 0.9285
vn -0.1522 -0.9795 0.1320
vn -0.3872 0.2172 -0.8961
vn -0.2545 -0.7168 -0.6492
vn -0.2176 -0.7319 -0.6457
vn -0.2862 0.4849 -0.8264
vn -0.7319 0.6814 -0.0000
vn -0.6058 0.6868 0.4016
vn -0.6058 0.6868 -0.4016
vn -0.4270 0.6446 0.6342
vn -0.4270 0.6446 -0.6342
vn -0.7048 0.6817 0.1964
vn -0.7048 0.6817 -0.1964
vn -0.2187 -0.8152 -0.5363
vn -0.3701 -0.0303 -0.9285
vn -0.1522 -0.9795 -0.1320
vn -0.2545 -0.7168 0.6492
vn -0.3872 0.2172 0.8961
vn -0.8852 -0.4067 -0.2259
vn -0.5376 -0.6603 0.5244
vn 0.9766 -0.2149 -0.0007
vn -0.9450 0.0765 0.3181
vn 0.9766 -0.2149 0.0007
vn -0.9768 -0.2141 -0.0021
vn -0.5843 0.3956 0.7086
vn 0.8544 0.2936 0.4288
vn 0.5192 -0.6609 -0.5419
vn -0.8541 0.2926 -0.4300
vn 0.5699 0.4085 -0.7130
vn 0.8853 -0.4060 0.2268
vn -0.8925 -0.4487 0.0459
vn 0.9501 0.3093 -0.0412
vn -0.9501 0.3093 0.0412
vn 0.8925 -0.4487 -0.0459
vn 0.9794 -0.2021 -0.0000
vn -0.6830 -0.7304 -0.0000
vn -0.9794 -0.2021 -0.0000
vn 0.8727 0.4883 -0.0000
vn -0.8794 -0.4542 -0.1425
vn 0.9392 0.3184 0.1284
vn -0.9119 0.3326 0.2406
vn 0.8675 -0.4464 -0.2195
vn -0.9754 -0.2058 -0.0794
vn 0.9754 -0.2058 -0.0794
vn -0.6177 -0.7272 -0.2995
vn 0.8097 0.5115 0.2876
vn -0.9392 0.3184 -0.1284
vn 0.8794 -0.4542 0.1425
vn -0.8675 -0.4464 0.2195
vn 0.9119 0.3326 -0.2406
vn 0.8097 0.5115 -0.2876
vn -0.6177 -0.7272 0.2995
vn 0.9754 -0.2058 0.0794
vn -0.9754 -0.2058 0.0794
vn -0.8675 -0.4464 -0.2195
vn 0.9119 0.3326 0.2406
vn -0.8541 0.2926 0.4300
vn 0.8853 -0.4060 -0.2268
vn -0.9791 -0.1959 -0.0541
vn 0.9791 -0.1959 -0.0541
vn -0.5668 -0.6984 -0.4370
vn 0.7011 0.5109 0.4975
vn -0.9119 0.3326 -0.2406
vn 0.8675 -0.4464 0.2195
vn -0.8852 -0.4067 0.2259
vn 0.8544 0.2936 -0.4288
vn 0.9791 -0.1959 0.0541
vn -0.5668 -0.6984 0.4370
vn 0.7011 0.5109 -0.4975
vn -0.9791 -0.1959 0.0541
vn -0.9392 0.3184 0.1284
vn 0.8794 -0.4542 -0.1425
vn -0.8925 -0.4487 -0.0459
vn 0.9501 0.3093 0.0412
vn 0.8601 0.4916 0.1365
vn -0.6686 -0.7285 -0.1490
vn 0.9779 -0.2048 -0.0426
vn -0.9779 -0.2048 -0.0426
vn -0.8794 -0.4542 0.1425
vn 0.9392 0.3184 -0.1284
vn -0.9501 0.3093 -0.0412
vn 0.8925 -0.4487 0.0459
vn -0.9779 -0.2048 0.0426
vn 0.8601 0.4916 -0.1365
vn -0.6686 -0.7285 0.1490
vn 0.9779 -0.2048 0.0426
vn -0.5184 -0.7426 0.4241
vn 0.8604 -0.5076 0.0456
vn -0.8936 -0.1850 0.4091
vn 0.8604 -0.5076 -0.0456
vn -0.8636 -0.5024 0.0421
vn -0.6315 -0.0437 0.7741
vn 0.4466 -0.7809 -0.4367
vn 0.5172 -0.0720 -0.8529
vn -0.8142 0.0031 -0.5806
vn -0.8826 -0.4281 0.1944
vn -0.8279 -0.5107 -0.2320
vn -0.8234 0.1478 0.5479
vn 0.8834 -0.4241 0.1992
vn 0.8212 -0.0059 -0.5706
vn 0.8273 -0.5119 -0.2315
vn 0.8279 0.1568 0.5386
vn 0.9476 0.0749 -0.3104
vn -0.9768 -0.2141 0.0021
vn 0.9476 0.0749 0.3104
vn -0.9450 0.0765 -0.3181
vn 0.9868 0.1621 -0.0000
vn -0.9868 0.1621 -0.0000
vn -0.9812 0.1690 0.0931
vn 0.9812 0.1690 0.0931
vn 0.9812 0.1690 -0.0931
vn -0.9812 0.1690 -0.0931
vn -0.9695 0.1527 0.1915
vn 0.9696 0.1527 0.1914
vn 0.9696 0.1527 -0.1914
vn -0.9695 0.1527 -0.1915
vn 0.9855 0.1642 0.0424
vn -0.9855 0.1642 0.0424
vn -0.9855 0.1642 -0.0424
vn 0.9855 0.1642 -0.0424
vn 0.9083 -0.2395 -0.3430
vn -0.8636 -0.5024 -0.0421
vn 0.9083 -0.2395 0.3430
vn -0.8936 -0.1850 -0.4091
vn 0.9607 -0.2256 -0.1620
vn 0.9607 -0.2256 0.1620
vn 0.5911 -0.7961 -0.1301
vn -0.5900 -0.7939 0.1474
vn 1.0000 -0.0016 -0.0055
vn -1.0000 -0.0000 -0.0013
vn -1.0000 -0.0016 0.0055
vn 1.0000 -0.0000 0.0013
vn -0.9995 -0.0091 -0.0305
vn 0.9927 -0.0458 -0.1116
vn 0.9995 -0.0091 0.0305
vn -0.9926 -0.0455 0.1123
vn -1.0000 -0.0016 -0.0055
vn 0.9995 -0.0091 -0.0305
vn 1.0000 -0.0016 0.0055
vn -0.9995 -0.0091 0.0305
vn -1.0000 -0.0000 0.0013
vn 1.0000 -0.0000 -0.0013
vn -0.9578 -0.2021 -0.2045
vn 0.9927 -0.0458 0.1116
vn -0.9926 -0.0455 -0.1123
vn -0.9578 -0.2021 0.2045
vn -0.8234 0.1478 -0.5479
vn -0.8278 -0.5107 0.2320
vn 0.8273 -0.5119 0.2315
vn 0.8279 0.1568 -0.5386
vn 0.9779 -0.1116 -0.1769
vn -0.9765 -0.1048 -0.1885
vn -0.9591 -0.2814 -0.0297
vn 0.9396 -0.0554 -0.3377
vn 0.9584 -0.2847 -0.0206
vn -0.6075 0.1606 -0.7779
vn 0.4429 -0.6805 0.5837
vn -0.9240 -0.0388 -0.3804
vn -0.8826 -0.4281 -0.1944
vn -0.8142 0.0031 0.5806
vn 0.8834 -0.4241 -0.1992
vn 0.8212 -0.0059 0.5706
vn 0.9779 -0.1116 0.1769
vn -0.9765 -0.1048 0.1885
vn -0.9240 -0.0388 0.3804
vn 0.9584 -0.2847 0.0206
vn 0.9396 -0.0554 0.3377
vn 0.5071 0.2030 0.8377
vn -0.5251 -0.6676 -0.5278
vn -0.9591 -0.2814 0.0297
vn 0.0946 -0.7361 0.6702
vn 0.0830 0.5058 0.8586
vn -0.1029 -0.7369 -0.6681
vn -0.0934 0.5041 -0.8586
vn 0.2081 -0.9781 -0.0000
vn -0.4844 0.8749 -0.0000
vn 0.1480 -0.9175 -0.3692
vn -0.3419 0.8047 0.4853
vn -0.3419 0.8047 -0.4853
vn 0.1480 -0.9175 0.3692
vn 0.1108 -0.8343 -0.5400
vn -0.1827 0.6930 0.6974
vn 0.1108 -0.8343 0.5400
vn -0.1827 0.6930 -0.6974
vn -0.4516 0.8556 0.2530
vn 0.1980 -0.9614 -0.1911
vn -0.4516 0.8556 -0.2530
vn 0.1980 -0.9614 0.1911
vn 0.0428 -0.8395 0.5416
vn 0.0860 -0.0513 0.9950
vn -0.0841 -0.8372 -0.5403
vn -0.1654 -0.0503 -0.9849
vn -0.0177 -0.9920 -0.1251
vn 0.0077 -0.9923 0.1234
vn 0.1399 0.2484 -0.9585
vn -0.1173 -0.7234 0.6804
vn -0.1957 0.2416 0.9504
vn 0.0776 -0.7218 -0.6878
vn -0.0025 -0.7232 -0.6906
vn -0.0036 0.3884 0.9215
vn -0.0025 -0.7232 0.6906
vn -0.0036 0.3884 -0.9215
vn -0.0022 -0.9541 -0.2994
vn -0.0022 -0.9541 0.2994
vn -0.0098 0.1115 0.9937
vn -0.0060 -0.7592 -0.6508
vn -0.0098 0.1115 -0.9937
vn -0.0060 -0.7592 0.6508
vn -0.0053 -0.6502 -0.7597
vn -0.0053 -0.6502 0.7597
vn -0.0000 -0.9588 0.2842
vn -0.0000 0.9103 -0.4139
vn -0.0000 -0.9949 -0.1004
vn -0.0000 0.9894 0.1451
vn -0.0002 0.6004 -0.7997
vn -0.0002 -0.7781 0.6281
vn -0.0000 0.7877 0.6160
vn -0.0000 -0.8897 -0.4566
vn -0.0000 -0.8897 0.4566
vn -0.0000 0.7877 -0.6160
vn -0.0000 0.9103 0.4139
vn -0.0000 -0.9588 -0.2842
vn -0.0000 0.9894 -0.1451
vn -0.0000 -0.9949 0.1004
vn -0.0002 -0.7781 -0.6281
vn -0.0002 0.6004 0.7997
vn 0.0946 -0.7361 -0.6702
vn 0.0830 0.5058 -0.8586
vn 0.4844 0.8749 -0.0000
vn 0.3419 0.8047 0.4853
vn 0.3419 0.8047 -0.4853
vn 0.1826 0.6930 0.6974
vn 0.1826 0.6930 -0.6974
vn 0.4516 0.8556 0.2530
vn 0.4516 0.8556 -0.2530
vn 0.0428 -0.8395 -0.5416
vn 0.0860 -0.0513 -0.9950
vn 0.0077 -0.9923 -0.1234
vn 0.0776 -0.7218 0.6878
vn 0.1399 0.2484 0.9585
vn 0.5192 -0.6609 0.5419
vn 0.5699 0.4085 0.7130
vn 0.6830 -0.7304 -0.0000
vn 0.6177 -0.7272 -0.2995
vn 0.6177 -0.7272 0.2995
vn 0.5665 -0.6984 -0.4373
vn 0.5665 -0.6984 0.4373
vn 0.6686 -0.7285 -0.1490
vn 0.6686 -0.7285 0.1490
vn 0.4466 -0.7809 0.4367
vn 0.5172 -0.0720 0.8529
vn 0.5911 -0.7961 0.1301
vn 0.5071 0.2030 -0.8377
vn 0.4429 -0.6805 -0.5837
vn 0.3302 0.5764 0.7475
vn 0.7256 0.6813 -0.0969
vn 0.6658 0.6838 0.2985
vn 0.5246 0.6809 -0.5111
vn 0.5246 0.6809 0.5111
vn 0.3302 0.5764 -0.7475
vn 0.7255 0.6813 0.0969
vn 0.6658 0.6838 -0.2985
vn 0.1903 -0.6345 0.7491
vn 0.1220 -0.7434 0.6576
vn 0.2283 0.1281 0.9651
vn 0.1194 -0.9475 -0.2965
vn 0.1730 -0.7159 0.6764
vn 0.2403 0.3806 0.8930
vn 0.1730 -0.7159 -0.6764
vn 0.2403 0.3806 -0.8930
vn 0.1194 -0.9475 0.2965
vn 0.1220 -0.7434 -0.6576
vn 0.2283 0.1281 -0.9651
vn 0.1903 -0.6345 -0.7491
vn 0.3648 -0.8911 0.2697
vn 0.4075 -0.9087 -0.0912
vn 0.2223 -0.7648 0.6047
vn 0.2917 -0.8509 -0.4369
vn 0.2917 -0.8509 0.4369
vn 0.3648 -0.8911 -0.2697
vn 0.4075 -0.9087 0.0912
vn 0.2223 -0.7648 -0.6047
vn -0.1029 -0.7369 0.6681
vn -0.0934 0.5041 0.8586
vn -0.2081 -0.9781 -0.0000
vn -0.1480 -0.9175 -0.3692
vn -0.1480 -0.9175 0.3692
vn -0.1109 -0.8343 -0.5400
vn -0.1109 -0.8343 0.5400
vn -0.1980 -0.9614 -0.1911
vn -0.1980 -0.9614 0.1911
vn -0.0841 -0.8372 0.5403
vn -0.1654 -0.0503 0.9849
vn -0.0177 -0.9920 0.1251
vn -0.1957 0.2416 -0.9504
vn -0.1173 -0.7234 -0.6804
vn -0.5376 -0.6603 -0.5244
vn -0.5843 0.3956 -0.7086
vn -0.8727 0.4883 -0.0000
vn -0.8097 0.5115 0.2876
vn -0.8097 0.5115 -0.2876
vn -0.7012 0.5107 0.4975
vn -0.7012 0.5107 -0.4975
vn -0.8601 0.4916 0.1365
vn -0.8601 0.4916 -0.1365
vn -0.5184 -0.7426 -0.4241
vn -0.6315 -0.0437 -0.7741
vn -0.5900 -0.7939 -0.1474
vn -0.5251 -0.6676 0.5278
vn -0.6075 0.1606 0.7779
vn -0.2270 -0.7650 -0.6026
vn -0.4075 -0.9087 0.0912
vn -0.3648 -0.8911 -0.2697
vn -0.2917 -0.8509 0.4369
vn -0.2917 -0.8509 -0.4369
vn -0.2270 -0.7650 0.6026
vn -0.4075 -0.9087 -0.0912
vn -0.3648 -0.8911 0.2697
vn -0.2866 -0.5737 -0.7673
vn -0.4170 0.1028 -0.9031
vn -0.2559 -0.7379 -0.6246
vn -0.1607 -0.9382 0.3065
vn -0.3134 0.3603 -0.8786
vn -0.2347 -0.7196 -0.6535
vn -0.3134 0.3603 0.8786
vn -0.2347 -0.7196 0.6535
vn -0.1607 -0.9382 -0.3065
vn -0.4170 0.1028 0.9031
vn -0.2559 -0.7379 0.6246
vn -0.2866 -0.5737 0.7673
vn -0.6658 0.6838 -0.2985
vn -0.7255 0.6813 0.0969
vn -0.3344 0.5746 -0.7470
vn -0.5246 0.6809 0.5111
vn -0.5246 0.6809 -0.5111
vn -0.6658 0.6838 0.2985
vn -0.7256 0.6813 -0.0969
vn -0.3344 0.5746 0.7470
vn -0.6297 0.4684 0.6197
vn -0.9413 -0.3372 0.0151
vn -0.9562 0.1240 -0.2652
vn 0.5393 -0.6744 -0.5044
vn 0.9566 0.1237 0.2637
vn -0.9203 -0.0931 -0.3799
vn 0.9865 0.1625 -0.0209
vn 0.6801 -0.7294 0.0736
vn -0.9865 0.1625 0.0209
vn -0.8698 0.4888 -0.0673
vn -0.9773 0.1661 0.1313
vn 0.9838 0.1669 0.0659
vn 0.6462 -0.7291 -0.2255
vn -0.8409 0.4990 0.2094
vn -0.7645 0.5210 -0.3795
vn 0.5916 -0.7175 0.3677
vn 0.9773 0.1661 -0.1313
vn -0.9838 0.1669 -0.0659
vn -0.9562 0.1240 0.2652
vn 0.9773 0.1661 0.1313
vn 0.5916 -0.7175 -0.3677
vn -0.7645 0.5210 0.3795
vn 0.9566 0.1237 -0.2637
vn 0.5393 -0.6744 0.5044
vn -0.6297 0.4684 -0.6197
vn -0.9773 0.1661 -0.1313
vn -0.8698 0.4888 0.0673
vn 0.6801 -0.7294 -0.0736
vn 0.9865 0.1625 0.0209
vn -0.9838 0.1669 0.0659
vn -0.9865 0.1625 -0.0209
vn -0.8409 0.4990 -0.2094
vn 0.6462 -0.7291 0.2255
vn 0.9838 0.1669 -0.0659
vn -0.7503 -0.3766 0.5434
vn 0.7347 -0.4601 -0.4985
vn -0.4949 -0.6881 0.5306
vn 0.4598 0.1090 -0.8813
vn 0.3788 -0.7149 -0.5877
vn -0.6150 0.0741 0.7850
vn 0.9406 -0.1250 0.3157
vn 0.9406 -0.3395 -0.0057
vn 0.9406 -0.1250 -0.3157
vn 0.9406 -0.3395 0.0057
vn 0.5926 -0.7872 0.1709
vn -0.6251 -0.7621 -0.1686
vn 0.9764 -0.2064 0.0636
vn -0.9790 -0.2029 0.0210
vn -0.9764 -0.2064 -0.0636
vn 0.9790 -0.2029 -0.0210
vn -0.9765 -0.2007 0.0791
vn 0.9794 -0.2006 0.0238
vn 0.9765 -0.2007 -0.0791
vn -0.9794 -0.2005 -0.0237
vn -0.9764 -0.2064 0.0636
vn 0.9765 -0.2007 0.0791
vn 0.9764 -0.2064 -0.0636
vn -0.9765 -0.2007 -0.0791
vn -0.9790 -0.2029 -0.0210
vn 0.9790 -0.2029 0.0210
vn -0.9413 -0.3372 -0.0151
vn 0.9794 -0.2006 -0.0238
vn -0.9794 -0.2005 0.0237
vn -0.9203 -0.0931 0.3799
vn -0.9700 -0.2419 -0.0243
vn 0.9430 0.0113 -0.3326
vn 0.9696 -0.2441 -0.0194
vn 0.5329 0.3151 -0.7853
vn -0.5384 -0.6619 0.5215
vn -0.9350 0.0176 -0.3542
vn -0.9350 0.0176 0.3542
vn 0.9696 -0.2441 0.0194
vn 0.9430 0.0113 0.3326
vn -0.5813 0.2836 0.7626
vn 0.4926 -0.6657 -0.5605
vn -0.9700 -0.2419 0.0243
vn -0.1116 -0.7225 -0.6823
vn 0.1012 0.3887 0.9158
vn 0.0892 -0.7208 0.6873
vn -0.1313 0.3843 -0.9138
vn 0.0168 -0.9526 -0.3037
vn -0.0335 -0.9511 0.3069
vn 0.1370 0.1172 0.9836
vn -0.1133 -0.7536 -0.6475
vn -0.2134 0.1114 -0.9706
vn 0.0635 -0.7536 0.6543
vn -0.0705 -0.6310 -0.7725
vn 0.0286 -0.6433 0.7651
vn -0.1759 -0.9434 0.2812
vn 0.4063 0.8334 -0.3747
vn -0.2070 -0.9734 -0.0980
vn 0.4767 0.8699 0.1266
vn 0.1150 0.6007 -0.7912
vn -0.1014 -0.7765 0.6219
vn 0.2640 0.7634 0.5896
vn -0.1259 -0.8826 -0.4529
vn -0.1259 -0.8826 0.4529
vn 0.2640 0.7634 -0.5896
vn 0.4063 0.8334 0.3747
vn -0.1759 -0.9434 -0.2812
vn 0.4767 0.8699 -0.1266
vn -0.2070 -0.9734 0.0980
vn -0.1014 -0.7765 -0.6219
vn 0.1150 0.6007 0.7912
vn 0.6275 0.4710 0.6200
vn 0.8698 0.4888 -0.0673
vn 0.8409 0.4990 0.2094
vn 0.7645 0.5210 -0.3795
vn 0.7645 0.5210 0.3795
vn 0.6275 0.4710 -0.6200
vn 0.8698 0.4888 0.0673
vn 0.8409 0.4990 -0.2094
vn 0.7347 -0.4600 0.4985
vn 0.3788 -0.7149 0.5877
vn 0.4598 0.1090 0.8813
vn 0.5926 -0.7872 -0.1709
vn 0.4926 -0.6657 0.5605
vn 0.5329 0.3151 0.7853
vn 0.0892 -0.7208 -0.6873
vn 0.1012 0.3887 -0.9158
vn 0.0168 -0.9526 0.3037
vn 0.0635 -0.7536 -0.6543
vn 0.1370 0.1172 -0.9836
vn 0.0286 -0.6433 -0.7651
vn 0.1759 -0.9434 0.2812
vn 0.2070 -0.9734 -0.0980
vn 0.0997 -0.7763 0.6224
vn 0.1259 -0.8826 -0.4529
vn 0.1259 -0.8826 0.4529
vn 0.1759 -0.9434 -0.2812
vn 0.2070 -0.9734 0.0980
vn 0.0997 -0.7763 -0.6224
vn -0.5432 -0.6741 -0.5004
vn -0.6801 -0.7294 0.0736
vn -0.6462 -0.7291 -0.2255
vn -0.5916 -0.7175 0.3677
vn -0.5916 -0.7175 -0.3677
vn -0.5432 -0.6741 0.5004
vn -0.6801 -0.7294 -0.0736
vn -0.6462 -0.7291 0.2255
vn -0.7503 -0.3766 -0.5434
vn -0.6150 0.0741 -0.7850
vn -0.4949 -0.6881 -0.5306
vn -0.6251 -0.7621 0.1686
vn -0.5813 0.2836 -0.7626
vn -0.5384 -0.6619 -0.5215
vn -0.1313 0.3843 0.9138
vn -0.1116 -0.7225 0.6823
vn -0.0335 -0.9511 -0.3069
vn -0.2135 0.1114 0.9706
vn -0.1133 -0.7536 0.6475
vn -0.0705 -0.6310 0.7725
vn -0.4063 0.8334 -0.3747
vn -0.4767 0.8699 0.1266
vn -0.1169 0.6003 -0.7912
vn -0.2640 0.7634 0.5896
vn -0.2640 0.7634 -0.5896
vn -0.4063 0.8334 0.3747
vn -0.4767 0.8699 -0.1266
vn -0.1169 0.6003 0.7912
vt 0.698069 0.544396
vt 0.682527 0.515927
vt 0.726276 0.487804
vt 0.742043 0.509871
vt 0.666985 0.487457
vt 0.717026 0.462791
vt 0.756579 0.443286
vt 0.765471 0.463156
vt 0.780438 0.480632
vt 0.303202 0.016808
vt 0.290651 0.019619
vt 0.261240 0.012643
vt 0.265436 0.010134
vt 0.279221 0.022024
vt 0.257155 0.015111
vt 0.235089 0.008199
vt 0.231380 0.005830
vt 0.227671 0.003461
vt 0.000639 0.335547
vt 0.030463 0.307155
vt 0.036740 0.365668
vt 0.016663 0.387566
vt 0.056820 0.284585
vt 0.058528 0.349091
vt 0.063901 0.407660
vt 0.046573 0.418949
vt 0.032687 0.439585
vt 0.236587 0.750690
vt 0.231695 0.720602
vt 0.271946 0.727627
vt 0.276551 0.755261
vt 0.229125 0.686857
vt 0.267749 0.699583
vt 0.306373 0.712308
vt 0.304578 0.737267
vt 0.308475 0.761670
vt 0.922556 0.632590
vt 0.885206 0.643918
vt 0.898269 0.602136
vt 0.927335 0.594094
vt 0.847856 0.655246
vt 0.870183 0.604894
vt 0.887792 0.565192
vt 0.909545 0.564268
vt 0.932114 0.555598
vt 0.055697 0.503609
vt 0.066868 0.495800
vt 0.079284 0.531065
vt 0.075171 0.536805
vt 0.077743 0.491135
vt 0.085339 0.527855
vt 0.089895 0.563324
vt 0.092270 0.566662
vt 0.094645 0.570000
vt 0.472689 0.629278
vt 0.472875 0.574954
vt 0.503813 0.563384
vt 0.504987 0.611724
vt 0.472490 0.511800
vt 0.504150 0.512744
vt 0.535435 0.509842
vt 0.535029 0.559545
vt 0.536300 0.607541
vt 0.675157 0.084360
vt 0.644458 0.077695
vt 0.644059 0.053265
vt 0.674812 0.059397
vt 0.613730 0.066284
vt 0.613327 0.045725
vt 0.612924 0.025166
vt 0.643662 0.032011
vt 0.674401 0.038856
vt 0.539967 0.951615
vt 0.552672 0.906305
vt 0.586665 0.903079
vt 0.572488 0.951033
vt 0.563906 0.861805
vt 0.598350 0.857857
vt 0.629909 0.859112
vt 0.618144 0.904389
vt 0.605008 0.950451
vt 0.698510 0.797361
vt 0.694199 0.833346
vt 0.666220 0.825198
vt 0.669961 0.790154
vt 0.689888 0.869331
vt 0.659114 0.864786
vt 0.629909 0.859112
vt 0.637126 0.819230
vt 0.640775 0.784097
vt 0.376851 1.000000
vt 0.385472 0.963551
vt 0.431451 0.944350
vt 0.421278 0.984709
vt 0.394093 0.927101
vt 0.439626 0.905684
vt 0.485007 0.885833
vt 0.475620 0.927234
vt 0.465705 0.969418
vt 0.598165 0.629278
vt 0.598479 0.576431
vt 0.631012 0.596986
vt 0.630687 0.650646
vt 0.599223 0.527227
vt 0.631957 0.549260
vt 0.665922 0.580858
vt 0.664614 0.625418
vt 0.663209 0.672013
vt 0.071009 0.748524
vt 0.065320 0.717714
vt 0.099709 0.717910
vt 0.105639 0.748515
vt 0.055535 0.686794
vt 0.087587 0.689016
vt 0.128286 0.689432
vt 0.140183 0.717994
vt 0.146023 0.748522
vt 0.573586 0.787887
vt 0.570542 0.822528
vt 0.532429 0.832641
vt 0.534938 0.798666
vt 0.526384 0.871065
vt 0.485007 0.885833
vt 0.490199 0.848768
vt 0.491997 0.815778
vt 0.115543 0.269184
vt 0.085511 0.272549
vt 0.091391 0.207223
vt 0.123027 0.201660
vt 0.056820 0.284585
vt 0.060605 0.221489
vt 0.067079 0.151634
vt 0.098805 0.149217
vt 0.131022 0.142728
vt 0.677683 0.241390
vt 0.647683 0.235720
vt 0.645481 0.190240
vt 0.675883 0.196727
vt 0.614103 0.231543
vt 0.617100 0.177589
vt 0.616811 0.132553
vt 0.645142 0.146383
vt 0.675566 0.153134
vt 0.351554 0.745182
vt 0.350301 0.703292
vt 0.381348 0.661520
vt 0.381905 0.708597
vt 0.349049 0.661402
vt 0.380848 0.613432
vt 0.412646 0.565461
vt 0.412172 0.623787
vt 0.412256 0.672013
vt 0.660283 0.966906
vt 0.673538 0.920866
vt 0.697063 0.936558
vt 0.683309 0.983453
vt 0.711111 0.889132
vt 0.732334 0.908932
vt 0.719335 0.954466
vt 0.706335 1.000000
vt 0.763173 0.398876
vt 0.755972 0.421676
vt 0.717905 0.434801
vt 0.724039 0.405502
vt 0.756579 0.443286
vt 0.717026 0.462791
vt 0.675946 0.449793
vt 0.684906 0.412128
vt 0.699810 0.662462
vt 0.698613 0.708597
vt 0.701523 0.621209
vt 0.737547 0.661402
vt 0.735782 0.703292
vt 0.734017 0.745182
vt 0.185688 0.718307
vt 0.191313 0.748808
vt 0.174906 0.689705
vt 0.490199 0.848768
vt 0.443542 0.870602
vt 0.444463 0.838822
vt 0.485007 0.885833
vt 0.439626 0.905684
vt 0.394655 0.895323
vt 0.395217 0.863544
vt 0.260567 0.473431
vt 0.253801 0.449797
vt 0.279441 0.401426
vt 0.290883 0.428294
vt 0.241003 0.434065
vt 0.264280 0.378774
vt 0.293874 0.309490
vt 0.307537 0.346324
vt 0.321199 0.383158
vt 0.688283 0.314715
vt 0.663937 0.310327
vt 0.654513 0.276603
vt 0.682078 0.281823
vt 0.639000 0.311775
vt 0.626552 0.271659
vt 0.107828 0.405475
vt 0.084943 0.403600
vt 0.083664 0.341055
vt 0.110503 0.340350
vt 0.063901 0.407660
vt 0.058528 0.349091
vt 0.056820 0.284585
vt 0.085511 0.272549
vt 0.115543 0.269184
vt 0.006194 0.233334
vt 0.036636 0.192484
vt 0.031688 0.249610
vt 0.003416 0.284440
vt 0.640775 0.784097
vt 0.637126 0.819230
vt 0.605368 0.818112
vt 0.608789 0.783090
vt 0.016063 0.748578
vt 0.010300 0.717718
vt 0.036440 0.717687
vt 0.041630 0.748546
vt 0.004538 0.686857
vt 0.030036 0.686826
vt 0.566587 0.563706
vt 0.567725 0.611724
vt 0.567093 0.514165
vt 0.515792 0.914529
vt 0.502836 0.960516
vt 0.526384 0.871065
vt 0.646950 0.910564
vt 0.632645 0.958678
vt 0.659114 0.864786
vt 0.105076 0.102905
vt 0.137704 0.094213
vt 0.072153 0.113422
vt 0.077227 0.075210
vt 0.110555 0.062102
vt 0.143883 0.048994
vt 0.644917 0.108512
vt 0.675411 0.115410
vt 0.616260 0.094406
vt 0.442516 0.595589
vt 0.442473 0.650646
vt 0.442568 0.538631
vt 0.898416 0.399585
vt 0.894112 0.401760
vt 0.886513 0.395786
vt 0.892127 0.393750
vt 0.884312 0.407819
vt 0.875878 0.401213
vt 0.867359 0.398041
vt 0.873289 0.393064
vt 0.885836 0.387915
vt 0.056976 0.076087
vt 0.054646 0.073211
vt 0.058588 0.064472
vt 0.061014 0.068514
vt 0.052316 0.070335
vt 0.057031 0.061493
vt 0.061746 0.052650
vt 0.059017 0.051496
vt 0.065051 0.060942
vt 0.771097 0.356556
vt 0.788315 0.353382
vt 0.777709 0.369827
vt 0.764052 0.371377
vt 0.805423 0.350474
vt 0.791039 0.368847
vt 0.776655 0.387221
vt 0.769182 0.382821
vt 0.758517 0.382706
vt 0.173028 0.507127
vt 0.189829 0.506740
vt 0.174536 0.541036
vt 0.161040 0.541119
vt 0.207007 0.505838
vt 0.188051 0.540928
vt 0.169095 0.576017
vt 0.159188 0.574546
vt 0.149280 0.573074
vt 0.348251 0.776014
vt 0.344895 0.758829
vt 0.360636 0.769362
vt 0.362515 0.782994
vt 0.341539 0.741763
vt 0.359123 0.756058
vt 0.376707 0.770354
vt 0.373318 0.777836
vt 0.373600 0.788490
vt 0.840098 0.437666
vt 0.827549 0.427268
vt 0.855081 0.412219
vt 0.865254 0.420466
vt 0.819382 0.415791
vt 0.848276 0.404309
vt 0.875878 0.401213
vt 0.884312 0.407819
vt 0.940043 0.500577
vt 0.924740 0.502791
vt 0.929777 0.472378
vt 0.938100 0.467586
vt 0.911662 0.502317
vt 0.921446 0.473238
vt 0.926673 0.453973
vt 0.931435 0.447635
vt 0.936157 0.434596
vt 0.056146 0.001078
vt 0.061498 0.011998
vt 0.064005 0.035371
vt 0.059120 0.031631
vt 0.066850 0.022918
vt 0.067686 0.039581
vt 0.068522 0.056244
vt 0.066787 0.058593
vt 0.025554 0.003089
vt 0.040850 0.002084
vt 0.051553 0.028983
vt 0.043650 0.027870
vt 0.006121 0.131759
vt 0.011909 0.128116
vt 0.012318 0.144959
vt 0.008203 0.145005
vt 0.017005 0.125060
vt 0.016364 0.144971
vt 0.015723 0.164882
vt 0.013004 0.161566
vt 0.010285 0.158250
vt 0.714640 0.382342
vt 0.717733 0.389334
vt 0.708394 0.389304
vt 0.703990 0.381993
vt 0.719428 0.393770
vt 0.710849 0.393731
vt 0.702269 0.393692
vt 0.699367 0.389675
vt 0.696465 0.385658
vt 0.373802 0.832370
vt 0.380784 0.829275
vt 0.381077 0.838615
vt 0.374018 0.843022
vt 0.385407 0.827599
vt 0.385401 0.836181
vt 0.385396 0.844762
vt 0.381862 0.847639
vt 0.378327 0.850516
vt 0.591834 0.108040
vt 0.591095 0.068959
vt 0.567814 0.072710
vt 0.567633 0.037290
vt 0.567452 0.001869
vt 0.590591 0.034077
vt 0.512925 0.264901
vt 0.553959 0.264795
vt 0.550865 0.296266
vt 0.512806 0.296612
vt 0.601713 0.264884
vt 0.594812 0.296228
vt 0.587911 0.327573
vt 0.541110 0.327512
vt 0.501496 0.327662
vt 0.462315 0.137157
vt 0.501001 0.136799
vt 0.524149 0.169211
vt 0.481905 0.169303
vt 0.548039 0.137047
vt 0.567975 0.169203
vt 0.587911 0.201360
vt 0.540966 0.201291
vt 0.501496 0.201449
vt 0.543398 0.663255
vt 0.539414 0.641552
vt 0.570920 0.644872
vt 0.575098 0.669380
vt 0.602481 0.652391
vt 0.606797 0.675505
vt 0.462315 0.389583
vt 0.501001 0.389646
vt 0.469699 0.420534
vt 0.430754 0.420181
vt 0.548039 0.389473
vt 0.510006 0.421636
vt 0.471972 0.453800
vt 0.432947 0.448423
vt 0.399193 0.450779
vt 0.163190 0.001644
vt 0.145690 0.012935
vt 0.117350 0.013204
vt 0.132225 0.000859
vt 0.137978 0.025696
vt 0.103453 0.025696
vt 0.068927 0.025696
vt 0.085094 0.012885
vt 0.101261 0.000074
vt 0.107247 0.664031
vt 0.155136 0.665636
vt 0.076831 0.639406
vt 0.130402 0.643701
vt 0.183974 0.647996
vt 0.206550 0.667427
vt 0.323809 0.038115
vt 0.351561 0.037397
vt 0.391487 0.053256
vt 0.361501 0.055128
vt 0.370209 0.030819
vt 0.421091 0.049955
vt 0.471972 0.069092
vt 0.432947 0.074830
vt 0.399193 0.072141
vt 0.524149 0.358573
vt 0.481905 0.358622
vt 0.567975 0.358523
vt 0.595173 0.204829
vt 0.593444 0.154406
vt 0.576242 0.178115
vt 0.572028 0.125412
vt 0.027868 0.663098
vt 0.065727 0.663413
vt 0.000201 0.639402
vt 0.038516 0.639404
vt 0.469699 0.104250
vt 0.430754 0.104649
vt 0.510006 0.103069
vt 0.550287 0.233126
vt 0.507211 0.233175
vt 0.594812 0.233122
vt 0.481321 0.675505
vt 0.477005 0.652391
vt 0.508181 0.644872
vt 0.512359 0.669380
vt 0.279221 0.499903
vt 0.290651 0.502307
vt 0.261240 0.509599
vt 0.257155 0.507114
vt 0.303202 0.504943
vt 0.265436 0.512108
vt 0.227671 0.519272
vt 0.231380 0.516798
vt 0.235089 0.514324
vt 0.001675 0.037167
vt 0.011465 0.019618
vt 0.012009 0.055845
vt 0.001675 0.071338
vt 0.021256 0.002070
vt 0.022405 0.041415
vt 0.023555 0.080760
vt 0.012309 0.087823
vt 0.001675 0.105509
vt 0.391487 0.469090
vt 0.361501 0.466962
vt 0.421091 0.472539
vt 0.370209 0.491278
vt 0.351561 0.484474
vt 0.323809 0.483145
vt 0.817802 0.402956
vt 0.848370 0.396130
vt 0.818597 0.387915
vt 0.852217 0.387915
vt 0.873289 0.393064
vt 0.319509 0.494532
vt 0.301515 0.491524
vt 0.336706 0.498111
vt 0.253801 0.449797
vt 0.232363 0.486579
vt 0.221539 0.475583
vt 0.240040 0.500685
vt 0.219512 0.527940
vt 0.213260 0.516889
vt 0.145690 0.012935
vt 0.165221 0.011343
vt 0.157748 0.020911
vt 0.173672 0.001921
vt 0.184154 0.002198
vt 0.180836 0.009162
vt 0.177518 0.016126
vt 0.200048 0.419197
vt 0.222355 0.424082
vt 0.205125 0.470050
vt 0.185656 0.468349
vt 0.785618 0.315189
vt 0.810053 0.311075
vt 0.799310 0.334916
vt 0.778443 0.338911
vt 0.835019 0.312667
vt 0.820221 0.331570
vt 0.056383 0.460384
vt 0.044192 0.471597
vt 0.070467 0.453288
vt 0.755972 0.421676
vt 0.787934 0.411390
vt 0.789443 0.428345
vt 0.790885 0.393395
vt 0.012093 0.110212
vt 0.003898 0.118634
vt 0.020280 0.102910
vt 0.918071 0.532493
vt 0.936078 0.528087
vt 0.900913 0.532302
vt 0.780438 0.480632
vt 0.765471 0.463156
vt 0.798321 0.443667
vt 0.812410 0.457174
vt 0.756579 0.443286
vt 0.789443 0.428345
vt 0.819382 0.415791
vt 0.827549 0.427268
vt 0.327357 0.747913
vt 0.331324 0.768746
vt 0.323956 0.727036
vt 0.319509 0.027255
vt 0.336706 0.023813
vt 0.301515 0.030069
vt 0.308458 0.859023
vt 0.312338 0.834692
vt 0.335055 0.831198
vt 0.331403 0.852006
vt 0.314066 0.810356
vt 0.336752 0.810385
vt 0.352718 0.810406
vt 0.351332 0.827596
vt 0.348429 0.844782
vt 0.848786 0.544083
vt 0.832532 0.527379
vt 0.857662 0.496261
vt 0.870705 0.511391
vt 0.816338 0.510591
vt 0.844086 0.481673
vt 0.866746 0.457946
vt 0.878120 0.470098
vt 0.888745 0.483024
vt 0.712578 0.319043
vt 0.715972 0.342571
vt 0.695196 0.338437
vt 0.736895 0.321007
vt 0.736767 0.344493
vt 0.736674 0.361047
vt 0.719498 0.359467
vt 0.702337 0.356084
vt 0.107828 0.405475
vt 0.130567 0.411126
vt 0.126125 0.462877
vt 0.106938 0.456582
vt 0.153354 0.416343
vt 0.145507 0.467785
vt 0.139423 0.507067
vt 0.123225 0.502993
vt 0.107270 0.497233
vt 0.373600 0.788490
vt 0.380674 0.791596
vt 0.380744 0.801016
vt 0.374195 0.799461
vt 0.385428 0.793273
vt 0.385423 0.801855
vt 0.385417 0.810436
vt 0.380772 0.810436
vt 0.374462 0.810432
vt 0.755407 0.389601
vt 0.745986 0.389555
vt 0.747539 0.383155
vt 0.753747 0.393926
vt 0.745167 0.393887
vt 0.736588 0.393848
vt 0.736567 0.389536
vt 0.736568 0.383376
vt 0.895690 0.447013
vt 0.904550 0.457187
vt 0.886299 0.437388
vt 0.900652 0.422249
vt 0.908480 0.429811
vt 0.916123 0.437563
vt 0.364337 0.824132
vt 0.362740 0.837840
vt 0.365138 0.810422
vt 0.374462 0.810432
vt 0.374210 0.821402
vt 0.373802 0.832370
vt 0.107270 0.497233
vt 0.123225 0.502994
vt 0.121190 0.537159
vt 0.108299 0.533149
vt 0.139423 0.507067
vt 0.134242 0.540030
vt 0.129465 0.570131
vt 0.119558 0.568660
vt 0.109651 0.567188
vt 0.722904 0.372942
vt 0.709211 0.370941
vt 0.736606 0.373886
vt 0.725603 0.383034
vt 0.714640 0.382342
vt 0.040826 0.106376
vt 0.037248 0.106096
vt 0.041528 0.097838
vt 0.044863 0.098804
vt 0.033457 0.105704
vt 0.038172 0.096862
vt 0.042887 0.088020
vt 0.045894 0.089625
vt 0.048901 0.091231
vt 0.923577 0.422925
vt 0.921635 0.427427
vt 0.914780 0.420985
vt 0.917287 0.417090
vt 0.916123 0.437563
vt 0.908479 0.429811
vt 0.900652 0.422249
vt 0.907903 0.414567
vt 0.910996 0.411255
vt 0.798921 0.153695
vt 0.768042 0.157172
vt 0.767883 0.119563
vt 0.798772 0.115634
vt 0.737191 0.158290
vt 0.737028 0.120820
vt 0.736765 0.089970
vt 0.767625 0.088499
vt 0.798556 0.082022
vt 0.253008 0.160846
vt 0.223617 0.149536
vt 0.230431 0.100157
vt 0.259666 0.112478
vt 0.193471 0.142868
vt 0.200505 0.092103
vt 0.207217 0.043552
vt 0.235574 0.061387
vt 0.265869 0.067112
vt 0.015986 0.871959
vt 0.018116 0.841120
vt 0.044837 0.841090
vt 0.041552 0.871927
vt 0.020246 0.810280
vt 0.046091 0.810247
vt 0.075678 0.810225
vt 0.074417 0.841067
vt 0.070932 0.871904
vt 0.636953 0.675668
vt 0.641378 0.696515
vt 0.607132 0.699301
vt 0.603408 0.677473
vt 0.645803 0.717362
vt 0.609891 0.723024
vt 0.573807 0.728995
vt 0.571412 0.704745
vt 0.569864 0.679278
vt 0.200048 0.419197
vt 0.176678 0.417978
vt 0.190128 0.352280
vt 0.216646 0.356118
vt 0.153354 0.416343
vt 0.163453 0.349311
vt 0.174440 0.275289
vt 0.203622 0.279785
vt 0.232425 0.286544
vt 0.785618 0.315189
vt 0.761245 0.319269
vt 0.764592 0.286293
vt 0.792148 0.282327
vt 0.736895 0.321007
vt 0.737060 0.287835
vt 0.737199 0.246943
vt 0.766994 0.245650
vt 0.796814 0.241932
vt 0.489609 0.706644
vt 0.488820 0.734019
vt 0.440179 0.758611
vt 0.438894 0.733780
vt 0.490598 0.758961
vt 0.441779 0.783771
vt 0.389617 0.812119
vt 0.388898 0.786518
vt 0.388179 0.760917
vt 0.145946 0.871903
vt 0.149238 0.841064
vt 0.194595 0.840953
vt 0.191236 0.871660
vt 0.150411 0.810221
vt 0.195806 0.810242
vt 0.241430 0.810276
vt 0.240078 0.840063
vt 0.236513 0.869845
vt 0.767966 0.200799
vt 0.798710 0.197286
vt 0.737248 0.201940
vt 0.737191 0.158290
vt 0.798921 0.153695
vt 0.214829 0.210393
vt 0.244375 0.219683
vt 0.184701 0.204656
vt 0.193471 0.142868
vt 0.223617 0.149536
vt 0.532218 0.716260
vt 0.529737 0.692961
vt 0.534457 0.740621
vt 0.070932 0.871904
vt 0.074417 0.841067
vt 0.108966 0.841058
vt 0.105561 0.871896
vt 0.110190 0.810215
vt 0.238781 0.034752
vt 0.268128 0.046434
vt 0.209623 0.021889
vt 0.212029 0.000226
vt 0.241208 0.012991
vt 0.270388 0.025756
vt 0.767275 0.063618
vt 0.798156 0.060720
vt 0.736418 0.064831
vt 0.736005 0.044033
vt 0.766881 0.041725
vt 0.797756 0.039417
vt 0.280279 0.837838
vt 0.276487 0.865354
vt 0.281846 0.810317
vt 0.788504 0.628290
vt 0.765660 0.607600
vt 0.801041 0.565380
vt 0.821203 0.583312
vt 0.742815 0.586910
vt 0.781664 0.546601
vt 0.832532 0.527379
vt 0.818180 0.641768
vt 0.844426 0.597425
vt 0.867283 0.557736
vt 0.474530 0.481580
vt 0.505692 0.474110
vt 0.476570 0.451360
vt 0.507762 0.441840
vt 0.538955 0.432321
vt 0.537026 0.470126
vt 0.601109 0.488549
vt 0.634038 0.512270
vt 0.603395 0.451360
vt 0.636690 0.480825
vt 0.669986 0.510291
vt 0.668200 0.545668
vt 0.260911 0.297541
vt 0.273343 0.233268
vt 0.302462 0.248680
vt 0.232425 0.286544
vt 0.244375 0.219683
vt 0.281749 0.176198
vt 0.311051 0.187869
vt 0.704315 0.589761
vt 0.707584 0.562972
vt 0.745182 0.615653
vt 0.741365 0.638528
vt 0.242155 0.364387
vt 0.200048 0.419197
vt 0.216646 0.356118
vt 0.568832 0.474961
vt 0.571175 0.441840
vt 0.288054 0.130082
vt 0.316125 0.149657
vt 0.293534 0.089279
vt 0.321199 0.111446
vt 0.928005 0.434672
vt 0.929867 0.428760
vt 0.923090 0.445671
vt 0.668164 0.348718
vt 0.685191 0.352401
vt 0.695601 0.368864
vt 0.682315 0.367188
vt 0.702337 0.356084
vt 0.709211 0.370941
vt 0.714640 0.382342
vt 0.703990 0.381993
vt 0.899769 0.494926
vt 0.913233 0.466928
vt 0.888745 0.483024
vt 0.904550 0.457187
vt 0.916123 0.437563
vt 0.923090 0.445671
vt 0.381073 0.773232
vt 0.380690 0.782256
vt 0.373318 0.777836
vt 0.385439 0.776111
vt 0.385434 0.784692
vt 0.663937 0.310327
vt 0.674413 0.334052
vt 0.653582 0.330247
vt 0.695196 0.338437
vt 0.867283 0.557736
vt 0.885051 0.524519
vt 0.900913 0.532302
vt 0.899769 0.494926
vt 0.312363 0.786015
vt 0.335065 0.789567
vt 0.308475 0.761669
vt 0.331324 0.768746
vt 0.348251 0.776014
vt 0.351326 0.793212
vt 0.165485 0.468733
vt 0.185656 0.468349
vt 0.173028 0.507127
vt 0.156108 0.507893
vt 0.727150 0.389457
vt 0.725603 0.383034
vt 0.728008 0.393809
vt 0.364322 0.796709
vt 0.373600 0.788490
vt 0.374195 0.799461
vt 0.156108 0.507893
vt 0.147563 0.541091
vt 0.139373 0.571603
vt 0.050270 0.081418
vt 0.052939 0.083659
vt 0.047602 0.079177
vt 0.706365 0.156892
vt 0.706204 0.119343
vt 0.737028 0.120820
vt 0.675411 0.115410
vt 0.675157 0.084360
vt 0.705944 0.088430
vt 0.736765 0.089970
vt 0.018154 0.779429
vt 0.044875 0.779399
vt 0.074456 0.779377
vt 0.712578 0.319043
vt 0.709557 0.286042
vt 0.682078 0.281823
vt 0.677683 0.241390
vt 0.707428 0.245379
vt 0.149277 0.779374
vt 0.194634 0.779527
vt 0.146023 0.748522
vt 0.191313 0.748808
vt 0.236587 0.750690
vt 0.240115 0.780485
vt 0.706553 0.200519
vt 0.675883 0.196727
vt 0.074456 0.779377
vt 0.109005 0.779368
vt 0.071009 0.748523
vt 0.105639 0.748515
vt 0.705944 0.088430
vt 0.705598 0.063280
vt 0.705203 0.041444
vt 0.280313 0.782791
vt 0.276551 0.755261
vt 0.228971 0.933619
vt 0.231714 0.899975
vt 0.271854 0.892970
vt 0.267610 0.920993
vt 0.236513 0.869845
vt 0.276487 0.865354
vt 0.304602 0.883411
vt 0.306250 0.908368
vt 0.478209 0.329061
vt 0.484782 0.297553
vt 0.512806 0.296612
vt 0.454923 0.330461
vt 0.461199 0.298758
vt 0.467474 0.267056
vt 0.490200 0.265978
vt 0.055381 0.933556
vt 0.065352 0.902736
vt 0.100255 0.902728
vt 0.093384 0.933557
vt 0.105561 0.871896
vt 0.145946 0.871902
vt 0.140624 0.902736
vt 0.131388 0.933559
vt 0.860814 0.232665
vt 0.827016 0.236691
vt 0.829572 0.191780
vt 0.860814 0.185096
vt 0.796814 0.241932
vt 0.798710 0.197286
vt 0.829834 0.147880
vt 0.860814 0.137526
vt 0.186166 0.902450
vt 0.180179 0.933589
vt 0.191236 0.871660
vt 0.810053 0.311075
vt 0.819823 0.277363
vt 0.847917 0.272666
vt 0.785618 0.315189
vt 0.792148 0.282327
vt 0.004383 0.933619
vt 0.010184 0.902789
vt 0.036324 0.902759
vt 0.029882 0.933587
vt 0.829690 0.109684
vt 0.860627 0.102466
vt 0.829498 0.074714
vt 0.860440 0.067407
vt 0.032751 0.121520
vt 0.029152 0.122859
vt 0.033158 0.114455
vt 0.036788 0.113948
vt 0.025554 0.124197
vt 0.029506 0.114951
vt 0.091579 0.492279
vt 0.095739 0.529246
vt 0.099773 0.565256
vt 0.343031 0.879008
vt 0.345544 0.861956
vt 0.361406 0.851465
vt 0.360679 0.864762
vt 0.348429 0.844782
vt 0.362740 0.837840
vt 0.373802 0.832370
vt 0.374018 0.843022
vt 0.773781 0.390612
vt 0.764753 0.389863
vt 0.769182 0.382821
vt 0.770906 0.394004
vt 0.762327 0.393965
vt 0.063901 0.407660
vt 0.084943 0.403600
vt 0.087810 0.452517
vt 0.070467 0.453288
vt 0.077743 0.491135
vt 0.327690 0.872825
vt 0.324641 0.893688
vt 0.331403 0.852006
vt 0.798350 0.495663
vt 0.828490 0.469181
vt 0.853756 0.447467
vt 0.761245 0.319269
vt 0.757594 0.342772
vt 0.785618 0.315189
vt 0.778443 0.338911
vt 0.771097 0.356556
vt 0.753876 0.359643
vt 0.380749 0.819856
vt 0.374210 0.821401
vt 0.385412 0.819018
vt 0.875994 0.428708
vt 0.865254 0.420466
vt 0.892532 0.414988
vt 0.750322 0.373090
vt 0.764052 0.371377
vt 0.758517 0.382706
vt 0.747539 0.383155
vt 0.900995 0.408180
vt 0.904707 0.405420
vt 0.892532 0.414988
vt 0.162624 0.140477
vt 0.169532 0.090508
vt 0.175550 0.046273
vt 0.642726 0.751750
vt 0.610239 0.751357
vt 0.608789 0.783090
vt 0.573587 0.787887
vt 0.574608 0.756641
vt 0.137057 0.344398
vt 0.145181 0.271105
vt 0.491905 0.785959
vt 0.443508 0.810228
vt 0.392417 0.837831
vt 0.154155 0.201381
vt 0.123027 0.201660
vt 0.131022 0.142728
vt 0.162624 0.140477
vt 0.574608 0.756641
vt 0.535477 0.768002
vt 0.534457 0.740621
vt 0.491905 0.785959
vt 0.490598 0.758961
vt 0.700408 0.737524
vt 0.699459 0.767443
vt 0.671835 0.758254
vt 0.673106 0.727443
vt 0.720442 0.565653
vt 0.761460 0.528661
s 1
usemtl Material
f 154/1/154 446/2/446 483/3/483 482/4/482
f 446/2/446 23/5/23 201/6/201 483/3/483
f 483/3/483 201/6/201 7/7/7 169/8/169
f 482/4/482 483/3/483 169/8/169 136/9/136
f 78/10/78 314/11/314 484/12/484 290/13/290
f 314/11/314 73/14/73 241/15/241 484/12/484
f 484/12/484 241/15/241 40/16/40 266/17/266
f 290/13/290 484/12/484 266/17/266 64/18/64
f 58/19/58 260/20/260 485/21/485 289/22/289
f 260/20/260 25/23/25 172/24/172 485/21/485
f 485/21/485 172/24/172 5/25/5 250/26/250
f 289/22/289 485/21/485 250/26/250 48/27/48
f 126/28/126 390/29/390 486/30/486 426/31/426
f 390/29/390 24/32/24 202/33/202 486/30/486
f 486/30/486 202/33/202 4/34/4 171/35/171
f 426/31/426 486/30/486 171/35/171 107/36/107
f 56/37/56 258/38/258 487/39/487 288/40/288
f 258/38/258 22/41/22 170/42/170 487/39/487
f 487/39/487 170/42/170 3/43/3 249/44/249
f 288/40/288 487/39/487 249/44/249 47/45/47
f 72/46/72 302/47/302 488/48/488 287/49/287
f 302/47/302 67/50/67 239/51/239 488/48/488
f 488/48/488 239/51/239 44/52/44 268/53/268
f 287/49/287 488/48/488 268/53/268 66/54/66
f 62/55/62 264/56/264 489/57/489 286/58/286
f 264/56/264 34/59/34 176/60/176 489/57/489
f 489/57/489 176/60/176 10/61/10 251/62/251
f 286/58/286 489/57/489 251/62/251 49/63/49
f 129/64/129 393/65/393 490/66/490 425/67/425
f 393/65/393 36/68/36 226/69/226 490/66/490
f 490/66/490 226/69/226 12/70/12 387/71/387
f 425/67/425 490/66/490 387/71/387 123/72/123
f 60/73/60 262/74/262 491/75/491 285/76/285
f 262/74/262 29/77/29 177/78/177 491/75/491
f 491/75/491 177/78/177 11/79/11 252/80/252
f 285/76/285 491/75/491 252/80/252 50/81/50
f 157/82/157 449/83/449 492/84/492 481/85/481
f 449/83/449 35/86/35 225/87/225 492/84/492
f 492/84/492 225/87/225 11/88/11 443/89/443
f 481/85/481 492/84/492 443/89/443 151/90/151
f 55/91/55 257/92/257 493/93/493 284/94/284
f 257/92/257 23/95/23 185/96/185 493/93/493
f 493/93/493 185/96/185 15/97/15 253/98/253
f 284/94/284 493/93/493 253/98/253 51/99/51
f 59/100/59 261/101/261 494/102/494 283/103/283
f 261/101/261 32/104/32 184/105/184 494/102/494
f 494/102/494 184/105/184 14/106/14 254/107/254
f 283/103/283 494/102/494 254/107/254 52/108/52
f 128/109/128 392/110/392 495/111/495 424/112/424
f 392/110/392 30/113/30 216/114/216 495/111/495
f 495/111/495 216/114/216 16/115/16 388/116/388
f 424/112/424 495/111/495 388/116/388 124/117/124
f 156/118/156 448/119/448 496/120/496 480/121/480
f 448/119/448 29/77/29 215/122/215 496/120/496
f 496/120/496 215/122/215 15/123/15 444/124/444
f 480/121/480 496/120/496 444/124/444 152/125/152
f 155/126/155 447/127/447 497/128/497 479/129/479
f 447/127/447 25/130/25 207/131/207 497/128/497
f 497/128/497 207/131/207 17/132/17 445/133/445
f 479/129/479 497/128/497 445/133/445 153/134/153
f 127/135/127 391/136/391 498/137/498 423/138/423
f 391/136/391 26/139/26 208/140/208 498/137/498
f 498/137/498 208/140/208 18/141/18 389/142/389
f 423/138/423 498/137/498 389/142/389 125/143/125
f 57/144/57 259/145/259 499/146/499 282/147/282
f 259/145/259 28/148/28 194/149/194 499/146/499
f 499/146/499 194/149/194 20/150/20 255/151/255
f 282/147/282 499/146/499 255/151/255 53/152/53
f 61/153/61 263/154/263 500/155/500 281/156/281
f 263/154/263 35/86/35 191/157/191 500/155/500
f 500/155/500 191/157/191 17/158/17 256/159/256
f 281/156/281 500/155/500 256/159/256 54/160/54
f 46/161/46 166/162/166 501/163/501 280/164/280
f 166/162/166 7/165/7 201/166/201 501/163/501
f 501/163/501 201/166/201 23/5/23 257/167/257
f 280/164/280 501/163/501 257/167/257 55/168/55
f 52/108/52 254/107/254 502/169/502 279/170/279
f 254/107/254 14/106/14 200/171/200 502/169/502
f 502/169/502 200/171/200 22/172/22 258/173/258
f 279/170/279 502/169/502 258/173/258 56/174/56
f 124/117/124 388/116/388 503/175/503 422/176/422
f 388/116/388 16/115/16 186/177/186 503/175/503
f 503/175/503 186/177/186 24/32/24 390/29/390
f 422/176/422 503/175/503 390/29/390 126/28/126
f 152/125/152 444/178/444 504/179/504 478/180/478
f 444/178/444 15/181/15 185/182/185 504/179/504
f 504/179/504 185/182/185 23/95/23 446/183/446
f 478/180/478 504/179/504 446/183/446 154/184/154
f 45/185/45 247/186/247 505/187/505 278/188/278
f 247/186/247 1/189/1 210/190/210 505/187/505
f 505/187/505 210/190/210 28/191/28 259/192/259
f 278/188/278 505/187/505 259/192/259 57/193/57
f 121/194/121 385/195/385 506/196/506 421/197/421
f 385/195/385 2/198/2 174/199/174 506/196/506
f 506/196/506 174/199/174 26/139/26 391/136/391
f 421/197/421 506/196/506 391/136/391 127/135/127
f 150/200/150 442/201/442 507/202/507 477/203/477
f 442/201/442 5/204/5 172/205/172 507/202/507
f 507/202/507 172/205/172 25/206/25 447/207/447
f 477/203/477 507/202/507 447/207/447 155/208/155
f 54/209/54 256/210/256 508/211/508 277/212/277
f 256/210/256 17/132/17 207/131/207 508/211/508
f 508/211/508 207/131/207 25/23/25 260/20/260
f 277/212/277 508/211/508 260/20/260 58/19/58
f 151/213/151 443/214/443 509/215/509 476/216/476
f 443/214/443 11/79/11 177/78/177 509/215/509
f 509/215/509 177/78/177 29/77/29 448/119/448
f 476/216/476 509/215/509 448/119/448 156/118/156
f 123/217/123 387/218/387 510/219/510 420/220/420
f 387/218/387 12/221/12 178/222/178 510/219/510
f 510/219/510 178/222/178 30/113/30 392/110/392
f 420/220/420 510/219/510 392/110/392 128/109/128
f 49/63/49 251/62/251 511/223/511 276/224/276
f 251/62/251 10/61/10 218/225/218 511/223/511
f 511/223/511 218/225/218 32/104/32 261/101/261
f 276/224/276 511/223/511 261/101/261 59/100/59
f 51/99/51 253/98/253 512/226/512 275/227/275
f 253/98/253 15/97/15 215/228/215 512/226/512
f 512/226/512 215/228/215 29/77/29 262/74/262
f 275/227/275 512/226/512 262/74/262 60/73/60
f 50/81/50 252/80/252 513/229/513 274/230/274
f 252/80/252 11/79/11 225/231/225 513/229/513
f 513/229/513 225/231/225 35/86/35 263/154/263
f 274/230/274 513/229/513 263/154/263 61/153/61
f 153/134/153 445/133/445 514/232/514 475/233/475
f 445/133/445 17/132/17 191/234/191 514/232/514
f 514/232/514 191/234/191 35/235/35 449/236/449
f 475/233/475 514/232/514 449/236/449 157/237/157
f 125/143/125 389/142/389 515/238/515 419/239/419
f 389/142/389 18/141/18 192/240/192 515/238/515
f 515/238/515 192/240/192 36/68/36 393/65/393
f 419/239/419 515/238/515 393/65/393 129/64/129
f 53/152/53 255/151/255 516/241/516 273/242/273
f 255/151/255 20/150/20 224/243/224 516/241/516
f 516/241/516 224/243/224 34/59/34 264/56/264
f 273/242/273 516/241/516 264/56/264 62/55/62
f 146/244/146 474/245/474 517/246/517 272/247/272
f 474/245/474 145/248/145 236/249/236 517/246/517
f 517/246/517 236/249/236 41/250/41 233/251/233
f 272/247/272 517/246/517 233/251/233 64/252/64
f 118/253/118 418/254/418 518/255/518 271/256/271
f 418/254/418 117/257/117 238/258/238 518/255/518
f 518/255/518 238/258/238 39/259/39 265/260/265
f 271/256/271 518/255/518 265/260/265 63/261/63
f 161/262/161 453/263/453 519/264/519 473/265/473
f 453/263/453 68/266/68 292/267/292 519/264/519
f 519/264/519 292/267/292 38/268/38 231/269/231
f 473/265/473 519/264/519 231/269/231 144/270/144
f 133/271/133 397/272/397 520/273/520 417/274/417
f 397/272/397 70/275/70 244/276/244 520/273/520
f 520/273/520 244/276/244 39/277/39 238/278/238
f 417/274/417 520/273/520 238/278/238 117/279/117
f 134/280/134 398/281/398 521/282/521 416/283/416
f 398/281/398 75/284/75 245/285/245 521/282/521
f 521/282/521 245/285/245 43/286/43 237/287/237
f 416/283/416 521/282/521 237/287/237 116/288/116
f 162/289/162 454/290/454 522/291/522 472/292/472
f 454/290/454 74/293/74 304/294/304 522/291/522
f 522/291/522 304/294/304 41/250/41 236/295/236
f 472/292/472 522/291/522 236/295/236 145/296/145
f 77/297/77 311/298/311 523/299/523 270/300/270
f 311/298/311 76/301/76 306/302/306 523/299/523
f 523/299/523 306/302/306 42/303/42 267/304/267
f 270/300/270 523/299/523 267/304/267 65/305/65
f 71/306/71 299/307/299 524/308/524 269/309/269
f 299/307/299 69/310/69 293/311/293 524/308/524
f 524/308/524 293/311/293 37/312/37 232/313/232
f 269/309/269 524/308/524 232/313/232 63/261/63
f 70/314/70 298/315/298 525/316/525 244/317/244
f 298/315/298 71/306/71 269/309/269 525/316/525
f 525/316/525 269/309/269 63/261/63 265/260/265
f 244/317/244 525/316/525 265/260/265 39/259/39
f 75/318/75 310/319/310 526/320/526 245/321/245
f 310/319/310 77/322/77 270/323/270 526/320/526
f 526/320/526 270/323/270 65/324/65 234/325/234
f 245/321/245 526/320/526 234/325/234 43/326/43
f 130/327/130 415/328/415 527/329/527 394/330/394
f 415/328/415 118/331/118 271/332/271 527/329/527
f 527/329/527 271/332/271 63/333/63 232/334/232
f 394/330/394 527/329/527 232/334/232 37/335/37
f 158/336/158 471/337/471 528/338/528 450/339/450
f 471/337/471 146/340/146 272/341/272 528/338/528
f 528/338/528 272/341/272 64/342/64 266/343/266
f 450/339/450 528/338/528 266/343/266 40/344/40
f 18/141/18 197/345/197 529/346/529 192/240/192
f 197/345/197 53/347/53 273/348/273 529/346/529
f 529/346/529 273/348/273 62/349/62 230/350/230
f 192/240/192 529/346/529 230/350/230 36/68/36
f 9/351/9 181/352/181 530/353/530 175/354/175
f 181/352/181 50/355/50 274/356/274 530/353/530
f 530/353/530 274/356/274 61/357/61 227/358/227
f 175/354/175 530/353/530 227/358/227 33/359/33
f 13/360/13 187/361/187 531/362/531 183/363/183
f 187/361/187 51/364/51 275/365/275 531/362/531
f 531/362/531 275/365/275 60/366/60 222/367/222
f 183/363/183 531/362/531 222/367/222 31/368/31
f 12/369/12 179/370/179 532/371/532 178/372/178
f 179/370/179 49/63/49 276/224/276 532/371/532
f 532/371/532 276/224/276 59/100/59 221/373/221
f 178/372/178 532/371/532 221/373/221 30/374/30
f 19/375/19 198/376/198 533/377/533 193/378/193
f 198/376/198 54/379/54 277/380/277 533/377/533
f 533/377/533 277/380/277 58/381/58 214/382/214
f 193/378/193 533/377/533 214/382/214 27/383/27
f 2/384/2 165/385/165 534/386/534 174/387/174
f 165/385/165 45/388/45 278/389/278 534/386/534
f 534/386/534 278/389/278 57/390/57 211/391/211
f 174/387/174 534/386/534 211/391/211 26/392/26
f 16/115/16 188/393/188 535/394/535 186/177/186
f 188/393/188 52/395/52 279/396/279 535/394/535
f 535/394/535 279/396/279 56/397/56 204/398/204
f 186/177/186 535/394/535 204/398/204 24/32/24
f 8/399/8 248/400/248 536/401/536 163/402/163
f 248/400/248 46/403/46 280/404/280 536/401/536
f 536/401/536 280/404/280 55/405/55 203/406/203
f 163/402/163 536/401/536 203/406/203 21/407/21
f 33/359/33 227/358/227 537/408/537 223/409/223
f 227/358/227 61/357/61 281/410/281 537/408/537
f 537/408/537 281/410/281 54/379/54 198/376/198
f 223/409/223 537/408/537 198/376/198 19/375/19
f 26/139/26 211/411/211 538/412/538 208/140/208
f 211/411/211 57/413/57 282/414/282 538/412/538
f 538/412/538 282/414/282 53/347/53 197/345/197
f 208/140/208 538/412/538 197/345/197 18/141/18
f 30/113/30 221/415/221 539/416/539 216/114/216
f 221/415/221 59/417/59 283/418/283 539/416/539
f 539/416/539 283/418/283 52/395/52 188/393/188
f 216/114/216 539/416/539 188/393/188 16/115/16
f 21/407/21 203/406/203 540/419/540 199/420/199
f 203/406/203 55/405/55 284/421/284 540/419/540
f 540/419/540 284/421/284 51/364/51 187/361/187
f 199/420/199 540/419/540 187/361/187 13/360/13
f 31/368/31 222/367/222 541/422/541 217/423/217
f 222/367/222 60/366/60 285/424/285 541/422/541
f 541/422/541 285/424/285 50/355/50 181/352/181
f 217/423/217 541/422/541 181/352/181 9/351/9
f 36/425/36 230/426/230 542/427/542 226/428/226
f 230/426/230 62/55/62 286/58/286 542/427/542
f 542/427/542 286/58/286 49/63/49 179/370/179
f 226/428/226 542/427/542 179/370/179 12/369/12
f 68/429/68 297/430/297 543/431/543 292/432/292
f 297/430/297 72/433/72 287/434/287 543/431/543
f 543/431/543 287/434/287 66/435/66 235/436/235
f 292/432/292 543/431/543 235/436/235 38/437/38
f 24/438/24 204/439/204 544/440/544 202/441/202
f 204/439/204 56/442/56 288/443/288 544/440/544
f 544/440/544 288/443/288 47/444/47 167/445/167
f 202/441/202 544/440/544 167/445/167 4/446/4
f 27/383/27 214/382/214 545/447/545 209/448/209
f 214/382/214 58/381/58 289/449/289 545/447/545
f 545/447/545 289/449/289 48/450/48 168/451/168
f 209/448/209 545/447/545 168/451/168 6/452/6
f 74/293/74 309/453/309 546/454/546 304/294/304
f 309/453/309 78/455/78 290/456/290 546/454/546
f 546/454/546 290/456/290 64/252/64 233/457/233
f 304/294/304 546/454/546 233/457/233 41/250/41
f 6/452/6 168/451/168 547/458/547 240/459/240
f 168/451/168 48/450/48 296/460/296 547/458/547
f 547/458/547 296/460/296 72/433/72 297/430/297
f 240/459/240 547/458/547 297/430/297 68/429/68
f 1/189/1 247/461/247 548/462/548 294/463/294
f 247/461/247 45/185/45 295/464/295 548/462/548
f 548/462/548 295/464/295 71/465/71 298/466/298
f 294/463/294 548/462/548 298/466/298 70/275/70
f 45/388/45 165/467/165 549/468/549 295/469/295
f 165/467/165 2/384/2 243/470/243 549/468/549
f 549/468/549 243/470/243 69/471/69 299/472/299
f 295/469/295 549/468/549 299/472/299 71/473/71
f 108/474/108 173/475/173 550/476/550 414/477/414
f 173/475/173 1/189/1 294/463/294 550/476/550
f 550/476/550 294/463/294 70/275/70 397/272/397
f 414/477/414 550/476/550 397/272/397 133/271/133
f 135/478/135 164/479/164 551/480/551 470/481/470
f 164/479/164 6/482/6 240/483/240 551/480/551
f 551/480/551 240/483/240 68/266/68 453/263/453
f 470/481/470 551/480/551 453/263/453 161/262/161
f 48/27/48 250/26/250 552/484/552 296/485/296
f 250/26/250 5/25/5 291/486/291 552/484/552
f 552/484/552 291/486/291 67/50/67 302/47/302
f 296/485/296 552/484/552 302/47/302 72/46/72
f 7/7/7 166/487/166 553/488/553 242/489/242
f 166/487/166 46/161/46 308/490/308 553/488/553
f 553/488/553 308/490/308 78/455/78 309/453/309
f 242/489/242 553/488/553 309/453/309 74/293/74
f 4/446/4 167/445/167 554/491/554 305/492/305
f 167/445/167 47/444/47 307/493/307 554/491/554
f 554/491/554 307/493/307 77/322/77 310/319/310
f 305/492/305 554/491/554 310/319/310 75/318/75
f 47/45/47 249/44/249 555/494/555 307/495/307
f 249/44/249 3/43/3 246/496/246 555/494/555
f 555/494/555 246/496/246 76/301/76 311/298/311
f 307/495/307 555/494/555 311/298/311 77/297/77
f 136/497/136 169/498/169 556/499/556 469/500/469
f 169/498/169 7/501/7 242/502/242 556/499/556
f 556/499/556 242/502/242 74/503/74 454/504/454
f 469/500/469 556/499/556 454/504/454 162/289/162
f 107/36/107 171/35/171 557/505/557 413/506/413
f 171/35/171 4/34/4 305/507/305 557/505/557
f 557/505/557 305/507/305 75/284/75 398/281/398
f 413/506/413 557/505/557 398/281/398 134/280/134
f 46/403/46 248/400/248 558/508/558 308/509/308
f 248/400/248 8/399/8 303/510/303 558/508/558
f 558/508/558 303/510/303 73/14/73 314/11/314
f 308/509/308 558/508/558 314/11/314 78/10/78
f 149/511/149 317/512/317 559/513/559 468/514/468
f 317/512/317 81/515/81 343/516/343 559/513/559
f 559/513/559 343/516/343 106/517/106 440/518/440
f 468/514/468 559/513/559 440/518/440 148/519/148
f 122/520/122 316/521/316 560/522/560 412/523/412
f 316/521/316 80/524/80 344/525/344 560/522/560
f 560/522/560 344/525/344 105/526/105 384/527/384
f 412/523/412 560/522/560 384/527/384 120/528/120
f 121/194/121 315/529/315 561/530/561 411/531/411
f 315/529/315 79/532/79 345/533/345 561/530/561
f 561/530/561 345/533/345 104/534/104 383/535/383
f 411/531/411 561/530/561 383/535/383 119/536/119
f 150/537/150 318/538/318 562/539/562 467/540/467
f 318/538/318 82/541/82 346/542/346 562/539/562
f 562/539/562 346/542/346 103/543/103 439/544/439
f 467/540/467 562/539/562 439/544/439 147/545/147
f 116/546/116 410/547/410 563/548/563 380/549/380
f 410/547/410 132/550/132 338/551/338 563/548/563
f 563/548/563 338/551/338 102/552/102 347/553/347
f 380/549/380 563/548/563 347/553/347 99/554/99
f 144/270/144 466/555/466 564/556/564 436/557/436
f 466/555/466 160/558/160 337/559/337 564/556/564
f 564/556/564 337/559/337 101/560/101 348/561/348
f 436/557/436 564/556/564 348/561/348 97/562/97
f 120/528/120 384/527/384 565/563/565 409/564/409
f 384/527/384 105/526/105 349/565/349 565/563/565
f 565/563/565 349/565/349 98/566/98 334/567/334
f 409/564/409 565/563/565 334/567/334 131/568/131
f 148/519/148 440/518/440 566/569/566 465/570/465
f 440/518/440 106/517/106 350/571/350 566/569/566
f 566/569/566 350/571/350 99/572/99 335/573/335
f 465/570/465 566/569/566 335/573/335 158/574/158
f 147/575/147 439/576/439 567/577/567 464/578/464
f 439/576/439 103/579/103 351/580/351 567/577/567
f 567/577/567 351/580/351 100/581/100 336/582/336
f 464/578/464 567/577/567 336/582/336 159/583/159
f 119/536/119 383/535/383 568/584/568 408/585/408
f 383/535/383 104/534/104 352/586/352 568/584/568
f 568/584/568 352/586/352 97/562/97 333/587/333
f 408/585/408 568/584/568 333/587/333 130/588/130
f 160/589/160 463/590/463 569/591/569 337/592/337
f 463/590/463 159/593/159 336/594/336 569/591/569
f 569/591/569 336/594/336 100/595/100 353/596/353
f 337/592/337 569/591/569 353/596/353 101/597/101
f 132/598/132 407/599/407 570/600/570 338/601/338
f 407/599/407 131/602/131 334/603/334 570/600/570
f 570/600/570 334/603/334 98/604/98 354/605/354
f 338/601/338 570/600/570 354/605/354 102/606/102
f 139/607/139 431/608/431 571/609/571 462/610/462
f 431/608/431 88/611/88 355/612/355 571/609/571
f 571/609/571 355/612/355 96/613/96 435/614/435
f 462/610/462 571/609/571 435/614/435 143/615/143
f 111/616/111 375/617/375 572/618/572 406/619/406
f 375/617/375 87/620/87 356/621/356 572/618/572
f 572/618/572 356/621/356 95/622/95 379/623/379
f 406/619/406 572/618/572 379/623/379 115/624/115
f 137/625/137 429/626/429 573/627/573 461/628/461
f 429/626/429 83/629/83 357/630/357 573/627/573
f 573/627/573 357/630/357 94/631/94 434/632/434
f 461/628/461 573/627/573 434/632/434 142/633/142
f 109/634/109 373/635/373 574/636/574 405/637/405
f 373/635/373 84/638/84 358/639/358 574/636/574
f 574/636/574 358/639/358 93/640/93 378/641/378
f 405/637/405 574/636/574 378/641/378 114/642/114
f 108/643/108 372/644/372 575/645/575 404/646/404
f 372/644/372 82/647/82 359/648/359 575/645/575
f 575/645/575 359/648/359 92/649/92 377/650/377
f 404/646/404 575/645/575 377/650/377 113/651/113
f 135/652/135 427/653/427 576/654/576 460/655/460
f 427/653/427 79/656/79 360/657/360 576/654/576
f 576/654/576 360/657/360 91/658/91 433/659/433
f 460/655/460 576/654/576 433/659/433 141/660/141
f 110/661/110 374/662/374 577/663/577 403/664/403
f 374/662/374 86/665/86 361/666/361 577/663/577
f 577/663/577 361/666/361 90/667/90 376/668/376
f 403/664/403 577/663/577 376/668/376 112/669/112
f 138/670/138 430/671/430 578/672/578 459/673/459
f 430/671/430 85/674/85 362/675/362 578/672/578
f 578/672/578 362/675/362 89/676/89 432/677/432
f 459/673/459 578/672/578 432/677/432 140/678/140
f 141/660/141 433/659/433 579/679/579 458/680/458
f 433/659/433 91/658/91 363/681/363 579/679/579
f 579/679/579 363/681/363 88/682/88 431/608/431
f 458/680/458 579/679/579 431/608/431 139/683/139
f 113/651/113 377/650/377 580/684/580 402/685/402
f 377/650/377 92/649/92 364/686/364 580/684/580
f 580/684/580 364/686/364 87/687/87 375/688/375
f 402/685/402 580/684/580 375/688/375 111/616/111
f 114/642/114 378/641/378 581/689/581 401/690/401
f 378/641/378 93/640/93 365/691/365 581/689/581
f 581/689/581 365/691/365 86/665/86 374/662/374
f 401/690/401 581/689/581 374/662/374 110/661/110
f 142/692/142 434/693/434 582/694/582 457/695/457
f 434/693/434 94/631/94 366/696/366 582/694/582
f 582/694/582 366/696/366 85/674/85 430/671/430
f 457/695/457 582/694/582 430/671/430 138/670/138
f 115/624/115 379/623/379 583/697/583 400/698/400
f 379/623/379 95/622/95 367/699/367 583/697/583
f 583/697/583 367/699/367 84/700/84 373/701/373
f 400/698/400 583/697/583 373/701/373 109/702/109
f 143/615/143 435/614/435 584/703/584 456/704/456
f 435/614/435 96/613/96 368/705/368 584/703/584
f 584/703/584 368/705/368 83/706/83 429/707/429
f 456/704/456 584/703/584 429/707/429 137/708/137
f 140/678/140 432/677/432 585/709/585 455/710/455
f 432/677/432 89/676/89 369/711/369 585/709/585
f 585/709/585 369/711/369 81/515/81 317/512/317
f 455/710/455 585/709/585 317/512/317 149/511/149
f 112/712/112 376/713/376 586/714/586 399/715/399
f 376/713/376 90/716/90 370/717/370 586/714/586
f 586/714/586 370/717/370 80/524/80 316/718/316
f 399/715/399 586/714/586 316/718/316 122/520/122
f 22/41/22 206/719/206 587/720/587 170/42/170
f 206/719/206 112/712/112 399/715/399 587/720/587
f 587/720/587 399/715/399 122/520/122 386/721/386
f 170/42/170 587/720/587 386/721/386 3/43/3
f 34/59/34 228/722/228 588/723/588 176/60/176
f 228/722/228 115/724/115 400/725/400 588/723/588
f 588/723/588 400/725/400 109/726/109 182/727/182
f 176/60/176 588/723/588 182/727/182 10/61/10
f 32/104/32 219/728/219 589/729/589 184/105/184
f 219/728/219 114/730/114 401/731/401 589/729/589
f 589/729/589 401/731/401 110/732/110 190/733/190
f 184/105/184 589/729/589 190/733/190 14/106/14
f 28/191/28 213/734/213 590/735/590 194/736/194
f 213/734/213 113/737/113 402/738/402 590/735/590
f 590/735/590 402/738/402 111/616/111 195/739/195
f 194/736/194 590/735/590 195/739/195 20/740/20
f 14/106/14 190/733/190 591/741/591 200/171/200
f 190/733/190 110/732/110 403/742/403 591/741/591
f 591/741/591 403/742/403 112/743/112 206/744/206
f 200/171/200 591/741/591 206/744/206 22/172/22
f 1/189/1 173/475/173 592/745/592 210/190/210
f 173/475/173 108/746/108 404/747/404 592/745/592
f 592/745/592 404/747/404 113/737/113 213/734/213
f 210/190/210 592/745/592 213/734/213 28/191/28
f 10/61/10 182/727/182 593/748/593 218/225/218
f 182/727/182 109/726/109 405/749/405 593/748/593
f 593/748/593 405/749/405 114/730/114 219/728/219
f 218/225/218 593/748/593 219/728/219 32/104/32
f 20/740/20 195/739/195 594/750/594 224/751/224
f 195/739/195 111/616/111 406/619/406 594/750/594
f 594/750/594 406/619/406 115/624/115 228/752/228
f 224/751/224 594/750/594 228/752/228 34/753/34
f 65/305/65 267/304/267 595/754/595 396/755/396
f 267/304/267 42/303/42 395/756/395 595/754/595
f 595/754/595 395/756/395 131/602/131 407/599/407
f 396/755/396 595/754/595 407/599/407 132/598/132
f 69/757/69 301/758/301 596/759/596 293/760/293
f 301/758/301 119/761/119 408/762/408 596/759/596
f 596/759/596 408/762/408 130/763/130 394/764/394
f 293/760/293 596/759/596 394/764/394 37/335/37
f 76/301/76 312/765/312 597/766/597 306/302/306
f 312/765/312 120/767/120 409/768/409 597/766/597
f 597/766/597 409/768/409 131/769/131 395/770/395
f 306/302/306 597/766/597 395/770/395 42/303/42
f 43/286/43 234/771/234 598/772/598 237/773/237
f 234/771/234 65/774/65 396/775/396 598/772/598
f 598/772/598 396/775/396 132/550/132 410/547/410
f 237/773/237 598/772/598 410/547/410 116/546/116
f 2/198/2 385/776/385 599/777/599 243/778/243
f 385/776/385 121/194/121 411/779/411 599/777/599
f 599/777/599 411/779/411 119/761/119 301/758/301
f 243/778/243 599/777/599 301/758/301 69/757/69
f 3/43/3 386/780/386 600/781/600 246/782/246
f 386/780/386 122/520/122 412/523/412 600/781/600
f 600/781/600 412/523/412 120/528/120 312/783/312
f 246/782/246 600/781/600 312/783/312 76/301/76
f 81/515/81 371/784/371 601/785/601 343/516/343
f 371/784/371 107/786/107 413/787/413 601/785/601
f 601/785/601 413/787/413 134/788/134 342/789/342
f 343/516/343 601/785/601 342/789/342 106/517/106
f 82/541/82 372/644/372 602/790/602 346/542/346
f 372/644/372 108/474/108 414/791/414 602/790/602
f 602/790/602 414/791/414 133/792/133 339/793/339
f 346/542/346 602/790/602 339/793/339 103/543/103
f 97/562/97 348/561/348 603/794/603 333/795/333
f 348/561/348 101/560/101 382/796/382 603/794/603
f 603/794/603 382/796/382 118/331/118 415/328/415
f 333/795/333 603/794/603 415/328/415 130/327/130
f 106/517/106 342/789/342 604/797/604 350/571/350
f 342/789/342 134/788/134 416/283/416 604/797/604
f 604/797/604 416/283/416 116/798/116 380/799/380
f 350/571/350 604/797/604 380/799/380 99/572/99
f 103/579/103 339/800/339 605/801/605 351/580/351
f 339/800/339 133/271/133 417/274/417 605/801/605
f 605/801/605 417/274/417 117/279/117 381/802/381
f 351/580/351 605/801/605 381/802/381 100/581/100
f 101/597/101 353/596/353 606/803/606 382/804/382
f 353/596/353 100/595/100 381/805/381 606/803/606
f 606/803/606 381/805/381 117/257/117 418/254/418
f 382/804/382 606/803/606 418/254/418 118/253/118
f 88/682/88 324/806/324 607/807/607 355/808/355
f 324/806/324 125/143/125 419/809/419 607/807/607
f 607/807/607 419/809/419 129/810/129 332/811/332
f 355/808/355 607/807/607 332/811/332 96/812/96
f 83/629/83 319/813/319 608/814/608 357/630/357
f 319/813/319 123/217/123 420/220/420 608/814/608
f 608/814/608 420/220/420 128/109/128 330/815/330
f 357/630/357 608/814/608 330/815/330 94/631/94
f 79/656/79 315/816/315 609/817/609 360/657/360
f 315/816/315 121/194/121 421/818/421 609/817/609
f 609/817/609 421/818/421 127/819/127 327/820/327
f 360/657/360 609/817/609 327/820/327 91/658/91
f 85/674/85 321/821/321 610/822/610 362/675/362
f 321/821/321 124/823/124 422/824/422 610/822/610
f 610/822/610 422/824/422 126/825/126 325/826/325
f 362/675/362 610/822/610 325/826/325 89/676/89
f 91/658/91 327/820/327 611/827/611 363/681/363
f 327/820/327 127/819/127 423/828/423 611/827/611
f 611/827/611 423/828/423 125/143/125 324/806/324
f 363/681/363 611/827/611 324/806/324 88/682/88
f 94/631/94 330/829/330 612/830/612 366/696/366
f 330/829/330 128/831/128 424/832/424 612/830/612
f 612/830/612 424/832/424 124/823/124 321/821/321
f 366/696/366 612/830/612 321/821/321 85/674/85
f 96/613/96 332/833/332 613/834/613 368/705/368
f 332/833/332 129/64/129 425/67/425 613/834/613
f 613/834/613 425/67/425 123/72/123 319/835/319
f 368/705/368 613/834/613 319/835/319 83/706/83
f 89/676/89 325/826/325 614/836/614 369/711/369
f 325/826/325 126/825/126 426/837/426 614/836/614
f 614/836/614 426/837/426 107/786/107 371/784/371
f 369/711/369 614/836/614 371/784/371 81/515/81
f 21/838/21 205/839/205 615/840/615 163/841/163
f 205/839/205 140/842/140 455/843/455 615/840/615
f 615/840/615 455/843/455 149/511/149 441/844/441
f 163/841/163 615/840/615 441/844/441 8/845/8
f 33/359/33 229/846/229 616/847/616 175/848/175
f 229/846/229 143/849/143 456/850/456 616/847/616
f 616/847/616 456/850/456 137/851/137 180/852/180
f 175/848/175 616/847/616 180/852/180 9/351/9
f 31/853/31 220/854/220 617/855/617 183/856/183
f 220/854/220 142/633/142 457/857/457 617/855/617
f 617/855/617 457/857/457 138/858/138 189/859/189
f 183/856/183 617/855/617 189/859/189 13/860/13
f 27/861/27 212/862/212 618/863/618 193/864/193
f 212/862/212 141/865/141 458/866/458 618/863/618
f 618/863/618 458/866/458 139/607/139 196/867/196
f 193/864/193 618/863/618 196/867/196 19/868/19
f 13/860/13 189/859/189 619/869/619 199/870/199
f 189/859/189 138/858/138 459/871/459 619/869/619
f 619/869/619 459/871/459 140/842/140 205/839/205
f 199/870/199 619/869/619 205/839/205 21/838/21
f 6/482/6 164/872/164 620/873/620 209/874/209
f 164/872/164 135/875/135 460/876/460 620/873/620
f 620/873/620 460/876/460 141/865/141 212/862/212
f 209/874/209 620/873/620 212/862/212 27/861/27
f 9/877/9 180/878/180 621/879/621 217/880/217
f 180/878/180 137/625/137 461/628/461 621/879/621
f 621/879/621 461/628/461 142/633/142 220/854/220
f 217/880/217 621/879/621 220/854/220 31/853/31
f 19/868/19 196/867/196 622/881/622 223/882/223
f 196/867/196 139/607/139 462/610/462 622/881/622
f 622/881/622 462/610/462 143/615/143 229/883/229
f 223/882/223 622/881/622 229/883/229 33/884/33
f 66/885/66 268/886/268 623/887/623 452/888/452
f 268/886/268 44/889/44 451/890/451 623/887/623
f 623/887/623 451/890/451 159/593/159 463/590/463
f 452/888/452 623/887/623 463/590/463 160/589/160
f 67/50/67 300/891/300 624/892/624 239/51/239
f 300/891/300 147/575/147 464/578/464 624/892/624
f 624/892/624 464/578/464 159/583/159 451/893/451
f 239/51/239 624/892/624 451/893/451 44/52/44
f 73/894/73 313/895/313 625/896/625 241/897/241
f 313/895/313 148/898/148 465/899/465 625/896/625
f 625/896/625 465/899/465 158/900/158 450/901/450
f 241/897/241 625/896/625 450/901/450 40/344/40
f 38/268/38 235/902/235 626/903/626 231/904/231
f 235/902/235 66/905/66 452/906/452 626/903/626
f 626/903/626 452/906/452 160/558/160 466/555/466
f 231/904/231 626/903/626 466/555/466 144/270/144
f 5/907/5 442/908/442 627/909/627 291/910/291
f 442/908/442 150/537/150 467/540/467 627/909/627
f 627/909/627 467/540/467 147/545/147 300/891/300
f 291/910/291 627/909/627 300/891/300 67/911/67
f 8/845/8 441/844/441 628/912/628 303/913/303
f 441/844/441 149/511/149 468/914/468 628/912/628
f 628/912/628 468/914/468 148/898/148 313/895/313
f 303/913/303 628/912/628 313/895/313 73/894/73
f 80/524/80 428/915/428 629/916/629 344/525/344
f 428/915/428 136/497/136 469/500/469 629/916/629
f 629/916/629 469/500/469 162/289/162 341/917/341
f 344/525/344 629/916/629 341/917/341 105/526/105
f 79/532/79 427/918/427 630/919/630 345/533/345
f 427/918/427 135/920/135 470/921/470 630/919/630
f 630/919/630 470/921/470 161/922/161 340/923/340
f 345/533/345 630/919/630 340/923/340 104/534/104
f 99/554/99 347/553/347 631/924/631 335/925/335
f 347/553/347 102/552/102 438/926/438 631/924/631
f 631/924/631 438/926/438 146/340/146 471/337/471
f 335/925/335 631/924/631 471/337/471 158/336/158
f 105/526/105 341/917/341 632/927/632 349/565/349
f 341/917/341 162/289/162 472/928/472 632/927/632
f 632/927/632 472/928/472 145/296/145 437/929/437
f 349/565/349 632/927/632 437/929/437 98/566/98
f 104/534/104 340/923/340 633/930/633 352/586/352
f 340/923/340 161/922/161 473/931/473 633/930/633
f 633/930/633 473/931/473 144/932/144 436/933/436
f 352/586/352 633/930/633 436/933/436 97/562/97
f 102/606/102 354/605/354 634/934/634 438/935/438
f 354/605/354 98/604/98 437/936/437 634/934/634
f 634/934/634 437/936/437 145/248/145 474/245/474
f 438/935/438 634/934/634 474/245/474 146/244/146
f 87/620/87 323/937/323 635/938/635 356/621/356
f 323/937/323 153/134/153 475/233/475 635/938/635
f 635/938/635 475/233/475 157/237/157 331/939/331
f 356/621/356 635/938/635 331/939/331 95/622/95
f 84/638/84 320/940/320 636/941/636 358/639/358
f 320/940/320 151/90/151 476/942/476 636/941/636
f 636/941/636 476/942/476 156/943/156 329/944/329
f 358/639/358 636/941/636 329/944/329 93/640/93
f 82/647/82 318/538/318 637/945/637 359/648/359
f 318/538/318 150/200/150 477/203/477 637/945/637
f 637/945/637 477/203/477 155/208/155 328/946/328
f 359/648/359 637/945/637 328/946/328 92/649/92
f 86/665/86 322/947/322 638/948/638 361/666/361
f 322/947/322 152/125/152 478/180/478 638/948/638
f 638/948/638 478/180/478 154/184/154 326/949/326
f 361/666/361 638/948/638 326/949/326 90/667/90
f 92/649/92 328/946/328 639/950/639 364/686/364
f 328/946/328 155/208/155 479/951/479 639/950/639
f 639/950/639 479/951/479 153/952/153 323/953/323
f 364/686/364 639/950/639 323/953/323 87/687/87
f 93/640/93 329/954/329 640/955/640 365/956/365
f 329/954/329 156/118/156 480/121/480 640/955/640
f 640/955/640 480/121/480 152/125/152 322/957/322
f 365/956/365 640/955/640 322/957/322 86/958/86
f 95/959/95 331/960/331 641/961/641 367/962/367
f 331/960/331 157/82/157 481/85/481 641/961/641
f 641/961/641 481/85/481 151/90/151 320/940/320
f 367/962/367 641/961/641 320/940/320 84/638/84
f 90/716/90 326/963/326 642/964/642 370/717/370
f 326/963/326 154/1/154 482/4/482 642/964/642
f 642/964/642 482/4/482 136/9/136 428/915/428
f 370/717/370 642/964/642 428/915/428 80/524/80
o WallBarrier_Ball03
v -0.000000 1.269575 0.003806
v -0.238416 1.087443 -0.169412
v 0.091065 1.087443 -0.276468
v 0.294698 1.087442 0.003806
v 0.091065 1.087443 0.284079
v -0.238416 1.087443 0.177023
v -0.091065 0.792742 -0.276468
v 0.238416 0.792742 -0.169412
v 0.238416 0.792742 0.177023
v -0.091065 0.792742 0.284079
v -0.294698 0.792742 0.003806
v 0.000000 0.610609 0.003806
v 0.053214 1.218729 -0.159971
v -0.139317 1.218729 -0.097413
v -0.086104 1.112300 -0.261191
v -0.278635 1.112300 0.003806
v -0.139317 1.218729 0.105025
v 0.172206 1.218729 0.003806
v 0.225421 1.112300 -0.159971
v 0.053214 1.218729 0.167582
v 0.225421 1.112300 0.167583
v -0.086104 1.112300 0.268803
v -0.311524 0.940092 -0.097414
v -0.311524 0.940092 0.105025
v -0.000000 0.940092 -0.323750
v -0.192533 0.940092 -0.261192
v 0.311524 0.940092 -0.097414
v 0.192533 0.940092 -0.261192
v 0.192533 0.940092 0.268804
v 0.311525 0.940092 0.105025
v -0.192533 0.940092 0.268804
v 0.000000 0.940092 0.331361
v -0.225421 0.767884 -0.159971
v 0.086104 0.767884 -0.261191
v 0.278635 0.767884 0.003806
v 0.086104 0.767884 0.268803
v -0.225421 0.767884 0.167583
v -0.053214 0.661455 -0.159971
v -0.172206 0.661456 0.003806
v 0.139317 0.661455 -0.097413
v 0.139317 0.661455 0.105025
v -0.053214 0.661455 0.167582
v 0.026184 1.258286 -0.076781
v -0.199589 1.158183 -0.141203
v 0.007683 1.105814 -0.280630
v -0.268141 1.105814 -0.091397
v -0.199589 1.158183 0.148814
v 0.084734 1.258286 0.003806
v 0.272890 1.105814 -0.076781
v 0.026184 1.258286 0.084393
v 0.160970 1.105814 0.238436
v -0.173405 1.105814 0.229402
v -0.284324 1.021079 -0.141203
v -0.315258 0.859106 0.053611
v 0.050051 1.021079 -0.311413
v -0.144788 0.859106 -0.280631
v 0.315258 1.021078 -0.046000
v 0.225774 0.859106 -0.221791
v 0.144788 1.021079 0.288243
v 0.284324 0.859106 0.148815
v -0.225774 1.021079 0.229402
v -0.050051 0.859106 0.319024
v -0.160970 0.774370 -0.230825
v 0.173405 0.774370 -0.221790
v 0.268141 0.774370 0.099009
v -0.007683 0.774370 0.288242
v -0.272890 0.774371 0.084393
v -0.076235 0.722001 -0.230825
v -0.084734 0.621899 0.003806
v 0.199589 0.722001 -0.141203
v 0.199589 0.722001 0.148814
v -0.076235 0.722001 0.238436
v 0.076235 1.158183 -0.230825
v -0.068552 1.258286 -0.045999
v -0.173405 1.105814 -0.221790
v -0.268141 1.105814 0.099009
v -0.068552 1.258286 0.053611
v 0.246706 1.158183 0.003806
v 0.160970 1.105814 -0.230825
v 0.076235 1.158183 0.238436
v 0.272890 1.105814 0.084393
v 0.007683 1.105815 0.288242
v -0.315258 0.859106 -0.046000
v -0.284324 1.021079 0.148815
v -0.050051 0.859106 -0.311413
v -0.225774 1.021079 -0.221791
v 0.284324 0.859106 -0.141203
v 0.144788 1.021079 -0.280631
v 0.225774 0.859106 0.229402
v 0.315258 1.021078 0.053611
v -0.144788 0.859106 0.288243
v 0.050051 1.021079 0.319024
v -0.272890 0.774371 -0.076781
v -0.007683 0.774370 -0.280630
v 0.268141 0.774370 -0.091397
v 0.173405 0.774370 0.229402
v -0.160970 0.774370 0.238436
v -0.026184 0.621898 -0.076781
v -0.246706 0.722002 0.003806
v 0.068552 0.621898 -0.045999
v 0.068552 0.621898 0.053611
v -0.026184 0.621898 0.084393
v -0.120150 0.648820 0.091100
v -0.206787 0.702365 0.091100
v -0.146922 0.702364 0.173496
v 0.045894 0.648820 0.145050
v 0.019122 0.702364 0.227447
v 0.115985 0.702364 0.195974
v 0.148514 0.648820 0.003806
v 0.218605 0.702364 0.054729
v 0.218605 0.702364 -0.047118
v 0.045894 0.648820 -0.137438
v 0.115985 0.702364 -0.188362
v 0.019122 0.702364 -0.219835
v -0.120150 0.648820 -0.083488
v -0.146922 0.702364 -0.165885
v -0.206787 0.702365 -0.083488
v -0.281045 0.850879 0.145050
v -0.264499 0.937517 0.195975
v -0.221180 0.850879 0.227448
v 0.047485 0.850879 0.314742
v 0.101030 0.937517 0.314743
v 0.144349 0.850879 0.283269
v 0.310392 0.850879 0.054729
v 0.326939 0.937517 0.003806
v 0.310392 0.850879 -0.047118
v 0.144349 0.850879 -0.275658
v 0.101030 0.937517 -0.307131
v 0.047485 0.850879 -0.307131
v -0.221180 0.850879 -0.219836
v -0.264499 0.937517 -0.188363
v -0.281045 0.850879 -0.137439
v -0.101030 0.942667 0.314743
v -0.144349 1.029305 0.283269
v -0.047485 1.029305 0.314742
v 0.264499 0.942667 0.195975
v 0.221180 1.029305 0.227448
v 0.281045 1.029305 0.145050
v 0.264499 0.942667 -0.188363
v 0.281045 1.029305 -0.137439
v 0.221180 1.029305 -0.219836
v -0.101030 0.942667 -0.307131
v -0.047485 1.029305 -0.307131
v -0.144349 1.029305 -0.275658
v -0.326939 0.942667 0.003806
v -0.310392 1.029305 -0.047118
v -0.310392 1.029305 0.054729
v -0.115985 1.177821 0.195974
v -0.045894 1.231365 0.145050
v -0.019122 1.177821 0.227447
v 0.146922 1.177820 0.173496
v 0.120150 1.231364 0.091100
v 0.206787 1.177820 0.091100
v 0.206787 1.177820 -0.083488
v 0.120150 1.231364 -0.083488
v 0.146922 1.177820 -0.165885
v -0.218605 1.177820 0.054729
v -0.218605 1.177820 -0.047118
v -0.148514 1.231365 0.003806
v -0.019122 1.177821 -0.219835
v -0.045894 1.231365 -0.137438
v -0.115985 1.177821 -0.188362
v -0.030348 1.254694 -0.089595
v -0.232831 1.151852 -0.094002
v 0.079451 1.254694 -0.053919
v 0.079451 1.254694 0.061531
v -0.030348 1.254694 0.097206
v -0.293527 1.053643 -0.094003
v 0.002316 1.053643 -0.305579
v 0.294959 1.053643 -0.089595
v 0.179977 1.053643 0.255466
v -0.183728 1.053643 0.252741
v -0.263180 0.992947 -0.187404
v 0.100525 0.992947 -0.305580
v 0.325308 0.992946 0.003806
v 0.100525 0.992947 0.313191
v -0.263180 0.992947 0.195015
v -0.130872 0.728333 -0.212178
v 0.164971 0.728333 -0.187403
v 0.232831 0.728333 0.101614
v -0.021072 0.728333 0.255465
v -0.245855 0.728333 0.061531
v -0.079451 0.625491 0.061531
v -0.160478 0.680431 0.120400
v -0.130872 0.728333 0.219789
v 0.030348 0.625491 0.097206
v 0.061298 0.680430 0.192458
v 0.164971 0.728333 0.195015
v 0.098208 0.625491 0.003806
v 0.198362 0.680430 0.003806
v 0.232831 0.728333 -0.094002
v 0.030348 0.625491 -0.089595
v 0.061298 0.680430 -0.184847
v -0.021072 0.728333 -0.247853
v -0.079451 0.625491 -0.053919
v -0.160478 0.680431 -0.112788
v -0.245855 0.728333 -0.053919
v -0.294959 0.826542 0.097206
v -0.259661 0.878794 0.192459
v -0.179977 0.826541 0.255466
v -0.002316 0.826541 0.313191
v 0.099182 0.878794 0.309054
v 0.183728 0.826541 0.252741
v 0.293527 0.826541 0.101614
v 0.320958 0.878794 0.003806
v 0.293527 0.826541 -0.094003
v 0.183728 0.826541 -0.245129
v 0.099182 0.878794 -0.301443
v -0.002316 0.826541 -0.305579
v -0.179977 0.826541 -0.247854
v -0.259661 0.878794 -0.184848
v -0.294959 0.826542 -0.089595
v -0.100525 0.887238 0.313191
v -0.099182 1.001390 0.309054
v 0.002316 1.053643 0.313191
v 0.263180 0.887238 0.195015
v 0.259661 1.001390 0.192459
v 0.294959 1.053643 0.097206
v 0.263180 0.887238 -0.187404
v 0.259661 1.001390 -0.184848
v 0.179977 1.053643 -0.247854
v -0.100525 0.887238 -0.305580
v -0.099182 1.001390 -0.301443
v -0.183728 1.053643 -0.245129
v -0.325308 0.887238 0.003806
v -0.320958 1.001390 0.003806
v -0.293527 1.053643 0.101614
v -0.164971 1.151852 0.195015
v -0.061298 1.199754 0.192458
v 0.021072 1.151852 0.255465
v 0.130872 1.151852 0.219789
v 0.160478 1.199754 0.120400
v 0.245855 1.151851 0.061531
v 0.245855 1.151851 -0.053919
v 0.160478 1.199754 -0.112788
v 0.130872 1.151852 -0.212178
v -0.232831 1.151852 0.101614
v -0.198362 1.199754 0.003806
v -0.098208 1.254694 0.003806
v 0.021072 1.151852 -0.247853
v -0.061298 1.199754 -0.184847
v -0.164971 1.151852 -0.187403
vn -0.0000 1.0000 -0.0000
vn -0.7236 0.4472 -0.5257
vn 0.2764 0.4472 -0.8506
vn 0.8944 0.4472 -0.0000
vn 0.2764 0.4472 0.8506
vn -0.7236 0.4472 0.5257
vn -0.2764 -0.4472 -0.8506
vn 0.7236 -0.4472 -0.5257
vn 0.7236 -0.4472 0.5257
vn -0.2764 -0.4472 0.8506
vn -0.8944 -0.4472 -0.0000
vn -0.0000 -1.0000 -0.0000
vn 0.1625 0.8507 -0.5000
vn -0.4253 0.8507 -0.3090
vn -0.2629 0.5257 -0.8090
vn -0.8506 0.5257 -0.0000
vn -0.4253 0.8507 0.3090
vn 0.5257 0.8507 -0.0000
vn 0.6882 0.5257 -0.5000
vn 0.1625 0.8507 0.5000
vn 0.6882 0.5257 0.5000
vn -0.2629 0.5257 0.8090
vn -0.9511 -0.0000 -0.3090
vn -0.9511 -0.0000 0.3090
vn -0.0000 -0.0000 -1.0000
vn -0.5878 -0.0000 -0.8090
vn 0.9511 -0.0000 -0.3090
vn 0.5878 -0.0000 -0.8090
vn 0.5878 -0.0000 0.8090
vn 0.9511 -0.0000 0.3090
vn -0.5878 -0.0000 0.8090
vn -0.0000 -0.0000 1.0000
vn -0.6882 -0.5257 -0.5000
vn 0.2629 -0.5257 -0.8090
vn 0.8506 -0.5257 -0.0000
vn 0.2629 -0.5257 0.8090
vn -0.6882 -0.5257 0.5000
vn -0.1625 -0.8507 -0.5000
vn -0.5257 -0.8507 -0.0000
vn 0.4253 -0.8507 -0.3090
vn 0.4253 -0.8507 0.3090
vn -0.1625 -0.8507 0.5000
vn 0.0868 0.9598 -0.2670
vn -0.5929 0.6803 -0.4308
vn -0.0007 0.5068 -0.8620
vn -0.8201 0.5068 -0.2658
vn -0.5929 0.6803 0.4308
vn 0.2808 0.9598 -0.0000
vn 0.8197 0.5068 -0.2670
vn 0.0868 0.9598 0.2670
vn 0.5072 0.5068 0.6970
vn -0.5062 0.5068 0.6978
vn -0.8737 0.2261 -0.4308
vn -0.9600 -0.2261 0.1650
vn 0.1397 0.2261 -0.9640
vn -0.4536 -0.2261 -0.8620
vn 0.9600 0.2261 -0.1650
vn 0.6797 -0.2261 -0.6978
vn 0.4536 0.2261 0.8620
vn 0.8737 -0.2261 0.4308
vn -0.6797 0.2261 0.6978
vn -0.1397 -0.2261 0.9640
vn -0.5072 -0.5068 -0.6970
vn 0.5062 -0.5068 -0.6978
vn 0.8201 -0.5068 0.2658
vn 0.0007 -0.5068 0.8620
vn -0.8197 -0.5068 0.2670
vn -0.2265 -0.6803 -0.6970
vn -0.2808 -0.9598 -0.0000
vn 0.5929 -0.6803 -0.4308
vn 0.5929 -0.6803 0.4308
vn -0.2265 -0.6803 0.6970
vn 0.2265 0.6803 -0.6970
vn -0.2271 0.9598 -0.1650
vn -0.5062 0.5068 -0.6978
vn -0.8201 0.5068 0.2658
vn -0.2271 0.9598 0.1650
vn 0.7329 0.6803 -0.0000
vn 0.5072 0.5068 -0.6970
vn 0.2265 0.6803 0.6970
vn 0.8197 0.5068 0.2670
vn -0.0007 0.5068 0.8620
vn -0.9600 -0.2261 -0.1650
vn -0.8737 0.2261 0.4308
vn -0.1397 -0.2261 -0.9640
vn -0.6797 0.2261 -0.6978
vn 0.8737 -0.2261 -0.4308
vn 0.4536 0.2261 -0.8620
vn 0.6797 -0.2261 0.6978
vn 0.9600 0.2261 0.1650
vn -0.4536 -0.2261 0.8620
vn 0.1397 0.2261 0.9640
vn -0.8197 -0.5068 -0.2670
vn 0.0007 -0.5068 -0.8620
vn 0.8201 -0.5068 -0.2658
vn 0.5062 -0.5068 0.6978
vn -0.5072 -0.5068 0.6970
vn -0.0868 -0.9598 -0.2670
vn -0.7329 -0.6803 -0.0000
vn 0.2271 -0.9598 -0.1650
vn 0.2271 -0.9598 0.1650
vn -0.0868 -0.9598 0.2670
vn -0.3824 -0.8812 0.2778
vn -0.6172 -0.7361 0.2778
vn -0.4549 -0.7361 0.5011
vn 0.1461 -0.8812 0.4495
vn 0.0735 -0.7361 0.6728
vn 0.3360 -0.7361 0.5875
vn 0.4727 -0.8812 -0.0000
vn 0.6626 -0.7361 0.1380
vn 0.6626 -0.7361 -0.1380
vn 0.1461 -0.8812 -0.4495
vn 0.3360 -0.7361 -0.5875
vn 0.0735 -0.7361 -0.6728
vn -0.3824 -0.8812 -0.2778
vn -0.4549 -0.7361 -0.5011
vn -0.6172 -0.7361 -0.2778
vn -0.8535 -0.2635 0.4495
vn -0.8087 -0.0287 0.5875
vn -0.6913 -0.2635 0.6728
vn 0.1638 -0.2635 0.9507
vn 0.3089 -0.0287 0.9507
vn 0.4263 -0.2635 0.8654
vn 0.9547 -0.2635 0.1380
vn 0.9996 -0.0287 -0.0000
vn 0.9547 -0.2635 -0.1380
vn 0.4263 -0.2635 -0.8654
vn 0.3089 -0.0287 -0.9507
vn 0.1638 -0.2635 -0.9507
vn -0.6913 -0.2635 -0.6728
vn -0.8087 -0.0287 -0.5875
vn -0.8535 -0.2635 -0.4495
vn -0.3089 0.0287 0.9507
vn -0.4263 0.2635 0.8654
vn -0.1638 0.2635 0.9507
vn 0.8087 0.0287 0.5875
vn 0.6913 0.2635 0.6728
vn 0.8535 0.2635 0.4495
vn 0.8087 0.0287 -0.5875
vn 0.8535 0.2635 -0.4495
vn 0.6913 0.2635 -0.6728
vn -0.3089 0.0287 -0.9507
vn -0.1638 0.2635 -0.9507
vn -0.4263 0.2635 -0.8654
vn -0.9996 0.0287 -0.0000
vn -0.9547 0.2635 -0.1380
vn -0.9547 0.2635 0.1380
vn -0.3360 0.7361 0.5875
vn -0.1461 0.8812 0.4495
vn -0.0735 0.7361 0.6728
vn 0.4549 0.7361 0.5011
vn 0.3824 0.8812 0.2778
vn 0.6172 0.7361 0.2778
vn 0.6172 0.7361 -0.2778
vn 0.3824 0.8812 -0.2778
vn 0.4549 0.7361 -0.5011
vn -0.6626 0.7361 0.1380
vn -0.6626 0.7361 -0.1380
vn -0.4727 0.8812 -0.0000
vn -0.0735 0.7361 -0.6728
vn -0.1461 0.8812 -0.4495
vn -0.3360 0.7361 -0.5875
vn -0.1000 0.9462 -0.3078
vn -0.7018 0.6573 -0.2747
vn 0.2618 0.9462 -0.1902
vn 0.2618 0.9462 0.1902
vn -0.1000 0.9462 0.3078
vn -0.9018 0.3337 -0.2747
vn -0.0174 0.3337 -0.9425
vn 0.8910 0.3337 -0.3078
vn 0.5680 0.3337 0.7523
vn -0.5400 0.3337 0.7727
vn -0.8018 0.1337 -0.5825
vn 0.3062 0.1337 -0.9425
vn 0.9910 0.1337 -0.0000
vn 0.3062 0.1337 0.9425
vn -0.8018 0.1337 0.5825
vn -0.4062 -0.6573 -0.6347
vn 0.4781 -0.6573 -0.5825
vn 0.7018 -0.6573 0.2747
vn -0.0444 -0.6573 0.7523
vn -0.7292 -0.6573 0.1902
vn -0.2618 -0.9462 0.1902
vn -0.4911 -0.7947 0.3568
vn -0.4062 -0.6573 0.6347
vn 0.1000 -0.9462 0.3078
vn 0.1876 -0.7947 0.5773
vn 0.4781 -0.6573 0.5825
vn 0.3236 -0.9462 -0.0000
vn 0.6071 -0.7947 -0.0000
vn 0.7018 -0.6573 -0.2747
vn 0.1000 -0.9462 -0.3078
vn 0.1876 -0.7947 -0.5773
vn -0.0444 -0.6573 -0.7523
vn -0.2618 -0.9462 -0.1902
vn -0.4911 -0.7947 -0.3568
vn -0.7292 -0.6573 -0.1902
vn -0.8910 -0.3337 0.3078
vn -0.7947 -0.1876 0.5773
vn -0.5680 -0.3337 0.7523
vn 0.0174 -0.3337 0.9425
vn 0.3035 -0.1876 0.9342
vn 0.5400 -0.3337 0.7727
vn 0.9018 -0.3337 0.2747
vn 0.9822 -0.1876 -0.0000
vn 0.9018 -0.3337 -0.2747
vn 0.5400 -0.3337 -0.7727
vn 0.3035 -0.1876 -0.9342
vn 0.0174 -0.3337 -0.9425
vn -0.5680 -0.3337 -0.7523
vn -0.7947 -0.1876 -0.5773
vn -0.8910 -0.3337 -0.3078
vn -0.3062 -0.1337 0.9425
vn -0.3035 0.1876 0.9342
vn -0.0174 0.3337 0.9425
vn 0.8018 -0.1337 0.5825
vn 0.7947 0.1876 0.5773
vn 0.8910 0.3337 0.3078
vn 0.8018 -0.1337 -0.5825
vn 0.7947 0.1876 -0.5773
vn 0.5680 0.3337 -0.7523
vn -0.3062 -0.1337 -0.9425
vn -0.3035 0.1876 -0.9342
vn -0.5400 0.3337 -0.7727
vn -0.9910 -0.1337 -0.0000
vn -0.9822 0.1876 -0.0000
vn -0.9018 0.3337 0.2747
vn -0.4781 0.6573 0.5825
vn -0.1876 0.7947 0.5773
vn 0.0444 0.6573 0.7523
vn 0.4062 0.6573 0.6347
vn 0.4911 0.7947 0.3568
vn 0.7292 0.6573 0.1902
vn 0.7292 0.6573 -0.1902
vn 0.4911 0.7947 -0.3568
vn 0.4062 0.6573 -0.6347
vn -0.7018 0.6573 0.2747
vn -0.6071 0.7947 -0.0000
vn -0.3236 0.9462 -0.0000
vn 0.0444 0.6573 -0.7523
vn -0.1876 0.7947 -0.5773
vn -0.4781 0.6573 -0.5825
vt 0.420164 0.605019
vt 0.475744 0.611440
vt 0.471699 0.648254
vt 0.436843 0.659134
vt 0.540554 0.613707
vt 0.502170 0.668437
vt 0.475744 0.611440
vt 0.458401 0.721335
vt 0.436843 0.659134
vt 0.662293 0.608877
vt 0.603818 0.611794
vt 0.606421 0.572346
vt 0.638419 0.549939
vt 0.575980 0.553462
vt 0.614544 0.491001
vt 0.575980 0.553462
vt 0.401981 0.661197
vt 0.378198 0.629635
vt 0.394774 0.689285
vt 0.436843 0.659134
vt 0.331147 0.657234
vt 0.378198 0.629635
vt 0.394774 0.689284
vt 0.362257 0.593474
vt 0.381070 0.564052
vt 0.334224 0.586057
vt 0.378198 0.629635
vt 0.337301 0.514880
vt 0.381070 0.564052
vt 0.381070 0.564052
vt 0.407577 0.538938
vt 0.441683 0.553374
vt 0.404832 0.502493
vt 0.381070 0.564052
vt 0.471334 0.495699
vt 0.441683 0.553374
vt 0.404832 0.502493
vt 0.562548 0.319479
vt 0.513026 0.353381
vt 0.491396 0.324246
vt 0.507959 0.292460
vt 0.463505 0.387283
vt 0.454410 0.324776
vt 0.513026 0.353381
vt 0.450402 0.262049
vt 0.454410 0.324776
vt 0.749388 0.604473
vt 0.708328 0.630572
vt 0.691106 0.595003
vt 0.708856 0.564927
vt 0.662293 0.659835
vt 0.662826 0.588592
vt 0.708328 0.630572
vt 0.663358 0.517349
vt 0.991502 0.599680
vt 0.933169 0.604684
vt 0.934361 0.565167
vt 0.965538 0.541631
vt 0.870014 0.608855
vt 0.903265 0.547382
vt 0.933169 0.604684
vt 0.939574 0.483583
vt 0.903265 0.547382
vt 0.222089 0.310708
vt 0.172215 0.291643
vt 0.192665 0.259744
vt 0.230516 0.257983
vt 0.115006 0.262049
vt 0.174371 0.228057
vt 0.233491 0.193641
vt 0.230516 0.257983
vt 0.864995 0.332066
vt 0.801795 0.332066
vt 0.802163 0.297777
vt 0.835703 0.281372
vt 0.738596 0.332066
vt 0.770219 0.278100
vt 0.805119 0.225957
vt 0.835703 0.281371
vt 0.770219 0.278100
vt 0.507959 0.292460
vt 0.528211 0.260005
vt 0.566443 0.258694
vt 0.509766 0.228058
vt 0.507959 0.292460
vt 0.568886 0.193642
vt 0.509766 0.228058
vt 0.734449 0.538882
vt 0.769050 0.552090
vt 0.730404 0.502557
vt 0.708856 0.564927
vt 0.796621 0.493392
vt 0.769050 0.552090
vt 0.009199 0.193642
vt 0.004600 0.133804
vt 0.040646 0.129639
vt 0.059892 0.159876
vt -0.000000 0.073965
vt 0.058680 0.097342
vt 0.004600 0.133804
vt 0.115006 0.125234
vt 0.059891 0.159876
vt 0.058680 0.097342
vt 0.265924 0.259895
vt 0.274989 0.292098
vt 0.285680 0.228461
vt 0.230516 0.257983
vt 0.335396 0.267605
vt 0.285680 0.228461
vt 0.871989 0.265677
vt 0.906533 0.283916
vt 0.874893 0.229971
vt 0.948072 0.235767
vt 0.874893 0.229971
vt 0.557485 0.076576
vt 0.507610 0.095640
vt 0.491563 0.064019
vt 0.514919 0.040067
vt 0.450402 0.125234
vt 0.454463 0.062627
vt 0.463505 0.000000
vt 0.454463 0.062627
vt 0.203814 0.716820
vt 0.140655 0.719077
vt 0.139798 0.684797
vt 0.172647 0.667215
vt 0.077495 0.721334
vt 0.107171 0.666275
vt 0.140655 0.719077
vt 0.140187 0.612919
vt 0.331147 0.499741
vt 0.307272 0.558679
vt 0.275274 0.536272
vt 0.272672 0.496824
vt 0.283397 0.617617
vt 0.244833 0.555157
vt 0.209408 0.494911
vt 0.272672 0.496824
vt 0.244833 0.555157
vt 0.757886 0.114877
vt 0.716826 0.088777
vt 0.741722 0.058085
vt 0.776488 0.061391
vt 0.670791 0.059515
vt 0.735523 0.029757
vt 0.716826 0.088777
vt 0.800254 0.000000
vt 1.000000 0.119669
vt 0.941667 0.114665
vt 0.942284 0.077333
vt 0.973174 0.062446
vt 0.878511 0.110494
vt 0.910909 0.056761
vt 0.941667 0.114665
vt 0.946348 0.005222
vt 0.000000 0.451383
vt 0.063627 0.419333
vt 0.070835 0.447421
vt 0.047051 0.478982
vt 0.127255 0.387283
vt 0.105696 0.449484
vt 0.089017 0.503599
vt 0.047051 0.478982
vt 0.105696 0.449484
vt 0.875745 0.037370
vt 0.873301 0.002611
vt 0.842106 0.054428
vt 0.910909 0.056761
vt 0.873301 0.002611
vt 0.842106 0.054428
vt 0.813660 0.110445
vt 0.810933 0.073509
vt 0.842106 0.054428
vt 0.776488 0.061391
vt 0.776488 0.061391
vt 0.171023 0.440181
vt 0.140552 0.460364
vt 0.105696 0.449484
vt 0.144597 0.497178
vt 0.171023 0.440181
vt 0.105696 0.449484
vt 0.144597 0.497178
vt 0.200348 0.387283
vt 0.204032 0.421933
vt 0.171023 0.440181
vt 0.273442 0.387283
vt 0.239866 0.440056
vt 0.171023 0.440181
vt 0.239866 0.440056
vt 0.302294 0.443512
vt 0.271955 0.459494
vt 0.239866 0.440056
vt 0.239866 0.440056
vt 0.176198 0.554737
vt 0.143899 0.535791
vt 0.110537 0.555244
vt 0.176198 0.554737
vt 0.210684 0.574966
vt 0.176198 0.554737
vt 0.209976 0.614449
vt 0.209976 0.614449
vt 0.239977 0.667623
vt 0.207932 0.650287
vt 0.209976 0.614449
vt 0.172647 0.667215
vt 0.209976 0.614449
vt 0.073685 0.606125
vt 0.076430 0.569680
vt 0.110537 0.555244
vt 0.006154 0.593738
vt 0.049923 0.544566
vt 0.073685 0.606125
vt 0.049923 0.544566
vt 0.073866 0.643842
vt 0.073685 0.606125
vt 0.041825 0.657536
vt 0.107171 0.666275
vt 0.041825 0.657536
vt 0.601695 -0.000000
vt 0.578592 0.040016
vt 0.542333 0.024304
vt 0.532600 0.000000
vt 0.514919 0.040067
vt 0.532600 0.000000
vt 0.003077 0.522560
vt 0.031110 0.515144
vt 0.049923 0.544566
vt 0.047051 0.478982
vt 0.049923 0.544566
vt 0.047051 0.478982
vt 0.454462 0.062627
vt 0.415629 0.065005
vt 0.399450 0.036982
vt 0.394075 0.097341
vt 0.335396 0.073964
vt 0.394075 0.097341
vt 0.395287 0.159875
vt 0.376042 0.129638
vt 0.394075 0.097341
vt 0.344595 0.193641
vt 0.339995 0.133803
vt 0.395287 0.159875
vt 0.394075 0.097341
vt 0.339995 0.133803
vt 0.911762 0.171968
vt 0.942858 0.154182
vt 0.974036 0.177718
vt 0.974036 0.177718
vt 0.874893 0.229971
vt 0.876928 0.190545
vt 0.911762 0.171968
vt 0.843186 0.169097
vt 0.874893 0.229971
vt 0.843186 0.169097
vt 0.777547 0.167259
vt 0.811584 0.149009
vt 0.813660 0.110445
vt 0.671855 0.202001
vt 0.671323 0.130758
vt 0.699603 0.124347
vt 0.717354 0.154422
vt 0.717354 0.154422
vt 0.303037 0.193640
vt 0.335395 0.193640
vt 0.285810 0.158806
vt 0.285680 0.228461
vt 0.335395 0.119675
vt 0.285810 0.158806
vt 0.231048 0.128589
vt 0.266857 0.127040
vt 0.285810 0.158806
vt 0.227152 0.067804
vt 0.281273 0.093739
vt 0.231048 0.128589
vt 0.285810 0.158806
vt 0.281273 0.093739
vt 0.119014 0.062507
vt 0.156000 0.063038
vt 0.172564 0.094823
vt 0.128110 -0.000000
vt 0.177631 0.033902
vt 0.172564 0.094823
vt 0.080234 0.065006
vt 0.064055 0.036983
vt 0.058680 0.097342
vt 0.119014 0.062507
vt 0.314031 0.721335
vt 0.258923 0.719077
vt 0.266581 0.685320
vt 0.298714 0.669476
vt 0.239977 0.667623
vt 0.298714 0.669476
vt 0.761721 0.441249
vt 0.793666 0.421573
vt 0.827206 0.437978
vt 0.730098 0.387283
vt 0.793298 0.387283
vt 0.761721 0.441249
vt 0.856497 0.387283
vt 0.827206 0.437978
vt 0.793298 0.387283
vt 0.729238 0.464857
vt 0.761721 0.441249
vt 0.696728 0.452316
vt 0.730404 0.502557
vt 0.696728 0.452316
vt 0.670791 0.119678
vt 0.610385 0.095185
vt 0.610329 0.063561
vt 0.636243 0.059839
vt 0.578592 0.040016
vt 0.610385 0.095185
vt 0.578592 0.040016
vt 0.509767 0.159226
vt 0.528061 0.127539
vt 0.565911 0.129300
vt 0.507611 0.095640
vt 0.507610 0.095640
vt 0.489896 0.193642
vt 0.509767 0.159226
vt 0.450157 0.193642
vt 0.509767 0.159226
vt 0.450157 0.193641
vt 0.395287 0.227407
vt 0.413267 0.193641
vt 0.450157 0.193642
vt 0.395287 0.159875
vt 0.395287 0.227407
vt 0.395287 0.159875
vt 0.738901 0.216792
vt 0.742947 0.180467
vt 0.777547 0.167259
vt 0.717354 0.154422
vt 0.717354 0.154422
vt 0.770219 0.278100
vt 0.737735 0.254492
vt 0.738901 0.216792
vt 0.705226 0.267033
vt 0.738901 0.216792
vt 0.705226 0.267033
vt 0.266299 0.387283
vt 0.243196 0.347267
vt 0.274933 0.323722
vt 0.300847 0.327444
vt 0.300847 0.327444
vt 0.274989 0.292098
vt 0.174371 0.159225
vt 0.192815 0.127278
vt 0.231048 0.128589
vt 0.172564 0.094823
vt 0.174371 0.159225
vt 0.154501 0.193642
vt 0.174371 0.159225
vt 0.114761 0.193642
vt 0.174371 0.159226
vt 0.059892 0.227408
vt 0.077872 0.193642
vt 0.059891 0.159876
vt 0.059892 0.227408
vt 0.114761 0.193642
vt 0.059891 0.159876
vt 0.866396 0.489378
vt 0.863491 0.453672
vt 0.898036 0.435433
vt 0.827206 0.437978
vt 0.866396 0.489378
vt 0.903265 0.547382
vt 0.868431 0.528804
vt 0.866396 0.489378
vt 0.834688 0.550252
vt 0.903265 0.547382
vt 0.805163 0.608905
vt 0.803086 0.570340
vt 0.769050 0.552090
vt 0.805163 0.608905
vt 0.834688 0.550252
vt 0.769050 0.552090
vt 0.621075 0.158822
vt 0.601320 0.127388
vt 0.621075 0.158822
vt 0.670791 0.193643
vt 0.638432 0.193643
vt 0.670790 0.267609
vt 0.621205 0.228477
vt 0.670791 0.193643
vt 0.621075 0.158822
vt 0.621205 0.228477
vt 0.616669 0.293544
vt 0.602252 0.260243
vt 0.621205 0.228477
vt 0.566443 0.258694
vt 0.621205 0.228477
vt 0.566443 0.258694
vt 0.394075 0.289941
vt 0.376042 0.257644
vt 0.335396 0.313318
vt 0.339995 0.253479
vt 0.394075 0.289941
vt 0.395287 0.227407
vt 0.454410 0.324776
vt 0.415629 0.322277
vt 0.399451 0.350301
vt 0.454410 0.324776
vt 0.394075 0.289941
vt 0.399450 0.350301
vt 0.571124 0.440995
vt 0.597728 0.423298
vt 0.629862 0.439142
vt 0.534961 0.391798
vt 0.590070 0.389541
vt 0.571124 0.440995
vt 0.645179 0.387283
vt 0.590070 0.389541
vt 0.438319 0.442343
vt 0.470945 0.423821
vt 0.503794 0.441403
vt 0.408643 0.387283
vt 0.471802 0.389541
vt 0.438319 0.442343
vt 0.405013 0.464776
vt 0.372972 0.451082
vt 0.438319 0.442343
vt 0.128109 0.387283
vt 0.179523 0.347216
vt 0.206937 0.362980
vt 0.197204 0.387283
vt 0.243196 0.347267
vt 0.179523 0.347216
vt 0.243196 0.347267
vt 0.119067 0.324656
vt 0.156167 0.323264
vt 0.179523 0.347216
vt 0.172215 0.291643
vt 0.064055 0.350301
vt 0.080234 0.322278
vt 0.119067 0.324656
vt -0.000000 0.313319
vt 0.058680 0.289942
vt 0.064055 0.350301
vt 0.119067 0.324656
vt 0.058680 0.289942
vt 0.004600 0.253481
vt 0.040646 0.257645
vt 0.059892 0.227408
vt 0.004600 0.253481
vt 0.059892 0.227408
vt 0.937850 0.714127
vt 0.902412 0.662588
vt 0.933786 0.642016
vt 0.964676 0.656903
vt 0.933169 0.604684
vt 0.964676 0.656903
vt 0.933169 0.604684
vt 0.864803 0.716738
vt 0.867248 0.681979
vt 0.902412 0.662588
vt 0.791757 0.719349
vt 0.833608 0.664921
vt 0.864803 0.716738
vt 0.902412 0.662588
vt 0.833608 0.664921
vt 0.767990 0.657958
vt 0.802436 0.645840
vt 0.833608 0.664921
vt 0.767990 0.657958
vt 0.805163 0.608905
vt 0.541123 0.494169
vt 0.539079 0.458331
vt 0.503794 0.441403
vt 0.541123 0.494169
vt 0.503794 0.441403
vt 0.541831 0.533652
vt 0.507345 0.553881
vt 0.507345 0.553881
vt 0.475046 0.572827
vt 0.507345 0.553881
vt 0.727025 0.689592
vt 0.733224 0.661264
vt 0.767990 0.657958
vt 0.708328 0.630572
vt 0.727025 0.689592
vt 0.767990 0.657958
vt 0.708328 0.630572
vt 0.502170 0.668437
vt 0.535179 0.686685
vt 0.531495 0.721335
vt 0.571013 0.668563
vt 0.604588 0.721335
vt 0.603818 0.611795
vt 0.603102 0.649124
vt 0.571013 0.668563
vt 0.633441 0.665106
vt 0.633441 0.665106
s 1
f 643/965/643 685/968/685 805/967/805 716/966/716
f 656/969/656 716/971/716 805/967/805 803/970/803
f 655/972/655 803/970/803 805/967/805 685/973/685
f 644/974/644 688/977/688 806/976/806 686/975/686
f 656/969/656 686/975/686 806/976/806 800/978/800
f 658/979/658 800/980/800 806/976/806 688/977/688
f 643/965/643 690/982/690 807/981/807 685/973/685
f 655/972/655 685/984/685 807/981/807 797/983/797
f 660/985/660 797/987/797 807/981/807 690/986/690
f 643/965/643 692/989/692 808/988/808 690/982/690
f 660/985/660 690/991/690 808/988/808 794/990/794
f 662/992/662 794/990/794 808/988/808 692/993/692
f 643/965/643 719/996/719 809/995/809 692/994/692
f 662/992/662 692/998/692 809/995/809 791/997/791
f 659/999/659 791/1001/791 809/995/809 719/1000/719
f 644/1002/644 695/1005/695 810/1004/810 688/1003/688
f 658/1006/658 688/1008/688 810/1004/810 788/1007/788
f 665/1009/665 788/1010/788 810/1004/810 695/1005/695
f 645/1011/645 697/1014/697 811/1013/811 687/1012/687
f 657/1015/657 687/1017/687 811/1013/811 785/1016/785
f 667/1018/667 785/1016/785 811/1013/811 697/1014/697
f 646/1019/646 699/1022/699 812/1021/812 691/1020/691
f 661/1023/661 691/1025/691 812/1021/812 782/1024/782
f 669/1026/669 782/1027/782 812/1021/812 699/1022/699
f 647/1028/647 701/1031/701 813/1030/813 693/1029/693
f 663/1032/663 693/1029/693 813/1030/813 779/1033/779
f 671/1034/671 779/1033/779 813/1030/813 701/1035/701
f 648/1036/648 703/1039/703 814/1038/814 694/1037/694
f 664/1040/664 694/1037/694 814/1038/814 776/1041/776
f 673/1042/673 776/1044/776 814/1038/814 703/1043/703
f 644/1002/644 728/1047/728 815/1046/815 695/1045/695
f 665/1009/665 695/1049/695 815/1046/815 773/1048/773
f 668/1050/668 773/1051/773 815/1046/815 728/1047/728
f 645/1011/645 730/1053/730 816/1052/816 697/1014/697
f 667/1018/667 697/1055/697 816/1052/816 770/1054/770
f 670/1056/670 770/1054/770 816/1052/816 730/1057/730
f 646/1058/646 732/1061/732 817/1060/817 699/1059/699
f 669/1062/669 699/1064/699 817/1060/817 767/1063/767
f 672/1065/672 767/1067/767 817/1060/817 732/1066/732
f 647/1028/647 734/1069/734 818/1068/818 701/1035/701
f 671/1034/671 701/1071/701 818/1068/818 764/1070/764
f 674/1072/674 764/1073/764 818/1068/818 734/1069/734
f 648/1036/648 726/1075/726 819/1074/819 703/1043/703
f 673/1042/673 703/1043/703 819/1074/819 761/1076/761
f 666/1077/666 761/1078/761 819/1074/819 726/1075/726
f 649/1079/649 710/1082/710 820/1081/820 705/1080/705
f 675/1083/675 705/1080/705 820/1081/820 758/1084/758
f 680/1085/680 758/1086/758 820/1081/820 710/1082/710
f 650/1087/650 712/1090/712 821/1089/821 706/1088/706
f 676/1091/676 706/1093/706 821/1089/821 755/1092/755
f 682/1094/682 755/1092/755 821/1089/821 712/1090/712
f 651/1095/651 713/1098/713 822/1097/822 707/1096/707
f 677/1099/677 707/1096/707 822/1097/822 752/1100/752
f 683/1101/683 752/1103/752 822/1097/822 713/1102/713
f 652/1104/652 714/1107/714 823/1106/823 708/1105/708
f 678/1108/678 708/1110/708 823/1106/823 749/1109/749
f 684/1111/684 749/1109/749 823/1106/823 714/1107/714
f 653/1112/653 741/1115/741 824/1114/824 709/1113/709
f 679/1116/679 709/1118/709 824/1114/824 746/1117/746
f 681/1119/681 746/1117/746 824/1114/824 741/1115/741
f 681/1120/681 711/1123/711 825/1122/825 745/1121/745
f 684/1124/684 745/1121/745 825/1122/825 744/1125/744
f 654/1126/654 744/1128/744 825/1122/825 711/1127/711
f 681/1119/681 745/1130/745 826/1129/826 746/1117/746
f 679/1116/679 746/1132/746 826/1129/826 747/1131/747
f 684/1111/684 747/1134/747 826/1129/826 745/1133/745
f 679/1116/679 747/1137/747 827/1136/827 739/1135/739
f 652/1104/652 739/1135/739 827/1136/827 714/1138/714
f 684/1111/684 714/1139/714 827/1136/827 747/1134/747
f 684/1124/684 744/1142/744 828/1141/828 748/1140/748
f 683/1101/683 748/1144/748 828/1141/828 743/1143/743
f 654/1126/654 743/1146/743 828/1141/828 744/1145/744
f 684/1124/684 748/1149/748 829/1148/829 749/1147/749
f 678/1150/678 749/1147/749 829/1148/829 750/1151/750
f 683/1101/683 750/1153/750 829/1148/829 748/1152/748
f 678/1150/678 750/1156/750 830/1155/830 738/1154/738
f 651/1095/651 738/1154/738 830/1155/830 713/1098/713
f 683/1101/683 713/1102/713 830/1155/830 750/1157/750
f 683/1101/683 743/1143/743 831/1159/831 751/1158/751
f 682/1094/682 751/1161/751 831/1159/831 742/1160/742
f 654/1126/654 742/1160/742 831/1159/831 743/1146/743
f 683/1101/683 751/1163/751 832/1162/832 752/1103/752
f 677/1099/677 752/1100/752 832/1162/832 753/1164/753
f 682/1094/682 753/1165/753 832/1162/832 751/1163/751
f 677/1099/677 753/1168/753 833/1167/833 737/1166/737
f 650/1087/650 737/1166/737 833/1167/833 712/1169/712
f 682/1094/682 712/1090/712 833/1167/833 753/1170/753
f 682/1094/682 742/1173/742 834/1172/834 754/1171/754
f 680/1174/680 754/1176/754 834/1172/834 740/1175/740
f 654/1126/654 740/1177/740 834/1172/834 742/1160/742
f 682/1094/682 754/1179/754 835/1178/835 755/1092/755
f 676/1091/676 755/1181/755 835/1178/835 756/1180/756
f 680/1174/680 756/1182/756 835/1178/835 754/1179/754
f 676/1183/676 756/1186/756 836/1185/836 736/1184/736
f 649/1079/649 736/1184/736 836/1185/836 710/1187/710
f 680/1085/680 710/1187/710 836/1185/836 756/1188/756
f 680/1174/680 740/1191/740 837/1190/837 757/1189/757
f 681/1120/681 757/1189/757 837/1190/837 711/1192/711
f 654/1126/654 711/1194/711 837/1190/837 740/1193/740
f 680/1085/680 757/1197/757 838/1196/838 758/1195/758
f 675/1083/675 758/1195/758 838/1196/838 759/1198/759
f 681/1199/681 759/1200/759 838/1196/838 757/1197/757
f 675/1083/675 759/1203/759 839/1202/839 735/1201/735
f 653/1204/653 735/1206/735 839/1202/839 741/1205/741
f 681/1199/681 741/1208/741 839/1202/839 759/1207/759
f 666/1077/666 696/1211/696 840/1210/840 760/1209/760
f 679/1116/679 760/1209/760 840/1210/840 709/1118/709
f 653/1112/653 709/1113/709 840/1210/840 696/1212/696
f 666/1077/666 760/1215/760 841/1214/841 761/1213/761
f 673/1042/673 761/1217/761 841/1214/841 762/1216/762
f 679/1116/679 762/1218/762 841/1214/841 760/1215/760
f 673/1042/673 762/1218/762 842/1220/842 733/1219/733
f 652/1104/652 733/1219/733 842/1220/842 739/1221/739
f 679/1116/679 739/1135/739 842/1220/842 762/1218/762
f 674/1222/674 704/1225/704 843/1224/843 763/1223/763
f 678/1108/678 763/1223/763 843/1224/843 708/1110/708
f 652/1104/652 708/1105/708 843/1224/843 704/1226/704
f 674/1072/674 763/1228/763 844/1227/844 764/1070/764
f 671/1034/671 764/1230/764 844/1227/844 765/1229/765
f 678/1231/678 765/1232/765 844/1227/844 763/1228/763
f 671/1034/671 765/1235/765 845/1234/845 731/1233/731
f 651/1236/651 731/1238/731 845/1234/845 738/1237/738
f 678/1231/678 738/1240/738 845/1234/845 765/1239/765
f 672/1065/672 702/1243/702 846/1242/846 766/1241/766
f 677/1244/677 766/1241/766 846/1242/846 707/1245/707
f 651/1236/651 707/1245/707 846/1242/846 702/1246/702
f 672/1065/672 766/1241/766 847/1247/847 767/1063/767
f 669/1062/669 767/1249/767 847/1247/847 768/1248/768
f 677/1244/677 768/1248/768 847/1247/847 766/1250/766
f 669/1251/669 768/1254/768 848/1253/848 729/1252/729
f 650/1087/650 729/1252/729 848/1253/848 737/1255/737
f 677/1099/677 737/1255/737 848/1253/848 768/1256/768
f 670/1056/670 700/1259/700 849/1258/849 769/1257/769
f 676/1260/676 769/1262/769 849/1258/849 706/1261/706
f 650/1263/650 706/1265/706 849/1258/849 700/1264/700
f 670/1056/670 769/1267/769 850/1266/850 770/1054/770
f 667/1018/667 770/1269/770 850/1266/850 771/1268/771
f 676/1260/676 771/1270/771 850/1266/850 769/1257/769
f 667/1271/667 771/1274/771 851/1273/851 727/1272/727
f 649/1079/649 727/1276/727 851/1273/851 736/1275/736
f 676/1183/676 736/1277/736 851/1273/851 771/1274/771
f 668/1050/668 698/1280/698 852/1279/852 772/1278/772
f 675/1083/675 772/1278/772 852/1279/852 705/1281/705
f 649/1079/649 705/1282/705 852/1279/852 698/1280/698
f 668/1050/668 772/1284/772 853/1283/853 773/1051/773
f 665/1009/665 773/1048/773 853/1283/853 774/1285/774
f 675/1083/675 774/1287/774 853/1283/853 772/1286/772
f 665/1009/665 774/1290/774 854/1289/854 725/1288/725
f 653/1204/653 725/1292/725 854/1289/854 735/1291/735
f 675/1083/675 735/1293/735 854/1289/854 774/1290/774
f 673/1042/673 733/1296/733 855/1295/855 775/1294/775
f 674/1222/674 775/1294/775 855/1295/855 704/1297/704
f 652/1104/652 704/1298/704 855/1295/855 733/1219/733
f 673/1042/673 775/1301/775 856/1300/856 776/1299/776
f 664/1040/664 776/1299/776 856/1300/856 777/1302/777
f 674/1222/674 777/1304/777 856/1300/856 775/1303/775
f 664/1305/664 777/1308/777 857/1307/857 724/1306/724
f 647/1028/647 724/1306/724 857/1307/857 734/1069/734
f 674/1072/674 734/1310/734 857/1307/857 777/1309/777
f 671/1034/671 731/1313/731 858/1312/858 778/1311/778
f 672/1065/672 778/1315/778 858/1312/858 702/1314/702
f 651/1236/651 702/1243/702 858/1312/858 731/1238/731
f 671/1034/671 778/1317/778 859/1316/859 779/1033/779
f 663/1032/663 779/1033/779 859/1316/859 780/1318/780
f 672/1065/672 780/1318/780 859/1316/859 778/1319/778
f 663/1032/663 780/1318/780 860/1321/860 723/1320/723
f 646/1058/646 723/1323/723 860/1321/860 732/1322/732
f 672/1065/672 732/1325/732 860/1321/860 780/1324/780
f 669/1026/669 729/1328/729 861/1327/861 781/1326/781
f 670/1056/670 781/1330/781 861/1327/861 700/1329/700
f 650/1263/650 700/1264/700 861/1327/861 729/1328/729
f 669/1026/669 781/1333/781 862/1332/862 782/1331/782
f 661/1023/661 782/1335/782 862/1332/862 783/1334/783
f 670/1056/670 783/1334/783 862/1332/862 781/1326/781
f 661/1023/661 783/1334/783 863/1337/863 721/1336/721
f 645/1011/645 721/1339/721 863/1337/863 730/1338/730
f 670/1056/670 730/1341/730 863/1337/863 783/1340/783
f 667/1271/667 727/1272/727 864/1343/864 784/1342/784
f 668/1050/668 784/1344/784 864/1343/864 698/1280/698
f 649/1079/649 698/1280/698 864/1343/864 727/1272/727
f 667/1271/667 784/1342/784 865/1346/865 785/1345/785
f 657/1347/657 785/1349/785 865/1346/865 786/1348/786
f 668/1050/668 786/1351/786 865/1346/865 784/1350/784
f 657/1347/657 786/1354/786 866/1353/866 717/1352/717
f 644/1002/644 717/1352/717 866/1353/866 728/1355/728
f 668/1050/668 728/1357/728 866/1353/866 786/1356/786
f 665/1009/665 725/1288/725 867/1359/867 787/1358/787
f 666/1360/666 787/1362/787 867/1359/867 696/1361/696
f 653/1204/653 696/1361/696 867/1359/867 725/1363/725
f 665/1009/665 787/1358/787 868/1365/868 788/1364/788
f 658/1006/658 788/1367/788 868/1365/868 789/1366/789
f 666/1360/666 789/1369/789 868/1365/868 787/1368/787
f 658/979/658 789/1372/789 869/1371/869 718/1370/718
f 648/1373/648 718/1375/718 869/1371/869 726/1374/726
f 666/1376/666 726/1377/726 869/1371/869 789/1372/789
f 659/999/659 689/1380/689 870/1379/870 790/1378/790
f 664/1381/664 790/1383/790 870/1379/870 694/1382/694
f 648/1373/648 694/1382/694 870/1379/870 689/1380/689
f 659/999/659 790/1383/790 871/1384/871 791/1001/791
f 662/992/662 791/997/791 871/1384/871 792/1385/792
f 664/1381/664 792/1385/792 871/1384/871 790/1386/790
f 662/1387/662 792/1390/792 872/1389/872 722/1388/722
f 647/1028/647 722/1392/722 872/1389/872 724/1391/724
f 664/1305/664 724/1393/724 872/1389/872 792/1390/792
f 662/1387/662 722/1396/722 873/1395/873 793/1394/793
f 663/1032/663 793/1394/793 873/1395/873 693/1397/693
f 647/1028/647 693/1397/693 873/1395/873 722/1396/722
f 662/1387/662 793/1400/793 874/1399/874 794/1398/794
f 660/1401/660 794/1403/794 874/1399/874 795/1402/795
f 663/1032/663 795/1405/795 874/1399/874 793/1404/793
f 660/1401/660 795/1402/795 875/1407/875 720/1406/720
f 646/1058/646 720/1409/720 875/1407/875 723/1408/723
f 663/1032/663 723/1410/723 875/1407/875 795/1405/795
f 660/1411/660 720/1414/720 876/1413/876 796/1412/796
f 661/1023/661 796/1412/796 876/1413/876 691/1415/691
f 646/1019/646 691/1417/691 876/1413/876 720/1416/720
f 660/1411/660 796/1420/796 877/1419/877 797/1418/797
f 655/1421/655 797/1423/797 877/1419/877 798/1422/798
f 661/1023/661 798/1425/798 877/1419/877 796/1424/796
f 655/1421/655 798/1428/798 878/1427/878 715/1426/715
f 645/1011/645 715/1429/715 878/1427/878 721/1339/721
f 661/1023/661 721/1430/721 878/1427/878 798/1422/798
f 658/979/658 718/1375/718 879/1432/879 799/1431/799
f 659/999/659 799/1434/799 879/1432/879 689/1433/689
f 648/1373/648 689/1435/689 879/1432/879 718/1375/718
f 658/979/658 799/1434/799 880/1436/880 800/978/800
f 656/969/656 800/980/800 880/1436/880 801/1437/801
f 659/999/659 801/1438/801 880/1436/880 799/1431/799
f 656/969/656 801/1440/801 881/1439/881 716/971/716
f 643/965/643 716/966/716 881/1439/881 719/1000/719
f 659/999/659 719/996/719 881/1439/881 801/1438/801
f 655/1421/655 715/1443/715 882/1442/882 802/1441/802
f 657/1015/657 802/1445/802 882/1442/882 687/1444/687
f 645/1011/645 687/1447/687 882/1442/882 715/1446/715
f 655/972/655 802/1450/802 883/1449/883 803/1448/803
f 656/969/656 803/1448/803 883/1449/883 804/1451/804
f 657/1452/657 804/1451/804 883/1449/883 802/1450/802
f 656/969/656 804/1455/804 884/1454/884 686/1453/686
f 644/974/644 686/1453/686 884/1454/884 717/1456/717
f 657/1452/657 717/1457/717 884/1454/884 804/1455/804
o WallBarrier_Ball04
v -0.000000 1.518377 -1.180542
v -0.193074 1.370882 -1.320817
v 0.073747 1.370882 -1.407513
v 0.238652 1.370881 -1.180542
v 0.073747 1.370882 -0.953570
v -0.193074 1.370882 -1.040266
v -0.073747 1.132227 -1.407513
v 0.193074 1.132227 -1.320817
v 0.193074 1.132227 -1.040266
v -0.073747 1.132227 -0.953570
v -0.238652 1.132228 -1.180542
v 0.000000 0.984733 -1.180542
v 0.043093 1.477201 -1.313171
v -0.112822 1.477201 -1.262511
v -0.069729 1.391012 -1.395141
v -0.225644 1.391012 -1.180542
v -0.112822 1.477201 -1.098572
v 0.139456 1.477200 -1.180542
v 0.182550 1.391012 -1.313172
v 0.043093 1.477201 -1.047912
v 0.182550 1.391012 -1.047911
v -0.069729 1.391012 -0.965942
v -0.252279 1.251555 -1.262511
v -0.252279 1.251555 -1.098572
v -0.000000 1.251555 -1.445803
v -0.155917 1.251555 -1.395142
v 0.252279 1.251554 -1.262511
v 0.155917 1.251555 -1.395142
v 0.155917 1.251555 -0.965941
v 0.252279 1.251554 -1.098572
v -0.155917 1.251555 -0.965941
v 0.000000 1.251555 -0.915280
v -0.182550 1.112097 -1.313172
v 0.069729 1.112097 -1.395141
v 0.225644 1.112097 -1.180542
v 0.069729 1.112097 -0.965942
v -0.182550 1.112097 -1.047911
v -0.043093 1.025909 -1.313171
v -0.139456 1.025909 -1.180542
v 0.112822 1.025909 -1.262511
v 0.112822 1.025909 -1.098572
v -0.043093 1.025909 -1.047912
v 0.021204 1.509235 -1.245802
v -0.161631 1.428169 -1.297972
v 0.006222 1.385760 -1.410884
v -0.217146 1.385760 -1.257639
v -0.161631 1.428169 -1.063111
v 0.068620 1.509234 -1.180542
v 0.220992 1.385759 -1.245803
v 0.021204 1.509235 -1.115281
v 0.130357 1.385760 -0.990533
v -0.140427 1.385760 -0.997849
v -0.230252 1.317139 -1.297973
v -0.255302 1.185970 -1.140208
v 0.040532 1.317139 -1.435812
v -0.117252 1.185970 -1.410884
v 0.255302 1.317139 -1.220875
v 0.182837 1.185970 -1.363234
v 0.117252 1.317139 -0.950199
v 0.230252 1.185970 -1.063110
v -0.182837 1.317139 -0.997849
v -0.040532 1.185970 -0.925271
v -0.130357 1.117350 -1.370550
v 0.140427 1.117349 -1.363234
v 0.217146 1.117350 -1.103444
v -0.006222 1.117349 -0.950199
v -0.220992 1.117350 -1.115281
v -0.061737 1.074940 -1.370550
v -0.068620 0.993875 -1.180542
v 0.161631 1.074940 -1.297972
v 0.161631 1.074940 -1.063111
v -0.061737 1.074940 -0.990533
v 0.061737 1.428169 -1.370550
v -0.055515 1.509235 -1.220875
v -0.140427 1.385760 -1.363234
v -0.217146 1.385760 -1.103444
v -0.055515 1.509235 -1.140208
v 0.199787 1.428169 -1.180542
v 0.130357 1.385760 -1.370550
v 0.061737 1.428169 -0.990533
v 0.220992 1.385759 -1.115281
v 0.006222 1.385760 -0.950199
v -0.255302 1.185970 -1.220875
v -0.230252 1.317139 -1.063110
v -0.040532 1.185970 -1.435812
v -0.182837 1.317139 -1.363234
v 0.230252 1.185970 -1.297973
v 0.117252 1.317139 -1.410884
v 0.182837 1.185970 -0.997849
v 0.255302 1.317139 -1.140208
v -0.117252 1.185970 -0.950199
v 0.040532 1.317139 -0.925271
v -0.220992 1.117350 -1.245803
v -0.006222 1.117349 -1.410884
v 0.217146 1.117350 -1.257639
v 0.140427 1.117349 -0.997849
v -0.130357 1.117349 -0.990533
v -0.021204 0.993875 -1.245802
v -0.199787 1.074941 -1.180542
v 0.055515 0.993875 -1.220875
v 0.055515 0.993875 -1.140208
v -0.021204 0.993875 -1.115281
v -0.097300 1.015676 -1.109849
v -0.167461 1.059038 -1.109849
v -0.118981 1.059038 -1.043123
v 0.037166 1.015676 -1.066159
v 0.015486 1.059037 -0.999432
v 0.093927 1.059037 -1.024920
v 0.120269 1.015676 -1.180542
v 0.177031 1.059038 -1.139303
v 0.177031 1.059037 -1.221780
v 0.037166 1.015676 -1.294924
v 0.093927 1.059037 -1.336163
v 0.015486 1.059037 -1.361651
v -0.097300 1.015676 -1.251234
v -0.118981 1.059038 -1.317960
v -0.167461 1.059038 -1.251234
v -0.227596 1.179308 -1.066159
v -0.214197 1.249470 -1.024919
v -0.179116 1.179308 -0.999432
v 0.038455 1.179308 -0.928739
v 0.081816 1.249469 -0.928738
v 0.116897 1.179308 -0.954226
v 0.251362 1.179308 -1.139303
v 0.264762 1.249469 -1.180542
v 0.251362 1.179308 -1.221780
v 0.116897 1.179308 -1.406857
v 0.081816 1.249469 -1.432345
v 0.038455 1.179308 -1.432344
v -0.179116 1.179308 -1.361651
v -0.214197 1.249470 -1.336164
v -0.227596 1.179308 -1.294924
v -0.081816 1.253640 -0.928738
v -0.116897 1.323801 -0.954226
v -0.038455 1.323801 -0.928739
v 0.214197 1.253640 -1.024919
v 0.179116 1.323801 -0.999432
v 0.227596 1.323801 -1.066159
v 0.214197 1.253640 -1.336164
v 0.227596 1.323801 -1.294924
v 0.179116 1.323801 -1.361651
v -0.081816 1.253640 -1.432345
v -0.038455 1.323801 -1.432344
v -0.116897 1.323801 -1.406857
v -0.264762 1.253640 -1.180542
v -0.251362 1.323801 -1.221780
v -0.251362 1.323801 -1.139303
v -0.093927 1.444072 -1.024920
v -0.037166 1.487433 -1.066159
v -0.015486 1.444072 -0.999432
v 0.118981 1.444072 -1.043123
v 0.097300 1.487433 -1.109849
v 0.167461 1.444071 -1.109849
v 0.167461 1.444071 -1.251234
v 0.097300 1.487433 -1.251234
v 0.118981 1.444072 -1.317960
v -0.177031 1.444072 -1.139303
v -0.177031 1.444072 -1.221780
v -0.120269 1.487433 -1.180542
v -0.015486 1.444072 -1.361651
v -0.037166 1.487433 -1.294924
v -0.093927 1.444072 -1.336163
v -0.024577 1.506325 -1.256179
v -0.188551 1.423042 -1.259749
v 0.064341 1.506325 -1.227288
v 0.064341 1.506325 -1.133795
v -0.024577 1.506325 -1.104904
v -0.237704 1.343510 -1.259749
v 0.001876 1.343511 -1.431088
v 0.238864 1.343510 -1.256179
v 0.145749 1.343511 -0.976742
v -0.148786 1.343511 -0.978949
v -0.213128 1.294357 -1.335387
v 0.081407 1.294357 -1.431088
v 0.263441 1.294357 -1.180542
v 0.081407 1.294357 -0.929995
v -0.213128 1.294357 -1.025696
v -0.105983 1.080067 -1.355449
v 0.133597 1.080067 -1.335387
v 0.188551 1.080067 -1.101334
v -0.017065 1.080067 -0.976743
v -0.199098 1.080068 -1.133795
v -0.064341 0.996784 -1.133795
v -0.129959 1.041275 -1.086121
v -0.105983 1.080067 -1.005634
v 0.024577 0.996784 -1.104904
v 0.049640 1.041275 -1.027767
v 0.133597 1.080067 -1.025697
v 0.079531 0.996784 -1.180542
v 0.160638 1.041275 -1.180542
v 0.188551 1.080067 -1.259749
v 0.024577 0.996784 -1.256179
v 0.049640 1.041275 -1.333316
v -0.017065 1.080067 -1.384340
v -0.064341 0.996784 -1.227288
v -0.129959 1.041275 -1.274962
v -0.199098 1.080068 -1.227288
v -0.238864 1.159599 -1.104904
v -0.210278 1.201914 -1.027766
v -0.145749 1.159599 -0.976742
v -0.001876 1.159599 -0.929995
v 0.080320 1.201914 -0.933345
v 0.148786 1.159599 -0.978949
v 0.237704 1.159599 -1.101334
v 0.259918 1.201914 -1.180542
v 0.237704 1.159599 -1.259749
v 0.148786 1.159599 -1.382134
v 0.080320 1.201914 -1.427738
v -0.001876 1.159599 -1.431088
v -0.145749 1.159599 -1.384341
v -0.210278 1.201914 -1.333317
v -0.238864 1.159599 -1.256179
v -0.081407 1.208752 -0.929995
v -0.080320 1.301195 -0.933345
v 0.001876 1.343511 -0.929995
v 0.213128 1.208752 -1.025696
v 0.210278 1.301195 -1.027766
v 0.238864 1.343510 -1.104904
v 0.213128 1.208752 -1.335387
v 0.210278 1.301195 -1.333317
v 0.145749 1.343511 -1.384341
v -0.081407 1.208752 -1.431088
v -0.080320 1.301195 -1.427738
v -0.148786 1.343511 -1.382134
v -0.263441 1.208752 -1.180542
v -0.259918 1.301195 -1.180542
v -0.237704 1.343510 -1.101334
v -0.133597 1.423042 -1.025697
v -0.049640 1.461834 -1.027767
v 0.017065 1.423042 -0.976743
v 0.105983 1.423042 -1.005634
v 0.129959 1.461834 -1.086121
v 0.199098 1.423041 -1.133795
v 0.199098 1.423041 -1.227288
v 0.129959 1.461834 -1.274962
v 0.105983 1.423042 -1.355449
v -0.188551 1.423042 -1.101334
v -0.160638 1.461834 -1.180542
v -0.079531 1.506325 -1.180542
v 0.017065 1.423042 -1.384340
v -0.049640 1.461834 -1.333316
v -0.133597 1.423042 -1.335387
vn -0.0000 1.0000 -0.0000
vn -0.7236 0.4472 -0.5257
vn 0.2764 0.4472 -0.8506
vn 0.8944 0.4472 -0.0000
vn 0.2764 0.4472 0.8506
vn -0.7236 0.4472 0.5257
vn -0.2764 -0.4472 -0.8506
vn 0.7236 -0.4472 -0.5257
vn 0.7236 -0.4472 0.5257
vn -0.2764 -0.4472 0.8506
vn -0.8944 -0.4472 -0.0000
vn -0.0000 -1.0000 -0.0000
vn 0.1625 0.8507 -0.5000
vn -0.4253 0.8507 -0.3090
vn -0.2629 0.5257 -0.8090
vn -0.8506 0.5257 -0.0000
vn -0.4253 0.8507 0.3090
vn 0.5257 0.8507 -0.0000
vn 0.6882 0.5257 -0.5000
vn 0.1625 0.8507 0.5000
vn 0.6882 0.5257 0.5000
vn -0.2629 0.5257 0.8090
vn -0.9511 -0.0000 -0.3090
vn -0.9511 -0.0000 0.3090
vn -0.0000 -0.0000 -1.0000
vn -0.5878 -0.0000 -0.8090
vn 0.9511 -0.0000 -0.3090
vn 0.5878 -0.0000 -0.8090
vn 0.5878 -0.0000 0.8090
vn 0.9511 -0.0000 0.3090
vn -0.5878 -0.0000 0.8090
vn -0.0000 -0.0000 1.0000
vn -0.6882 -0.5257 -0.5000
vn 0.2629 -0.5257 -0.8090
vn 0.8506 -0.5257 -0.0000
vn 0.2629 -0.5257 0.8090
vn -0.6882 -0.5257 0.5000
vn -0.1625 -0.8507 -0.5000
vn -0.5257 -0.8507 -0.0000
vn 0.4253 -0.8507 -0.3090
vn 0.4253 -0.8507 0.3090
vn -0.1625 -0.8507 0.5000
vn 0.0868 0.9598 -0.2670
vn -0.5929 0.6803 -0.4308
vn -0.0007 0.5068 -0.8620
vn -0.8201 0.5068 -0.2658
vn -0.5929 0.6803 0.4308
vn 0.2808 0.9598 -0.0000
vn 0.8197 0.5068 -0.2670
vn 0.0868 0.9598 0.2670
vn 0.5072 0.5068 0.6970
vn -0.5062 0.5068 0.6978
vn -0.8737 0.2261 -0.4308
vn -0.9600 -0.2261 0.1650
vn 0.1397 0.2261 -0.9640
vn -0.4536 -0.2261 -0.8620
vn 0.9600 0.2261 -0.1650
vn 0.6797 -0.2261 -0.6978
vn 0.4536 0.2261 0.8620
vn 0.8737 -0.2261 0.4308
vn -0.6797 0.2261 0.6978
vn -0.1397 -0.2261 0.9640
vn -0.5072 -0.5068 -0.6970
vn 0.5062 -0.5068 -0.6978
vn 0.8201 -0.5068 0.2658
vn 0.0007 -0.5068 0.8620
vn -0.8197 -0.5068 0.2670
vn -0.2265 -0.6803 -0.6970
vn -0.2808 -0.9598 -0.0000
vn 0.5929 -0.6803 -0.4308
vn 0.5929 -0.6803 0.4308
vn -0.2265 -0.6803 0.6970
vn 0.2265 0.6803 -0.6970
vn -0.2271 0.9598 -0.1650
vn -0.5062 0.5068 -0.6978
vn -0.8201 0.5068 0.2658
vn -0.2271 0.9598 0.1650
vn 0.7329 0.6803 -0.0000
vn 0.5072 0.5068 -0.6970
vn 0.2265 0.6803 0.6970
vn 0.8197 0.5068 0.2670
vn -0.0007 0.5068 0.8620
vn -0.9600 -0.2261 -0.1650
vn -0.8737 0.2261 0.4308
vn -0.1397 -0.2261 -0.9640
vn -0.6797 0.2261 -0.6978
vn 0.8737 -0.2261 -0.4308
vn 0.4536 0.2261 -0.8620
vn 0.6797 -0.2261 0.6978
vn 0.9600 0.2261 0.1650
vn -0.4536 -0.2261 0.8620
vn 0.1397 0.2261 0.9640
vn -0.8197 -0.5068 -0.2670
vn 0.0007 -0.5068 -0.8620
vn 0.8201 -0.5068 -0.2658
vn 0.5062 -0.5068 0.6978
vn -0.5072 -0.5068 0.6970
vn -0.0868 -0.9598 -0.2670
vn -0.7329 -0.6803 -0.0000
vn 0.2271 -0.9598 -0.1650
vn 0.2271 -0.9598 0.1650
vn -0.0868 -0.9598 0.2670
vn -0.3824 -0.8812 0.2778
vn -0.6172 -0.7361 0.2778
vn -0.4549 -0.7361 0.5011
vn 0.1461 -0.8812 0.4495
vn 0.0735 -0.7361 0.6728
vn 0.3360 -0.7361 0.5875
vn 0.4727 -0.8812 -0.0000
vn 0.6626 -0.7361 0.1380
vn 0.6626 -0.7361 -0.1380
vn 0.1461 -0.8812 -0.4495
vn 0.3360 -0.7361 -0.5875
vn 0.0735 -0.7361 -0.6728
vn -0.3824 -0.8812 -0.2778
vn -0.4549 -0.7361 -0.5011
vn -0.6172 -0.7361 -0.2778
vn -0.8535 -0.2635 0.4495
vn -0.8087 -0.0287 0.5875
vn -0.6913 -0.2635 0.6728
vn 0.1638 -0.2635 0.9507
vn 0.3089 -0.0287 0.9507
vn 0.4263 -0.2635 0.8654
vn 0.9547 -0.2635 0.1380
vn 0.9996 -0.0287 -0.0000
vn 0.9547 -0.2635 -0.1380
vn 0.4263 -0.2635 -0.8654
vn 0.3089 -0.0287 -0.9507
vn 0.1638 -0.2635 -0.9507
vn -0.6913 -0.2635 -0.6728
vn -0.8087 -0.0287 -0.5875
vn -0.8535 -0.2635 -0.4495
vn -0.3089 0.0287 0.9507
vn -0.4263 0.2635 0.8654
vn -0.1638 0.2635 0.9507
vn 0.8087 0.0287 0.5875
vn 0.6913 0.2635 0.6728
vn 0.8535 0.2635 0.4495
vn 0.8087 0.0287 -0.5875
vn 0.8535 0.2635 -0.4495
vn 0.6913 0.2635 -0.6728
vn -0.3089 0.0287 -0.9507
vn -0.1638 0.2635 -0.9507
vn -0.4263 0.2635 -0.8654
vn -0.9996 0.0287 -0.0000
vn -0.9547 0.2635 -0.1380
vn -0.9547 0.2635 0.1380
vn -0.3360 0.7361 0.5875
vn -0.1461 0.8812 0.4495
vn -0.0735 0.7361 0.6728
vn 0.4549 0.7361 0.5011
vn 0.3824 0.8812 0.2778
vn 0.6172 0.7361 0.2778
vn 0.6172 0.7361 -0.2778
vn 0.3824 0.8812 -0.2778
vn 0.4549 0.7361 -0.5011
vn -0.6626 0.7361 0.1380
vn -0.6626 0.7361 -0.1380
vn -0.4727 0.8812 -0.0000
vn -0.0735 0.7361 -0.6728
vn -0.1461 0.8812 -0.4495
vn -0.3360 0.7361 -0.5875
vn -0.1000 0.9462 -0.3078
vn -0.7018 0.6573 -0.2747
vn 0.2618 0.9462 -0.1902
vn 0.2618 0.9462 0.1902
vn -0.1000 0.9462 0.3078
vn -0.9018 0.3337 -0.2747
vn -0.0174 0.3337 -0.9425
vn 0.8910 0.3337 -0.3078
vn 0.5680 0.3337 0.7523
vn -0.5400 0.3337 0.7727
vn -0.8018 0.1337 -0.5825
vn 0.3062 0.1337 -0.9425
vn 0.9910 0.1337 -0.0000
vn 0.3062 0.1337 0.9425
vn -0.8018 0.1337 0.5825
vn -0.4062 -0.6573 -0.6347
vn 0.4781 -0.6573 -0.5825
vn 0.7018 -0.6573 0.2747
vn -0.0444 -0.6573 0.7523
vn -0.7292 -0.6573 0.1902
vn -0.2618 -0.9462 0.1902
vn -0.4911 -0.7947 0.3568
vn -0.4062 -0.6573 0.6347
vn 0.1000 -0.9462 0.3078
vn 0.1876 -0.7947 0.5773
vn 0.4781 -0.6573 0.5825
vn 0.3236 -0.9462 -0.0000
vn 0.6071 -0.7947 -0.0000
vn 0.7018 -0.6573 -0.2747
vn 0.1000 -0.9462 -0.3078
vn 0.1876 -0.7947 -0.5773
vn -0.0444 -0.6573 -0.7523
vn -0.2618 -0.9462 -0.1902
vn -0.4911 -0.7947 -0.3568
vn -0.7292 -0.6573 -0.1902
vn -0.8910 -0.3337 0.3078
vn -0.7947 -0.1876 0.5773
vn -0.5680 -0.3337 0.7523
vn 0.0174 -0.3337 0.9425
vn 0.3035 -0.1876 0.9342
vn 0.5400 -0.3337 0.7727
vn 0.9018 -0.3337 0.2747
vn 0.9822 -0.1876 -0.0000
vn 0.9018 -0.3337 -0.2747
vn 0.5400 -0.3337 -0.7727
vn 0.3035 -0.1876 -0.9342
vn 0.0174 -0.3337 -0.9425
vn -0.5680 -0.3337 -0.7523
vn -0.7947 -0.1876 -0.5773
vn -0.8910 -0.3337 -0.3078
vn -0.3062 -0.1337 0.9425
vn -0.3035 0.1876 0.9342
vn -0.0174 0.3337 0.9425
vn 0.8018 -0.1337 0.5825
vn 0.7947 0.1876 0.5773
vn 0.8910 0.3337 0.3078
vn 0.8018 -0.1337 -0.5825
vn 0.7947 0.1876 -0.5773
vn 0.5680 0.3337 -0.7523
vn -0.3062 -0.1337 -0.9425
vn -0.3035 0.1876 -0.9342
vn -0.5400 0.3337 -0.7727
vn -0.9910 -0.1337 -0.0000
vn -0.9822 0.1876 -0.0000
vn -0.9018 0.3337 0.2747
vn -0.4781 0.6573 0.5825
vn -0.1876 0.7947 0.5773
vn 0.0444 0.6573 0.7523
vn 0.4062 0.6573 0.6347
vn 0.4911 0.7947 0.3568
vn 0.7292 0.6573 0.1902
vn 0.7292 0.6573 -0.1902
vn 0.4911 0.7947 -0.3568
vn 0.4062 0.6573 -0.6347
vn -0.7018 0.6573 0.2747
vn -0.6071 0.7947 -0.0000
vn -0.3236 0.9462 -0.0000
vn 0.0444 0.6573 -0.7523
vn -0.1876 0.7947 -0.5773
vn -0.4781 0.6573 -0.5825
vt 0.420164 0.605019
vt 0.475744 0.611440
vt 0.471699 0.648254
vt 0.436843 0.659134
vt 0.540554 0.613707
vt 0.502170 0.668437
vt 0.475744 0.611440
vt 0.458401 0.721335
vt 0.436843 0.659134
vt 0.662293 0.608877
vt 0.603818 0.611794
vt 0.606421 0.572346
vt 0.638419 0.549939
vt 0.575980 0.553462
vt 0.614544 0.491001
vt 0.575980 0.553462
vt 0.401981 0.661197
vt 0.378198 0.629635
vt 0.394774 0.689285
vt 0.436843 0.659134
vt 0.331147 0.657234
vt 0.378198 0.629635
vt 0.394774 0.689284
vt 0.362257 0.593474
vt 0.381070 0.564052
vt 0.334224 0.586057
vt 0.378198 0.629635
vt 0.337301 0.514880
vt 0.381070 0.564052
vt 0.381070 0.564052
vt 0.407577 0.538938
vt 0.441683 0.553374
vt 0.404832 0.502493
vt 0.381070 0.564052
vt 0.471334 0.495699
vt 0.441683 0.553374
vt 0.404832 0.502493
vt 0.562548 0.319479
vt 0.513026 0.353381
vt 0.491396 0.324246
vt 0.507959 0.292460
vt 0.463505 0.387283
vt 0.454410 0.324776
vt 0.513026 0.353381
vt 0.450402 0.262049
vt 0.454410 0.324776
vt 0.749388 0.604473
vt 0.708328 0.630572
vt 0.691106 0.595003
vt 0.708856 0.564927
vt 0.662293 0.659835
vt 0.662826 0.588592
vt 0.708328 0.630572
vt 0.663358 0.517349
vt 0.991502 0.599680
vt 0.933169 0.604684
vt 0.934361 0.565167
vt 0.965538 0.541631
vt 0.870014 0.608855
vt 0.903265 0.547382
vt 0.933169 0.604684
vt 0.939574 0.483583
vt 0.903265 0.547382
vt 0.222089 0.310708
vt 0.172215 0.291643
vt 0.192665 0.259744
vt 0.230516 0.257983
vt 0.115006 0.262049
vt 0.174371 0.228057
vt 0.233491 0.193641
vt 0.230516 0.257983
vt 0.864995 0.332066
vt 0.801795 0.332066
vt 0.802163 0.297777
vt 0.835703 0.281372
vt 0.738596 0.332066
vt 0.770219 0.278100
vt 0.805119 0.225957
vt 0.835703 0.281371
vt 0.770219 0.278100
vt 0.507959 0.292460
vt 0.528211 0.260005
vt 0.566443 0.258694
vt 0.509766 0.228058
vt 0.507959 0.292460
vt 0.568886 0.193642
vt 0.509766 0.228058
vt 0.734449 0.538882
vt 0.769050 0.552090
vt 0.730404 0.502557
vt 0.708856 0.564927
vt 0.796621 0.493392
vt 0.769050 0.552090
vt 0.009199 0.193642
vt 0.004600 0.133804
vt 0.040646 0.129639
vt 0.059892 0.159876
vt -0.000000 0.073965
vt 0.058680 0.097342
vt 0.004600 0.133804
vt 0.115006 0.125234
vt 0.059891 0.159876
vt 0.058680 0.097342
vt 0.265924 0.259895
vt 0.274989 0.292098
vt 0.285680 0.228461
vt 0.230516 0.257983
vt 0.335396 0.267605
vt 0.285680 0.228461
vt 0.871989 0.265677
vt 0.906533 0.283916
vt 0.874893 0.229971
vt 0.948072 0.235767
vt 0.874893 0.229971
vt 0.557485 0.076576
vt 0.507610 0.095640
vt 0.491563 0.064019
vt 0.514919 0.040067
vt 0.450402 0.125234
vt 0.454463 0.062627
vt 0.463505 0.000000
vt 0.454463 0.062627
vt 0.203814 0.716820
vt 0.140655 0.719077
vt 0.139798 0.684797
vt 0.172647 0.667215
vt 0.077495 0.721334
vt 0.107171 0.666275
vt 0.140655 0.719077
vt 0.140187 0.612919
vt 0.331147 0.499741
vt 0.307272 0.558679
vt 0.275274 0.536272
vt 0.272672 0.496824
vt 0.283397 0.617617
vt 0.244833 0.555157
vt 0.209408 0.494911
vt 0.272672 0.496824
vt 0.244833 0.555157
vt 0.757886 0.114877
vt 0.716826 0.088777
vt 0.741722 0.058085
vt 0.776488 0.061391
vt 0.670791 0.059515
vt 0.735523 0.029757
vt 0.716826 0.088777
vt 0.800254 0.000000
vt 1.000000 0.119669
vt 0.941667 0.114665
vt 0.942284 0.077333
vt 0.973174 0.062446
vt 0.878511 0.110494
vt 0.910909 0.056761
vt 0.941667 0.114665
vt 0.946348 0.005222
vt 0.000000 0.451383
vt 0.063627 0.419333
vt 0.070835 0.447421
vt 0.047051 0.478982
vt 0.127255 0.387283
vt 0.105696 0.449484
vt 0.089017 0.503599
vt 0.047051 0.478982
vt 0.105696 0.449484
vt 0.875745 0.037370
vt 0.873301 0.002611
vt 0.842106 0.054428
vt 0.910909 0.056761
vt 0.873301 0.002611
vt 0.842106 0.054428
vt 0.813660 0.110445
vt 0.810933 0.073509
vt 0.842106 0.054428
vt 0.776488 0.061391
vt 0.776488 0.061391
vt 0.171023 0.440181
vt 0.140552 0.460364
vt 0.105696 0.449484
vt 0.144597 0.497178
vt 0.171023 0.440181
vt 0.105696 0.449484
vt 0.144597 0.497178
vt 0.200348 0.387283
vt 0.204032 0.421933
vt 0.171023 0.440181
vt 0.273442 0.387283
vt 0.239866 0.440056
vt 0.171023 0.440181
vt 0.239866 0.440056
vt 0.302294 0.443512
vt 0.271955 0.459494
vt 0.239866 0.440056
vt 0.239866 0.440056
vt 0.176198 0.554737
vt 0.143899 0.535791
vt 0.110537 0.555244
vt 0.176198 0.554737
vt 0.210684 0.574966
vt 0.176198 0.554737
vt 0.209976 0.614449
vt 0.209976 0.614449
vt 0.239977 0.667623
vt 0.207932 0.650287
vt 0.209976 0.614449
vt 0.172647 0.667215
vt 0.209976 0.614449
vt 0.073685 0.606125
vt 0.076430 0.569680
vt 0.110537 0.555244
vt 0.006154 0.593738
vt 0.049923 0.544566
vt 0.073685 0.606125
vt 0.049923 0.544566
vt 0.073866 0.643842
vt 0.073685 0.606125
vt 0.041825 0.657536
vt 0.107171 0.666275
vt 0.041825 0.657536
vt 0.601695 -0.000000
vt 0.578592 0.040016
vt 0.542333 0.024304
vt 0.532600 0.000000
vt 0.514919 0.040067
vt 0.532600 0.000000
vt 0.003077 0.522560
vt 0.031110 0.515144
vt 0.049923 0.544566
vt 0.047051 0.478982
vt 0.049923 0.544566
vt 0.047051 0.478982
vt 0.454462 0.062627
vt 0.415629 0.065005
vt 0.399450 0.036982
vt 0.394075 0.097341
vt 0.335396 0.073964
vt 0.394075 0.097341
vt 0.395287 0.159875
vt 0.376042 0.129638
vt 0.394075 0.097341
vt 0.344595 0.193641
vt 0.339995 0.133803
vt 0.395287 0.159875
vt 0.394075 0.097341
vt 0.339995 0.133803
vt 0.911762 0.171968
vt 0.942858 0.154182
vt 0.974036 0.177718
vt 0.974036 0.177718
vt 0.874893 0.229971
vt 0.876928 0.190545
vt 0.911762 0.171968
vt 0.843186 0.169097
vt 0.874893 0.229971
vt 0.843186 0.169097
vt 0.777547 0.167259
vt 0.811584 0.149009
vt 0.813660 0.110445
vt 0.671855 0.202001
vt 0.671323 0.130758
vt 0.699603 0.124347
vt 0.717354 0.154422
vt 0.717354 0.154422
vt 0.303037 0.193640
vt 0.335395 0.193640
vt 0.285810 0.158806
vt 0.285680 0.228461
vt 0.335395 0.119675
vt 0.285810 0.158806
vt 0.231048 0.128589
vt 0.266857 0.127040
vt 0.285810 0.158806
vt 0.227152 0.067804
vt 0.281273 0.093739
vt 0.231048 0.128589
vt 0.285810 0.158806
vt 0.281273 0.093739
vt 0.119014 0.062507
vt 0.156000 0.063038
vt 0.172564 0.094823
vt 0.128110 -0.000000
vt 0.177631 0.033902
vt 0.172564 0.094823
vt 0.080234 0.065006
vt 0.064055 0.036983
vt 0.058680 0.097342
vt 0.119014 0.062507
vt 0.314031 0.721335
vt 0.258923 0.719077
vt 0.266581 0.685320
vt 0.298714 0.669476
vt 0.239977 0.667623
vt 0.298714 0.669476
vt 0.761721 0.441249
vt 0.793666 0.421573
vt 0.827206 0.437978
vt 0.730098 0.387283
vt 0.793298 0.387283
vt 0.761721 0.441249
vt 0.856497 0.387283
vt 0.827206 0.437978
vt 0.793298 0.387283
vt 0.729238 0.464857
vt 0.761721 0.441249
vt 0.696728 0.452316
vt 0.730404 0.502557
vt 0.696728 0.452316
vt 0.670791 0.119678
vt 0.610385 0.095185
vt 0.610329 0.063561
vt 0.636243 0.059839
vt 0.578592 0.040016
vt 0.610385 0.095185
vt 0.578592 0.040016
vt 0.509767 0.159226
vt 0.528061 0.127539
vt 0.565911 0.129300
vt 0.507611 0.095640
vt 0.507610 0.095640
vt 0.489896 0.193642
vt 0.509767 0.159226
vt 0.450157 0.193642
vt 0.509767 0.159226
vt 0.450157 0.193641
vt 0.395287 0.227407
vt 0.413267 0.193641
vt 0.450157 0.193642
vt 0.395287 0.159875
vt 0.395287 0.227407
vt 0.395287 0.159875
vt 0.738901 0.216792
vt 0.742947 0.180467
vt 0.777547 0.167259
vt 0.717354 0.154422
vt 0.717354 0.154422
vt 0.770219 0.278100
vt 0.737735 0.254492
vt 0.738901 0.216792
vt 0.705226 0.267033
vt 0.738901 0.216792
vt 0.705226 0.267033
vt 0.266299 0.387283
vt 0.243196 0.347267
vt 0.274933 0.323722
vt 0.300847 0.327444
vt 0.300847 0.327444
vt 0.274989 0.292098
vt 0.174371 0.159225
vt 0.192815 0.127278
vt 0.231048 0.128589
vt 0.172564 0.094823
vt 0.174371 0.159225
vt 0.154501 0.193642
vt 0.174371 0.159225
vt 0.114761 0.193642
vt 0.174371 0.159226
vt 0.059892 0.227408
vt 0.077872 0.193642
vt 0.059891 0.159876
vt 0.059892 0.227408
vt 0.114761 0.193642
vt 0.059891 0.159876
vt 0.866396 0.489378
vt 0.863491 0.453672
vt 0.898036 0.435433
vt 0.827206 0.437978
vt 0.866396 0.489378
vt 0.903265 0.547382
vt 0.868431 0.528804
vt 0.866396 0.489378
vt 0.834688 0.550252
vt 0.903265 0.547382
vt 0.805163 0.608905
vt 0.803086 0.570340
vt 0.769050 0.552090
vt 0.805163 0.608905
vt 0.834688 0.550252
vt 0.769050 0.552090
vt 0.621075 0.158822
vt 0.601320 0.127388
vt 0.621075 0.158822
vt 0.670791 0.193643
vt 0.638432 0.193643
vt 0.670790 0.267609
vt 0.621205 0.228477
vt 0.670791 0.193643
vt 0.621075 0.158822
vt 0.621205 0.228477
vt 0.616669 0.293544
vt 0.602252 0.260243
vt 0.621205 0.228477
vt 0.566443 0.258694
vt 0.621205 0.228477
vt 0.566443 0.258694
vt 0.394075 0.289941
vt 0.376042 0.257644
vt 0.335396 0.313318
vt 0.339995 0.253479
vt 0.394075 0.289941
vt 0.395287 0.227407
vt 0.454410 0.324776
vt 0.415629 0.322277
vt 0.399451 0.350301
vt 0.454410 0.324776
vt 0.394075 0.289941
vt 0.399450 0.350301
vt 0.571124 0.440995
vt 0.597728 0.423298
vt 0.629862 0.439142
vt 0.534961 0.391798
vt 0.590070 0.389541
vt 0.571124 0.440995
vt 0.645179 0.387283
vt 0.590070 0.389541
vt 0.438319 0.442343
vt 0.470945 0.423821
vt 0.503794 0.441403
vt 0.408643 0.387283
vt 0.471802 0.389541
vt 0.438319 0.442343
vt 0.405013 0.464776
vt 0.372972 0.451082
vt 0.438319 0.442343
vt 0.128109 0.387283
vt 0.179523 0.347216
vt 0.206937 0.362980
vt 0.197204 0.387283
vt 0.243196 0.347267
vt 0.179523 0.347216
vt 0.243196 0.347267
vt 0.119067 0.324656
vt 0.156167 0.323264
vt 0.179523 0.347216
vt 0.172215 0.291643
vt 0.064055 0.350301
vt 0.080234 0.322278
vt 0.119067 0.324656
vt -0.000000 0.313319
vt 0.058680 0.289942
vt 0.064055 0.350301
vt 0.119067 0.324656
vt 0.058680 0.289942
vt 0.004600 0.253481
vt 0.040646 0.257645
vt 0.059892 0.227408
vt 0.004600 0.253481
vt 0.059892 0.227408
vt 0.937850 0.714127
vt 0.902412 0.662588
vt 0.933786 0.642016
vt 0.964676 0.656903
vt 0.933169 0.604684
vt 0.964676 0.656903
vt 0.933169 0.604684
vt 0.864803 0.716738
vt 0.867248 0.681979
vt 0.902412 0.662588
vt 0.791757 0.719349
vt 0.833608 0.664921
vt 0.864803 0.716738
vt 0.902412 0.662588
vt 0.833608 0.664921
vt 0.767990 0.657958
vt 0.802436 0.645840
vt 0.833608 0.664921
vt 0.767990 0.657958
vt 0.805163 0.608905
vt 0.541123 0.494169
vt 0.539079 0.458331
vt 0.503794 0.441403
vt 0.541123 0.494169
vt 0.503794 0.441403
vt 0.541831 0.533652
vt 0.507345 0.553881
vt 0.507345 0.553881
vt 0.475046 0.572827
vt 0.507345 0.553881
vt 0.727025 0.689592
vt 0.733224 0.661264
vt 0.767990 0.657958
vt 0.708328 0.630572
vt 0.727025 0.689592
vt 0.767990 0.657958
vt 0.708328 0.630572
vt 0.502170 0.668437
vt 0.535179 0.686685
vt 0.531495 0.721335
vt 0.571013 0.668563
vt 0.604588 0.721335
vt 0.603818 0.611795
vt 0.603102 0.649124
vt 0.571013 0.668563
vt 0.633441 0.665106
vt 0.633441 0.665106
s 1
f 885/1458/885 927/1461/927 1047/1460/1047 958/1459/958
f 898/1462/898 958/1464/958 1047/1460/1047 1045/1463/1045
f 897/1465/897 1045/1463/1045 1047/1460/1047 927/1466/927
f 886/1467/886 930/1470/930 1048/1469/1048 928/1468/928
f 898/1462/898 928/1468/928 1048/1469/1048 1042/1471/1042
f 900/1472/900 1042/1473/1042 1048/1469/1048 930/1470/930
f 885/1458/885 932/1475/932 1049/1474/1049 927/1466/927
f 897/1465/897 927/1477/927 1049/1474/1049 1039/1476/1039
f 902/1478/902 1039/1480/1039 1049/1474/1049 932/1479/932
f 885/1458/885 934/1482/934 1050/1481/1050 932/1475/932
f 902/1478/902 932/1484/932 1050/1481/1050 1036/1483/1036
f 904/1485/904 1036/1483/1036 1050/1481/1050 934/1486/934
f 885/1458/885 961/1489/961 1051/1488/1051 934/1487/934
f 904/1485/904 934/1491/934 1051/1488/1051 1033/1490/1033
f 901/1492/901 1033/1494/1033 1051/1488/1051 961/1493/961
f 886/1495/886 937/1498/937 1052/1497/1052 930/1496/930
f 900/1499/900 930/1501/930 1052/1497/1052 1030/1500/1030
f 907/1502/907 1030/1503/1030 1052/1497/1052 937/1498/937
f 887/1504/887 939/1507/939 1053/1506/1053 929/1505/929
f 899/1508/899 929/1510/929 1053/1506/1053 1027/1509/1027
f 909/1511/909 1027/1509/1027 1053/1506/1053 939/1507/939
f 888/1512/888 941/1515/941 1054/1514/1054 933/1513/933
f 903/1516/903 933/1518/933 1054/1514/1054 1024/1517/1024
f 911/1519/911 1024/1520/1024 1054/1514/1054 941/1515/941
f 889/1521/889 943/1524/943 1055/1523/1055 935/1522/935
f 905/1525/905 935/1522/935 1055/1523/1055 1021/1526/1021
f 913/1527/913 1021/1526/1021 1055/1523/1055 943/1528/943
f 890/1529/890 945/1532/945 1056/1531/1056 936/1530/936
f 906/1533/906 936/1530/936 1056/1531/1056 1018/1534/1018
f 915/1535/915 1018/1537/1018 1056/1531/1056 945/1536/945
f 886/1495/886 970/1540/970 1057/1539/1057 937/1538/937
f 907/1502/907 937/1542/937 1057/1539/1057 1015/1541/1015
f 910/1543/910 1015/1544/1015 1057/1539/1057 970/1540/970
f 887/1504/887 972/1546/972 1058/1545/1058 939/1507/939
f 909/1511/909 939/1548/939 1058/1545/1058 1012/1547/1012
f 912/1549/912 1012/1547/1012 1058/1545/1058 972/1550/972
f 888/1551/888 974/1554/974 1059/1553/1059 941/1552/941
f 911/1555/911 941/1557/941 1059/1553/1059 1009/1556/1009
f 914/1558/914 1009/1560/1009 1059/1553/1059 974/1559/974
f 889/1521/889 976/1562/976 1060/1561/1060 943/1528/943
f 913/1527/913 943/1564/943 1060/1561/1060 1006/1563/1006
f 916/1565/916 1006/1566/1006 1060/1561/1060 976/1562/976
f 890/1529/890 968/1568/968 1061/1567/1061 945/1536/945
f 915/1535/915 945/1536/945 1061/1567/1061 1003/1569/1003
f 908/1570/908 1003/1571/1003 1061/1567/1061 968/1568/968
f 891/1572/891 952/1575/952 1062/1574/1062 947/1573/947
f 917/1576/917 947/1573/947 1062/1574/1062 1000/1577/1000
f 922/1578/922 1000/1579/1000 1062/1574/1062 952/1575/952
f 892/1580/892 954/1583/954 1063/1582/1063 948/1581/948
f 918/1584/918 948/1586/948 1063/1582/1063 997/1585/997
f 924/1587/924 997/1585/997 1063/1582/1063 954/1583/954
f 893/1588/893 955/1591/955 1064/1590/1064 949/1589/949
f 919/1592/919 949/1589/949 1064/1590/1064 994/1593/994
f 925/1594/925 994/1596/994 1064/1590/1064 955/1595/955
f 894/1597/894 956/1600/956 1065/1599/1065 950/1598/950
f 920/1601/920 950/1603/950 1065/1599/1065 991/1602/991
f 926/1604/926 991/1602/991 1065/1599/1065 956/1600/956
f 895/1605/895 983/1608/983 1066/1607/1066 951/1606/951
f 921/1609/921 951/1611/951 1066/1607/1066 988/1610/988
f 923/1612/923 988/1610/988 1066/1607/1066 983/1608/983
f 923/1613/923 953/1616/953 1067/1615/1067 987/1614/987
f 926/1617/926 987/1614/987 1067/1615/1067 986/1618/986
f 896/1619/896 986/1621/986 1067/1615/1067 953/1620/953
f 923/1612/923 987/1623/987 1068/1622/1068 988/1610/988
f 921/1609/921 988/1625/988 1068/1622/1068 989/1624/989
f 926/1604/926 989/1627/989 1068/1622/1068 987/1626/987
f 921/1609/921 989/1630/989 1069/1629/1069 981/1628/981
f 894/1597/894 981/1628/981 1069/1629/1069 956/1631/956
f 926/1604/926 956/1632/956 1069/1629/1069 989/1627/989
f 926/1617/926 986/1635/986 1070/1634/1070 990/1633/990
f 925/1594/925 990/1637/990 1070/1634/1070 985/1636/985
f 896/1619/896 985/1639/985 1070/1634/1070 986/1638/986
f 926/1617/926 990/1642/990 1071/1641/1071 991/1640/991
f 920/1643/920 991/1640/991 1071/1641/1071 992/1644/992
f 925/1594/925 992/1646/992 1071/1641/1071 990/1645/990
f 920/1643/920 992/1649/992 1072/1648/1072 980/1647/980
f 893/1588/893 980/1647/980 1072/1648/1072 955/1591/955
f 925/1594/925 955/1595/955 1072/1648/1072 992/1650/992
f 925/1594/925 985/1636/985 1073/1652/1073 993/1651/993
f 924/1587/924 993/1654/993 1073/1652/1073 984/1653/984
f 896/1619/896 984/1653/984 1073/1652/1073 985/1639/985
f 925/1594/925 993/1656/993 1074/1655/1074 994/1596/994
f 919/1592/919 994/1593/994 1074/1655/1074 995/1657/995
f 924/1587/924 995/1658/995 1074/1655/1074 993/1656/993
f 919/1592/919 995/1661/995 1075/1660/1075 979/1659/979
f 892/1580/892 979/1659/979 1075/1660/1075 954/1662/954
f 924/1587/924 954/1583/954 1075/1660/1075 995/1663/995
f 924/1587/924 984/1666/984 1076/1665/1076 996/1664/996
f 922/1667/922 996/1669/996 1076/1665/1076 982/1668/982
f 896/1619/896 982/1670/982 1076/1665/1076 984/1653/984
f 924/1587/924 996/1672/996 1077/1671/1077 997/1585/997
f 918/1584/918 997/1674/997 1077/1671/1077 998/1673/998
f 922/1667/922 998/1675/998 1077/1671/1077 996/1672/996
f 918/1676/918 998/1679/998 1078/1678/1078 978/1677/978
f 891/1572/891 978/1677/978 1078/1678/1078 952/1680/952
f 922/1578/922 952/1680/952 1078/1678/1078 998/1681/998
f 922/1667/922 982/1684/982 1079/1683/1079 999/1682/999
f 923/1613/923 999/1682/999 1079/1683/1079 953/1685/953
f 896/1619/896 953/1687/953 1079/1683/1079 982/1686/982
f 922/1578/922 999/1690/999 1080/1689/1080 1000/1688/1000
f 917/1576/917 1000/1688/1000 1080/1689/1080 1001/1691/1001
f 923/1692/923 1001/1693/1001 1080/1689/1080 999/1690/999
f 917/1576/917 1001/1696/1001 1081/1695/1081 977/1694/977
f 895/1697/895 977/1699/977 1081/1695/1081 983/1698/983
f 923/1692/923 983/1701/983 1081/1695/1081 1001/1700/1001
f 908/1570/908 938/1704/938 1082/1703/1082 1002/1702/1002
f 921/1609/921 1002/1702/1002 1082/1703/1082 951/1611/951
f 895/1605/895 951/1606/951 1082/1703/1082 938/1705/938
f 908/1570/908 1002/1708/1002 1083/1707/1083 1003/1706/1003
f 915/1535/915 1003/1710/1003 1083/1707/1083 1004/1709/1004
f 921/1609/921 1004/1711/1004 1083/1707/1083 1002/1708/1002
f 915/1535/915 1004/1711/1004 1084/1713/1084 975/1712/975
f 894/1597/894 975/1712/975 1084/1713/1084 981/1714/981
f 921/1609/921 981/1628/981 1084/1713/1084 1004/1711/1004
f 916/1715/916 946/1718/946 1085/1717/1085 1005/1716/1005
f 920/1601/920 1005/1716/1005 1085/1717/1085 950/1603/950
f 894/1597/894 950/1598/950 1085/1717/1085 946/1719/946
f 916/1565/916 1005/1721/1005 1086/1720/1086 1006/1563/1006
f 913/1527/913 1006/1723/1006 1086/1720/1086 1007/1722/1007
f 920/1724/920 1007/1725/1007 1086/1720/1086 1005/1721/1005
f 913/1527/913 1007/1728/1007 1087/1727/1087 973/1726/973
f 893/1729/893 973/1731/973 1087/1727/1087 980/1730/980
f 920/1724/920 980/1733/980 1087/1727/1087 1007/1732/1007
f 914/1558/914 944/1736/944 1088/1735/1088 1008/1734/1008
f 919/1737/919 1008/1734/1008 1088/1735/1088 949/1738/949
f 893/1729/893 949/1738/949 1088/1735/1088 944/1739/944
f 914/1558/914 1008/1734/1008 1089/1740/1089 1009/1556/1009
f 911/1555/911 1009/1742/1009 1089/1740/1089 1010/1741/1010
f 919/1737/919 1010/1741/1010 1089/1740/1089 1008/1743/1008
f 911/1744/911 1010/1747/1010 1090/1746/1090 971/1745/971
f 892/1580/892 971/1745/971 1090/1746/1090 979/1748/979
f 919/1592/919 979/1748/979 1090/1746/1090 1010/1749/1010
f 912/1549/912 942/1752/942 1091/1751/1091 1011/1750/1011
f 918/1753/918 1011/1755/1011 1091/1751/1091 948/1754/948
f 892/1756/892 948/1758/948 1091/1751/1091 942/1757/942
f 912/1549/912 1011/1760/1011 1092/1759/1092 1012/1547/1012
f 909/1511/909 1012/1762/1012 1092/1759/1092 1013/1761/1013
f 918/1753/918 1013/1763/1013 1092/1759/1092 1011/1750/1011
f 909/1764/909 1013/1767/1013 1093/1766/1093 969/1765/969
f 891/1572/891 969/1769/969 1093/1766/1093 978/1768/978
f 918/1676/918 978/1770/978 1093/1766/1093 1013/1767/1013
f 910/1543/910 940/1773/940 1094/1772/1094 1014/1771/1014
f 917/1576/917 1014/1771/1014 1094/1772/1094 947/1774/947
f 891/1572/891 947/1775/947 1094/1772/1094 940/1773/940
f 910/1543/910 1014/1777/1014 1095/1776/1095 1015/1544/1015
f 907/1502/907 1015/1541/1015 1095/1776/1095 1016/1778/1016
f 917/1576/917 1016/1780/1016 1095/1776/1095 1014/1779/1014
f 907/1502/907 1016/1783/1016 1096/1782/1096 967/1781/967
f 895/1697/895 967/1785/967 1096/1782/1096 977/1784/977
f 917/1576/917 977/1786/977 1096/1782/1096 1016/1783/1016
f 915/1535/915 975/1789/975 1097/1788/1097 1017/1787/1017
f 916/1715/916 1017/1787/1017 1097/1788/1097 946/1790/946
f 894/1597/894 946/1791/946 1097/1788/1097 975/1712/975
f 915/1535/915 1017/1794/1017 1098/1793/1098 1018/1792/1018
f 906/1533/906 1018/1792/1018 1098/1793/1098 1019/1795/1019
f 916/1715/916 1019/1797/1019 1098/1793/1098 1017/1796/1017
f 906/1798/906 1019/1801/1019 1099/1800/1099 966/1799/966
f 889/1521/889 966/1799/966 1099/1800/1099 976/1562/976
f 916/1565/916 976/1803/976 1099/1800/1099 1019/1802/1019
f 913/1527/913 973/1806/973 1100/1805/1100 1020/1804/1020
f 914/1558/914 1020/1808/1020 1100/1805/1100 944/1807/944
f 893/1729/893 944/1736/944 1100/1805/1100 973/1731/973
f 913/1527/913 1020/1810/1020 1101/1809/1101 1021/1526/1021
f 905/1525/905 1021/1526/1021 1101/1809/1101 1022/1811/1022
f 914/1558/914 1022/1811/1022 1101/1809/1101 1020/1812/1020
f 905/1525/905 1022/1811/1022 1102/1814/1102 965/1813/965
f 888/1551/888 965/1816/965 1102/1814/1102 974/1815/974
f 914/1558/914 974/1818/974 1102/1814/1102 1022/1817/1022
f 911/1519/911 971/1821/971 1103/1820/1103 1023/1819/1023
f 912/1549/912 1023/1823/1023 1103/1820/1103 942/1822/942
f 892/1756/892 942/1757/942 1103/1820/1103 971/1821/971
f 911/1519/911 1023/1826/1023 1104/1825/1104 1024/1824/1024
f 903/1516/903 1024/1828/1024 1104/1825/1104 1025/1827/1025
f 912/1549/912 1025/1827/1025 1104/1825/1104 1023/1819/1023
f 903/1516/903 1025/1827/1025 1105/1830/1105 963/1829/963
f 887/1504/887 963/1832/963 1105/1830/1105 972/1831/972
f 912/1549/912 972/1834/972 1105/1830/1105 1025/1833/1025
f 909/1764/909 969/1765/969 1106/1836/1106 1026/1835/1026
f 910/1543/910 1026/1837/1026 1106/1836/1106 940/1773/940
f 891/1572/891 940/1773/940 1106/1836/1106 969/1765/969
f 909/1764/909 1026/1835/1026 1107/1839/1107 1027/1838/1027
f 899/1840/899 1027/1842/1027 1107/1839/1107 1028/1841/1028
f 910/1543/910 1028/1844/1028 1107/1839/1107 1026/1843/1026
f 899/1840/899 1028/1847/1028 1108/1846/1108 959/1845/959
f 886/1495/886 959/1845/959 1108/1846/1108 970/1848/970
f 910/1543/910 970/1850/970 1108/1846/1108 1028/1849/1028
f 907/1502/907 967/1781/967 1109/1852/1109 1029/1851/1029
f 908/1853/908 1029/1855/1029 1109/1852/1109 938/1854/938
f 895/1697/895 938/1854/938 1109/1852/1109 967/1856/967
f 907/1502/907 1029/1851/1029 1110/1858/1110 1030/1857/1030
f 900/1499/900 1030/1860/1030 1110/1858/1110 1031/1859/1031
f 908/1853/908 1031/1862/1031 1110/1858/1110 1029/1861/1029
f 900/1472/900 1031/1865/1031 1111/1864/1111 960/1863/960
f 890/1866/890 960/1868/960 1111/1864/1111 968/1867/968
f 908/1869/908 968/1870/968 1111/1864/1111 1031/1865/1031
f 901/1492/901 931/1873/931 1112/1872/1112 1032/1871/1032
f 906/1874/906 1032/1876/1032 1112/1872/1112 936/1875/936
f 890/1866/890 936/1875/936 1112/1872/1112 931/1873/931
f 901/1492/901 1032/1876/1032 1113/1877/1113 1033/1494/1033
f 904/1485/904 1033/1490/1033 1113/1877/1113 1034/1878/1034
f 906/1874/906 1034/1878/1034 1113/1877/1113 1032/1879/1032
f 904/1880/904 1034/1883/1034 1114/1882/1114 964/1881/964
f 889/1521/889 964/1885/964 1114/1882/1114 966/1884/966
f 906/1798/906 966/1886/966 1114/1882/1114 1034/1883/1034
f 904/1880/904 964/1889/964 1115/1888/1115 1035/1887/1035
f 905/1525/905 1035/1887/1035 1115/1888/1115 935/1890/935
f 889/1521/889 935/1890/935 1115/1888/1115 964/1889/964
f 904/1880/904 1035/1893/1035 1116/1892/1116 1036/1891/1036
f 902/1894/902 1036/1896/1036 1116/1892/1116 1037/1895/1037
f 905/1525/905 1037/1898/1037 1116/1892/1116 1035/1897/1035
f 902/1894/902 1037/1895/1037 1117/1900/1117 962/1899/962
f 888/1551/888 962/1902/962 1117/1900/1117 965/1901/965
f 905/1525/905 965/1903/965 1117/1900/1117 1037/1898/1037
f 902/1904/902 962/1907/962 1118/1906/1118 1038/1905/1038
f 903/1516/903 1038/1905/1038 1118/1906/1118 933/1908/933
f 888/1512/888 933/1910/933 1118/1906/1118 962/1909/962
f 902/1904/902 1038/1913/1038 1119/1912/1119 1039/1911/1039
f 897/1914/897 1039/1916/1039 1119/1912/1119 1040/1915/1040
f 903/1516/903 1040/1918/1040 1119/1912/1119 1038/1917/1038
f 897/1914/897 1040/1921/1040 1120/1920/1120 957/1919/957
f 887/1504/887 957/1922/957 1120/1920/1120 963/1832/963
f 903/1516/903 963/1923/963 1120/1920/1120 1040/1915/1040
f 900/1472/900 960/1868/960 1121/1925/1121 1041/1924/1041
f 901/1492/901 1041/1927/1041 1121/1925/1121 931/1926/931
f 890/1866/890 931/1928/931 1121/1925/1121 960/1868/960
f 900/1472/900 1041/1927/1041 1122/1929/1122 1042/1471/1042
f 898/1462/898 1042/1473/1042 1122/1929/1122 1043/1930/1043
f 901/1492/901 1043/1931/1043 1122/1929/1122 1041/1924/1041
f 898/1462/898 1043/1933/1043 1123/1932/1123 958/1464/958
f 885/1458/885 958/1459/958 1123/1932/1123 961/1493/961
f 901/1492/901 961/1489/961 1123/1932/1123 1043/1931/1043
f 897/1914/897 957/1936/957 1124/1935/1124 1044/1934/1044
f 899/1508/899 1044/1938/1044 1124/1935/1124 929/1937/929
f 887/1504/887 929/1940/929 1124/1935/1124 957/1939/957
f 897/1465/897 1044/1943/1044 1125/1942/1125 1045/1941/1045
f 898/1462/898 1045/1941/1045 1125/1942/1125 1046/1944/1046
f 899/1945/899 1046/1944/1046 1125/1942/1125 1044/1943/1044
f 898/1462/898 1046/1948/1046 1126/1947/1126 928/1946/928
f 886/1467/886 928/1946/928 1126/1947/1126 959/1949/959
f 899/1945/899 959/1950/959 1126/1947/1126 1046/1948/1046
o WallBarrier_Ball02
v -0.000000 1.375139 1.200950
v -0.186689 1.232522 1.065313
v 0.071308 1.232522 0.981484
v 0.230761 1.232521 1.200950
v 0.071308 1.232522 1.420416
v -0.186689 1.232522 1.336586
v -0.071308 1.001758 0.981484
v 0.186689 1.001758 1.065313
v 0.186689 1.001758 1.336586
v -0.071308 1.001758 1.420416
v -0.230761 1.001759 1.200950
v 0.000000 0.859141 1.200950
v 0.041668 1.335325 1.072706
v -0.109091 1.335325 1.121691
v -0.067423 1.251986 0.993446
v -0.218183 1.251986 1.200950
v -0.109091 1.335325 1.280209
v 0.134844 1.335324 1.200950
v 0.176514 1.251986 1.072706
v 0.041668 1.335325 1.329194
v 0.176514 1.251986 1.329194
v -0.067423 1.251986 1.408453
v -0.243937 1.117140 1.121691
v -0.243937 1.117140 1.280209
v -0.000000 1.117140 0.944460
v -0.150761 1.117140 0.993446
v 0.243937 1.117140 1.121691
v 0.150761 1.117140 0.993446
v 0.150761 1.117140 1.408454
v 0.243937 1.117140 1.280209
v -0.150761 1.117140 1.408454
v 0.000000 1.117140 1.457440
v -0.176514 0.982294 1.072706
v 0.067423 0.982294 0.993446
v 0.218183 0.982294 1.200950
v 0.067423 0.982294 1.408453
v -0.176514 0.982294 1.329194
v -0.041668 0.898956 1.072706
v -0.134844 0.898956 1.200950
v 0.109091 0.898956 1.121691
v 0.109091 0.898956 1.280209
v -0.041668 0.898956 1.329194
v 0.020503 1.366299 1.137847
v -0.156287 1.287915 1.087402
v 0.006016 1.246907 0.978225
v -0.209966 1.246907 1.126402
v -0.156287 1.287915 1.314498
v 0.066351 1.366299 1.200950
v 0.213684 1.246907 1.137847
v 0.020503 1.366299 1.264053
v 0.126046 1.246907 1.384675
v -0.135784 1.246907 1.377601
v -0.222638 1.180556 1.087402
v -0.246860 1.053725 1.239950
v 0.039192 1.180556 0.954121
v -0.113375 1.053724 0.978224
v 0.246860 1.180555 1.161950
v 0.176791 1.053724 1.024298
v 0.113375 1.180556 1.423676
v 0.222638 1.053724 1.314498
v -0.176791 1.180556 1.377601
v -0.039192 1.053724 1.447779
v -0.126046 0.987373 1.017224
v 0.135784 0.987373 1.024299
v 0.209966 0.987373 1.275498
v -0.006016 0.987373 1.423675
v -0.213684 0.987373 1.264053
v -0.059695 0.946366 1.017225
v -0.066351 0.867981 1.200950
v 0.156287 0.946366 1.087402
v 0.156287 0.946366 1.314498
v -0.059695 0.946366 1.384675
v 0.059695 1.287915 1.017225
v -0.053679 1.366299 1.161950
v -0.135784 1.246907 1.024299
v -0.209966 1.246907 1.275498
v -0.053679 1.366299 1.239949
v 0.193181 1.287914 1.200950
v 0.126046 1.246907 1.017224
v 0.059695 1.287915 1.384675
v 0.213684 1.246907 1.264053
v 0.006016 1.246907 1.423675
v -0.246860 1.053725 1.161950
v -0.222638 1.180556 1.314498
v -0.039192 1.053724 0.954121
v -0.176791 1.180556 1.024298
v 0.222638 1.053724 1.087402
v 0.113375 1.180556 0.978224
v 0.176791 1.053724 1.377601
v 0.246860 1.180555 1.239950
v -0.113375 1.053724 1.423676
v 0.039192 1.180556 1.447779
v -0.213684 0.987373 1.137847
v -0.006016 0.987373 0.978225
v 0.209966 0.987373 1.126402
v 0.135784 0.987373 1.377601
v -0.126046 0.987373 1.384675
v -0.020503 0.867981 1.137847
v -0.193181 0.946366 1.200950
v 0.053679 0.867981 1.161950
v 0.053679 0.867981 1.239949
v -0.020503 0.867981 1.264053
v -0.094082 0.889062 1.269305
v -0.161923 0.930989 1.269305
v -0.115046 0.930989 1.333825
v 0.035937 0.889061 1.311550
v 0.014973 0.930989 1.376070
v 0.090821 0.930989 1.351425
v 0.116292 0.889061 1.200950
v 0.171177 0.930989 1.240825
v 0.171177 0.930989 1.161075
v 0.035937 0.889061 1.090350
v 0.090821 0.930989 1.050474
v 0.014973 0.930989 1.025830
v -0.094082 0.889062 1.132595
v -0.115046 0.930989 1.068075
v -0.161923 0.930989 1.132595
v -0.220070 1.047283 1.311550
v -0.207114 1.115124 1.351426
v -0.173193 1.047282 1.376071
v 0.037183 1.047282 1.444426
v 0.079110 1.115124 1.444426
v 0.113031 1.047282 1.419781
v 0.243050 1.047283 1.240825
v 0.256007 1.115124 1.200950
v 0.243050 1.047283 1.161075
v 0.113031 1.047282 0.982118
v 0.079110 1.115124 0.957473
v 0.037183 1.047282 0.957474
v -0.173193 1.047282 1.025829
v -0.207114 1.115124 1.050474
v -0.220070 1.047283 1.090349
v -0.079110 1.119156 1.444426
v -0.113031 1.186998 1.419781
v -0.037183 1.186998 1.444426
v 0.207114 1.119156 1.351426
v 0.173193 1.186998 1.376071
v 0.220070 1.186998 1.311550
v 0.207114 1.119156 1.050474
v 0.220070 1.186997 1.090349
v 0.173193 1.186998 1.025829
v -0.079110 1.119156 0.957473
v -0.037183 1.186998 0.957474
v -0.113031 1.186998 0.982118
v -0.256007 1.119156 1.200950
v -0.243050 1.186998 1.161075
v -0.243050 1.186998 1.240825
v -0.090821 1.303291 1.351425
v -0.035937 1.345219 1.311550
v -0.014973 1.303291 1.376070
v 0.115046 1.303291 1.333825
v 0.094082 1.345218 1.269305
v 0.161923 1.303291 1.269305
v 0.161923 1.303291 1.132595
v 0.094082 1.345218 1.132595
v 0.115046 1.303291 1.068075
v -0.171177 1.303291 1.240825
v -0.171177 1.303291 1.161075
v -0.116292 1.345219 1.200950
v -0.014973 1.303291 1.025830
v -0.035937 1.345219 1.090350
v -0.090821 1.303291 1.050474
v -0.023764 1.363486 1.127814
v -0.182316 1.282957 1.124362
v 0.062214 1.363486 1.155749
v 0.062214 1.363486 1.246151
v -0.023764 1.363486 1.274086
v -0.229844 1.206055 1.124362
v 0.001814 1.206055 0.958689
v 0.230966 1.206055 1.127813
v 0.140929 1.206055 1.398010
v -0.143866 1.206055 1.395876
v -0.206081 1.158527 1.051225
v 0.078715 1.158527 0.958688
v 0.254729 1.158527 1.200950
v 0.078715 1.158527 1.443212
v -0.206081 1.158527 1.350675
v -0.102478 0.951324 1.031826
v 0.129179 0.951323 1.051225
v 0.182316 0.951324 1.277538
v -0.016500 0.951323 1.398010
v -0.192515 0.951324 1.246151
v -0.062214 0.870794 1.246151
v -0.125661 0.913814 1.292248
v -0.102478 0.951324 1.370074
v 0.023764 0.870794 1.274086
v 0.047999 0.913814 1.348673
v 0.129179 0.951323 1.350675
v 0.076901 0.870794 1.200950
v 0.155326 0.913814 1.200950
v 0.182316 0.951324 1.124362
v 0.023764 0.870794 1.127814
v 0.047999 0.913814 1.053227
v -0.016500 0.951323 1.003890
v -0.062214 0.870794 1.155749
v -0.125661 0.913814 1.109652
v -0.192515 0.951324 1.155749
v -0.230966 1.028225 1.274087
v -0.203325 1.069141 1.348673
v -0.140929 1.028225 1.398010
v -0.001814 1.028225 1.443211
v 0.077664 1.069141 1.439972
v 0.143866 1.028225 1.395876
v 0.229844 1.028225 1.277538
v 0.251324 1.069141 1.200950
v 0.229844 1.028225 1.124362
v 0.143866 1.028225 1.006023
v 0.077664 1.069141 0.961928
v -0.001814 1.028225 0.958689
v -0.140929 1.028225 1.003890
v -0.203325 1.069141 1.053226
v -0.230966 1.028225 1.127813
v -0.078715 1.075753 1.443212
v -0.077664 1.165139 1.439972
v 0.001814 1.206055 1.443211
v 0.206081 1.075753 1.350675
v 0.203325 1.165139 1.348673
v 0.230966 1.206055 1.274087
v 0.206081 1.075753 1.051225
v 0.203325 1.165139 1.053226
v 0.140929 1.206055 1.003890
v -0.078715 1.075753 0.958688
v -0.077664 1.165139 0.961928
v -0.143866 1.206055 1.006023
v -0.254729 1.075753 1.200950
v -0.251324 1.165139 1.200950
v -0.229844 1.206055 1.277538
v -0.129179 1.282957 1.350675
v -0.047999 1.320466 1.348673
v 0.016500 1.282957 1.398010
v 0.102478 1.282957 1.370074
v 0.125661 1.320466 1.292248
v 0.192515 1.282956 1.246151
v 0.192515 1.282956 1.155749
v 0.125661 1.320466 1.109652
v 0.102478 1.282957 1.031826
v -0.182316 1.282957 1.277538
v -0.155326 1.320466 1.200950
v -0.076901 1.363486 1.200950
v 0.016500 1.282957 1.003890
v -0.047999 1.320466 1.053227
v -0.129179 1.282957 1.051225
vn -0.0000 1.0000 -0.0000
vn -0.7236 0.4472 -0.5257
vn 0.2764 0.4472 -0.8506
vn 0.8944 0.4472 -0.0000
vn 0.2764 0.4472 0.8506
vn -0.7236 0.4472 0.5257
vn -0.2764 -0.4472 -0.8506
vn 0.7236 -0.4472 -0.5257
vn 0.7236 -0.4472 0.5257
vn -0.2764 -0.4472 0.8506
vn -0.8944 -0.4472 -0.0000
vn -0.0000 -1.0000 -0.0000
vn 0.1625 0.8507 -0.5000
vn -0.4253 0.8507 -0.3090
vn -0.2629 0.5257 -0.8090
vn -0.8506 0.5257 -0.0000
vn -0.4253 0.8507 0.3090
vn 0.5257 0.8507 -0.0000
vn 0.6882 0.5257 -0.5000
vn 0.1625 0.8507 0.5000
vn 0.6882 0.5257 0.5000
vn -0.2629 0.5257 0.8090
vn -0.9511 -0.0000 -0.3090
vn -0.9511 -0.0000 0.3090
vn -0.0000 -0.0000 -1.0000
vn -0.5878 -0.0000 -0.8090
vn 0.9511 -0.0000 -0.3090
vn 0.5878 -0.0000 -0.8090
vn 0.5878 -0.0000 0.8090
vn 0.9511 -0.0000 0.3090
vn -0.5878 -0.0000 0.8090
vn -0.0000 -0.0000 1.0000
vn -0.6882 -0.5257 -0.5000
vn 0.2629 -0.5257 -0.8090
vn 0.8506 -0.5257 -0.0000
vn 0.2629 -0.5257 0.8090
vn -0.6882 -0.5257 0.5000
vn -0.1625 -0.8507 -0.5000
vn -0.5257 -0.8507 -0.0000
vn 0.4253 -0.8507 -0.3090
vn 0.4253 -0.8507 0.3090
vn -0.1625 -0.8507 0.5000
vn 0.0868 0.9598 -0.2670
vn -0.5929 0.6803 -0.4308
vn -0.0007 0.5068 -0.8620
vn -0.8201 0.5068 -0.2658
vn -0.5929 0.6803 0.4308
vn 0.2808 0.9598 -0.0000
vn 0.8197 0.5068 -0.2670
vn 0.0868 0.9598 0.2670
vn 0.5072 0.5068 0.6970
vn -0.5062 0.5068 0.6978
vn -0.8737 0.2261 -0.4308
vn -0.9600 -0.2261 0.1650
vn 0.1397 0.2261 -0.9640
vn -0.4536 -0.2261 -0.8620
vn 0.9600 0.2261 -0.1650
vn 0.6797 -0.2261 -0.6978
vn 0.4536 0.2261 0.8620
vn 0.8737 -0.2261 0.4308
vn -0.6797 0.2261 0.6978
vn -0.1397 -0.2261 0.9640
vn -0.5072 -0.5068 -0.6970
vn 0.5062 -0.5068 -0.6978
vn 0.8201 -0.5068 0.2658
vn 0.0007 -0.5068 0.8620
vn -0.8197 -0.5068 0.2670
vn -0.2265 -0.6803 -0.6970
vn -0.2808 -0.9598 -0.0000
vn 0.5929 -0.6803 -0.4308
vn 0.5929 -0.6803 0.4308
vn -0.2265 -0.6803 0.6970
vn 0.2265 0.6803 -0.6970
vn -0.2271 0.9598 -0.1650
vn -0.5062 0.5068 -0.6978
vn -0.8201 0.5068 0.2658
vn -0.2271 0.9598 0.1650
vn 0.7329 0.6803 -0.0000
vn 0.5072 0.5068 -0.6970
vn 0.2265 0.6803 0.6970
vn 0.8197 0.5068 0.2670
vn -0.0007 0.5068 0.8620
vn -0.9600 -0.2261 -0.1650
vn -0.8737 0.2261 0.4308
vn -0.1397 -0.2261 -0.9640
vn -0.6797 0.2261 -0.6978
vn 0.8737 -0.2261 -0.4308
vn 0.4536 0.2261 -0.8620
vn 0.6797 -0.2261 0.6978
vn 0.9600 0.2261 0.1650
vn -0.4536 -0.2261 0.8620
vn 0.1397 0.2261 0.9640
vn -0.8197 -0.5068 -0.2670
vn 0.0007 -0.5068 -0.8620
vn 0.8201 -0.5068 -0.2658
vn 0.5062 -0.5068 0.6978
vn -0.5072 -0.5068 0.6970
vn -0.0868 -0.9598 -0.2670
vn -0.7329 -0.6803 -0.0000
vn 0.2271 -0.9598 -0.1650
vn 0.2271 -0.9598 0.1650
vn -0.0868 -0.9598 0.2670
vn -0.3824 -0.8812 0.2778
vn -0.6172 -0.7361 0.2778
vn -0.4549 -0.7361 0.5011
vn 0.1461 -0.8812 0.4495
vn 0.0735 -0.7361 0.6728
vn 0.3360 -0.7361 0.5875
vn 0.4727 -0.8812 -0.0000
vn 0.6626 -0.7361 0.1380
vn 0.6626 -0.7361 -0.1380
vn 0.1461 -0.8812 -0.4495
vn 0.3360 -0.7361 -0.5875
vn 0.0735 -0.7361 -0.6728
vn -0.3824 -0.8812 -0.2778
vn -0.4549 -0.7361 -0.5011
vn -0.6172 -0.7361 -0.2778
vn -0.8535 -0.2635 0.4495
vn -0.8087 -0.0287 0.5875
vn -0.6913 -0.2635 0.6728
vn 0.1638 -0.2635 0.9507
vn 0.3089 -0.0287 0.9507
vn 0.4263 -0.2635 0.8654
vn 0.9547 -0.2635 0.1380
vn 0.9996 -0.0287 -0.0000
vn 0.9547 -0.2635 -0.1380
vn 0.4263 -0.2635 -0.8654
vn 0.3089 -0.0287 -0.9507
vn 0.1638 -0.2635 -0.9507
vn -0.6913 -0.2635 -0.6728
vn -0.8087 -0.0287 -0.5875
vn -0.8535 -0.2635 -0.4495
vn -0.3089 0.0287 0.9507
vn -0.4263 0.2635 0.8654
vn -0.1638 0.2635 0.9507
vn 0.8087 0.0287 0.5875
vn 0.6913 0.2635 0.6728
vn 0.8535 0.2635 0.4495
vn 0.8087 0.0287 -0.5875
vn 0.8535 0.2635 -0.4495
vn 0.6913 0.2635 -0.6728
vn -0.3089 0.0287 -0.9507
vn -0.1638 0.2635 -0.9507
vn -0.4263 0.2635 -0.8654
vn -0.9996 0.0287 -0.0000
vn -0.9547 0.2635 -0.1380
vn -0.9547 0.2635 0.1380
vn -0.3360 0.7361 0.5875
vn -0.1461 0.8812 0.4495
vn -0.0735 0.7361 0.6728
vn 0.4549 0.7361 0.5011
vn 0.3824 0.8812 0.2778
vn 0.6172 0.7361 0.2778
vn 0.6172 0.7361 -0.2778
vn 0.3824 0.8812 -0.2778
vn 0.4549 0.7361 -0.5011
vn -0.6626 0.7361 0.1380
vn -0.6626 0.7361 -0.1380
vn -0.4727 0.8812 -0.0000
vn -0.0735 0.7361 -0.6728
vn -0.1461 0.8812 -0.4495
vn -0.3360 0.7361 -0.5875
vn -0.1000 0.9462 -0.3078
vn -0.7018 0.6573 -0.2747
vn 0.2618 0.9462 -0.1902
vn 0.2618 0.9462 0.1902
vn -0.1000 0.9462 0.3078
vn -0.9018 0.3337 -0.2747
vn -0.0174 0.3337 -0.9425
vn 0.8910 0.3337 -0.3078
vn 0.5680 0.3337 0.7523
vn -0.5400 0.3337 0.7727
vn -0.8018 0.1337 -0.5825
vn 0.3062 0.1337 -0.9425
vn 0.9910 0.1337 -0.0000
vn 0.3062 0.1337 0.9425
vn -0.8018 0.1337 0.5825
vn -0.4062 -0.6573 -0.6347
vn 0.4781 -0.6573 -0.5825
vn 0.7018 -0.6573 0.2747
vn -0.0444 -0.6573 0.7523
vn -0.7292 -0.6573 0.1902
vn -0.2618 -0.9462 0.1902
vn -0.4911 -0.7947 0.3568
vn -0.4062 -0.6573 0.6347
vn 0.1000 -0.9462 0.3078
vn 0.1876 -0.7947 0.5773
vn 0.4781 -0.6573 0.5825
vn 0.3236 -0.9462 -0.0000
vn 0.6071 -0.7947 -0.0000
vn 0.7018 -0.6573 -0.2747
vn 0.1000 -0.9462 -0.3078
vn 0.1876 -0.7947 -0.5773
vn -0.0444 -0.6573 -0.7523
vn -0.2618 -0.9462 -0.1902
vn -0.4911 -0.7947 -0.3568
vn -0.7292 -0.6573 -0.1902
vn -0.8910 -0.3337 0.3078
vn -0.7947 -0.1876 0.5773
vn -0.5680 -0.3337 0.7523
vn 0.0174 -0.3337 0.9425
vn 0.3035 -0.1876 0.9342
vn 0.5400 -0.3337 0.7727
vn 0.9018 -0.3337 0.2747
vn 0.9822 -0.1876 -0.0000
vn 0.9018 -0.3337 -0.2747
vn 0.5400 -0.3337 -0.7727
vn 0.3035 -0.1876 -0.9342
vn 0.0174 -0.3337 -0.9425
vn -0.5680 -0.3337 -0.7523
vn -0.7947 -0.1876 -0.5773
vn -0.8910 -0.3337 -0.3078
vn -0.3062 -0.1337 0.9425
vn -0.3035 0.1876 0.9342
vn -0.0174 0.3337 0.9425
vn 0.8018 -0.1337 0.5825
vn 0.7947 0.1876 0.5773
vn 0.8910 0.3337 0.3078
vn 0.8018 -0.1337 -0.5825
vn 0.7947 0.1876 -0.5773
vn 0.5680 0.3337 -0.7523
vn -0.3062 -0.1337 -0.9425
vn -0.3035 0.1876 -0.9342
vn -0.5400 0.3337 -0.7727
vn -0.9910 -0.1337 -0.0000
vn -0.9822 0.1876 -0.0000
vn -0.9018 0.3337 0.2747
vn -0.4781 0.6573 0.5825
vn -0.1876 0.7947 0.5773
vn 0.0444 0.6573 0.7523
vn 0.4062 0.6573 0.6347
vn 0.4911 0.7947 0.3568
vn 0.7292 0.6573 0.1902
vn 0.7292 0.6573 -0.1902
vn 0.4911 0.7947 -0.3568
vn 0.4062 0.6573 -0.6347
vn -0.7018 0.6573 0.2747
vn -0.6071 0.7947 -0.0000
vn -0.3236 0.9462 -0.0000
vn 0.0444 0.6573 -0.7523
vn -0.1876 0.7947 -0.5773
vn -0.4781 0.6573 -0.5825
vt 0.420164 0.605019
vt 0.475744 0.611440
vt 0.471699 0.648254
vt 0.436843 0.659134
vt 0.540554 0.613707
vt 0.502170 0.668437
vt 0.475744 0.611440
vt 0.458401 0.721335
vt 0.436843 0.659134
vt 0.662293 0.608877
vt 0.603818 0.611794
vt 0.606421 0.572346
vt 0.638419 0.549939
vt 0.575980 0.553462
vt 0.614544 0.491001
vt 0.575980 0.553462
vt 0.401981 0.661197
vt 0.378198 0.629635
vt 0.394774 0.689285
vt 0.436843 0.659134
vt 0.331147 0.657234
vt 0.378198 0.629635
vt 0.394774 0.689284
vt 0.362257 0.593474
vt 0.381070 0.564052
vt 0.334224 0.586057
vt 0.378198 0.629635
vt 0.337301 0.514880
vt 0.381070 0.564052
vt 0.381070 0.564052
vt 0.407577 0.538938
vt 0.441683 0.553374
vt 0.404832 0.502493
vt 0.381070 0.564052
vt 0.471334 0.495699
vt 0.441683 0.553374
vt 0.404832 0.502493
vt 0.562548 0.319479
vt 0.513026 0.353381
vt 0.491396 0.324246
vt 0.507959 0.292460
vt 0.463505 0.387283
vt 0.454410 0.324776
vt 0.513026 0.353381
vt 0.450402 0.262049
vt 0.454410 0.324776
vt 0.749388 0.604473
vt 0.708328 0.630572
vt 0.691106 0.595003
vt 0.708856 0.564927
vt 0.662293 0.659835
vt 0.662826 0.588592
vt 0.708328 0.630572
vt 0.663358 0.517349
vt 0.991502 0.599680
vt 0.933169 0.604684
vt 0.934361 0.565167
vt 0.965538 0.541631
vt 0.870014 0.608855
vt 0.903265 0.547382
vt 0.933169 0.604684
vt 0.939574 0.483583
vt 0.903265 0.547382
vt 0.222089 0.310708
vt 0.172215 0.291643
vt 0.192665 0.259744
vt 0.230516 0.257983
vt 0.115006 0.262049
vt 0.174371 0.228057
vt 0.233491 0.193641
vt 0.230516 0.257983
vt 0.864995 0.332066
vt 0.801795 0.332066
vt 0.802163 0.297777
vt 0.835703 0.281372
vt 0.738596 0.332066
vt 0.770219 0.278100
vt 0.805119 0.225957
vt 0.835703 0.281371
vt 0.770219 0.278100
vt 0.507959 0.292460
vt 0.528211 0.260005
vt 0.566443 0.258694
vt 0.509766 0.228058
vt 0.507959 0.292460
vt 0.568886 0.193642
vt 0.509766 0.228058
vt 0.734449 0.538882
vt 0.769050 0.552090
vt 0.730404 0.502557
vt 0.708856 0.564927
vt 0.796621 0.493392
vt 0.769050 0.552090
vt 0.009199 0.193642
vt 0.004600 0.133804
vt 0.040646 0.129639
vt 0.059892 0.159876
vt -0.000000 0.073965
vt 0.058680 0.097342
vt 0.004600 0.133804
vt 0.115006 0.125234
vt 0.059891 0.159876
vt 0.058680 0.097342
vt 0.265924 0.259895
vt 0.274989 0.292098
vt 0.285680 0.228461
vt 0.230516 0.257983
vt 0.335396 0.267605
vt 0.285680 0.228461
vt 0.871989 0.265677
vt 0.906533 0.283916
vt 0.874893 0.229971
vt 0.948072 0.235767
vt 0.874893 0.229971
vt 0.557485 0.076576
vt 0.507610 0.095640
vt 0.491563 0.064019
vt 0.514919 0.040067
vt 0.450402 0.125234
vt 0.454463 0.062627
vt 0.463505 0.000000
vt 0.454463 0.062627
vt 0.203814 0.716820
vt 0.140655 0.719077
vt 0.139798 0.684797
vt 0.172647 0.667215
vt 0.077495 0.721334
vt 0.107171 0.666275
vt 0.140655 0.719077
vt 0.140187 0.612919
vt 0.331147 0.499741
vt 0.307272 0.558679
vt 0.275274 0.536272
vt 0.272672 0.496824
vt 0.283397 0.617617
vt 0.244833 0.555157
vt 0.209408 0.494911
vt 0.272672 0.496824
vt 0.244833 0.555157
vt 0.757886 0.114877
vt 0.716826 0.088777
vt 0.741722 0.058085
vt 0.776488 0.061391
vt 0.670791 0.059515
vt 0.735523 0.029757
vt 0.716826 0.088777
vt 0.800254 0.000000
vt 1.000000 0.119669
vt 0.941667 0.114665
vt 0.942284 0.077333
vt 0.973174 0.062446
vt 0.878511 0.110494
vt 0.910909 0.056761
vt 0.941667 0.114665
vt 0.946348 0.005222
vt 0.000000 0.451383
vt 0.063627 0.419333
vt 0.070835 0.447421
vt 0.047051 0.478982
vt 0.127255 0.387283
vt 0.105696 0.449484
vt 0.089017 0.503599
vt 0.047051 0.478982
vt 0.105696 0.449484
vt 0.875745 0.037370
vt 0.873301 0.002611
vt 0.842106 0.054428
vt 0.910909 0.056761
vt 0.873301 0.002611
vt 0.842106 0.054428
vt 0.813660 0.110445
vt 0.810933 0.073509
vt 0.842106 0.054428
vt 0.776488 0.061391
vt 0.776488 0.061391
vt 0.171023 0.440181
vt 0.140552 0.460364
vt 0.105696 0.449484
vt 0.144597 0.497178
vt 0.171023 0.440181
vt 0.105696 0.449484
vt 0.144597 0.497178
vt 0.200348 0.387283
vt 0.204032 0.421933
vt 0.171023 0.440181
vt 0.273442 0.387283
vt 0.239866 0.440056
vt 0.171023 0.440181
vt 0.239866 0.440056
vt 0.302294 0.443512
vt 0.271955 0.459494
vt 0.239866 0.440056
vt 0.239866 0.440056
vt 0.176198 0.554737
vt 0.143899 0.535791
vt 0.110537 0.555244
vt 0.176198 0.554737
vt 0.210684 0.574966
vt 0.176198 0.554737
vt 0.209976 0.614449
vt 0.209976 0.614449
vt 0.239977 0.667623
vt 0.207932 0.650287
vt 0.209976 0.614449
vt 0.172647 0.667215
vt 0.209976 0.614449
vt 0.073685 0.606125
vt 0.076430 0.569680
vt 0.110537 0.555244
vt 0.006154 0.593738
vt 0.049923 0.544566
vt 0.073685 0.606125
vt 0.049923 0.544566
vt 0.073866 0.643842
vt 0.073685 0.606125
vt 0.041825 0.657536
vt 0.107171 0.666275
vt 0.041825 0.657536
vt 0.601695 -0.000000
vt 0.578592 0.040016
vt 0.542333 0.024304
vt 0.532600 0.000000
vt 0.514919 0.040067
vt 0.532600 0.000000
vt 0.003077 0.522560
vt 0.031110 0.515144
vt 0.049923 0.544566
vt 0.047051 0.478982
vt 0.049923 0.544566
vt 0.047051 0.478982
vt 0.454462 0.062627
vt 0.415629 0.065005
vt 0.399450 0.036982
vt 0.394075 0.097341
vt 0.335396 0.073964
vt 0.394075 0.097341
vt 0.395287 0.159875
vt 0.376042 0.129638
vt 0.394075 0.097341
vt 0.344595 0.193641
vt 0.339995 0.133803
vt 0.395287 0.159875
vt 0.394075 0.097341
vt 0.339995 0.133803
vt 0.911762 0.171968
vt 0.942858 0.154182
vt 0.974036 0.177718
vt 0.974036 0.177718
vt 0.874893 0.229971
vt 0.876928 0.190545
vt 0.911762 0.171968
vt 0.843186 0.169097
vt 0.874893 0.229971
vt 0.843186 0.169097
vt 0.777547 0.167259
vt 0.811584 0.149009
vt 0.813660 0.110445
vt 0.671855 0.202001
vt 0.671323 0.130758
vt 0.699603 0.124347
vt 0.717354 0.154422
vt 0.717354 0.154422
vt 0.303037 0.193640
vt 0.335395 0.193640
vt 0.285810 0.158806
vt 0.285680 0.228461
vt 0.335395 0.119675
vt 0.285810 0.158806
vt 0.231048 0.128589
vt 0.266857 0.127040
vt 0.285810 0.158806
vt 0.227152 0.067804
vt 0.281273 0.093739
vt 0.231048 0.128589
vt 0.285810 0.158806
vt 0.281273 0.093739
vt 0.119014 0.062507
vt 0.156000 0.063038
vt 0.172564 0.094823
vt 0.128110 -0.000000
vt 0.177631 0.033902
vt 0.172564 0.094823
vt 0.080234 0.065006
vt 0.064055 0.036983
vt 0.058680 0.097342
vt 0.119014 0.062507
vt 0.314031 0.721335
vt 0.258923 0.719077
vt 0.266581 0.685320
vt 0.298714 0.669476
vt 0.239977 0.667623
vt 0.298714 0.669476
vt 0.761721 0.441249
vt 0.793666 0.421573
vt 0.827206 0.437978
vt 0.730098 0.387283
vt 0.793298 0.387283
vt 0.761721 0.441249
vt 0.856497 0.387283
vt 0.827206 0.437978
vt 0.793298 0.387283
vt 0.729238 0.464857
vt 0.761721 0.441249
vt 0.696728 0.452316
vt 0.730404 0.502557
vt 0.696728 0.452316
vt 0.670791 0.119678
vt 0.610385 0.095185
vt 0.610329 0.063561
vt 0.636243 0.059839
vt 0.578592 0.040016
vt 0.610385 0.095185
vt 0.578592 0.040016
vt 0.509767 0.159226
vt 0.528061 0.127539
vt 0.565911 0.129300
vt 0.507611 0.095640
vt 0.507610 0.095640
vt 0.489896 0.193642
vt 0.509767 0.159226
vt 0.450157 0.193642
vt 0.509767 0.159226
vt 0.450157 0.193641
vt 0.395287 0.227407
vt 0.413267 0.193641
vt 0.450157 0.193642
vt 0.395287 0.159875
vt 0.395287 0.227407
vt 0.395287 0.159875
vt 0.738901 0.216792
vt 0.742947 0.180467
vt 0.777547 0.167259
vt 0.717354 0.154422
vt 0.717354 0.154422
vt 0.770219 0.278100
vt 0.737735 0.254492
vt 0.738901 0.216792
vt 0.705226 0.267033
vt 0.738901 0.216792
vt 0.705226 0.267033
vt 0.266299 0.387283
vt 0.243196 0.347267
vt 0.274933 0.323722
vt 0.300847 0.327444
vt 0.300847 0.327444
vt 0.274989 0.292098
vt 0.174371 0.159225
vt 0.192815 0.127278
vt 0.231048 0.128589
vt 0.172564 0.094823
vt 0.174371 0.159225
vt 0.154501 0.193642
vt 0.174371 0.159225
vt 0.114761 0.193642
vt 0.174371 0.159226
vt 0.059892 0.227408
vt 0.077872 0.193642
vt 0.059891 0.159876
vt 0.059892 0.227408
vt 0.114761 0.193642
vt 0.059891 0.159876
vt 0.866396 0.489378
vt 0.863491 0.453672
vt 0.898036 0.435433
vt 0.827206 0.437978
vt 0.866396 0.489378
vt 0.903265 0.547382
vt 0.868431 0.528804
vt 0.866396 0.489378
vt 0.834688 0.550252
vt 0.903265 0.547382
vt 0.805163 0.608905
vt 0.803086 0.570340
vt 0.769050 0.552090
vt 0.805163 0.608905
vt 0.834688 0.550252
vt 0.769050 0.552090
vt 0.621075 0.158822
vt 0.601320 0.127388
vt 0.621075 0.158822
vt 0.670791 0.193643
vt 0.638432 0.193643
vt 0.670790 0.267609
vt 0.621205 0.228477
vt 0.670791 0.193643
vt 0.621075 0.158822
vt 0.621205 0.228477
vt 0.616669 0.293544
vt 0.602252 0.260243
vt 0.621205 0.228477
vt 0.566443 0.258694
vt 0.621205 0.228477
vt 0.566443 0.258694
vt 0.394075 0.289941
vt 0.376042 0.257644
vt 0.335396 0.313318
vt 0.339995 0.253479
vt 0.394075 0.289941
vt 0.395287 0.227407
vt 0.454410 0.324776
vt 0.415629 0.322277
vt 0.399451 0.350301
vt 0.454410 0.324776
vt 0.394075 0.289941
vt 0.399450 0.350301
vt 0.571124 0.440995
vt 0.597728 0.423298
vt 0.629862 0.439142
vt 0.534961 0.391798
vt 0.590070 0.389541
vt 0.571124 0.440995
vt 0.645179 0.387283
vt 0.590070 0.389541
vt 0.438319 0.442343
vt 0.470945 0.423821
vt 0.503794 0.441403
vt 0.408643 0.387283
vt 0.471802 0.389541
vt 0.438319 0.442343
vt 0.405013 0.464776
vt 0.372972 0.451082
vt 0.438319 0.442343
vt 0.128109 0.387283
vt 0.179523 0.347216
vt 0.206937 0.362980
vt 0.197204 0.387283
vt 0.243196 0.347267
vt 0.179523 0.347216
vt 0.243196 0.347267
vt 0.119067 0.324656
vt 0.156167 0.323264
vt 0.179523 0.347216
vt 0.172215 0.291643
vt 0.064055 0.350301
vt 0.080234 0.322278
vt 0.119067 0.324656
vt -0.000000 0.313319
vt 0.058680 0.289942
vt 0.064055 0.350301
vt 0.119067 0.324656
vt 0.058680 0.289942
vt 0.004600 0.253481
vt 0.040646 0.257645
vt 0.059892 0.227408
vt 0.004600 0.253481
vt 0.059892 0.227408
vt 0.937850 0.714127
vt 0.902412 0.662588
vt 0.933786 0.642016
vt 0.964676 0.656903
vt 0.933169 0.604684
vt 0.964676 0.656903
vt 0.933169 0.604684
vt 0.864803 0.716738
vt 0.867248 0.681979
vt 0.902412 0.662588
vt 0.791757 0.719349
vt 0.833608 0.664921
vt 0.864803 0.716738
vt 0.902412 0.662588
vt 0.833608 0.664921
vt 0.767990 0.657958
vt 0.802436 0.645840
vt 0.833608 0.664921
vt 0.767990 0.657958
vt 0.805163 0.608905
vt 0.541123 0.494169
vt 0.539079 0.458331
vt 0.503794 0.441403
vt 0.541123 0.494169
vt 0.503794 0.441403
vt 0.541831 0.533652
vt 0.507345 0.553881
vt 0.507345 0.553881
vt 0.475046 0.572827
vt 0.507345 0.553881
vt 0.727025 0.689592
vt 0.733224 0.661264
vt 0.767990 0.657958
vt 0.708328 0.630572
vt 0.727025 0.689592
vt 0.767990 0.657958
vt 0.708328 0.630572
vt 0.502170 0.668437
vt 0.535179 0.686685
vt 0.531495 0.721335
vt 0.571013 0.668563
vt 0.604588 0.721335
vt 0.603818 0.611795
vt 0.603102 0.649124
vt 0.571013 0.668563
vt 0.633441 0.665106
vt 0.633441 0.665106
s 1
f 1127/1951/1127 1169/1954/1169 1289/1953/1289 1200/1952/1200
f 1140/1955/1140 1200/1957/1200 1289/1953/1289 1287/1956/1287
f 1139/1958/1139 1287/1956/1287 1289/1953/1289 1169/1959/1169
f 1128/1960/1128 1172/1963/1172 1290/1962/1290 1170/1961/1170
f 1140/1955/1140 1170/1961/1170 1290/1962/1290 1284/1964/1284
f 1142/1965/1142 1284/1966/1284 1290/1962/1290 1172/1963/1172
f 1127/1951/1127 1174/1968/1174 1291/1967/1291 1169/1959/1169
f 1139/1958/1139 1169/1970/1169 1291/1967/1291 1281/1969/1281
f 1144/1971/1144 1281/1973/1281 1291/1967/1291 1174/1972/1174
f 1127/1951/1127 1176/1975/1176 1292/1974/1292 1174/1968/1174
f 1144/1971/1144 1174/1977/1174 1292/1974/1292 1278/1976/1278
f 1146/1978/1146 1278/1976/1278 1292/1974/1292 1176/1979/1176
f 1127/1951/1127 1203/1982/1203 1293/1981/1293 1176/1980/1176
f 1146/1978/1146 1176/1984/1176 1293/1981/1293 1275/1983/1275
f 1143/1985/1143 1275/1987/1275 1293/1981/1293 1203/1986/1203
f 1128/1988/1128 1179/1991/1179 1294/1990/1294 1172/1989/1172
f 1142/1992/1142 1172/1994/1172 1294/1990/1294 1272/1993/1272
f 1149/1995/1149 1272/1996/1272 1294/1990/1294 1179/1991/1179
f 1129/1997/1129 1181/2000/1181 1295/1999/1295 1171/1998/1171
f 1141/2001/1141 1171/2003/1171 1295/1999/1295 1269/2002/1269
f 1151/2004/1151 1269/2002/1269 1295/1999/1295 1181/2000/1181
f 1130/2005/1130 1183/2008/1183 1296/2007/1296 1175/2006/1175
f 1145/2009/1145 1175/2011/1175 1296/2007/1296 1266/2010/1266
f 1153/2012/1153 1266/2013/1266 1296/2007/1296 1183/2008/1183
f 1131/2014/1131 1185/2017/1185 1297/2016/1297 1177/2015/1177
f 1147/2018/1147 1177/2015/1177 1297/2016/1297 1263/2019/1263
f 1155/2020/1155 1263/2019/1263 1297/2016/1297 1185/2021/1185
f 1132/2022/1132 1187/2025/1187 1298/2024/1298 1178/2023/1178
f 1148/2026/1148 1178/2023/1178 1298/2024/1298 1260/2027/1260
f 1157/2028/1157 1260/2030/1260 1298/2024/1298 1187/2029/1187
f 1128/1988/1128 1212/2033/1212 1299/2032/1299 1179/2031/1179
f 1149/1995/1149 1179/2035/1179 1299/2032/1299 1257/2034/1257
f 1152/2036/1152 1257/2037/1257 1299/2032/1299 1212/2033/1212
f 1129/1997/1129 1214/2039/1214 1300/2038/1300 1181/2000/1181
f 1151/2004/1151 1181/2041/1181 1300/2038/1300 1254/2040/1254
f 1154/2042/1154 1254/2040/1254 1300/2038/1300 1214/2043/1214
f 1130/2044/1130 1216/2047/1216 1301/2046/1301 1183/2045/1183
f 1153/2048/1153 1183/2050/1183 1301/2046/1301 1251/2049/1251
f 1156/2051/1156 1251/2053/1251 1301/2046/1301 1216/2052/1216
f 1131/2014/1131 1218/2055/1218 1302/2054/1302 1185/2021/1185
f 1155/2020/1155 1185/2057/1185 1302/2054/1302 1248/2056/1248
f 1158/2058/1158 1248/2059/1248 1302/2054/1302 1218/2055/1218
f 1132/2022/1132 1210/2061/1210 1303/2060/1303 1187/2029/1187
f 1157/2028/1157 1187/2029/1187 1303/2060/1303 1245/2062/1245
f 1150/2063/1150 1245/2064/1245 1303/2060/1303 1210/2061/1210
f 1133/2065/1133 1194/2068/1194 1304/2067/1304 1189/2066/1189
f 1159/2069/1159 1189/2066/1189 1304/2067/1304 1242/2070/1242
f 1164/2071/1164 1242/2072/1242 1304/2067/1304 1194/2068/1194
f 1134/2073/1134 1196/2076/1196 1305/2075/1305 1190/2074/1190
f 1160/2077/1160 1190/2079/1190 1305/2075/1305 1239/2078/1239
f 1166/2080/1166 1239/2078/1239 1305/2075/1305 1196/2076/1196
f 1135/2081/1135 1197/2084/1197 1306/2083/1306 1191/2082/1191
f 1161/2085/1161 1191/2082/1191 1306/2083/1306 1236/2086/1236
f 1167/2087/1167 1236/2089/1236 1306/2083/1306 1197/2088/1197
f 1136/2090/1136 1198/2093/1198 1307/2092/1307 1192/2091/1192
f 1162/2094/1162 1192/2096/1192 1307/2092/1307 1233/2095/1233
f 1168/2097/1168 1233/2095/1233 1307/2092/1307 1198/2093/1198
f 1137/2098/1137 1225/2101/1225 1308/2100/1308 1193/2099/1193
f 1163/2102/1163 1193/2104/1193 1308/2100/1308 1230/2103/1230
f 1165/2105/1165 1230/2103/1230 1308/2100/1308 1225/2101/1225
f 1165/2106/1165 1195/2109/1195 1309/2108/1309 1229/2107/1229
f 1168/2110/1168 1229/2107/1229 1309/2108/1309 1228/2111/1228
f 1138/2112/1138 1228/2114/1228 1309/2108/1309 1195/2113/1195
f 1165/2105/1165 1229/2116/1229 1310/2115/1310 1230/2103/1230
f 1163/2102/1163 1230/2118/1230 1310/2115/1310 1231/2117/1231
f 1168/2097/1168 1231/2120/1231 1310/2115/1310 1229/2119/1229
f 1163/2102/1163 1231/2123/1231 1311/2122/1311 1223/2121/1223
f 1136/2090/1136 1223/2121/1223 1311/2122/1311 1198/2124/1198
f 1168/2097/1168 1198/2125/1198 1311/2122/1311 1231/2120/1231
f 1168/2110/1168 1228/2128/1228 1312/2127/1312 1232/2126/1232
f 1167/2087/1167 1232/2130/1232 1312/2127/1312 1227/2129/1227
f 1138/2112/1138 1227/2132/1227 1312/2127/1312 1228/2131/1228
f 1168/2110/1168 1232/2135/1232 1313/2134/1313 1233/2133/1233
f 1162/2136/1162 1233/2133/1233 1313/2134/1313 1234/2137/1234
f 1167/2087/1167 1234/2139/1234 1313/2134/1313 1232/2138/1232
f 1162/2136/1162 1234/2142/1234 1314/2141/1314 1222/2140/1222
f 1135/2081/1135 1222/2140/1222 1314/2141/1314 1197/2084/1197
f 1167/2087/1167 1197/2088/1197 1314/2141/1314 1234/2143/1234
f 1167/2087/1167 1227/2129/1227 1315/2145/1315 1235/2144/1235
f 1166/2080/1166 1235/2147/1235 1315/2145/1315 1226/2146/1226
f 1138/2112/1138 1226/2146/1226 1315/2145/1315 1227/2132/1227
f 1167/2087/1167 1235/2149/1235 1316/2148/1316 1236/2089/1236
f 1161/2085/1161 1236/2086/1236 1316/2148/1316 1237/2150/1237
f 1166/2080/1166 1237/2151/1237 1316/2148/1316 1235/2149/1235
f 1161/2085/1161 1237/2154/1237 1317/2153/1317 1221/2152/1221
f 1134/2073/1134 1221/2152/1221 1317/2153/1317 1196/2155/1196
f 1166/2080/1166 1196/2076/1196 1317/2153/1317 1237/2156/1237
f 1166/2080/1166 1226/2159/1226 1318/2158/1318 1238/2157/1238
f 1164/2160/1164 1238/2162/1238 1318/2158/1318 1224/2161/1224
f 1138/2112/1138 1224/2163/1224 1318/2158/1318 1226/2146/1226
f 1166/2080/1166 1238/2165/1238 1319/2164/1319 1239/2078/1239
f 1160/2077/1160 1239/2167/1239 1319/2164/1319 1240/2166/1240
f 1164/2160/1164 1240/2168/1240 1319/2164/1319 1238/2165/1238
f 1160/2169/1160 1240/2172/1240 1320/2171/1320 1220/2170/1220
f 1133/2065/1133 1220/2170/1220 1320/2171/1320 1194/2173/1194
f 1164/2071/1164 1194/2173/1194 1320/2171/1320 1240/2174/1240
f 1164/2160/1164 1224/2177/1224 1321/2176/1321 1241/2175/1241
f 1165/2106/1165 1241/2175/1241 1321/2176/1321 1195/2178/1195
f 1138/2112/1138 1195/2180/1195 1321/2176/1321 1224/2179/1224
f 1164/2071/1164 1241/2183/1241 1322/2182/1322 1242/2181/1242
f 1159/2069/1159 1242/2181/1242 1322/2182/1322 1243/2184/1243
f 1165/2185/1165 1243/2186/1243 1322/2182/1322 1241/2183/1241
f 1159/2069/1159 1243/2189/1243 1323/2188/1323 1219/2187/1219
f 1137/2190/1137 1219/2192/1219 1323/2188/1323 1225/2191/1225
f 1165/2185/1165 1225/2194/1225 1323/2188/1323 1243/2193/1243
f 1150/2063/1150 1180/2197/1180 1324/2196/1324 1244/2195/1244
f 1163/2102/1163 1244/2195/1244 1324/2196/1324 1193/2104/1193
f 1137/2098/1137 1193/2099/1193 1324/2196/1324 1180/2198/1180
f 1150/2063/1150 1244/2201/1244 1325/2200/1325 1245/2199/1245
f 1157/2028/1157 1245/2203/1245 1325/2200/1325 1246/2202/1246
f 1163/2102/1163 1246/2204/1246 1325/2200/1325 1244/2201/1244
f 1157/2028/1157 1246/2204/1246 1326/2206/1326 1217/2205/1217
f 1136/2090/1136 1217/2205/1217 1326/2206/1326 1223/2207/1223
f 1163/2102/1163 1223/2121/1223 1326/2206/1326 1246/2204/1246
f 1158/2208/1158 1188/2211/1188 1327/2210/1327 1247/2209/1247
f 1162/2094/1162 1247/2209/1247 1327/2210/1327 1192/2096/1192
f 1136/2090/1136 1192/2091/1192 1327/2210/1327 1188/2212/1188
f 1158/2058/1158 1247/2214/1247 1328/2213/1328 1248/2056/1248
f 1155/2020/1155 1248/2216/1248 1328/2213/1328 1249/2215/1249
f 1162/2217/1162 1249/2218/1249 1328/2213/1328 1247/2214/1247
f 1155/2020/1155 1249/2221/1249 1329/2220/1329 1215/2219/1215
f 1135/2222/1135 1215/2224/1215 1329/2220/1329 1222/2223/1222
f 1162/2217/1162 1222/2226/1222 1329/2220/1329 1249/2225/1249
f 1156/2051/1156 1186/2229/1186 1330/2228/1330 1250/2227/1250
f 1161/2230/1161 1250/2227/1250 1330/2228/1330 1191/2231/1191
f 1135/2222/1135 1191/2231/1191 1330/2228/1330 1186/2232/1186
f 1156/2051/1156 1250/2227/1250 1331/2233/1331 1251/2049/1251
f 1153/2048/1153 1251/2235/1251 1331/2233/1331 1252/2234/1252
f 1161/2230/1161 1252/2234/1252 1331/2233/1331 1250/2236/1250
f 1153/2237/1153 1252/2240/1252 1332/2239/1332 1213/2238/1213
f 1134/2073/1134 1213/2238/1213 1332/2239/1332 1221/2241/1221
f 1161/2085/1161 1221/2241/1221 1332/2239/1332 1252/2242/1252
f 1154/2042/1154 1184/2245/1184 1333/2244/1333 1253/2243/1253
f 1160/2246/1160 1253/2248/1253 1333/2244/1333 1190/2247/1190
f 1134/2249/1134 1190/2251/1190 1333/2244/1333 1184/2250/1184
f 1154/2042/1154 1253/2253/1253 1334/2252/1334 1254/2040/1254
f 1151/2004/1151 1254/2255/1254 1334/2252/1334 1255/2254/1255
f 1160/2246/1160 1255/2256/1255 1334/2252/1334 1253/2243/1253
f 1151/2257/1151 1255/2260/1255 1335/2259/1335 1211/2258/1211
f 1133/2065/1133 1211/2262/1211 1335/2259/1335 1220/2261/1220
f 1160/2169/1160 1220/2263/1220 1335/2259/1335 1255/2260/1255
f 1152/2036/1152 1182/2266/1182 1336/2265/1336 1256/2264/1256
f 1159/2069/1159 1256/2264/1256 1336/2265/1336 1189/2267/1189
f 1133/2065/1133 1189/2268/1189 1336/2265/1336 1182/2266/1182
f 1152/2036/1152 1256/2270/1256 1337/2269/1337 1257/2037/1257
f 1149/1995/1149 1257/2034/1257 1337/2269/1337 1258/2271/1258
f 1159/2069/1159 1258/2273/1258 1337/2269/1337 1256/2272/1256
f 1149/1995/1149 1258/2276/1258 1338/2275/1338 1209/2274/1209
f 1137/2190/1137 1209/2278/1209 1338/2275/1338 1219/2277/1219
f 1159/2069/1159 1219/2279/1219 1338/2275/1338 1258/2276/1258
f 1157/2028/1157 1217/2282/1217 1339/2281/1339 1259/2280/1259
f 1158/2208/1158 1259/2280/1259 1339/2281/1339 1188/2283/1188
f 1136/2090/1136 1188/2284/1188 1339/2281/1339 1217/2205/1217
f 1157/2028/1157 1259/2287/1259 1340/2286/1340 1260/2285/1260
f 1148/2026/1148 1260/2285/1260 1340/2286/1340 1261/2288/1261
f 1158/2208/1158 1261/2290/1261 1340/2286/1340 1259/2289/1259
f 1148/2291/1148 1261/2294/1261 1341/2293/1341 1208/2292/1208
f 1131/2014/1131 1208/2292/1208 1341/2293/1341 1218/2055/1218
f 1158/2058/1158 1218/2296/1218 1341/2293/1341 1261/2295/1261
f 1155/2020/1155 1215/2299/1215 1342/2298/1342 1262/2297/1262
f 1156/2051/1156 1262/2301/1262 1342/2298/1342 1186/2300/1186
f 1135/2222/1135 1186/2229/1186 1342/2298/1342 1215/2224/1215
f 1155/2020/1155 1262/2303/1262 1343/2302/1343 1263/2019/1263
f 1147/2018/1147 1263/2019/1263 1343/2302/1343 1264/2304/1264
f 1156/2051/1156 1264/2304/1264 1343/2302/1343 1262/2305/1262
f 1147/2018/1147 1264/2304/1264 1344/2307/1344 1207/2306/1207
f 1130/2044/1130 1207/2309/1207 1344/2307/1344 1216/2308/1216
f 1156/2051/1156 1216/2311/1216 1344/2307/1344 1264/2310/1264
f 1153/2012/1153 1213/2314/1213 1345/2313/1345 1265/2312/1265
f 1154/2042/1154 1265/2316/1265 1345/2313/1345 1184/2315/1184
f 1134/2249/1134 1184/2250/1184 1345/2313/1345 1213/2314/1213
f 1153/2012/1153 1265/2319/1265 1346/2318/1346 1266/2317/1266
f 1145/2009/1145 1266/2321/1266 1346/2318/1346 1267/2320/1267
f 1154/2042/1154 1267/2320/1267 1346/2318/1346 1265/2312/1265
f 1145/2009/1145 1267/2320/1267 1347/2323/1347 1205/2322/1205
f 1129/1997/1129 1205/2325/1205 1347/2323/1347 1214/2324/1214
f 1154/2042/1154 1214/2327/1214 1347/2323/1347 1267/2326/1267
f 1151/2257/1151 1211/2258/1211 1348/2329/1348 1268/2328/1268
f 1152/2036/1152 1268/2330/1268 1348/2329/1348 1182/2266/1182
f 1133/2065/1133 1182/2266/1182 1348/2329/1348 1211/2258/1211
f 1151/2257/1151 1268/2328/1268 1349/2332/1349 1269/2331/1269
f 1141/2333/1141 1269/2335/1269 1349/2332/1349 1270/2334/1270
f 1152/2036/1152 1270/2337/1270 1349/2332/1349 1268/2336/1268
f 1141/2333/1141 1270/2340/1270 1350/2339/1350 1201/2338/1201
f 1128/1988/1128 1201/2338/1201 1350/2339/1350 1212/2341/1212
f 1152/2036/1152 1212/2343/1212 1350/2339/1350 1270/2342/1270
f 1149/1995/1149 1209/2274/1209 1351/2345/1351 1271/2344/1271
f 1150/2346/1150 1271/2348/1271 1351/2345/1351 1180/2347/1180
f 1137/2190/1137 1180/2347/1180 1351/2345/1351 1209/2349/1209
f 1149/1995/1149 1271/2344/1271 1352/2351/1352 1272/2350/1272
f 1142/1992/1142 1272/2353/1272 1352/2351/1352 1273/2352/1273
f 1150/2346/1150 1273/2355/1273 1352/2351/1352 1271/2354/1271
f 1142/1965/1142 1273/2358/1273 1353/2357/1353 1202/2356/1202
f 1132/2359/1132 1202/2361/1202 1353/2357/1353 1210/2360/1210
f 1150/2362/1150 1210/2363/1210 1353/2357/1353 1273/2358/1273
f 1143/1985/1143 1173/2366/1173 1354/2365/1354 1274/2364/1274
f 1148/2367/1148 1274/2369/1274 1354/2365/1354 1178/2368/1178
f 1132/2359/1132 1178/2368/1178 1354/2365/1354 1173/2366/1173
f 1143/1985/1143 1274/2369/1274 1355/2370/1355 1275/1987/1275
f 1146/1978/1146 1275/1983/1275 1355/2370/1355 1276/2371/1276
f 1148/2367/1148 1276/2371/1276 1355/2370/1355 1274/2372/1274
f 1146/2373/1146 1276/2376/1276 1356/2375/1356 1206/2374/1206
f 1131/2014/1131 1206/2378/1206 1356/2375/1356 1208/2377/1208
f 1148/2291/1148 1208/2379/1208 1356/2375/1356 1276/2376/1276
f 1146/2373/1146 1206/2382/1206 1357/2381/1357 1277/2380/1277
f 1147/2018/1147 1277/2380/1277 1357/2381/1357 1177/2383/1177
f 1131/2014/1131 1177/2383/1177 1357/2381/1357 1206/2382/1206
f 1146/2373/1146 1277/2386/1277 1358/2385/1358 1278/2384/1278
f 1144/2387/1144 1278/2389/1278 1358/2385/1358 1279/2388/1279
f 1147/2018/1147 1279/2391/1279 1358/2385/1358 1277/2390/1277
f 1144/2387/1144 1279/2388/1279 1359/2393/1359 1204/2392/1204
f 1130/2044/1130 1204/2395/1204 1359/2393/1359 1207/2394/1207
f 1147/2018/1147 1207/2396/1207 1359/2393/1359 1279/2391/1279
f 1144/2397/1144 1204/2400/1204 1360/2399/1360 1280/2398/1280
f 1145/2009/1145 1280/2398/1280 1360/2399/1360 1175/2401/1175
f 1130/2005/1130 1175/2403/1175 1360/2399/1360 1204/2402/1204
f 1144/2397/1144 1280/2406/1280 1361/2405/1361 1281/2404/1281
f 1139/2407/1139 1281/2409/1281 1361/2405/1361 1282/2408/1282
f 1145/2009/1145 1282/2411/1282 1361/2405/1361 1280/2410/1280
f 1139/2407/1139 1282/2414/1282 1362/2413/1362 1199/2412/1199
f 1129/1997/1129 1199/2415/1199 1362/2413/1362 1205/2325/1205
f 1145/2009/1145 1205/2416/1205 1362/2413/1362 1282/2408/1282
f 1142/1965/1142 1202/2361/1202 1363/2418/1363 1283/2417/1283
f 1143/1985/1143 1283/2420/1283 1363/2418/1363 1173/2419/1173
f 1132/2359/1132 1173/2421/1173 1363/2418/1363 1202/2361/1202
f 1142/1965/1142 1283/2420/1283 1364/2422/1364 1284/1964/1284
f 1140/1955/1140 1284/1966/1284 1364/2422/1364 1285/2423/1285
f 1143/1985/1143 1285/2424/1285 1364/2422/1364 1283/2417/1283
f 1140/1955/1140 1285/2426/1285 1365/2425/1365 1200/1957/1200
f 1127/1951/1127 1200/1952/1200 1365/2425/1365 1203/1986/1203
f 1143/1985/1143 1203/1982/1203 1365/2425/1365 1285/2424/1285
f 1139/2407/1139 1199/2429/1199 1366/2428/1366 1286/2427/1286
f 1141/2001/1141 1286/2431/1286 1366/2428/1366 1171/2430/1171
f 1129/1997/1129 1171/2433/1171 1366/2428/1366 1199/2432/1199
f 1139/1958/1139 1286/2436/1286 1367/2435/1367 1287/2434/1287
f 1140/1955/1140 1287/2434/1287 1367/2435/1367 1288/2437/1288
f 1141/2438/1141 1288/2437/1288 1367/2435/1367 1286/2436/1286
f 1140/1955/1140 1288/2441/1288 1368/2440/1368 1170/2439/1170
f 1128/1960/1128 1170/2439/1170 1368/2440/1368 1201/2442/1201
f 1141/2438/1141 1201/2443/1201 1368/2440/1368 1288/2441/1288
o WallBarrier_Ball05
v -0.000000 0.984633 -2.323259
v -0.211629 0.822963 -2.477016
v 0.080834 0.822963 -2.572044
v 0.261588 0.822963 -2.323259
v 0.080834 0.822963 -2.074475
v -0.211629 0.822963 -2.169503
v -0.080834 0.561372 -2.572044
v 0.211629 0.561372 -2.477016
v 0.211629 0.561372 -2.169503
v -0.080834 0.561372 -2.074475
v -0.261588 0.561373 -2.323259
v 0.000000 0.399703 -2.323259
v 0.047235 0.939500 -2.468636
v -0.123665 0.939500 -2.413106
v -0.076430 0.845028 -2.558483
v -0.247330 0.845028 -2.323259
v -0.123665 0.939500 -2.233413
v 0.152858 0.939499 -2.323259
v 0.200094 0.845028 -2.468636
v 0.047235 0.939500 -2.177883
v 0.200094 0.845028 -2.177883
v -0.076430 0.845028 -2.088035
v -0.276524 0.692168 -2.413107
v -0.276524 0.692168 -2.233412
v -0.000000 0.692168 -2.614014
v -0.170901 0.692168 -2.558484
v 0.276524 0.692168 -2.413107
v 0.170901 0.692168 -2.558484
v 0.170901 0.692168 -2.088034
v 0.276524 0.692168 -2.233412
v -0.170901 0.692168 -2.088034
v 0.000000 0.692168 -2.032505
v -0.200094 0.539308 -2.468636
v 0.076430 0.539307 -2.558483
v 0.247330 0.539308 -2.323259
v 0.076430 0.539307 -2.088035
v -0.200094 0.539308 -2.177883
v -0.047235 0.444836 -2.468636
v -0.152858 0.444837 -2.323259
v 0.123665 0.444836 -2.413106
v 0.123665 0.444836 -2.233413
v -0.047235 0.444836 -2.177883
v 0.023242 0.974612 -2.394792
v -0.177165 0.885756 -2.451976
v 0.006820 0.839271 -2.575739
v -0.238015 0.839271 -2.407766
v -0.177165 0.885756 -2.194543
v 0.075214 0.974612 -2.323259
v 0.242231 0.839270 -2.394792
v 0.023242 0.974612 -2.251727
v 0.142885 0.839271 -2.114990
v -0.153923 0.839271 -2.123009
v -0.252380 0.764055 -2.451976
v -0.279838 0.620281 -2.279050
v 0.044428 0.764056 -2.603063
v -0.128521 0.620280 -2.575739
v 0.279838 0.764055 -2.367469
v 0.200408 0.620280 -2.523510
v 0.128521 0.764056 -2.070779
v 0.252380 0.620280 -2.194542
v -0.200408 0.764056 -2.123009
v -0.044428 0.620280 -2.043456
v -0.142885 0.545065 -2.531529
v 0.153923 0.545065 -2.523510
v 0.238015 0.545065 -2.238752
v -0.006820 0.545065 -2.070780
v -0.242231 0.545065 -2.251726
v -0.067670 0.498580 -2.531528
v -0.075214 0.409724 -2.323259
v 0.177165 0.498580 -2.451976
v 0.177165 0.498580 -2.194543
v -0.067670 0.498580 -2.114990
v 0.067670 0.885756 -2.531528
v -0.060850 0.974612 -2.367469
v -0.153923 0.839271 -2.523510
v -0.238015 0.839271 -2.238752
v -0.060850 0.974612 -2.279050
v 0.218988 0.885755 -2.323259
v 0.142885 0.839271 -2.531529
v 0.067670 0.885756 -2.114990
v 0.242231 0.839270 -2.251726
v 0.006820 0.839271 -2.070780
v -0.279838 0.620281 -2.367469
v -0.252380 0.764055 -2.194542
v -0.044428 0.620280 -2.603063
v -0.200408 0.764056 -2.523510
v 0.252380 0.620280 -2.451976
v 0.128521 0.764056 -2.575739
v 0.200408 0.620280 -2.123009
v 0.279838 0.764055 -2.279050
v -0.128521 0.620280 -2.070779
v 0.044428 0.764056 -2.043456
v -0.242231 0.545065 -2.394792
v -0.006820 0.545065 -2.575739
v 0.238015 0.545065 -2.407766
v 0.153923 0.545065 -2.123009
v -0.142885 0.545065 -2.114990
v -0.023242 0.409723 -2.394792
v -0.218988 0.498580 -2.323259
v 0.060850 0.409723 -2.367469
v 0.060850 0.409723 -2.279050
v -0.023242 0.409723 -2.251727
v -0.106651 0.433620 -2.245773
v -0.183555 0.481149 -2.245773
v -0.130415 0.481149 -2.172634
v 0.040738 0.433620 -2.197884
v 0.016974 0.481149 -2.124745
v 0.102954 0.481149 -2.152682
v 0.131828 0.433620 -2.323259
v 0.194044 0.481149 -2.278057
v 0.194044 0.481149 -2.368461
v 0.040738 0.433620 -2.448634
v 0.102954 0.481149 -2.493837
v 0.016974 0.481149 -2.521774
v -0.106651 0.433620 -2.400746
v -0.130415 0.481149 -2.473885
v -0.183555 0.481149 -2.400746
v -0.249469 0.612978 -2.197884
v -0.234782 0.689882 -2.152681
v -0.196330 0.612978 -2.124744
v 0.042150 0.612978 -2.047257
v 0.089679 0.689882 -2.047257
v 0.128131 0.612978 -2.075194
v 0.275519 0.612978 -2.278057
v 0.290207 0.689882 -2.323259
v 0.275519 0.612978 -2.368462
v 0.128131 0.612978 -2.571325
v 0.089679 0.689882 -2.599262
v 0.042150 0.612978 -2.599262
v -0.196330 0.612978 -2.521775
v -0.234782 0.689882 -2.493838
v -0.249469 0.612978 -2.448635
v -0.089679 0.694453 -2.047257
v -0.128131 0.771358 -2.075194
v -0.042150 0.771358 -2.047257
v 0.234782 0.694453 -2.152681
v 0.196330 0.771358 -2.124744
v 0.249469 0.771358 -2.197884
v 0.234782 0.694453 -2.493838
v 0.249469 0.771358 -2.448635
v 0.196330 0.771358 -2.521775
v -0.089679 0.694453 -2.599262
v -0.042150 0.771358 -2.599262
v -0.128131 0.771358 -2.571325
v -0.290207 0.694454 -2.323259
v -0.275519 0.771358 -2.368462
v -0.275519 0.771358 -2.278057
v -0.102954 0.903187 -2.152682
v -0.040738 0.950716 -2.197884
v -0.016974 0.903187 -2.124745
v 0.130415 0.903187 -2.172634
v 0.106651 0.950715 -2.245773
v 0.183555 0.903187 -2.245773
v 0.183555 0.903187 -2.400746
v 0.106651 0.950715 -2.400746
v 0.130415 0.903187 -2.473885
v -0.194044 0.903187 -2.278057
v -0.194044 0.903187 -2.368461
v -0.131828 0.950716 -2.323259
v -0.016974 0.903187 -2.521774
v -0.040738 0.950716 -2.448634
v -0.102954 0.903187 -2.493837
v -0.026939 0.971424 -2.406166
v -0.206672 0.880136 -2.410079
v 0.070525 0.971423 -2.374499
v 0.070525 0.971423 -2.272020
v -0.026939 0.971424 -2.240353
v -0.260549 0.792961 -2.410079
v 0.002056 0.792961 -2.597885
v 0.261820 0.792961 -2.406166
v 0.159756 0.792961 -2.099874
v -0.163086 0.792961 -2.102293
v -0.233611 0.739084 -2.492986
v 0.089231 0.739084 -2.597885
v 0.288759 0.739084 -2.323259
v 0.089231 0.739084 -2.048634
v -0.233611 0.739084 -2.153532
v -0.116169 0.504200 -2.514977
v 0.146437 0.504200 -2.492986
v 0.206672 0.504200 -2.236440
v -0.018705 0.504200 -2.099874
v -0.218233 0.504200 -2.272020
v -0.070525 0.412912 -2.272020
v -0.142448 0.461680 -2.219765
v -0.116169 0.504200 -2.131542
v 0.026939 0.412912 -2.240353
v 0.054411 0.461679 -2.155802
v 0.146437 0.504200 -2.153533
v 0.087174 0.412912 -2.323259
v 0.176076 0.461679 -2.323259
v 0.206672 0.504200 -2.410079
v 0.026939 0.412912 -2.406166
v 0.054411 0.461679 -2.490717
v -0.018705 0.504200 -2.546644
v -0.070525 0.412912 -2.374499
v -0.142448 0.461680 -2.426754
v -0.218233 0.504200 -2.374499
v -0.261820 0.591375 -2.240352
v -0.230487 0.637757 -2.155801
v -0.159756 0.591375 -2.099874
v -0.002056 0.591374 -2.048634
v 0.088039 0.637757 -2.052306
v 0.163086 0.591374 -2.102293
v 0.260549 0.591375 -2.236440
v 0.284898 0.637757 -2.323259
v 0.260549 0.591375 -2.410079
v 0.163086 0.591374 -2.544226
v 0.088039 0.637757 -2.594213
v -0.002056 0.591374 -2.597885
v -0.159756 0.591375 -2.546645
v -0.230487 0.637757 -2.490717
v -0.261820 0.591375 -2.406166
v -0.089231 0.645252 -2.048634
v -0.088039 0.746579 -2.052306
v 0.002056 0.792961 -2.048634
v 0.233611 0.645252 -2.153532
v 0.230487 0.746579 -2.155801
v 0.261820 0.792961 -2.240352
v 0.233611 0.645252 -2.492986
v 0.230487 0.746579 -2.490717
v 0.159756 0.792961 -2.546645
v -0.089231 0.645252 -2.597885
v -0.088039 0.746579 -2.594213
v -0.163086 0.792961 -2.544226
v -0.288759 0.645252 -2.323259
v -0.284898 0.746579 -2.323259
v -0.260549 0.792961 -2.236440
v -0.146437 0.880136 -2.153533
v -0.054411 0.922657 -2.155802
v 0.018705 0.880136 -2.099874
v 0.116169 0.880136 -2.131542
v 0.142448 0.922656 -2.219765
v 0.218233 0.880135 -2.272020
v 0.218233 0.880135 -2.374499
v 0.142448 0.922656 -2.426754
v 0.116169 0.880136 -2.514977
v -0.206672 0.880136 -2.236440
v -0.176076 0.922656 -2.323259
v -0.087174 0.971424 -2.323259
v 0.018705 0.880136 -2.546644
v -0.054411 0.922657 -2.490717
v -0.146437 0.880136 -2.492986
vn -0.0000 1.0000 -0.0000
vn -0.7236 0.4472 -0.5257
vn 0.2764 0.4472 -0.8506
vn 0.8944 0.4472 -0.0000
vn 0.2764 0.4472 0.8506
vn -0.7236 0.4472 0.5257
vn -0.2764 -0.4472 -0.8506
vn 0.7236 -0.4472 -0.5257
vn 0.7236 -0.4472 0.5257
vn -0.2764 -0.4472 0.8506
vn -0.8944 -0.4472 -0.0000
vn -0.0000 -1.0000 -0.0000
vn 0.1625 0.8507 -0.5000
vn -0.4253 0.8507 -0.3090
vn -0.2629 0.5257 -0.8090
vn -0.8506 0.5257 -0.0000
vn -0.4253 0.8507 0.3090
vn 0.5257 0.8507 -0.0000
vn 0.6882 0.5257 -0.5000
vn 0.1625 0.8507 0.5000
vn 0.6882 0.5257 0.5000
vn -0.2629 0.5257 0.8090
vn -0.9511 -0.0000 -0.3090
vn -0.9511 -0.0000 0.3090
vn -0.0000 -0.0000 -1.0000
vn -0.5878 -0.0000 -0.8090
vn 0.9511 -0.0000 -0.3090
vn 0.5878 -0.0000 -0.8090
vn 0.5878 -0.0000 0.8090
vn 0.9511 -0.0000 0.3090
vn -0.5878 -0.0000 0.8090
vn -0.0000 -0.0000 1.0000
vn -0.6882 -0.5257 -0.5000
vn 0.2629 -0.5257 -0.8090
vn 0.8506 -0.5257 -0.0000
vn 0.2629 -0.5257 0.8090
vn -0.6882 -0.5257 0.5000
vn -0.1625 -0.8507 -0.5000
vn -0.5257 -0.8507 -0.0000
vn 0.4253 -0.8507 -0.3090
vn 0.4253 -0.8507 0.3090
vn -0.1625 -0.8507 0.5000
vn 0.0868 0.9598 -0.2670
vn -0.5929 0.6803 -0.4308
vn -0.0007 0.5068 -0.8620
vn -0.8201 0.5068 -0.2658
vn -0.5929 0.6803 0.4308
vn 0.2808 0.9598 -0.0000
vn 0.8197 0.5068 -0.2670
vn 0.0868 0.9598 0.2670
vn 0.5072 0.5068 0.6970
vn -0.5062 0.5068 0.6978
vn -0.8737 0.2261 -0.4308
vn -0.9600 -0.2261 0.1650
vn 0.1397 0.2261 -0.9640
vn -0.4536 -0.2261 -0.8620
vn 0.9600 0.2261 -0.1650
vn 0.6797 -0.2261 -0.6978
vn 0.4536 0.2261 0.8620
vn 0.8737 -0.2261 0.4308
vn -0.6797 0.2261 0.6978
vn -0.1397 -0.2261 0.9640
vn -0.5072 -0.5068 -0.6970
vn 0.5062 -0.5068 -0.6978
vn 0.8201 -0.5068 0.2658
vn 0.0007 -0.5068 0.8620
vn -0.8197 -0.5068 0.2670
vn -0.2265 -0.6803 -0.6970
vn -0.2808 -0.9598 -0.0000
vn 0.5929 -0.6803 -0.4308
vn 0.5929 -0.6803 0.4308
vn -0.2265 -0.6803 0.6970
vn 0.2265 0.6803 -0.6970
vn -0.2271 0.9598 -0.1650
vn -0.5062 0.5068 -0.6978
vn -0.8201 0.5068 0.2658
vn -0.2271 0.9598 0.1650
vn 0.7329 0.6803 -0.0000
vn 0.5072 0.5068 -0.6970
vn 0.2265 0.6803 0.6970
vn 0.8197 0.5068 0.2670
vn -0.0007 0.5068 0.8620
vn -0.9600 -0.2261 -0.1650
vn -0.8737 0.2261 0.4308
vn -0.1397 -0.2261 -0.9640
vn -0.6797 0.2261 -0.6978
vn 0.8737 -0.2261 -0.4308
vn 0.4536 0.2261 -0.8620
vn 0.6797 -0.2261 0.6978
vn 0.9600 0.2261 0.1650
vn -0.4536 -0.2261 0.8620
vn 0.1397 0.2261 0.9640
vn -0.8197 -0.5068 -0.2670
vn 0.0007 -0.5068 -0.8620
vn 0.8201 -0.5068 -0.2658
vn 0.5062 -0.5068 0.6978
vn -0.5072 -0.5068 0.6970
vn -0.0868 -0.9598 -0.2670
vn -0.7329 -0.6803 -0.0000
vn 0.2271 -0.9598 -0.1650
vn 0.2271 -0.9598 0.1650
vn -0.0868 -0.9598 0.2670
vn -0.3824 -0.8812 0.2778
vn -0.6172 -0.7361 0.2778
vn -0.4549 -0.7361 0.5011
vn 0.1461 -0.8812 0.4495
vn 0.0735 -0.7361 0.6728
vn 0.3360 -0.7361 0.5875
vn 0.4727 -0.8812 -0.0000
vn 0.6626 -0.7361 0.1380
vn 0.6626 -0.7361 -0.1380
vn 0.1461 -0.8812 -0.4495
vn 0.3360 -0.7361 -0.5875
vn 0.0735 -0.7361 -0.6728
vn -0.3824 -0.8812 -0.2778
vn -0.4549 -0.7361 -0.5011
vn -0.6172 -0.7361 -0.2778
vn -0.8535 -0.2635 0.4495
vn -0.8087 -0.0287 0.5875
vn -0.6913 -0.2635 0.6728
vn 0.1638 -0.2635 0.9507
vn 0.3089 -0.0287 0.9507
vn 0.4263 -0.2635 0.8654
vn 0.9547 -0.2635 0.1380
vn 0.9996 -0.0287 -0.0000
vn 0.9547 -0.2635 -0.1380
vn 0.4263 -0.2635 -0.8654
vn 0.3089 -0.0287 -0.9507
vn 0.1638 -0.2635 -0.9507
vn -0.6913 -0.2635 -0.6728
vn -0.8087 -0.0287 -0.5875
vn -0.8535 -0.2635 -0.4495
vn -0.3089 0.0287 0.9507
vn -0.4263 0.2635 0.8654
vn -0.1638 0.2635 0.9507
vn 0.8087 0.0287 0.5875
vn 0.6913 0.2635 0.6728
vn 0.8535 0.2635 0.4495
vn 0.8087 0.0287 -0.5875
vn 0.8535 0.2635 -0.4495
vn 0.6913 0.2635 -0.6728
vn -0.3089 0.0287 -0.9507
vn -0.1638 0.2635 -0.9507
vn -0.4263 0.2635 -0.8654
vn -0.9996 0.0287 -0.0000
vn -0.9547 0.2635 -0.1380
vn -0.9547 0.2635 0.1380
vn -0.3360 0.7361 0.5875
vn -0.1461 0.8812 0.4495
vn -0.0735 0.7361 0.6728
vn 0.4549 0.7361 0.5011
vn 0.3824 0.8812 0.2778
vn 0.6172 0.7361 0.2778
vn 0.6172 0.7361 -0.2778
vn 0.3824 0.8812 -0.2778
vn 0.4549 0.7361 -0.5011
vn -0.6626 0.7361 0.1380
vn -0.6626 0.7361 -0.1380
vn -0.4727 0.8812 -0.0000
vn -0.0735 0.7361 -0.6728
vn -0.1461 0.8812 -0.4495
vn -0.3360 0.7361 -0.5875
vn -0.1000 0.9462 -0.3078
vn -0.7018 0.6573 -0.2747
vn 0.2618 0.9462 -0.1902
vn 0.2618 0.9462 0.1902
vn -0.1000 0.9462 0.3078
vn -0.9018 0.3337 -0.2747
vn -0.0174 0.3337 -0.9425
vn 0.8910 0.3337 -0.3078
vn 0.5680 0.3337 0.7523
vn -0.5400 0.3337 0.7727
vn -0.8018 0.1337 -0.5825
vn 0.3062 0.1337 -0.9425
vn 0.9910 0.1337 -0.0000
vn 0.3062 0.1337 0.9425
vn -0.8018 0.1337 0.5825
vn -0.4062 -0.6573 -0.6347
vn 0.4781 -0.6573 -0.5825
vn 0.7018 -0.6573 0.2747
vn -0.0444 -0.6573 0.7523
vn -0.7292 -0.6573 0.1902
vn -0.2618 -0.9462 0.1902
vn -0.4911 -0.7947 0.3568
vn -0.4062 -0.6573 0.6347
vn 0.1000 -0.9462 0.3078
vn 0.1876 -0.7947 0.5773
vn 0.4781 -0.6573 0.5825
vn 0.3236 -0.9462 -0.0000
vn 0.6071 -0.7947 -0.0000
vn 0.7018 -0.6573 -0.2747
vn 0.1000 -0.9462 -0.3078
vn 0.1876 -0.7947 -0.5773
vn -0.0444 -0.6573 -0.7523
vn -0.2618 -0.9462 -0.1902
vn -0.4911 -0.7947 -0.3568
vn -0.7292 -0.6573 -0.1902
vn -0.8910 -0.3337 0.3078
vn -0.7947 -0.1876 0.5773
vn -0.5680 -0.3337 0.7523
vn 0.0174 -0.3337 0.9425
vn 0.3035 -0.1876 0.9342
vn 0.5400 -0.3337 0.7727
vn 0.9018 -0.3337 0.2747
vn 0.9822 -0.1876 -0.0000
vn 0.9018 -0.3337 -0.2747
vn 0.5400 -0.3337 -0.7727
vn 0.3035 -0.1876 -0.9342
vn 0.0174 -0.3337 -0.9425
vn -0.5680 -0.3337 -0.7523
vn -0.7947 -0.1876 -0.5773
vn -0.8910 -0.3337 -0.3078
vn -0.3062 -0.1337 0.9425
vn -0.3035 0.1876 0.9342
vn -0.0174 0.3337 0.9425
vn 0.8018 -0.1337 0.5825
vn 0.7947 0.1876 0.5773
vn 0.8910 0.3337 0.3078
vn 0.8018 -0.1337 -0.5825
vn 0.7947 0.1876 -0.5773
vn 0.5680 0.3337 -0.7523
vn -0.3062 -0.1337 -0.9425
vn -0.3035 0.1876 -0.9342
vn -0.5400 0.3337 -0.7727
vn -0.9910 -0.1337 -0.0000
vn -0.9822 0.1876 -0.0000
vn -0.9018 0.3337 0.2747
vn -0.4781 0.6573 0.5825
vn -0.1876 0.7947 0.5773
vn 0.0444 0.6573 0.7523
vn 0.4062 0.6573 0.6347
vn 0.4911 0.7947 0.3568
vn 0.7292 0.6573 0.1902
vn 0.7292 0.6573 -0.1902
vn 0.4911 0.7947 -0.3568
vn 0.4062 0.6573 -0.6347
vn -0.7018 0.6573 0.2747
vn -0.6071 0.7947 -0.0000
vn -0.3236 0.9462 -0.0000
vn 0.0444 0.6573 -0.7523
vn -0.1876 0.7947 -0.5773
vn -0.4781 0.6573 -0.5825
vt 0.420164 0.605019
vt 0.475744 0.611440
vt 0.471699 0.648254
vt 0.436843 0.659134
vt 0.540554 0.613707
vt 0.502170 0.668437
vt 0.475744 0.611440
vt 0.458401 0.721335
vt 0.436843 0.659134
vt 0.662293 0.608877
vt 0.603818 0.611794
vt 0.606421 0.572346
vt 0.638419 0.549939
vt 0.575980 0.553462
vt 0.614544 0.491001
vt 0.575980 0.553462
vt 0.401981 0.661197
vt 0.378198 0.629635
vt 0.394774 0.689285
vt 0.436843 0.659134
vt 0.331147 0.657234
vt 0.378198 0.629635
vt 0.394774 0.689284
vt 0.362257 0.593474
vt 0.381070 0.564052
vt 0.334224 0.586057
vt 0.378198 0.629635
vt 0.337301 0.514880
vt 0.381070 0.564052
vt 0.381070 0.564052
vt 0.407577 0.538938
vt 0.441683 0.553374
vt 0.404832 0.502493
vt 0.381070 0.564052
vt 0.471334 0.495699
vt 0.441683 0.553374
vt 0.404832 0.502493
vt 0.562548 0.319479
vt 0.513026 0.353381
vt 0.491396 0.324246
vt 0.507959 0.292460
vt 0.463505 0.387283
vt 0.454410 0.324776
vt 0.513026 0.353381
vt 0.450402 0.262049
vt 0.454410 0.324776
vt 0.749388 0.604473
vt 0.708328 0.630572
vt 0.691106 0.595003
vt 0.708856 0.564927
vt 0.662293 0.659835
vt 0.662826 0.588592
vt 0.708328 0.630572
vt 0.663358 0.517349
vt 0.991502 0.599680
vt 0.933169 0.604684
vt 0.934361 0.565167
vt 0.965538 0.541631
vt 0.870014 0.608855
vt 0.903265 0.547382
vt 0.933169 0.604684
vt 0.939574 0.483583
vt 0.903265 0.547382
vt 0.222089 0.310708
vt 0.172215 0.291643
vt 0.192665 0.259744
vt 0.230516 0.257983
vt 0.115006 0.262049
vt 0.174371 0.228057
vt 0.233491 0.193641
vt 0.230516 0.257983
vt 0.864995 0.332066
vt 0.801795 0.332066
vt 0.802163 0.297777
vt 0.835703 0.281372
vt 0.738596 0.332066
vt 0.770219 0.278100
vt 0.805119 0.225957
vt 0.835703 0.281371
vt 0.770219 0.278100
vt 0.507959 0.292460
vt 0.528211 0.260005
vt 0.566443 0.258694
vt 0.509766 0.228058
vt 0.507959 0.292460
vt 0.568886 0.193642
vt 0.509766 0.228058
vt 0.734449 0.538882
vt 0.769050 0.552090
vt 0.730404 0.502557
vt 0.708856 0.564927
vt 0.796621 0.493392
vt 0.769050 0.552090
vt 0.009199 0.193642
vt 0.004600 0.133804
vt 0.040646 0.129639
vt 0.059892 0.159876
vt -0.000000 0.073965
vt 0.058680 0.097342
vt 0.004600 0.133804
vt 0.115006 0.125234
vt 0.059891 0.159876
vt 0.058680 0.097342
vt 0.265924 0.259895
vt 0.274989 0.292098
vt 0.285680 0.228461
vt 0.230516 0.257983
vt 0.335396 0.267605
vt 0.285680 0.228461
vt 0.871989 0.265677
vt 0.906533 0.283916
vt 0.874893 0.229971
vt 0.948072 0.235767
vt 0.874893 0.229971
vt 0.557485 0.076576
vt 0.507610 0.095640
vt 0.491563 0.064019
vt 0.514919 0.040067
vt 0.450402 0.125234
vt 0.454463 0.062627
vt 0.463505 0.000000
vt 0.454463 0.062627
vt 0.203814 0.716820
vt 0.140655 0.719077
vt 0.139798 0.684797
vt 0.172647 0.667215
vt 0.077495 0.721334
vt 0.107171 0.666275
vt 0.140655 0.719077
vt 0.140187 0.612919
vt 0.331147 0.499741
vt 0.307272 0.558679
vt 0.275274 0.536272
vt 0.272672 0.496824
vt 0.283397 0.617617
vt 0.244833 0.555157
vt 0.209408 0.494911
vt 0.272672 0.496824
vt 0.244833 0.555157
vt 0.757886 0.114877
vt 0.716826 0.088777
vt 0.741722 0.058085
vt 0.776488 0.061391
vt 0.670791 0.059515
vt 0.735523 0.029757
vt 0.716826 0.088777
vt 0.800254 0.000000
vt 1.000000 0.119669
vt 0.941667 0.114665
vt 0.942284 0.077333
vt 0.973174 0.062446
vt 0.878511 0.110494
vt 0.910909 0.056761
vt 0.941667 0.114665
vt 0.946348 0.005222
vt 0.000000 0.451383
vt 0.063627 0.419333
vt 0.070835 0.447421
vt 0.047051 0.478982
vt 0.127255 0.387283
vt 0.105696 0.449484
vt 0.089017 0.503599
vt 0.047051 0.478982
vt 0.105696 0.449484
vt 0.875745 0.037370
vt 0.873301 0.002611
vt 0.842106 0.054428
vt 0.910909 0.056761
vt 0.873301 0.002611
vt 0.842106 0.054428
vt 0.813660 0.110445
vt 0.810933 0.073509
vt 0.842106 0.054428
vt 0.776488 0.061391
vt 0.776488 0.061391
vt 0.171023 0.440181
vt 0.140552 0.460364
vt 0.105696 0.449484
vt 0.144597 0.497178
vt 0.171023 0.440181
vt 0.105696 0.449484
vt 0.144597 0.497178
vt 0.200348 0.387283
vt 0.204032 0.421933
vt 0.171023 0.440181
vt 0.273442 0.387283
vt 0.239866 0.440056
vt 0.171023 0.440181
vt 0.239866 0.440056
vt 0.302294 0.443512
vt 0.271955 0.459494
vt 0.239866 0.440056
vt 0.239866 0.440056
vt 0.176198 0.554737
vt 0.143899 0.535791
vt 0.110537 0.555244
vt 0.176198 0.554737
vt 0.210684 0.574966
vt 0.176198 0.554737
vt 0.209976 0.614449
vt 0.209976 0.614449
vt 0.239977 0.667623
vt 0.207932 0.650287
vt 0.209976 0.614449
vt 0.172647 0.667215
vt 0.209976 0.614449
vt 0.073685 0.606125
vt 0.076430 0.569680
vt 0.110537 0.555244
vt 0.006154 0.593738
vt 0.049923 0.544566
vt 0.073685 0.606125
vt 0.049923 0.544566
vt 0.073866 0.643842
vt 0.073685 0.606125
vt 0.041825 0.657536
vt 0.107171 0.666275
vt 0.041825 0.657536
vt 0.601695 -0.000000
vt 0.578592 0.040016
vt 0.542333 0.024304
vt 0.532600 0.000000
vt 0.514919 0.040067
vt 0.532600 0.000000
vt 0.003077 0.522560
vt 0.031110 0.515144
vt 0.049923 0.544566
vt 0.047051 0.478982
vt 0.049923 0.544566
vt 0.047051 0.478982
vt 0.454462 0.062627
vt 0.415629 0.065005
vt 0.399450 0.036982
vt 0.394075 0.097341
vt 0.335396 0.073964
vt 0.394075 0.097341
vt 0.395287 0.159875
vt 0.376042 0.129638
vt 0.394075 0.097341
vt 0.344595 0.193641
vt 0.339995 0.133803
vt 0.395287 0.159875
vt 0.394075 0.097341
vt 0.339995 0.133803
vt 0.911762 0.171968
vt 0.942858 0.154182
vt 0.974036 0.177718
vt 0.974036 0.177718
vt 0.874893 0.229971
vt 0.876928 0.190545
vt 0.911762 0.171968
vt 0.843186 0.169097
vt 0.874893 0.229971
vt 0.843186 0.169097
vt 0.777547 0.167259
vt 0.811584 0.149009
vt 0.813660 0.110445
vt 0.671855 0.202001
vt 0.671323 0.130758
vt 0.699603 0.124347
vt 0.717354 0.154422
vt 0.717354 0.154422
vt 0.303037 0.193640
vt 0.335395 0.193640
vt 0.285810 0.158806
vt 0.285680 0.228461
vt 0.335395 0.119675
vt 0.285810 0.158806
vt 0.231048 0.128589
vt 0.266857 0.127040
vt 0.285810 0.158806
vt 0.227152 0.067804
vt 0.281273 0.093739
vt 0.231048 0.128589
vt 0.285810 0.158806
vt 0.281273 0.093739
vt 0.119014 0.062507
vt 0.156000 0.063038
vt 0.172564 0.094823
vt 0.128110 -0.000000
vt 0.177631 0.033902
vt 0.172564 0.094823
vt 0.080234 0.065006
vt 0.064055 0.036983
vt 0.058680 0.097342
vt 0.119014 0.062507
vt 0.314031 0.721335
vt 0.258923 0.719077
vt 0.266581 0.685320
vt 0.298714 0.669476
vt 0.239977 0.667623
vt 0.298714 0.669476
vt 0.761721 0.441249
vt 0.793666 0.421573
vt 0.827206 0.437978
vt 0.730098 0.387283
vt 0.793298 0.387283
vt 0.761721 0.441249
vt 0.856497 0.387283
vt 0.827206 0.437978
vt 0.793298 0.387283
vt 0.729238 0.464857
vt 0.761721 0.441249
vt 0.696728 0.452316
vt 0.730404 0.502557
vt 0.696728 0.452316
vt 0.670791 0.119678
vt 0.610385 0.095185
vt 0.610329 0.063561
vt 0.636243 0.059839
vt 0.578592 0.040016
vt 0.610385 0.095185
vt 0.578592 0.040016
vt 0.509767 0.159226
vt 0.528061 0.127539
vt 0.565911 0.129300
vt 0.507611 0.095640
vt 0.507610 0.095640
vt 0.489896 0.193642
vt 0.509767 0.159226
vt 0.450157 0.193642
vt 0.509767 0.159226
vt 0.450157 0.193641
vt 0.395287 0.227407
vt 0.413267 0.193641
vt 0.450157 0.193642
vt 0.395287 0.159875
vt 0.395287 0.227407
vt 0.395287 0.159875
vt 0.738901 0.216792
vt 0.742947 0.180467
vt 0.777547 0.167259
vt 0.717354 0.154422
vt 0.717354 0.154422
vt 0.770219 0.278100
vt 0.737735 0.254492
vt 0.738901 0.216792
vt 0.705226 0.267033
vt 0.738901 0.216792
vt 0.705226 0.267033
vt 0.266299 0.387283
vt 0.243196 0.347267
vt 0.274933 0.323722
vt 0.300847 0.327444
vt 0.300847 0.327444
vt 0.274989 0.292098
vt 0.174371 0.159225
vt 0.192815 0.127278
vt 0.231048 0.128589
vt 0.172564 0.094823
vt 0.174371 0.159225
vt 0.154501 0.193642
vt 0.174371 0.159225
vt 0.114761 0.193642
vt 0.174371 0.159226
vt 0.059892 0.227408
vt 0.077872 0.193642
vt 0.059891 0.159876
vt 0.059892 0.227408
vt 0.114761 0.193642
vt 0.059891 0.159876
vt 0.866396 0.489378
vt 0.863491 0.453672
vt 0.898036 0.435433
vt 0.827206 0.437978
vt 0.866396 0.489378
vt 0.903265 0.547382
vt 0.868431 0.528804
vt 0.866396 0.489378
vt 0.834688 0.550252
vt 0.903265 0.547382
vt 0.805163 0.608905
vt 0.803086 0.570340
vt 0.769050 0.552090
vt 0.805163 0.608905
vt 0.834688 0.550252
vt 0.769050 0.552090
vt 0.621075 0.158822
vt 0.601320 0.127388
vt 0.621075 0.158822
vt 0.670791 0.193643
vt 0.638432 0.193643
vt 0.670790 0.267609
vt 0.621205 0.228477
vt 0.670791 0.193643
vt 0.621075 0.158822
vt 0.621205 0.228477
vt 0.616669 0.293544
vt 0.602252 0.260243
vt 0.621205 0.228477
vt 0.566443 0.258694
vt 0.621205 0.228477
vt 0.566443 0.258694
vt 0.394075 0.289941
vt 0.376042 0.257644
vt 0.335396 0.313318
vt 0.339995 0.253479
vt 0.394075 0.289941
vt 0.395287 0.227407
vt 0.454410 0.324776
vt 0.415629 0.322277
vt 0.399451 0.350301
vt 0.454410 0.324776
vt 0.394075 0.289941
vt 0.399450 0.350301
vt 0.571124 0.440995
vt 0.597728 0.423298
vt 0.629862 0.439142
vt 0.534961 0.391798
vt 0.590070 0.389541
vt 0.571124 0.440995
vt 0.645179 0.387283
vt 0.590070 0.389541
vt 0.438319 0.442343
vt 0.470945 0.423821
vt 0.503794 0.441403
vt 0.408643 0.387283
vt 0.471802 0.389541
vt 0.438319 0.442343
vt 0.405013 0.464776
vt 0.372972 0.451082
vt 0.438319 0.442343
vt 0.128109 0.387283
vt 0.179523 0.347216
vt 0.206937 0.362980
vt 0.197204 0.387283
vt 0.243196 0.347267
vt 0.179523 0.347216
vt 0.243196 0.347267
vt 0.119067 0.324656
vt 0.156167 0.323264
vt 0.179523 0.347216
vt 0.172215 0.291643
vt 0.064055 0.350301
vt 0.080234 0.322278
vt 0.119067 0.324656
vt -0.000000 0.313319
vt 0.058680 0.289942
vt 0.064055 0.350301
vt 0.119067 0.324656
vt 0.058680 0.289942
vt 0.004600 0.253481
vt 0.040646 0.257645
vt 0.059892 0.227408
vt 0.004600 0.253481
vt 0.059892 0.227408
vt 0.937850 0.714127
vt 0.902412 0.662588
vt 0.933786 0.642016
vt 0.964676 0.656903
vt 0.933169 0.604684
vt 0.964676 0.656903
vt 0.933169 0.604684
vt 0.864803 0.716738
vt 0.867248 0.681979
vt 0.902412 0.662588
vt 0.791757 0.719349
vt 0.833608 0.664921
vt 0.864803 0.716738
vt 0.902412 0.662588
vt 0.833608 0.664921
vt 0.767990 0.657958
vt 0.802436 0.645840
vt 0.833608 0.664921
vt 0.767990 0.657958
vt 0.805163 0.608905
vt 0.541123 0.494169
vt 0.539079 0.458331
vt 0.503794 0.441403
vt 0.541123 0.494169
vt 0.503794 0.441403
vt 0.541831 0.533652
vt 0.507345 0.553881
vt 0.507345 0.553881
vt 0.475046 0.572827
vt 0.507345 0.553881
vt 0.727025 0.689592
vt 0.733224 0.661264
vt 0.767990 0.657958
vt 0.708328 0.630572
vt 0.727025 0.689592
vt 0.767990 0.657958
vt 0.708328 0.630572
vt 0.502170 0.668437
vt 0.535179 0.686685
vt 0.531495 0.721335
vt 0.571013 0.668563
vt 0.604588 0.721335
vt 0.603818 0.611795
vt 0.603102 0.649124
vt 0.571013 0.668563
vt 0.633441 0.665106
vt 0.633441 0.665106
s 1
f 1369/2444/1369 1411/2447/1411 1531/2446/1531 1442/2445/1442
f 1382/2448/1382 1442/2450/1442 1531/2446/1531 1529/2449/1529
f 1381/2451/1381 1529/2449/1529 1531/2446/1531 1411/2452/1411
f 1370/2453/1370 1414/2456/1414 1532/2455/1532 1412/2454/1412
f 1382/2448/1382 1412/2454/1412 1532/2455/1532 1526/2457/1526
f 1384/2458/1384 1526/2459/1526 1532/2455/1532 1414/2456/1414
f 1369/2444/1369 1416/2461/1416 1533/2460/1533 1411/2452/1411
f 1381/2451/1381 1411/2463/1411 1533/2460/1533 1523/2462/1523
f 1386/2464/1386 1523/2466/1523 1533/2460/1533 1416/2465/1416
f 1369/2444/1369 1418/2468/1418 1534/2467/1534 1416/2461/1416
f 1386/2464/1386 1416/2470/1416 1534/2467/1534 1520/2469/1520
f 1388/2471/1388 1520/2469/1520 1534/2467/1534 1418/2472/1418
f 1369/2444/1369 1445/2475/1445 1535/2474/1535 1418/2473/1418
f 1388/2471/1388 1418/2477/1418 1535/2474/1535 1517/2476/1517
f 1385/2478/1385 1517/2480/1517 1535/2474/1535 1445/2479/1445
f 1370/2481/1370 1421/2484/1421 1536/2483/1536 1414/2482/1414
f 1384/2485/1384 1414/2487/1414 1536/2483/1536 1514/2486/1514
f 1391/2488/1391 1514/2489/1514 1536/2483/1536 1421/2484/1421
f 1371/2490/1371 1423/2493/1423 1537/2492/1537 1413/2491/1413
f 1383/2494/1383 1413/2496/1413 1537/2492/1537 1511/2495/1511
f 1393/2497/1393 1511/2495/1511 1537/2492/1537 1423/2493/1423
f 1372/2498/1372 1425/2501/1425 1538/2500/1538 1417/2499/1417
f 1387/2502/1387 1417/2504/1417 1538/2500/1538 1508/2503/1508
f 1395/2505/1395 1508/2506/1508 1538/2500/1538 1425/2501/1425
f 1373/2507/1373 1427/2510/1427 1539/2509/1539 1419/2508/1419
f 1389/2511/1389 1419/2508/1419 1539/2509/1539 1505/2512/1505
f 1397/2513/1397 1505/2512/1505 1539/2509/1539 1427/2514/1427
f 1374/2515/1374 1429/2518/1429 1540/2517/1540 1420/2516/1420
f 1390/2519/1390 1420/2516/1420 1540/2517/1540 1502/2520/1502
f 1399/2521/1399 1502/2523/1502 1540/2517/1540 1429/2522/1429
f 1370/2481/1370 1454/2526/1454 1541/2525/1541 1421/2524/1421
f 1391/2488/1391 1421/2528/1421 1541/2525/1541 1499/2527/1499
f 1394/2529/1394 1499/2530/1499 1541/2525/1541 1454/2526/1454
f 1371/2490/1371 1456/2532/1456 1542/2531/1542 1423/2493/1423
f 1393/2497/1393 1423/2534/1423 1542/2531/1542 1496/2533/1496
f 1396/2535/1396 1496/2533/1496 1542/2531/1542 1456/2536/1456
f 1372/2537/1372 1458/2540/1458 1543/2539/1543 1425/2538/1425
f 1395/2541/1395 1425/2543/1425 1543/2539/1543 1493/2542/1493
f 1398/2544/1398 1493/2546/1493 1543/2539/1543 1458/2545/1458
f 1373/2507/1373 1460/2548/1460 1544/2547/1544 1427/2514/1427
f 1397/2513/1397 1427/2550/1427 1544/2547/1544 1490/2549/1490
f 1400/2551/1400 1490/2552/1490 1544/2547/1544 1460/2548/1460
f 1374/2515/1374 1452/2554/1452 1545/2553/1545 1429/2522/1429
f 1399/2521/1399 1429/2522/1429 1545/2553/1545 1487/2555/1487
f 1392/2556/1392 1487/2557/1487 1545/2553/1545 1452/2554/1452
f 1375/2558/1375 1436/2561/1436 1546/2560/1546 1431/2559/1431
f 1401/2562/1401 1431/2559/1431 1546/2560/1546 1484/2563/1484
f 1406/2564/1406 1484/2565/1484 1546/2560/1546 1436/2561/1436
f 1376/2566/1376 1438/2569/1438 1547/2568/1547 1432/2567/1432
f 1402/2570/1402 1432/2572/1432 1547/2568/1547 1481/2571/1481
f 1408/2573/1408 1481/2571/1481 1547/2568/1547 1438/2569/1438
f 1377/2574/1377 1439/2577/1439 1548/2576/1548 1433/2575/1433
f 1403/2578/1403 1433/2575/1433 1548/2576/1548 1478/2579/1478
f 1409/2580/1409 1478/2582/1478 1548/2576/1548 1439/2581/1439
f 1378/2583/1378 1440/2586/1440 1549/2585/1549 1434/2584/1434
f 1404/2587/1404 1434/2589/1434 1549/2585/1549 1475/2588/1475
f 1410/2590/1410 1475/2588/1475 1549/2585/1549 1440/2586/1440
f 1379/2591/1379 1467/2594/1467 1550/2593/1550 1435/2592/1435
f 1405/2595/1405 1435/2597/1435 1550/2593/1550 1472/2596/1472
f 1407/2598/1407 1472/2596/1472 1550/2593/1550 1467/2594/1467
f 1407/2599/1407 1437/2602/1437 1551/2601/1551 1471/2600/1471
f 1410/2603/1410 1471/2600/1471 1551/2601/1551 1470/2604/1470
f 1380/2605/1380 1470/2607/1470 1551/2601/1551 1437/2606/1437
f 1407/2598/1407 1471/2609/1471 1552/2608/1552 1472/2596/1472
f 1405/2595/1405 1472/2611/1472 1552/2608/1552 1473/2610/1473
f 1410/2590/1410 1473/2613/1473 1552/2608/1552 1471/2612/1471
f 1405/2595/1405 1473/2616/1473 1553/2615/1553 1465/2614/1465
f 1378/2583/1378 1465/2614/1465 1553/2615/1553 1440/2617/1440
f 1410/2590/1410 1440/2618/1440 1553/2615/1553 1473/2613/1473
f 1410/2603/1410 1470/2621/1470 1554/2620/1554 1474/2619/1474
f 1409/2580/1409 1474/2623/1474 1554/2620/1554 1469/2622/1469
f 1380/2605/1380 1469/2625/1469 1554/2620/1554 1470/2624/1470
f 1410/2603/1410 1474/2628/1474 1555/2627/1555 1475/2626/1475
f 1404/2629/1404 1475/2626/1475 1555/2627/1555 1476/2630/1476
f 1409/2580/1409 1476/2632/1476 1555/2627/1555 1474/2631/1474
f 1404/2629/1404 1476/2635/1476 1556/2634/1556 1464/2633/1464
f 1377/2574/1377 1464/2633/1464 1556/2634/1556 1439/2577/1439
f 1409/2580/1409 1439/2581/1439 1556/2634/1556 1476/2636/1476
f 1409/2580/1409 1469/2622/1469 1557/2638/1557 1477/2637/1477
f 1408/2573/1408 1477/2640/1477 1557/2638/1557 1468/2639/1468
f 1380/2605/1380 1468/2639/1468 1557/2638/1557 1469/2625/1469
f 1409/2580/1409 1477/2642/1477 1558/2641/1558 1478/2582/1478
f 1403/2578/1403 1478/2579/1478 1558/2641/1558 1479/2643/1479
f 1408/2573/1408 1479/2644/1479 1558/2641/1558 1477/2642/1477
f 1403/2578/1403 1479/2647/1479 1559/2646/1559 1463/2645/1463
f 1376/2566/1376 1463/2645/1463 1559/2646/1559 1438/2648/1438
f 1408/2573/1408 1438/2569/1438 1559/2646/1559 1479/2649/1479
f 1408/2573/1408 1468/2652/1468 1560/2651/1560 1480/2650/1480
f 1406/2653/1406 1480/2655/1480 1560/2651/1560 1466/2654/1466
f 1380/2605/1380 1466/2656/1466 1560/2651/1560 1468/2639/1468
f 1408/2573/1408 1480/2658/1480 1561/2657/1561 1481/2571/1481
f 1402/2570/1402 1481/2660/1481 1561/2657/1561 1482/2659/1482
f 1406/2653/1406 1482/2661/1482 1561/2657/1561 1480/2658/1480
f 1402/2662/1402 1482/2665/1482 1562/2664/1562 1462/2663/1462
f 1375/2558/1375 1462/2663/1462 1562/2664/1562 1436/2666/1436
f 1406/2564/1406 1436/2666/1436 1562/2664/1562 1482/2667/1482
f 1406/2653/1406 1466/2670/1466 1563/2669/1563 1483/2668/1483
f 1407/2599/1407 1483/2668/1483 1563/2669/1563 1437/2671/1437
f 1380/2605/1380 1437/2673/1437 1563/2669/1563 1466/2672/1466
f 1406/2564/1406 1483/2676/1483 1564/2675/1564 1484/2674/1484
f 1401/2562/1401 1484/2674/1484 1564/2675/1564 1485/2677/1485
f 1407/2678/1407 1485/2679/1485 1564/2675/1564 1483/2676/1483
f 1401/2562/1401 1485/2682/1485 1565/2681/1565 1461/2680/1461
f 1379/2683/1379 1461/2685/1461 1565/2681/1565 1467/2684/1467
f 1407/2678/1407 1467/2687/1467 1565/2681/1565 1485/2686/1485
f 1392/2556/1392 1422/2690/1422 1566/2689/1566 1486/2688/1486
f 1405/2595/1405 1486/2688/1486 1566/2689/1566 1435/2597/1435
f 1379/2591/1379 1435/2592/1435 1566/2689/1566 1422/2691/1422
f 1392/2556/1392 1486/2694/1486 1567/2693/1567 1487/2692/1487
f 1399/2521/1399 1487/2696/1487 1567/2693/1567 1488/2695/1488
f 1405/2595/1405 1488/2697/1488 1567/2693/1567 1486/2694/1486
f 1399/2521/1399 1488/2697/1488 1568/2699/1568 1459/2698/1459
f 1378/2583/1378 1459/2698/1459 1568/2699/1568 1465/2700/1465
f 1405/2595/1405 1465/2614/1465 1568/2699/1568 1488/2697/1488
f 1400/2701/1400 1430/2704/1430 1569/2703/1569 1489/2702/1489
f 1404/2587/1404 1489/2702/1489 1569/2703/1569 1434/2589/1434
f 1378/2583/1378 1434/2584/1434 1569/2703/1569 1430/2705/1430
f 1400/2551/1400 1489/2707/1489 1570/2706/1570 1490/2549/1490
f 1397/2513/1397 1490/2709/1490 1570/2706/1570 1491/2708/1491
f 1404/2710/1404 1491/2711/1491 1570/2706/1570 1489/2707/1489
f 1397/2513/1397 1491/2714/1491 1571/2713/1571 1457/2712/1457
f 1377/2715/1377 1457/2717/1457 1571/2713/1571 1464/2716/1464
f 1404/2710/1404 1464/2719/1464 1571/2713/1571 1491/2718/1491
f 1398/2544/1398 1428/2722/1428 1572/2721/1572 1492/2720/1492
f 1403/2723/1403 1492/2720/1492 1572/2721/1572 1433/2724/1433
f 1377/2715/1377 1433/2724/1433 1572/2721/1572 1428/2725/1428
f 1398/2544/1398 1492/2720/1492 1573/2726/1573 1493/2542/1493
f 1395/2541/1395 1493/2728/1493 1573/2726/1573 1494/2727/1494
f 1403/2723/1403 1494/2727/1494 1573/2726/1573 1492/2729/1492
f 1395/2730/1395 1494/2733/1494 1574/2732/1574 1455/2731/1455
f 1376/2566/1376 1455/2731/1455 1574/2732/1574 1463/2734/1463
f 1403/2578/1403 1463/2734/1463 1574/2732/1574 1494/2735/1494
f 1396/2535/1396 1426/2738/1426 1575/2737/1575 1495/2736/1495
f 1402/2739/1402 1495/2741/1495 1575/2737/1575 1432/2740/1432
f 1376/2742/1376 1432/2744/1432 1575/2737/1575 1426/2743/1426
f 1396/2535/1396 1495/2746/1495 1576/2745/1576 1496/2533/1496
f 1393/2497/1393 1496/2748/1496 1576/2745/1576 1497/2747/1497
f 1402/2739/1402 1497/2749/1497 1576/2745/1576 1495/2736/1495
f 1393/2750/1393 1497/2753/1497 1577/2752/1577 1453/2751/1453
f 1375/2558/1375 1453/2755/1453 1577/2752/1577 1462/2754/1462
f 1402/2662/1402 1462/2756/1462 1577/2752/1577 1497/2753/1497
f 1394/2529/1394 1424/2759/1424 1578/2758/1578 1498/2757/1498
f 1401/2562/1401 1498/2757/1498 1578/2758/1578 1431/2760/1431
f 1375/2558/1375 1431/2761/1431 1578/2758/1578 1424/2759/1424
f 1394/2529/1394 1498/2763/1498 1579/2762/1579 1499/2530/1499
f 1391/2488/1391 1499/2527/1499 1579/2762/1579 1500/2764/1500
f 1401/2562/1401 1500/2766/1500 1579/2762/1579 1498/2765/1498
f 1391/2488/1391 1500/2769/1500 1580/2768/1580 1451/2767/1451
f 1379/2683/1379 1451/2771/1451 1580/2768/1580 1461/2770/1461
f 1401/2562/1401 1461/2772/1461 1580/2768/1580 1500/2769/1500
f 1399/2521/1399 1459/2775/1459 1581/2774/1581 1501/2773/1501
f 1400/2701/1400 1501/2773/1501 1581/2774/1581 1430/2776/1430
f 1378/2583/1378 1430/2777/1430 1581/2774/1581 1459/2698/1459
f 1399/2521/1399 1501/2780/1501 1582/2779/1582 1502/2778/1502
f 1390/2519/1390 1502/2778/1502 1582/2779/1582 1503/2781/1503
f 1400/2701/1400 1503/2783/1503 1582/2779/1582 1501/2782/1501
f 1390/2784/1390 1503/2787/1503 1583/2786/1583 1450/2785/1450
f 1373/2507/1373 1450/2785/1450 1583/2786/1583 1460/2548/1460
f 1400/2551/1400 1460/2789/1460 1583/2786/1583 1503/2788/1503
f 1397/2513/1397 1457/2792/1457 1584/2791/1584 1504/2790/1504
f 1398/2544/1398 1504/2794/1504 1584/2791/1584 1428/2793/1428
f 1377/2715/1377 1428/2722/1428 1584/2791/1584 1457/2717/1457
f 1397/2513/1397 1504/2796/1504 1585/2795/1585 1505/2512/1505
f 1389/2511/1389 1505/2512/1505 1585/2795/1585 1506/2797/1506
f 1398/2544/1398 1506/2797/1506 1585/2795/1585 1504/2798/1504
f 1389/2511/1389 1506/2797/1506 1586/2800/1586 1449/2799/1449
f 1372/2537/1372 1449/2802/1449 1586/2800/1586 1458/2801/1458
f 1398/2544/1398 1458/2804/1458 1586/2800/1586 1506/2803/1506
f 1395/2505/1395 1455/2807/1455 1587/2806/1587 1507/2805/1507
f 1396/2535/1396 1507/2809/1507 1587/2806/1587 1426/2808/1426
f 1376/2742/1376 1426/2743/1426 1587/2806/1587 1455/2807/1455
f 1395/2505/1395 1507/2812/1507 1588/2811/1588 1508/2810/1508
f 1387/2502/1387 1508/2814/1508 1588/2811/1588 1509/2813/1509
f 1396/2535/1396 1509/2813/1509 1588/2811/1588 1507/2805/1507
f 1387/2502/1387 1509/2813/1509 1589/2816/1589 1447/2815/1447
f 1371/2490/1371 1447/2818/1447 1589/2816/1589 1456/2817/1456
f 1396/2535/1396 1456/2820/1456 1589/2816/1589 1509/2819/1509
f 1393/2750/1393 1453/2751/1453 1590/2822/1590 1510/2821/1510
f 1394/2529/1394 1510/2823/1510 1590/2822/1590 1424/2759/1424
f 1375/2558/1375 1424/2759/1424 1590/2822/1590 1453/2751/1453
f 1393/2750/1393 1510/2821/1510 1591/2825/1591 1511/2824/1511
f 1383/2826/1383 1511/2828/1511 1591/2825/1591 1512/2827/1512
f 1394/2529/1394 1512/2830/1512 1591/2825/1591 1510/2829/1510
f 1383/2826/1383 1512/2833/1512 1592/2832/1592 1443/2831/1443
f 1370/2481/1370 1443/2831/1443 1592/2832/1592 1454/2834/1454
f 1394/2529/1394 1454/2836/1454 1592/2832/1592 1512/2835/1512
f 1391/2488/1391 1451/2767/1451 1593/2838/1593 1513/2837/1513
f 1392/2839/1392 1513/2841/1513 1593/2838/1593 1422/2840/1422
f 1379/2683/1379 1422/2840/1422 1593/2838/1593 1451/2842/1451
f 1391/2488/1391 1513/2837/1513 1594/2844/1594 1514/2843/1514
f 1384/2485/1384 1514/2846/1514 1594/2844/1594 1515/2845/1515
f 1392/2839/1392 1515/2848/1515 1594/2844/1594 1513/2847/1513
f 1384/2458/1384 1515/2851/1515 1595/2850/1595 1444/2849/1444
f 1374/2852/1374 1444/2854/1444 1595/2850/1595 1452/2853/1452
f 1392/2855/1392 1452/2856/1452 1595/2850/1595 1515/2851/1515
f 1385/2478/1385 1415/2859/1415 1596/2858/1596 1516/2857/1516
f 1390/2860/1390 1516/2862/1516 1596/2858/1596 1420/2861/1420
f 1374/2852/1374 1420/2861/1420 1596/2858/1596 1415/2859/1415
f 1385/2478/1385 1516/2862/1516 1597/2863/1597 1517/2480/1517
f 1388/2471/1388 1517/2476/1517 1597/2863/1597 1518/2864/1518
f 1390/2860/1390 1518/2864/1518 1597/2863/1597 1516/2865/1516
f 1388/2866/1388 1518/2869/1518 1598/2868/1598 1448/2867/1448
f 1373/2507/1373 1448/2871/1448 1598/2868/1598 1450/2870/1450
f 1390/2784/1390 1450/2872/1450 1598/2868/1598 1518/2869/1518
f 1388/2866/1388 1448/2875/1448 1599/2874/1599 1519/2873/1519
f 1389/2511/1389 1519/2873/1519 1599/2874/1599 1419/2876/1419
f 1373/2507/1373 1419/2876/1419 1599/2874/1599 1448/2875/1448
f 1388/2866/1388 1519/2879/1519 1600/2878/1600 1520/2877/1520
f 1386/2880/1386 1520/2882/1520 1600/2878/1600 1521/2881/1521
f 1389/2511/1389 1521/2884/1521 1600/2878/1600 1519/2883/1519
f 1386/2880/1386 1521/2881/1521 1601/2886/1601 1446/2885/1446
f 1372/2537/1372 1446/2888/1446 1601/2886/1601 1449/2887/1449
f 1389/2511/1389 1449/2889/1449 1601/2886/1601 1521/2884/1521
f 1386/2890/1386 1446/2893/1446 1602/2892/1602 1522/2891/1522
f 1387/2502/1387 1522/2891/1522 1602/2892/1602 1417/2894/1417
f 1372/2498/1372 1417/2896/1417 1602/2892/1602 1446/2895/1446
f 1386/2890/1386 1522/2899/1522 1603/2898/1603 1523/2897/1523
f 1381/2900/1381 1523/2902/1523 1603/2898/1603 1524/2901/1524
f 1387/2502/1387 1524/2904/1524 1603/2898/1603 1522/2903/1522
f 1381/2900/1381 1524/2907/1524 1604/2906/1604 1441/2905/1441
f 1371/2490/1371 1441/2908/1441 1604/2906/1604 1447/2818/1447
f 1387/2502/1387 1447/2909/1447 1604/2906/1604 1524/2901/1524
f 1384/2458/1384 1444/2854/1444 1605/2911/1605 1525/2910/1525
f 1385/2478/1385 1525/2913/1525 1605/2911/1605 1415/2912/1415
f 1374/2852/1374 1415/2914/1415 1605/2911/1605 1444/2854/1444
f 1384/2458/1384 1525/2913/1525 1606/2915/1606 1526/2457/1526
f 1382/2448/1382 1526/2459/1526 1606/2915/1606 1527/2916/1527
f 1385/2478/1385 1527/2917/1527 1606/2915/1606 1525/2910/1525
f 1382/2448/1382 1527/2919/1527 1607/2918/1607 1442/2450/1442
f 1369/2444/1369 1442/2445/1442 1607/2918/1607 1445/2479/1445
f 1385/2478/1385 1445/2475/1445 1607/2918/1607 1527/2917/1527
f 1381/2900/1381 1441/2922/1441 1608/2921/1608 1528/2920/1528
f 1383/2494/1383 1528/2924/1528 1608/2921/1608 1413/2923/1413
f 1371/2490/1371 1413/2926/1413 1608/2921/1608 1441/2925/1441
f 1381/2451/1381 1528/2929/1528 1609/2928/1609 1529/2927/1529
f 1382/2448/1382 1529/2927/1529 1609/2928/1609 1530/2930/1530
f 1383/2931/1383 1530/2930/1530 1609/2928/1609 1528/2929/1528
f 1382/2448/1382 1530/2934/1530 1610/2933/1610 1412/2932/1412
f 1370/2453/1370 1412/2932/1412 1610/2933/1610 1443/2935/1443
f 1383/2931/1383 1443/2936/1443 1610/2933/1610 1530/2934/1530
o WallBarrier_Ball01
v -0.000000 0.990833 2.211831
v -0.139796 0.884039 2.110264
v 0.053397 0.884039 2.047491
v 0.172798 0.884038 2.211831
v 0.053397 0.884039 2.376171
v -0.139796 0.884039 2.313398
v -0.053397 0.711239 2.047491
v 0.139796 0.711239 2.110264
v 0.139796 0.711239 2.313398
v -0.053397 0.711239 2.376171
v -0.172798 0.711240 2.211831
v 0.000000 0.604445 2.211831
v 0.031202 0.961019 2.115799
v -0.081689 0.961019 2.152480
v -0.050488 0.898614 2.056448
v -0.163379 0.898614 2.211831
v -0.081689 0.961019 2.271181
v 0.100974 0.961019 2.211831
v 0.132177 0.898614 2.115799
v 0.031202 0.961019 2.307862
v 0.132177 0.898614 2.307862
v -0.050488 0.898614 2.367213
v -0.182664 0.797639 2.152480
v -0.182664 0.797639 2.271181
v -0.000000 0.797639 2.019767
v -0.112893 0.797639 2.056448
v 0.182664 0.797639 2.152480
v 0.112893 0.797639 2.056448
v 0.112893 0.797639 2.367213
v 0.182664 0.797639 2.271181
v -0.112893 0.797639 2.367213
v 0.000000 0.797639 2.403895
v -0.132177 0.696664 2.115799
v 0.050488 0.696664 2.056448
v 0.163379 0.696664 2.211831
v 0.050488 0.696664 2.367213
v -0.132177 0.696664 2.307862
v -0.031202 0.634259 2.115799
v -0.100974 0.634259 2.211831
v 0.081689 0.634259 2.152480
v 0.081689 0.634259 2.271181
v -0.031202 0.634259 2.307862
v 0.015353 0.984214 2.164578
v -0.117030 0.925518 2.126804
v 0.004505 0.894811 2.045050
v -0.157226 0.894811 2.156008
v -0.117030 0.925518 2.296857
v 0.049684 0.984214 2.211831
v 0.160011 0.894811 2.164578
v 0.015353 0.984214 2.259083
v 0.094386 0.894811 2.349407
v -0.101677 0.894811 2.344110
v -0.166715 0.845126 2.126804
v -0.184853 0.750152 2.241034
v 0.029348 0.845126 2.027000
v -0.084897 0.750152 2.045050
v 0.184853 0.845126 2.182627
v 0.132384 0.750152 2.079551
v 0.084897 0.845126 2.378612
v 0.166715 0.750152 2.296857
v -0.132384 0.845126 2.344110
v -0.029348 0.750152 2.396661
v -0.094386 0.700467 2.074254
v 0.101677 0.700467 2.079551
v 0.157226 0.700467 2.267653
v -0.004505 0.700467 2.378611
v -0.160011 0.700467 2.259083
v -0.044701 0.669760 2.074254
v -0.049684 0.611064 2.211831
v 0.117030 0.669760 2.126804
v 0.117030 0.669760 2.296857
v -0.044701 0.669760 2.349407
v 0.044701 0.925518 2.074254
v -0.040196 0.984214 2.182627
v -0.101677 0.894811 2.079551
v -0.157226 0.894811 2.267653
v -0.040196 0.984214 2.241034
v 0.144657 0.925517 2.211831
v 0.094386 0.894811 2.074254
v 0.044701 0.925518 2.349407
v 0.160011 0.894811 2.259083
v 0.004505 0.894811 2.378611
v -0.184853 0.750152 2.182627
v -0.166715 0.845126 2.296857
v -0.029348 0.750152 2.027000
v -0.132384 0.845126 2.079551
v 0.166715 0.750152 2.126804
v 0.084897 0.845126 2.045049
v 0.132384 0.750152 2.344110
v 0.184853 0.845126 2.241034
v -0.084897 0.750152 2.378612
v 0.029348 0.845126 2.396661
v -0.160011 0.700467 2.164578
v -0.004505 0.700467 2.045050
v 0.157226 0.700467 2.156008
v 0.101677 0.700467 2.344110
v -0.094386 0.700467 2.349407
v -0.015353 0.611064 2.164578
v -0.144657 0.669761 2.211831
v 0.040196 0.611064 2.182627
v 0.040196 0.611064 2.241034
v -0.015353 0.611064 2.259083
v -0.070451 0.626850 2.263016
v -0.121251 0.658246 2.263016
v -0.086149 0.658246 2.311330
v 0.026910 0.626850 2.294650
v 0.011212 0.658246 2.342964
v 0.068008 0.658246 2.324509
v 0.087082 0.626850 2.211831
v 0.128180 0.658246 2.241690
v 0.128180 0.658246 2.181971
v 0.026910 0.626850 2.129011
v 0.068008 0.658246 2.099152
v 0.011212 0.658246 2.080698
v -0.070451 0.626850 2.160645
v -0.086149 0.658246 2.112332
v -0.121251 0.658246 2.160645
v -0.164792 0.745329 2.294650
v -0.155091 0.796129 2.324510
v -0.129690 0.745328 2.342964
v 0.027843 0.745328 2.394150
v 0.059239 0.796129 2.394150
v 0.084640 0.745328 2.375695
v 0.182000 0.745328 2.241690
v 0.191702 0.796129 2.211831
v 0.182000 0.745328 2.181971
v 0.084640 0.745328 2.047966
v 0.059239 0.796129 2.029511
v 0.027843 0.745328 2.029511
v -0.129690 0.745328 2.080697
v -0.155091 0.796129 2.099151
v -0.164792 0.745329 2.129011
v -0.059239 0.799149 2.394150
v -0.084640 0.849950 2.375695
v -0.027843 0.849950 2.394150
v 0.155091 0.799149 2.324510
v 0.129690 0.849950 2.342964
v 0.164792 0.849949 2.294650
v 0.155091 0.799149 2.099151
v 0.164792 0.849949 2.129011
v 0.129690 0.849950 2.080697
v -0.059239 0.799149 2.029511
v -0.027843 0.849950 2.029511
v -0.084640 0.849950 2.047966
v -0.191702 0.799149 2.211831
v -0.182000 0.849950 2.181971
v -0.182000 0.849950 2.241690
v -0.068008 0.937032 2.324509
v -0.026910 0.968428 2.294650
v -0.011212 0.937032 2.342964
v 0.086149 0.937032 2.311330
v 0.070451 0.968428 2.263016
v 0.121251 0.937032 2.263016
v 0.121251 0.937032 2.160645
v 0.070451 0.968428 2.160645
v 0.086149 0.937032 2.112332
v -0.128180 0.937032 2.241690
v -0.128180 0.937032 2.181971
v -0.087082 0.968428 2.211831
v -0.011212 0.937032 2.080698
v -0.026910 0.968428 2.129011
v -0.068008 0.937032 2.099152
v -0.017795 0.982107 2.157065
v -0.136522 0.921805 2.154480
v 0.046587 0.982107 2.177983
v 0.046587 0.982107 2.245678
v -0.017795 0.982107 2.266596
v -0.172111 0.864220 2.154480
v 0.001358 0.864220 2.030421
v 0.172951 0.864220 2.157065
v 0.105530 0.864220 2.359393
v -0.107730 0.864220 2.357795
v -0.154317 0.828630 2.099714
v 0.058943 0.828631 2.030421
v 0.190746 0.828630 2.211831
v 0.058943 0.828631 2.393240
v -0.154317 0.828630 2.323947
v -0.076738 0.673473 2.085188
v 0.096732 0.673473 2.099714
v 0.136522 0.673473 2.269181
v -0.012356 0.673473 2.359392
v -0.144158 0.673473 2.245678
v -0.046587 0.613171 2.245678
v -0.094097 0.645385 2.280196
v -0.076738 0.673473 2.338474
v 0.017795 0.613171 2.266596
v 0.035942 0.645385 2.322448
v 0.096732 0.673473 2.323947
v 0.057585 0.613171 2.211831
v 0.116311 0.645385 2.211831
v 0.136522 0.673473 2.154480
v 0.017795 0.613171 2.157065
v 0.035942 0.645385 2.101213
v -0.012356 0.673473 2.064269
v -0.046587 0.613171 2.177983
v -0.094097 0.645385 2.143465
v -0.144158 0.673473 2.177983
v -0.172951 0.731058 2.266597
v -0.152253 0.761697 2.322449
v -0.105530 0.731058 2.359393
v -0.001358 0.731058 2.393240
v 0.058156 0.761696 2.390815
v 0.107730 0.731058 2.357795
v 0.172111 0.731058 2.269181
v 0.188195 0.761697 2.211831
v 0.172111 0.731058 2.154480
v 0.107730 0.731058 2.065866
v 0.058156 0.761696 2.032846
v -0.001358 0.731058 2.030421
v -0.105530 0.731058 2.064269
v -0.152253 0.761697 2.101213
v -0.172951 0.731058 2.157065
v -0.058943 0.766648 2.393240
v -0.058156 0.833582 2.390815
v 0.001358 0.864220 2.393240
v 0.154317 0.766648 2.323947
v 0.152253 0.833582 2.322448
v 0.172951 0.864220 2.266597
v 0.154317 0.766648 2.099714
v 0.152253 0.833582 2.101213
v 0.105530 0.864220 2.064269
v -0.058943 0.766648 2.030421
v -0.058156 0.833582 2.032846
v -0.107730 0.864220 2.065866
v -0.190746 0.766648 2.211831
v -0.188195 0.833582 2.211831
v -0.172111 0.864220 2.269181
v -0.096732 0.921805 2.323947
v -0.035942 0.949893 2.322448
v 0.012356 0.921805 2.359392
v 0.076738 0.921805 2.338474
v 0.094097 0.949893 2.280196
v 0.144158 0.921805 2.245678
v 0.144158 0.921805 2.177983
v 0.094097 0.949893 2.143465
v 0.076738 0.921805 2.085188
v -0.136522 0.921805 2.269181
v -0.116311 0.949893 2.211831
v -0.057585 0.982107 2.211831
v 0.012356 0.921805 2.064269
v -0.035942 0.949893 2.101213
v -0.096732 0.921805 2.099714
vn -0.0000 1.0000 -0.0000
vn -0.7236 0.4472 -0.5257
vn 0.2764 0.4472 -0.8506
vn 0.8944 0.4472 -0.0000
vn 0.2764 0.4472 0.8506
vn -0.7236 0.4472 0.5257
vn -0.2764 -0.4472 -0.8506
vn 0.7236 -0.4472 -0.5257
vn 0.7236 -0.4472 0.5257
vn -0.2764 -0.4472 0.8506
vn -0.8944 -0.4472 -0.0000
vn -0.0000 -1.0000 -0.0000
vn 0.1625 0.8507 -0.5000
vn -0.4253 0.8507 -0.3090
vn -0.2629 0.5257 -0.8090
vn -0.8506 0.5257 -0.0000
vn -0.4253 0.8507 0.3090
vn 0.5257 0.8507 -0.0000
vn 0.6882 0.5257 -0.5000
vn 0.1625 0.8507 0.5000
vn 0.6882 0.5257 0.5000
vn -0.2629 0.5257 0.8090
vn -0.9511 -0.0000 -0.3090
vn -0.9511 -0.0000 0.3090
vn -0.0000 -0.0000 -1.0000
vn -0.5878 -0.0000 -0.8090
vn 0.9511 -0.0000 -0.3090
vn 0.5878 -0.0000 -0.8090
vn 0.5878 -0.0000 0.8090
vn 0.9511 -0.0000 0.3090
vn -0.5878 -0.0000 0.8090
vn -0.0000 -0.0000 1.0000
vn -0.6882 -0.5257 -0.5000
vn 0.2629 -0.5257 -0.8090
vn 0.8506 -0.5257 -0.0000
vn 0.2629 -0.5257 0.8090
vn -0.6882 -0.5257 0.5000
vn -0.1625 -0.8507 -0.5000
vn -0.5257 -0.8507 -0.0000
vn 0.4253 -0.8507 -0.3090
vn 0.4253 -0.8507 0.3090
vn -0.1625 -0.8507 0.5000
vn 0.0868 0.9598 -0.2670
vn -0.5929 0.6803 -0.4308
vn -0.0007 0.5068 -0.8620
vn -0.8201 0.5068 -0.2658
vn -0.5929 0.6803 0.4308
vn 0.2808 0.9598 -0.0000
vn 0.8197 0.5068 -0.2670
vn 0.0868 0.9598 0.2670
vn 0.5072 0.5068 0.6970
vn -0.5062 0.5068 0.6978
vn -0.8737 0.2261 -0.4308
vn -0.9600 -0.2261 0.1650
vn 0.1397 0.2261 -0.9640
vn -0.4536 -0.2261 -0.8620
vn 0.9600 0.2261 -0.1650
vn 0.6797 -0.2261 -0.6978
vn 0.4536 0.2261 0.8620
vn 0.8737 -0.2261 0.4308
vn -0.6797 0.2261 0.6978
vn -0.1397 -0.2261 0.9640
vn -0.5072 -0.5068 -0.6970
vn 0.5062 -0.5068 -0.6978
vn 0.8201 -0.5068 0.2658
vn 0.0007 -0.5068 0.8620
vn -0.8197 -0.5068 0.2670
vn -0.2265 -0.6803 -0.6970
vn -0.2808 -0.9598 -0.0000
vn 0.5929 -0.6803 -0.4308
vn 0.5929 -0.6803 0.4308
vn -0.2265 -0.6803 0.6970
vn 0.2265 0.6803 -0.6970
vn -0.2271 0.9598 -0.1650
vn -0.5062 0.5068 -0.6978
vn -0.8201 0.5068 0.2658
vn -0.2271 0.9598 0.1650
vn 0.7329 0.6803 -0.0000
vn 0.5072 0.5068 -0.6970
vn 0.2265 0.6803 0.6970
vn 0.8197 0.5068 0.2670
vn -0.0007 0.5068 0.8620
vn -0.9600 -0.2261 -0.1650
vn -0.8737 0.2261 0.4308
vn -0.1397 -0.2261 -0.9640
vn -0.6797 0.2261 -0.6978
vn 0.8737 -0.2261 -0.4308
vn 0.4536 0.2261 -0.8620
vn 0.6797 -0.2261 0.6978
vn 0.9600 0.2261 0.1650
vn -0.4536 -0.2261 0.8620
vn 0.1397 0.2261 0.9640
vn -0.8197 -0.5068 -0.2670
vn 0.0007 -0.5068 -0.8620
vn 0.8201 -0.5068 -0.2658
vn 0.5062 -0.5068 0.6978
vn -0.5072 -0.5068 0.6970
vn -0.0868 -0.9598 -0.2670
vn -0.7329 -0.6803 -0.0000
vn 0.2271 -0.9598 -0.1650
vn 0.2271 -0.9598 0.1650
vn -0.0868 -0.9598 0.2670
vn -0.3824 -0.8812 0.2778
vn -0.6172 -0.7361 0.2778
vn -0.4549 -0.7361 0.5011
vn 0.1461 -0.8812 0.4495
vn 0.0735 -0.7361 0.6728
vn 0.3360 -0.7361 0.5875
vn 0.4727 -0.8812 -0.0000
vn 0.6626 -0.7361 0.1380
vn 0.6626 -0.7361 -0.1380
vn 0.1461 -0.8812 -0.4495
vn 0.3360 -0.7361 -0.5875
vn 0.0735 -0.7361 -0.6728
vn -0.3824 -0.8812 -0.2778
vn -0.4549 -0.7361 -0.5011
vn -0.6172 -0.7361 -0.2778
vn -0.8535 -0.2635 0.4495
vn -0.8087 -0.0287 0.5875
vn -0.6913 -0.2635 0.6728
vn 0.1638 -0.2635 0.9507
vn 0.3089 -0.0287 0.9507
vn 0.4263 -0.2635 0.8654
vn 0.9547 -0.2635 0.1380
vn 0.9996 -0.0287 -0.0000
vn 0.9547 -0.2635 -0.1380
vn 0.4263 -0.2635 -0.8654
vn 0.3089 -0.0287 -0.9507
vn 0.1638 -0.2635 -0.9507
vn -0.6913 -0.2635 -0.6728
vn -0.8087 -0.0287 -0.5875
vn -0.8535 -0.2635 -0.4495
vn -0.3089 0.0287 0.9507
vn -0.4263 0.2635 0.8654
vn -0.1638 0.2635 0.9507
vn 0.8087 0.0287 0.5875
vn 0.6913 0.2635 0.6728
vn 0.8535 0.2635 0.4495
vn 0.8087 0.0287 -0.5875
vn 0.8535 0.2635 -0.4495
vn 0.6913 0.2635 -0.6728
vn -0.3089 0.0287 -0.9507
vn -0.1638 0.2635 -0.9507
vn -0.4263 0.2635 -0.8654
vn -0.9996 0.0287 -0.0000
vn -0.9547 0.2635 -0.1380
vn -0.9547 0.2635 0.1380
vn -0.3360 0.7361 0.5875
vn -0.1461 0.8812 0.4495
vn -0.0735 0.7361 0.6728
vn 0.4549 0.7361 0.5011
vn 0.3824 0.8812 0.2778
vn 0.6172 0.7361 0.2778
vn 0.6172 0.7361 -0.2778
vn 0.3824 0.8812 -0.2778
vn 0.4549 0.7361 -0.5011
vn -0.6626 0.7361 0.1380
vn -0.6626 0.7361 -0.1380
vn -0.4727 0.8812 -0.0000
vn -0.0735 0.7361 -0.6728
vn -0.1461 0.8812 -0.4495
vn -0.3360 0.7361 -0.5875
vn -0.1000 0.9462 -0.3078
vn -0.7018 0.6573 -0.2747
vn 0.2618 0.9462 -0.1902
vn 0.2618 0.9462 0.1902
vn -0.1000 0.9462 0.3078
vn -0.9018 0.3337 -0.2747
vn -0.0174 0.3337 -0.9425
vn 0.8910 0.3337 -0.3078
vn 0.5680 0.3337 0.7523
vn -0.5400 0.3337 0.7727
vn -0.8018 0.1337 -0.5825
vn 0.3062 0.1337 -0.9425
vn 0.9910 0.1337 -0.0000
vn 0.3062 0.1337 0.9425
vn -0.8018 0.1337 0.5825
vn -0.4062 -0.6573 -0.6347
vn 0.4781 -0.6573 -0.5825
vn 0.7018 -0.6573 0.2747
vn -0.0444 -0.6573 0.7523
vn -0.7292 -0.6573 0.1902
vn -0.2618 -0.9462 0.1902
vn -0.4911 -0.7947 0.3568
vn -0.4062 -0.6573 0.6347
vn 0.1000 -0.9462 0.3078
vn 0.1876 -0.7947 0.5773
vn 0.4781 -0.6573 0.5825
vn 0.3236 -0.9462 -0.0000
vn 0.6071 -0.7947 -0.0000
vn 0.7018 -0.6573 -0.2747
vn 0.1000 -0.9462 -0.3078
vn 0.1876 -0.7947 -0.5773
vn -0.0444 -0.6573 -0.7523
vn -0.2618 -0.9462 -0.1902
vn -0.4911 -0.7947 -0.3568
vn -0.7292 -0.6573 -0.1902
vn -0.8910 -0.3337 0.3078
vn -0.7947 -0.1876 0.5773
vn -0.5680 -0.3337 0.7523
vn 0.0174 -0.3337 0.9425
vn 0.3035 -0.1876 0.9342
vn 0.5400 -0.3337 0.7727
vn 0.9018 -0.3337 0.2747
vn 0.9822 -0.1876 -0.0000
vn 0.9018 -0.3337 -0.2747
vn 0.5400 -0.3337 -0.7727
vn 0.3035 -0.1876 -0.9342
vn 0.0174 -0.3337 -0.9425
vn -0.5680 -0.3337 -0.7523
vn -0.7947 -0.1876 -0.5773
vn -0.8910 -0.3337 -0.3078
vn -0.3062 -0.1337 0.9425
vn -0.3035 0.1876 0.9342
vn -0.0174 0.3337 0.9425
vn 0.8018 -0.1337 0.5825
vn 0.7947 0.1876 0.5773
vn 0.8910 0.3337 0.3078
vn 0.8018 -0.1337 -0.5825
vn 0.7947 0.1876 -0.5773
vn 0.5680 0.3337 -0.7523
vn -0.3062 -0.1337 -0.9425
vn -0.3035 0.1876 -0.9342
vn -0.5400 0.3337 -0.7727
vn -0.9910 -0.1337 -0.0000
vn -0.9822 0.1876 -0.0000
vn -0.9018 0.3337 0.2747
vn -0.4781 0.6573 0.5825
vn -0.1876 0.7947 0.5773
vn 0.0444 0.6573 0.7523
vn 0.4062 0.6573 0.6347
vn 0.4911 0.7947 0.3568
vn 0.7292 0.6573 0.1902
vn 0.7292 0.6573 -0.1902
vn 0.4911 0.7947 -0.3568
vn 0.4062 0.6573 -0.6347
vn -0.7018 0.6573 0.2747
vn -0.6071 0.7947 -0.0000
vn -0.3236 0.9462 -0.0000
vn 0.0444 0.6573 -0.7523
vn -0.1876 0.7947 -0.5773
vn -0.4781 0.6573 -0.5825
vt 0.420164 0.605019
vt 0.475744 0.611440
vt 0.471699 0.648254
vt 0.436843 0.659134
vt 0.540554 0.613707
vt 0.502170 0.668437
vt 0.475744 0.611440
vt 0.458401 0.721335
vt 0.436843 0.659134
vt 0.662293 0.608877
vt 0.603818 0.611794
vt 0.606421 0.572346
vt 0.638419 0.549939
vt 0.575980 0.553462
vt 0.614544 0.491001
vt 0.575980 0.553462
vt 0.401981 0.661197
vt 0.378198 0.629635
vt 0.394774 0.689285
vt 0.436843 0.659134
vt 0.331147 0.657234
vt 0.378198 0.629635
vt 0.394774 0.689284
vt 0.362257 0.593474
vt 0.381070 0.564052
vt 0.334224 0.586057
vt 0.378198 0.629635
vt 0.337301 0.514880
vt 0.381070 0.564052
vt 0.381070 0.564052
vt 0.407577 0.538938
vt 0.441683 0.553374
vt 0.404832 0.502493
vt 0.381070 0.564052
vt 0.471334 0.495699
vt 0.441683 0.553374
vt 0.404832 0.502493
vt 0.562548 0.319479
vt 0.513026 0.353381
vt 0.491396 0.324246
vt 0.507959 0.292460
vt 0.463505 0.387283
vt 0.454410 0.324776
vt 0.513026 0.353381
vt 0.450402 0.262049
vt 0.454410 0.324776
vt 0.749388 0.604473
vt 0.708328 0.630572
vt 0.691106 0.595003
vt 0.708856 0.564927
vt 0.662293 0.659835
vt 0.662826 0.588592
vt 0.708328 0.630572
vt 0.663358 0.517349
vt 0.991502 0.599680
vt 0.933169 0.604684
vt 0.934361 0.565167
vt 0.965538 0.541631
vt 0.870014 0.608855
vt 0.903265 0.547382
vt 0.933169 0.604684
vt 0.939574 0.483583
vt 0.903265 0.547382
vt 0.222089 0.310708
vt 0.172215 0.291643
vt 0.192665 0.259744
vt 0.230516 0.257983
vt 0.115006 0.262049
vt 0.174371 0.228057
vt 0.233491 0.193641
vt 0.230516 0.257983
vt 0.864995 0.332066
vt 0.801795 0.332066
vt 0.802163 0.297777
vt 0.835703 0.281372
vt 0.738596 0.332066
vt 0.770219 0.278100
vt 0.805119 0.225957
vt 0.835703 0.281371
vt 0.770219 0.278100
vt 0.507959 0.292460
vt 0.528211 0.260005
vt 0.566443 0.258694
vt 0.509766 0.228058
vt 0.507959 0.292460
vt 0.568886 0.193642
vt 0.509766 0.228058
vt 0.734449 0.538882
vt 0.769050 0.552090
vt 0.730404 0.502557
vt 0.708856 0.564927
vt 0.796621 0.493392
vt 0.769050 0.552090
vt 0.009199 0.193642
vt 0.004600 0.133804
vt 0.040646 0.129639
vt 0.059892 0.159876
vt -0.000000 0.073965
vt 0.058680 0.097342
vt 0.004600 0.133804
vt 0.115006 0.125234
vt 0.059891 0.159876
vt 0.058680 0.097342
vt 0.265924 0.259895
vt 0.274989 0.292098
vt 0.285680 0.228461
vt 0.230516 0.257983
vt 0.335396 0.267605
vt 0.285680 0.228461
vt 0.871989 0.265677
vt 0.906533 0.283916
vt 0.874893 0.229971
vt 0.948072 0.235767
vt 0.874893 0.229971
vt 0.557485 0.076576
vt 0.507610 0.095640
vt 0.491563 0.064019
vt 0.514919 0.040067
vt 0.450402 0.125234
vt 0.454463 0.062627
vt 0.463505 0.000000
vt 0.454463 0.062627
vt 0.203814 0.716820
vt 0.140655 0.719077
vt 0.139798 0.684797
vt 0.172647 0.667215
vt 0.077495 0.721334
vt 0.107171 0.666275
vt 0.140655 0.719077
vt 0.140187 0.612919
vt 0.331147 0.499741
vt 0.307272 0.558679
vt 0.275274 0.536272
vt 0.272672 0.496824
vt 0.283397 0.617617
vt 0.244833 0.555157
vt 0.209408 0.494911
vt 0.272672 0.496824
vt 0.244833 0.555157
vt 0.757886 0.114877
vt 0.716826 0.088777
vt 0.741722 0.058085
vt 0.776488 0.061391
vt 0.670791 0.059515
vt 0.735523 0.029757
vt 0.716826 0.088777
vt 0.800254 0.000000
vt 1.000000 0.119669
vt 0.941667 0.114665
vt 0.942284 0.077333
vt 0.973174 0.062446
vt 0.878511 0.110494
vt 0.910909 0.056761
vt 0.941667 0.114665
vt 0.946348 0.005222
vt 0.000000 0.451383
vt 0.063627 0.419333
vt 0.070835 0.447421
vt 0.047051 0.478982
vt 0.127255 0.387283
vt 0.105696 0.449484
vt 0.089017 0.503599
vt 0.047051 0.478982
vt 0.105696 0.449484
vt 0.875745 0.037370
vt 0.873301 0.002611
vt 0.842106 0.054428
vt 0.910909 0.056761
vt 0.873301 0.002611
vt 0.842106 0.054428
vt 0.813660 0.110445
vt 0.810933 0.073509
vt 0.842106 0.054428
vt 0.776488 0.061391
vt 0.776488 0.061391
vt 0.171023 0.440181
vt 0.140552 0.460364
vt 0.105696 0.449484
vt 0.144597 0.497178
vt 0.171023 0.440181
vt 0.105696 0.449484
vt 0.144597 0.497178
vt 0.200348 0.387283
vt 0.204032 0.421933
vt 0.171023 0.440181
vt 0.273442 0.387283
vt 0.239866 0.440056
vt 0.171023 0.440181
vt 0.239866 0.440056
vt 0.302294 0.443512
vt 0.271955 0.459494
vt 0.239866 0.440056
vt 0.239866 0.440056
vt 0.176198 0.554737
vt 0.143899 0.535791
vt 0.110537 0.555244
vt 0.176198 0.554737
vt 0.210684 0.574966
vt 0.176198 0.554737
vt 0.209976 0.614449
vt 0.209976 0.614449
vt 0.239977 0.667623
vt 0.207932 0.650287
vt 0.209976 0.614449
vt 0.172647 0.667215
vt 0.209976 0.614449
vt 0.073685 0.606125
vt 0.076430 0.569680
vt 0.110537 0.555244
vt 0.006154 0.593738
vt 0.049923 0.544566
vt 0.073685 0.606125
vt 0.049923 0.544566
vt 0.073866 0.643842
vt 0.073685 0.606125
vt 0.041825 0.657536
vt 0.107171 0.666275
vt 0.041825 0.657536
vt 0.601695 -0.000000
vt 0.578592 0.040016
vt 0.542333 0.024304
vt 0.532600 0.000000
vt 0.514919 0.040067
vt 0.532600 0.000000
vt 0.003077 0.522560
vt 0.031110 0.515144
vt 0.049923 0.544566
vt 0.047051 0.478982
vt 0.049923 0.544566
vt 0.047051 0.478982
vt 0.454462 0.062627
vt 0.415629 0.065005
vt 0.399450 0.036982
vt 0.394075 0.097341
vt 0.335396 0.073964
vt 0.394075 0.097341
vt 0.395287 0.159875
vt 0.376042 0.129638
vt 0.394075 0.097341
vt 0.344595 0.193641
vt 0.339995 0.133803
vt 0.395287 0.159875
vt 0.394075 0.097341
vt 0.339995 0.133803
vt 0.911762 0.171968
vt 0.942858 0.154182
vt 0.974036 0.177718
vt 0.974036 0.177718
vt 0.874893 0.229971
vt 0.876928 0.190545
vt 0.911762 0.171968
vt 0.843186 0.169097
vt 0.874893 0.229971
vt 0.843186 0.169097
vt 0.777547 0.167259
vt 0.811584 0.149009
vt 0.813660 0.110445
vt 0.671855 0.202001
vt 0.671323 0.130758
vt 0.699603 0.124347
vt 0.717354 0.154422
vt 0.717354 0.154422
vt 0.303037 0.193640
vt 0.335395 0.193640
vt 0.285810 0.158806
vt 0.285680 0.228461
vt 0.335395 0.119675
vt 0.285810 0.158806
vt 0.231048 0.128589
vt 0.266857 0.127040
vt 0.285810 0.158806
vt 0.227152 0.067804
vt 0.281273 0.093739
vt 0.231048 0.128589
vt 0.285810 0.158806
vt 0.281273 0.093739
vt 0.119014 0.062507
vt 0.156000 0.063038
vt 0.172564 0.094823
vt 0.128110 -0.000000
vt 0.177631 0.033902
vt 0.172564 0.094823
vt 0.080234 0.065006
vt 0.064055 0.036983
vt 0.058680 0.097342
vt 0.119014 0.062507
vt 0.314031 0.721335
vt 0.258923 0.719077
vt 0.266581 0.685320
vt 0.298714 0.669476
vt 0.239977 0.667623
vt 0.298714 0.669476
vt 0.761721 0.441249
vt 0.793666 0.421573
vt 0.827206 0.437978
vt 0.730098 0.387283
vt 0.793298 0.387283
vt 0.761721 0.441249
vt 0.856497 0.387283
vt 0.827206 0.437978
vt 0.793298 0.387283
vt 0.729238 0.464857
vt 0.761721 0.441249
vt 0.696728 0.452316
vt 0.730404 0.502557
vt 0.696728 0.452316
vt 0.670791 0.119678
vt 0.610385 0.095185
vt 0.610329 0.063561
vt 0.636243 0.059839
vt 0.578592 0.040016
vt 0.610385 0.095185
vt 0.578592 0.040016
vt 0.509767 0.159226
vt 0.528061 0.127539
vt 0.565911 0.129300
vt 0.507611 0.095640
vt 0.507610 0.095640
vt 0.489896 0.193642
vt 0.509767 0.159226
vt 0.450157 0.193642
vt 0.509767 0.159226
vt 0.450157 0.193641
vt 0.395287 0.227407
vt 0.413267 0.193641
vt 0.450157 0.193642
vt 0.395287 0.159875
vt 0.395287 0.227407
vt 0.395287 0.159875
vt 0.738901 0.216792
vt 0.742947 0.180467
vt 0.777547 0.167259
vt 0.717354 0.154422
vt 0.717354 0.154422
vt 0.770219 0.278100
vt 0.737735 0.254492
vt 0.738901 0.216792
vt 0.705226 0.267033
vt 0.738901 0.216792
vt 0.705226 0.267033
vt 0.266299 0.387283
vt 0.243196 0.347267
vt 0.274933 0.323722
vt 0.300847 0.327444
vt 0.300847 0.327444
vt 0.274989 0.292098
vt 0.174371 0.159225
vt 0.192815 0.127278
vt 0.231048 0.128589
vt 0.172564 0.094823
vt 0.174371 0.159225
vt 0.154501 0.193642
vt 0.174371 0.159225
vt 0.114761 0.193642
vt 0.174371 0.159226
vt 0.059892 0.227408
vt 0.077872 0.193642
vt 0.059891 0.159876
vt 0.059892 0.227408
vt 0.114761 0.193642
vt 0.059891 0.159876
vt 0.866396 0.489378
vt 0.863491 0.453672
vt 0.898036 0.435433
vt 0.827206 0.437978
vt 0.866396 0.489378
vt 0.903265 0.547382
vt 0.868431 0.528804
vt 0.866396 0.489378
vt 0.834688 0.550252
vt 0.903265 0.547382
vt 0.805163 0.608905
vt 0.803086 0.570340
vt 0.769050 0.552090
vt 0.805163 0.608905
vt 0.834688 0.550252
vt 0.769050 0.552090
vt 0.621075 0.158822
vt 0.601320 0.127388
vt 0.621075 0.158822
vt 0.670791 0.193643
vt 0.638432 0.193643
vt 0.670790 0.267609
vt 0.621205 0.228477
vt 0.670791 0.193643
vt 0.621075 0.158822
vt 0.621205 0.228477
vt 0.616669 0.293544
vt 0.602252 0.260243
vt 0.621205 0.228477
vt 0.566443 0.258694
vt 0.621205 0.228477
vt 0.566443 0.258694
vt 0.394075 0.289941
vt 0.376042 0.257644
vt 0.335396 0.313318
vt 0.339995 0.253479
vt 0.394075 0.289941
vt 0.395287 0.227407
vt 0.454410 0.324776
vt 0.415629 0.322277
vt 0.399451 0.350301
vt 0.454410 0.324776
vt 0.394075 0.289941
vt 0.399450 0.350301
vt 0.571124 0.440995
vt 0.597728 0.423298
vt 0.629862 0.439142
vt 0.534961 0.391798
vt 0.590070 0.389541
vt 0.571124 0.440995
vt 0.645179 0.387283
vt 0.590070 0.389541
vt 0.438319 0.442343
vt 0.470945 0.423821
vt 0.503794 0.441403
vt 0.408643 0.387283
vt 0.471802 0.389541
vt 0.438319 0.442343
vt 0.405013 0.464776
vt 0.372972 0.451082
vt 0.438319 0.442343
vt 0.128109 0.387283
vt 0.179523 0.347216
vt 0.206937 0.362980
vt 0.197204 0.387283
vt 0.243196 0.347267
vt 0.179523 0.347216
vt 0.243196 0.347267
vt 0.119067 0.324656
vt 0.156167 0.323264
vt 0.179523 0.347216
vt 0.172215 0.291643
vt 0.064055 0.350301
vt 0.080234 0.322278
vt 0.119067 0.324656
vt -0.000000 0.313319
vt 0.058680 0.289942
vt 0.064055 0.350301
vt 0.119067 0.324656
vt 0.058680 0.289942
vt 0.004600 0.253481
vt 0.040646 0.257645
vt 0.059892 0.227408
vt 0.004600 0.253481
vt 0.059892 0.227408
vt 0.937850 0.714127
vt 0.902412 0.662588
vt 0.933786 0.642016
vt 0.964676 0.656903
vt 0.933169 0.604684
vt 0.964676 0.656903
vt 0.933169 0.604684
vt 0.864803 0.716738
vt 0.867248 0.681979
vt 0.902412 0.662588
vt 0.791757 0.719349
vt 0.833608 0.664921
vt 0.864803 0.716738
vt 0.902412 0.662588
vt 0.833608 0.664921
vt 0.767990 0.657958
vt 0.802436 0.645840
vt 0.833608 0.664921
vt 0.767990 0.657958
vt 0.805163 0.608905
vt 0.541123 0.494169
vt 0.539079 0.458331
vt 0.503794 0.441403
vt 0.541123 0.494169
vt 0.503794 0.441403
vt 0.541831 0.533652
vt 0.507345 0.553881
vt 0.507345 0.553881
vt 0.475046 0.572827
vt 0.507345 0.553881
vt 0.727025 0.689592
vt 0.733224 0.661264
vt 0.767990 0.657958
vt 0.708328 0.630572
vt 0.727025 0.689592
vt 0.767990 0.657958
vt 0.708328 0.630572
vt 0.502170 0.668437
vt 0.535179 0.686685
vt 0.531495 0.721335
vt 0.571013 0.668563
vt 0.604588 0.721335
vt 0.603818 0.611795
vt 0.603102 0.649124
vt 0.571013 0.668563
vt 0.633441 0.665106
vt 0.633441 0.665106
s 1
f 1611/2937/1611 1653/2940/1653 1773/2939/1773 1684/2938/1684
f 1624/2941/1624 1684/2943/1684 1773/2939/1773 1771/2942/1771
f 1623/2944/1623 1771/2942/1771 1773/2939/1773 1653/2945/1653
f 1612/2946/1612 1656/2949/1656 1774/2948/1774 1654/2947/1654
f 1624/2941/1624 1654/2947/1654 1774/2948/1774 1768/2950/1768
f 1626/2951/1626 1768/2952/1768 1774/2948/1774 1656/2949/1656
f 1611/2937/1611 1658/2954/1658 1775/2953/1775 1653/2945/1653
f 1623/2944/1623 1653/2956/1653 1775/2953/1775 1765/2955/1765
f 1628/2957/1628 1765/2959/1765 1775/2953/1775 1658/2958/1658
f 1611/2937/1611 1660/2961/1660 1776/2960/1776 1658/2954/1658
f 1628/2957/1628 1658/2963/1658 1776/2960/1776 1762/2962/1762
f 1630/2964/1630 1762/2962/1762 1776/2960/1776 1660/2965/1660
f 1611/2937/1611 1687/2968/1687 1777/2967/1777 1660/2966/1660
f 1630/2964/1630 1660/2970/1660 1777/2967/1777 1759/2969/1759
f 1627/2971/1627 1759/2973/1759 1777/2967/1777 1687/2972/1687
f 1612/2974/1612 1663/2977/1663 1778/2976/1778 1656/2975/1656
f 1626/2978/1626 1656/2980/1656 1778/2976/1778 1756/2979/1756
f 1633/2981/1633 1756/2982/1756 1778/2976/1778 1663/2977/1663
f 1613/2983/1613 1665/2986/1665 1779/2985/1779 1655/2984/1655
f 1625/2987/1625 1655/2989/1655 1779/2985/1779 1753/2988/1753
f 1635/2990/1635 1753/2988/1753 1779/2985/1779 1665/2986/1665
f 1614/2991/1614 1667/2994/1667 1780/2993/1780 1659/2992/1659
f 1629/2995/1629 1659/2997/1659 1780/2993/1780 1750/2996/1750
f 1637/2998/1637 1750/2999/1750 1780/2993/1780 1667/2994/1667
f 1615/3000/1615 1669/3003/1669 1781/3002/1781 1661/3001/1661
f 1631/3004/1631 1661/3001/1661 1781/3002/1781 1747/3005/1747
f 1639/3006/1639 1747/3005/1747 1781/3002/1781 1669/3007/1669
f 1616/3008/1616 1671/3011/1671 1782/3010/1782 1662/3009/1662
f 1632/3012/1632 1662/3009/1662 1782/3010/1782 1744/3013/1744
f 1641/3014/1641 1744/3016/1744 1782/3010/1782 1671/3015/1671
f 1612/2974/1612 1696/3019/1696 1783/3018/1783 1663/3017/1663
f 1633/2981/1633 1663/3021/1663 1783/3018/1783 1741/3020/1741
f 1636/3022/1636 1741/3023/1741 1783/3018/1783 1696/3019/1696
f 1613/2983/1613 1698/3025/1698 1784/3024/1784 1665/2986/1665
f 1635/2990/1635 1665/3027/1665 1784/3024/1784 1738/3026/1738
f 1638/3028/1638 1738/3026/1738 1784/3024/1784 1698/3029/1698
f 1614/3030/1614 1700/3033/1700 1785/3032/1785 1667/3031/1667
f 1637/3034/1637 1667/3036/1667 1785/3032/1785 1735/3035/1735
f 1640/3037/1640 1735/3039/1735 1785/3032/1785 1700/3038/1700
f 1615/3000/1615 1702/3041/1702 1786/3040/1786 1669/3007/1669
f 1639/3006/1639 1669/3043/1669 1786/3040/1786 1732/3042/1732
f 1642/3044/1642 1732/3045/1732 1786/3040/1786 1702/3041/1702
f 1616/3008/1616 1694/3047/1694 1787/3046/1787 1671/3015/1671
f 1641/3014/1641 1671/3015/1671 1787/3046/1787 1729/3048/1729
f 1634/3049/1634 1729/3050/1729 1787/3046/1787 1694/3047/1694
f 1617/3051/1617 1678/3054/1678 1788/3053/1788 1673/3052/1673
f 1643/3055/1643 1673/3052/1673 1788/3053/1788 1726/3056/1726
f 1648/3057/1648 1726/3058/1726 1788/3053/1788 1678/3054/1678
f 1618/3059/1618 1680/3062/1680 1789/3061/1789 1674/3060/1674
f 1644/3063/1644 1674/3065/1674 1789/3061/1789 1723/3064/1723
f 1650/3066/1650 1723/3064/1723 1789/3061/1789 1680/3062/1680
f 1619/3067/1619 1681/3070/1681 1790/3069/1790 1675/3068/1675
f 1645/3071/1645 1675/3068/1675 1790/3069/1790 1720/3072/1720
f 1651/3073/1651 1720/3075/1720 1790/3069/1790 1681/3074/1681
f 1620/3076/1620 1682/3079/1682 1791/3078/1791 1676/3077/1676
f 1646/3080/1646 1676/3082/1676 1791/3078/1791 1717/3081/1717
f 1652/3083/1652 1717/3081/1717 1791/3078/1791 1682/3079/1682
f 1621/3084/1621 1709/3087/1709 1792/3086/1792 1677/3085/1677
f 1647/3088/1647 1677/3090/1677 1792/3086/1792 1714/3089/1714
f 1649/3091/1649 1714/3089/1714 1792/3086/1792 1709/3087/1709
f 1649/3092/1649 1679/3095/1679 1793/3094/1793 1713/3093/1713
f 1652/3096/1652 1713/3093/1713 1793/3094/1793 1712/3097/1712
f 1622/3098/1622 1712/3100/1712 1793/3094/1793 1679/3099/1679
f 1649/3091/1649 1713/3102/1713 1794/3101/1794 1714/3089/1714
f 1647/3088/1647 1714/3104/1714 1794/3101/1794 1715/3103/1715
f 1652/3083/1652 1715/3106/1715 1794/3101/1794 1713/3105/1713
f 1647/3088/1647 1715/3109/1715 1795/3108/1795 1707/3107/1707
f 1620/3076/1620 1707/3107/1707 1795/3108/1795 1682/3110/1682
f 1652/3083/1652 1682/3111/1682 1795/3108/1795 1715/3106/1715
f 1652/3096/1652 1712/3114/1712 1796/3113/1796 1716/3112/1716
f 1651/3073/1651 1716/3116/1716 1796/3113/1796 1711/3115/1711
f 1622/3098/1622 1711/3118/1711 1796/3113/1796 1712/3117/1712
f 1652/3096/1652 1716/3121/1716 1797/3120/1797 1717/3119/1717
f 1646/3122/1646 1717/3119/1717 1797/3120/1797 1718/3123/1718
f 1651/3073/1651 1718/3125/1718 1797/3120/1797 1716/3124/1716
f 1646/3122/1646 1718/3128/1718 1798/3127/1798 1706/3126/1706
f 1619/3067/1619 1706/3126/1706 1798/3127/1798 1681/3070/1681
f 1651/3073/1651 1681/3074/1681 1798/3127/1798 1718/3129/1718
f 1651/3073/1651 1711/3115/1711 1799/3131/1799 1719/3130/1719
f 1650/3066/1650 1719/3133/1719 1799/3131/1799 1710/3132/1710
f 1622/3098/1622 1710/3132/1710 1799/3131/1799 1711/3118/1711
f 1651/3073/1651 1719/3135/1719 1800/3134/1800 1720/3075/1720
f 1645/3071/1645 1720/3072/1720 1800/3134/1800 1721/3136/1721
f 1650/3066/1650 1721/3137/1721 1800/3134/1800 1719/3135/1719
f 1645/3071/1645 1721/3140/1721 1801/3139/1801 1705/3138/1705
f 1618/3059/1618 1705/3138/1705 1801/3139/1801 1680/3141/1680
f 1650/3066/1650 1680/3062/1680 1801/3139/1801 1721/3142/1721
f 1650/3066/1650 1710/3145/1710 1802/3144/1802 1722/3143/1722
f 1648/3146/1648 1722/3148/1722 1802/3144/1802 1708/3147/1708
f 1622/3098/1622 1708/3149/1708 1802/3144/1802 1710/3132/1710
f 1650/3066/1650 1722/3151/1722 1803/3150/1803 1723/3064/1723
f 1644/3063/1644 1723/3153/1723 1803/3150/1803 1724/3152/1724
f 1648/3146/1648 1724/3154/1724 1803/3150/1803 1722/3151/1722
f 1644/3155/1644 1724/3158/1724 1804/3157/1804 1704/3156/1704
f 1617/3051/1617 1704/3156/1704 1804/3157/1804 1678/3159/1678
f 1648/3057/1648 1678/3159/1678 1804/3157/1804 1724/3160/1724
f 1648/3146/1648 1708/3163/1708 1805/3162/1805 1725/3161/1725
f 1649/3092/1649 1725/3161/1725 1805/3162/1805 1679/3164/1679
f 1622/3098/1622 1679/3166/1679 1805/3162/1805 1708/3165/1708
f 1648/3057/1648 1725/3169/1725 1806/3168/1806 1726/3167/1726
f 1643/3055/1643 1726/3167/1726 1806/3168/1806 1727/3170/1727
f 1649/3171/1649 1727/3172/1727 1806/3168/1806 1725/3169/1725
f 1643/3055/1643 1727/3175/1727 1807/3174/1807 1703/3173/1703
f 1621/3176/1621 1703/3178/1703 1807/3174/1807 1709/3177/1709
f 1649/3171/1649 1709/3180/1709 1807/3174/1807 1727/3179/1727
f 1634/3049/1634 1664/3183/1664 1808/3182/1808 1728/3181/1728
f 1647/3088/1647 1728/3181/1728 1808/3182/1808 1677/3090/1677
f 1621/3084/1621 1677/3085/1677 1808/3182/1808 1664/3184/1664
f 1634/3049/1634 1728/3187/1728 1809/3186/1809 1729/3185/1729
f 1641/3014/1641 1729/3189/1729 1809/3186/1809 1730/3188/1730
f 1647/3088/1647 1730/3190/1730 1809/3186/1809 1728/3187/1728
f 1641/3014/1641 1730/3190/1730 1810/3192/1810 1701/3191/1701
f 1620/3076/1620 1701/3191/1701 1810/3192/1810 1707/3193/1707
f 1647/3088/1647 1707/3107/1707 1810/3192/1810 1730/3190/1730
f 1642/3194/1642 1672/3197/1672 1811/3196/1811 1731/3195/1731
f 1646/3080/1646 1731/3195/1731 1811/3196/1811 1676/3082/1676
f 1620/3076/1620 1676/3077/1676 1811/3196/1811 1672/3198/1672
f 1642/3044/1642 1731/3200/1731 1812/3199/1812 1732/3042/1732
f 1639/3006/1639 1732/3202/1732 1812/3199/1812 1733/3201/1733
f 1646/3203/1646 1733/3204/1733 1812/3199/1812 1731/3200/1731
f 1639/3006/1639 1733/3207/1733 1813/3206/1813 1699/3205/1699
f 1619/3208/1619 1699/3210/1699 1813/3206/1813 1706/3209/1706
f 1646/3203/1646 1706/3212/1706 1813/3206/1813 1733/3211/1733
f 1640/3037/1640 1670/3215/1670 1814/3214/1814 1734/3213/1734
f 1645/3216/1645 1734/3213/1734 1814/3214/1814 1675/3217/1675
f 1619/3208/1619 1675/3217/1675 1814/3214/1814 1670/3218/1670
f 1640/3037/1640 1734/3213/1734 1815/3219/1815 1735/3035/1735
f 1637/3034/1637 1735/3221/1735 1815/3219/1815 1736/3220/1736
f 1645/3216/1645 1736/3220/1736 1815/3219/1815 1734/3222/1734
f 1637/3223/1637 1736/3226/1736 1816/3225/1816 1697/3224/1697
f 1618/3059/1618 1697/3224/1697 1816/3225/1816 1705/3227/1705
f 1645/3071/1645 1705/3227/1705 1816/3225/1816 1736/3228/1736
f 1638/3028/1638 1668/3231/1668 1817/3230/1817 1737/3229/1737
f 1644/3232/1644 1737/3234/1737 1817/3230/1817 1674/3233/1674
f 1618/3235/1618 1674/3237/1674 1817/3230/1817 1668/3236/1668
f 1638/3028/1638 1737/3239/1737 1818/3238/1818 1738/3026/1738
f 1635/2990/1635 1738/3241/1738 1818/3238/1818 1739/3240/1739
f 1644/3232/1644 1739/3242/1739 1818/3238/1818 1737/3229/1737
f 1635/3243/1635 1739/3246/1739 1819/3245/1819 1695/3244/1695
f 1617/3051/1617 1695/3248/1695 1819/3245/1819 1704/3247/1704
f 1644/3155/1644 1704/3249/1704 1819/3245/1819 1739/3246/1739
f 1636/3022/1636 1666/3252/1666 1820/3251/1820 1740/3250/1740
f 1643/3055/1643 1740/3250/1740 1820/3251/1820 1673/3253/1673
f 1617/3051/1617 1673/3254/1673 1820/3251/1820 1666/3252/1666
f 1636/3022/1636 1740/3256/1740 1821/3255/1821 1741/3023/1741
f 1633/2981/1633 1741/3020/1741 1821/3255/1821 1742/3257/1742
f 1643/3055/1643 1742/3259/1742 1821/3255/1821 1740/3258/1740
f 1633/2981/1633 1742/3262/1742 1822/3261/1822 1693/3260/1693
f 1621/3176/1621 1693/3264/1693 1822/3261/1822 1703/3263/1703
f 1643/3055/1643 1703/3265/1703 1822/3261/1822 1742/3262/1742
f 1641/3014/1641 1701/3268/1701 1823/3267/1823 1743/3266/1743
f 1642/3194/1642 1743/3266/1743 1823/3267/1823 1672/3269/1672
f 1620/3076/1620 1672/3270/1672 1823/3267/1823 1701/3191/1701
f 1641/3014/1641 1743/3273/1743 1824/3272/1824 1744/3271/1744
f 1632/3012/1632 1744/3271/1744 1824/3272/1824 1745/3274/1745
f 1642/3194/1642 1745/3276/1745 1824/3272/1824 1743/3275/1743
f 1632/3277/1632 1745/3280/1745 1825/3279/1825 1692/3278/1692
f 1615/3000/1615 1692/3278/1692 1825/3279/1825 1702/3041/1702
f 1642/3044/1642 1702/3282/1702 1825/3279/1825 1745/3281/1745
f 1639/3006/1639 1699/3285/1699 1826/3284/1826 1746/3283/1746
f 1640/3037/1640 1746/3287/1746 1826/3284/1826 1670/3286/1670
f 1619/3208/1619 1670/3215/1670 1826/3284/1826 1699/3210/1699
f 1639/3006/1639 1746/3289/1746 1827/3288/1827 1747/3005/1747
f 1631/3004/1631 1747/3005/1747 1827/3288/1827 1748/3290/1748
f 1640/3037/1640 1748/3290/1748 1827/3288/1827 1746/3291/1746
f 1631/3004/1631 1748/3290/1748 1828/3293/1828 1691/3292/1691
f 1614/3030/1614 1691/3295/1691 1828/3293/1828 1700/3294/1700
f 1640/3037/1640 1700/3297/1700 1828/3293/1828 1748/3296/1748
f 1637/2998/1637 1697/3300/1697 1829/3299/1829 1749/3298/1749
f 1638/3028/1638 1749/3302/1749 1829/3299/1829 1668/3301/1668
f 1618/3235/1618 1668/3236/1668 1829/3299/1829 1697/3300/1697
f 1637/2998/1637 1749/3305/1749 1830/3304/1830 1750/3303/1750
f 1629/2995/1629 1750/3307/1750 1830/3304/1830 1751/3306/1751
f 1638/3028/1638 1751/3306/1751 1830/3304/1830 1749/3298/1749
f 1629/2995/1629 1751/3306/1751 1831/3309/1831 1689/3308/1689
f 1613/2983/1613 1689/3311/1689 1831/3309/1831 1698/3310/1698
f 1638/3028/1638 1698/3313/1698 1831/3309/1831 1751/3312/1751
f 1635/3243/1635 1695/3244/1695 1832/3315/1832 1752/3314/1752
f 1636/3022/1636 1752/3316/1752 1832/3315/1832 1666/3252/1666
f 1617/3051/1617 1666/3252/1666 1832/3315/1832 1695/3244/1695
f 1635/3243/1635 1752/3314/1752 1833/3318/1833 1753/3317/1753
f 1625/3319/1625 1753/3321/1753 1833/3318/1833 1754/3320/1754
f 1636/3022/1636 1754/3323/1754 1833/3318/1833 1752/3322/1752
f 1625/3319/1625 1754/3326/1754 1834/3325/1834 1685/3324/1685
f 1612/2974/1612 1685/3324/1685 1834/3325/1834 1696/3327/1696
f 1636/3022/1636 1696/3329/1696 1834/3325/1834 1754/3328/1754
f 1633/2981/1633 1693/3260/1693 1835/3331/1835 1755/3330/1755
f 1634/3332/1634 1755/3334/1755 1835/3331/1835 1664/3333/1664
f 1621/3176/1621 1664/3333/1664 1835/3331/1835 1693/3335/1693
f 1633/2981/1633 1755/3330/1755 1836/3337/1836 1756/3336/1756
f 1626/2978/1626 1756/3339/1756 1836/3337/1836 1757/3338/1757
f 1634/3332/1634 1757/3341/1757 1836/3337/1836 1755/3340/1755
f 1626/2951/1626 1757/3344/1757 1837/3343/1837 1686/3342/1686
f 1616/3345/1616 1686/3347/1686 1837/3343/1837 1694/3346/1694
f 1634/3348/1634 1694/3349/1694 1837/3343/1837 1757/3344/1757
f 1627/2971/1627 1657/3352/1657 1838/3351/1838 1758/3350/1758
f 1632/3353/1632 1758/3355/1758 1838/3351/1838 1662/3354/1662
f 1616/3345/1616 1662/3354/1662 1838/3351/1838 1657/3352/1657
f 1627/2971/1627 1758/3355/1758 1839/3356/1839 1759/2973/1759
f 1630/2964/1630 1759/2969/1759 1839/3356/1839 1760/3357/1760
f 1632/3353/1632 1760/3357/1760 1839/3356/1839 1758/3358/1758
f 1630/3359/1630 1760/3362/1760 1840/3361/1840 1690/3360/1690
f 1615/3000/1615 1690/3364/1690 1840/3361/1840 1692/3363/1692
f 1632/3277/1632 1692/3365/1692 1840/3361/1840 1760/3362/1760
f 1630/3359/1630 1690/3368/1690 1841/3367/1841 1761/3366/1761
f 1631/3004/1631 1761/3366/1761 1841/3367/1841 1661/3369/1661
f 1615/3000/1615 1661/3369/1661 1841/3367/1841 1690/3368/1690
f 1630/3359/1630 1761/3372/1761 1842/3371/1842 1762/3370/1762
f 1628/3373/1628 1762/3375/1762 1842/3371/1842 1763/3374/1763
f 1631/3004/1631 1763/3377/1763 1842/3371/1842 1761/3376/1761
f 1628/3373/1628 1763/3374/1763 1843/3379/1843 1688/3378/1688
f 1614/3030/1614 1688/3381/1688 1843/3379/1843 1691/3380/1691
f 1631/3004/1631 1691/3382/1691 1843/3379/1843 1763/3377/1763
f 1628/3383/1628 1688/3386/1688 1844/3385/1844 1764/3384/1764
f 1629/2995/1629 1764/3384/1764 1844/3385/1844 1659/3387/1659
f 1614/2991/1614 1659/3389/1659 1844/3385/1844 1688/3388/1688
f 1628/3383/1628 1764/3392/1764 1845/3391/1845 1765/3390/1765
f 1623/3393/1623 1765/3395/1765 1845/3391/1845 1766/3394/1766
f 1629/2995/1629 1766/3397/1766 1845/3391/1845 1764/3396/1764
f 1623/3393/1623 1766/3400/1766 1846/3399/1846 1683/3398/1683
f 1613/2983/1613 1683/3401/1683 1846/3399/1846 1689/3311/1689
f 1629/2995/1629 1689/3402/1689 1846/3399/1846 1766/3394/1766
f 1626/2951/1626 1686/3347/1686 1847/3404/1847 1767/3403/1767
f 1627/2971/1627 1767/3406/1767 1847/3404/1847 1657/3405/1657
f 1616/3345/1616 1657/3407/1657 1847/3404/1847 1686/3347/1686
f 1626/2951/1626 1767/3406/1767 1848/3408/1848 1768/2950/1768
f 1624/2941/1624 1768/2952/1768 1848/3408/1848 1769/3409/1769
f 1627/2971/1627 1769/3410/1769 1848/3408/1848 1767/3403/1767
f 1624/2941/1624 1769/3412/1769 1849/3411/1849 1684/2943/1684
f 1611/2937/1611 1684/2938/1684 1849/3411/1849 1687/2972/1687
f 1627/2971/1627 1687/2968/1687 1849/3411/1849 1769/3410/1769
f 1623/3393/1623 1683/3415/1683 1850/3414/1850 1770/3413/1770
f 1625/2987/1625 1770/3417/1770 1850/3414/1850 1655/3416/1655
f 1613/2983/1613 1655/3419/1655 1850/3414/1850 1683/3418/1683
f 1623/2944/1623 1770/3422/1770 1851/3421/1851 1771/3420/1771
f 1624/2941/1624 1771/3420/1771 1851/3421/1851 1772/3423/1772
f 1625/3424/1625 1772/3423/1772 1851/3421/1851 1770/3422/1770
f 1624/2941/1624 1772/3427/1772 1852/3426/1852 1654/3425/1654
f 1612/2946/1612 1654/3425/1654 1852/3426/1852 1685/3428/1685
f 1625/3424/1625 1685/3429/1685 1852/3426/1852 1772/3427/1772
o WallBarrier_String03
v 0.000000 1.158108 -0.028341
v 0.000000 2.167771 -0.028341
v 0.022731 1.158108 -0.018925
v 0.022731 2.167771 -0.018925
v 0.032147 1.158108 0.003806
v 0.032147 2.167771 0.003806
v 0.022731 1.158108 0.026537
v 0.022731 2.167771 0.026537
v 0.000000 1.158108 0.035952
v 0.000000 2.167771 0.035952
v -0.022731 1.158108 0.026537
v -0.022731 2.167771 0.026537
v -0.032147 1.158108 0.003806
v -0.032147 2.167771 0.003806
v -0.022731 1.158108 -0.018925
v -0.022731 2.167771 -0.018925
vn 0.3827 -0.0000 -0.9239
vn 0.9239 -0.0000 -0.3827
vn 0.9239 -0.0000 0.3827
vn 0.3827 -0.0000 0.9239
vn -0.3827 -0.0000 0.9239
vn -0.9239 -0.0000 0.3827
vn -0.0000 1.0000 -0.0000
vn -0.9239 -0.0000 -0.3827
vn -0.3827 -0.0000 -0.9239
vn -0.0000 -1.0000 -0.0000
vt -0.000000 0.000000
vt 0.500000 -0.000000
vt 0.500000 0.125000
vt -0.000000 0.125000
vt 0.500000 0.250000
vt -0.000000 0.250000
vt 0.500000 0.375000
vt -0.000000 0.375000
vt 0.500000 0.500000
vt -0.000000 0.500000
vt 0.500000 0.625000
vt -0.000000 0.625000
vt 0.500000 0.750000
vt -0.000000 0.750000
vt 0.943462 0.313575
vt 0.813575 0.443462
vt 0.629887 0.443462
vt 0.500000 0.313575
vt 0.500000 0.129887
vt 0.629887 0.000000
vt 0.813575 0.000000
vt 0.943462 0.129887
vt 0.500000 0.875000
vt -0.000000 0.875000
vt 0.500000 1.000000
vt -0.000000 1.000000
vt 0.813575 0.443462
vt 0.629887 0.443462
vt 0.500000 0.573349
vt 0.500000 0.757037
vt 0.629887 0.886924
vt 0.813575 0.886924
vt 0.943462 0.757037
vt 0.943462 0.573349
s 0
f 1853/3430/1853 1854/3431/1853 1856/3432/1853 1855/3433/1853
f 1855/3433/1854 1856/3432/1854 1858/3434/1854 1857/3435/1854
f 1857/3435/1855 1858/3434/1855 1860/3436/1855 1859/3437/1855
f 1859/3437/1856 1860/3436/1856 1862/3438/1856 1861/3439/1856
f 1861/3439/1857 1862/3438/1857 1864/3440/1857 1863/3441/1857
f 1863/3441/1858 1864/3440/1858 1866/3442/1858 1865/3443/1858
f 1856/3444/1859 1854/3445/1859 1868/3446/1859 1866/3447/1859 1864/3448/1859 1862/3449/1859 1860/3450/1859 1858/3451/1859
f 1865/3443/1860 1866/3442/1860 1868/3452/1860 1867/3453/1860
f 1867/3453/1861 1868/3452/1861 1854/3454/1861 1853/3455/1861
f 1853/3456/1862 1855/3457/1862 1857/3458/1862 1859/3459/1862 1861/3460/1862 1863/3461/1862 1865/3462/1862 1867/3463/1862
o WallBarrier_String04
v 0.000000 1.158108 -1.224777
v 0.000000 2.167771 -1.224777
v 0.022731 1.158108 -1.215362
v 0.022731 2.167771 -1.215362
v 0.032147 1.158108 -1.192631
v 0.032147 2.167771 -1.192631
v 0.022731 1.158108 -1.169900
v 0.022731 2.167771 -1.169900
v 0.000000 1.158108 -1.160484
v 0.000000 2.167771 -1.160484
v -0.022731 1.158108 -1.169900
v -0.022731 2.167771 -1.169900
v -0.032147 1.158108 -1.192631
v -0.032147 2.167771 -1.192631
v -0.022731 1.158108 -1.215362
v -0.022731 2.167771 -1.215362
vn 0.3827 -0.0000 -0.9239
vn 0.9239 -0.0000 -0.3827
vn 0.9239 -0.0000 0.3827
vn 0.3827 -0.0000 0.9239
vn -0.3827 -0.0000 0.9239
vn -0.9239 -0.0000 0.3827
vn -0.0000 1.0000 -0.0000
vn -0.9239 -0.0000 -0.3827
vn -0.3827 -0.0000 -0.9239
vn -0.0000 -1.0000 -0.0000
vt -0.000000 0.000000
vt 0.500000 -0.000000
vt 0.500000 0.125000
vt -0.000000 0.125000
vt 0.500000 0.250000
vt -0.000000 0.250000
vt 0.500000 0.375000
vt -0.000000 0.375000
vt 0.500000 0.500000
vt -0.000000 0.500000
vt 0.500000 0.625000
vt -0.000000 0.625000
vt 0.500000 0.750000
vt -0.000000 0.750000
vt 0.943462 0.313575
vt 0.813575 0.443462
vt 0.629887 0.443462
vt 0.500000 0.313575
vt 0.500000 0.129887
vt 0.629887 0.000000
vt 0.813575 0.000000
vt 0.943462 0.129887
vt 0.500000 0.875000
vt -0.000000 0.875000
vt 0.500000 1.000000
vt -0.000000 1.000000
vt 0.813575 0.443462
vt 0.629887 0.443462
vt 0.500000 0.573349
vt 0.500000 0.757037
vt 0.629887 0.886924
vt 0.813575 0.886924
vt 0.943462 0.757037
vt 0.943462 0.573349
s 0
f 1869/3464/1863 1870/3465/1863 1872/3466/1863 1871/3467/1863
f 1871/3467/1864 1872/3466/1864 1874/3468/1864 1873/3469/1864
f 1873/3469/1865 1874/3468/1865 1876/3470/1865 1875/3471/1865
f 1875/3471/1866 1876/3470/1866 1878/3472/1866 1877/3473/1866
f 1877/3473/1867 1878/3472/1867 1880/3474/1867 1879/3475/1867
f 1879/3475/1868 1880/3474/1868 1882/3476/1868 1881/3477/1868
f 1872/3478/1869 1870/3479/1869 1884/3480/1869 1882/3481/1869 1880/3482/1869 1878/3483/1869 1876/3484/1869 1874/3485/1869
f 1881/3477/1870 1882/3476/1870 1884/3486/1870 1883/3487/1870
f 1883/3487/1871 1884/3486/1871 1870/3488/1871 1869/3489/1871
f 1869/3490/1872 1871/3491/1872 1873/3492/1872 1875/3493/1872 1877/3494/1872 1879/3495/1872 1881/3496/1872 1883/3497/1872
o WallBarrier_String05
v 0.000000 0.893552 -2.378819
v 0.000000 1.903215 -2.378819
v 0.022731 0.893552 -2.369403
v 0.022731 1.903215 -2.369403
v 0.032147 0.893552 -2.346672
v 0.032147 1.903215 -2.346672
v 0.022731 0.893552 -2.323941
v 0.022731 1.903215 -2.323941
v 0.000000 0.893552 -2.314526
v 0.000000 1.903215 -2.314526
v -0.022731 0.893552 -2.323941
v -0.022731 1.903215 -2.323941
v -0.032147 0.893552 -2.346672
v -0.032147 1.903215 -2.346672
v -0.022731 0.893552 -2.369403
v -0.022731 1.903215 -2.369403
vn 0.3827 -0.0000 -0.9239
vn 0.9239 -0.0000 -0.3827
vn 0.9239 -0.0000 0.3827
vn 0.3827 -0.0000 0.9239
vn -0.3827 -0.0000 0.9239
vn -0.9239 -0.0000 0.3827
vn -0.0000 1.0000 -0.0000
vn -0.9239 -0.0000 -0.3827
vn -0.3827 -0.0000 -0.9239
vn -0.0000 -1.0000 -0.0000
vt -0.000000 0.000000
vt 0.500000 -0.000000
vt 0.500000 0.125000
vt -0.000000 0.125000
vt 0.500000 0.250000
vt -0.000000 0.250000
vt 0.500000 0.375000
vt -0.000000 0.375000
vt 0.500000 0.500000
vt -0.000000 0.500000
vt 0.500000 0.625000
vt -0.000000 0.625000
vt 0.500000 0.750000
vt -0.000000 0.750000
vt 0.943462 0.313575
vt 0.813575 0.443462
vt 0.629887 0.443462
vt 0.500000 0.313575
vt 0.500000 0.129887
vt 0.629887 0.000000
vt 0.813575 0.000000
vt 0.943462 0.129887
vt 0.500000 0.875000
vt -0.000000 0.875000
vt 0.500000 1.000000
vt -0.000000 1.000000
vt 0.813575 0.443462
vt 0.629887 0.443462
vt 0.500000 0.573349
vt 0.500000 0.757037
vt 0.629887 0.886924
vt 0.813575 0.886924
vt 0.943462 0.757037
vt 0.943462 0.573349
s 0
f 1885/3498/1873 1886/3499/1873 1888/3500/1873 1887/3501/1873
f 1887/3501/1874 1888/3500/1874 1890/3502/1874 1889/3503/1874
f 1889/3503/1875 1890/3502/1875 1892/3504/1875 1891/3505/1875
f 1891/3505/1876 1892/3504/1876 1894/3506/1876 1893/3507/1876
f 1893/3507/1877 1894/3506/1877 1896/3508/1877 1895/3509/1877
f 1895/3509/1878 1896/3508/1878 1898/3510/1878 1897/3511/1878
f 1888/3512/1879 1886/3513/1879 1900/3514/1879 1898/3515/1879 1896/3516/1879 1894/3517/1879 1892/3518/1879 1890/3519/1879
f 1897/3511/1880 1898/3510/1880 1900/3520/1880 1899/3521/1880
f 1899/3521/1881 1900/3520/1881 1886/3522/1881 1885/3523/1881
f 1885/3524/1882 1887/3525/1882 1889/3526/1882 1891/3527/1882 1893/3528/1882 1895/3529/1882 1897/3530/1882 1899/3531/1882
o WallBarrier_String02
v 0.000000 1.158108 1.151986
v 0.000000 2.167771 1.151986
v 0.022731 1.158108 1.161401
v 0.022731 2.167771 1.161401
v 0.032147 1.158108 1.184132
v 0.032147 2.167771 1.184132
v 0.022731 1.158108 1.206864
v 0.022731 2.167771 1.206864
v 0.000000 1.158108 1.216279
v 0.000000 2.167771 1.216279
v -0.022731 1.158108 1.206864
v -0.022731 2.167771 1.206864
v -0.032147 1.158108 1.184132
v -0.032147 2.167771 1.184132
v -0.022731 1.158108 1.161401
v -0.022731 2.167771 1.161401
vn 0.3827 -0.0000 -0.9239
vn 0.9239 -0.0000 -0.3827
vn 0.9239 -0.0000 0.3827
vn 0.3827 -0.0000 0.9239
vn -0.3827 -0.0000 0.9239
vn -0.9239 -0.0000 0.3827
vn -0.0000 1.0000 -0.0000
vn -0.9239 -0.0000 -0.3827
vn -0.3827 -0.0000 -0.9239
vn -0.0000 -1.0000 -0.0000
vt -0.000000 0.000000
vt 0.500000 -0.000000
vt 0.500000 0.125000
vt -0.000000 0.125000
vt 0.500000 0.250000
vt -0.000000 0.250000
vt 0.500000 0.375000
vt -0.000000 0.375000
vt 0.500000 0.500000
vt -0.000000 0.500000
vt 0.500000 0.625000
vt -0.000000 0.625000
vt 0.500000 0.750000
vt -0.000000 0.750000
vt 0.943462 0.313575
vt 0.813575 0.443462
vt 0.629887 0.443462
vt 0.500000 0.313575
vt 0.500000 0.129887
vt 0.629887 0.000000
vt 0.813575 0.000000
vt 0.943462 0.129887
vt 0.500000 0.875000
vt -0.000000 0.875000
vt 0.500000 1.000000
vt -0.000000 1.000000
vt 0.813575 0.443462
vt 0.629887 0.443462
vt 0.500000 0.573349
vt 0.500000 0.757037
vt 0.629887 0.886924
vt 0.813575 0.886924
vt 0.943462 0.757037
vt 0.943462 0.573349
s 0
f 1901/3532/1883 1902/3533/1883 1904/3534/1883 1903/3535/1883
f 1903/3535/1884 1904/3534/1884 1906/3536/1884 1905/3537/1884
f 1905/3537/1885 1906/3536/1885 1908/3538/1885 1907/3539/1885
f 1907/3539/1886 1908/3538/1886 1910/3540/1886 1909/3541/1886
f 1909/3541/1887 1910/3540/1887 1912/3542/1887 1911/3543/1887
f 1911/3543/1888 1912/3542/1888 1914/3544/1888 1913/3545/1888
f 1904/3546/1889 1902/3547/1889 1916/3548/1889 1914/3549/1889 1912/3550/1889 1910/3551/1889 1908/3552/1889 1906/3553/1889
f 1913/3545/1890 1914/3544/1890 1916/3554/1890 1915/3555/1890
f 1915/3555/1891 1916/3554/1891 1902/3556/1891 1901/3557/1891
f 1901/3558/1892 1903/3559/1892 1905/3560/1892 1907/3561/1892 1909/3562/1892 1911/3563/1892 1913/3564/1892 1915/3565/1892
o WallBarrier_String01
v 0.000000 0.934253 2.169509
v 0.000000 1.943916 2.169509
v 0.022731 0.934253 2.178924
v 0.022731 1.943916 2.178924
v 0.032147 0.934253 2.201655
v 0.032147 1.943916 2.201655
v 0.022731 0.934253 2.224386
v 0.022731 1.943916 2.224386
v 0.000000 0.934253 2.233802
v 0.000000 1.943916 2.233802
v -0.022731 0.934253 2.224386
v -0.022731 1.943916 2.224386
v -0.032147 0.934253 2.201655
v -0.032147 1.943916 2.201655
v -0.022731 0.934253 2.178924
v -0.022731 1.943916 2.178924
vn 0.3827 -0.0000 -0.9239
vn 0.9239 -0.0000 -0.3827
vn 0.9239 -0.0000 0.3827
vn 0.3827 -0.0000 0.9239
vn -0.3827 -0.0000 0.9239
vn -0.9239 -0.0000 0.3827
vn -0.0000 1.0000 -0.0000
vn -0.9239 -0.0000 -0.3827
vn -0.3827 -0.0000 -0.9239
vn -0.0000 -1.0000 -0.0000
vt -0.000000 0.000000
vt 0.500000 -0.000000
vt 0.500000 0.125000
vt -0.000000 0.125000
vt 0.500000 0.250000
vt -0.000000 0.250000
vt 0.500000 0.375000
vt -0.000000 0.375000
vt 0.500000 0.500000
vt -0.000000 0.500000
vt 0.500000 0.625000
vt -0.000000 0.625000
vt 0.500000 0.750000
vt -0.000000 0.750000
vt 0.943462 0.313575
vt 0.813575 0.443462
vt 0.629887 0.443462
vt 0.500000 0.313575
vt 0.500000 0.129887
vt 0.629887 0.000000
vt 0.813575 0.000000
vt 0.943462 0.129887
vt 0.500000 0.875000
vt -0.000000 0.875000
vt 0.500000 1.000000
vt -0.000000 1.000000
vt 0.813575 0.443462
vt 0.629887 0.443462
vt 0.500000 0.573349
vt 0.500000 0.757037
vt 0.629887 0.886924
vt 0.813575 0.886924
vt 0.943462 0.757037
vt 0.943462 0.573349
s 0
f 1917/3566/1893 1918/3567/1893 1920/3568/1893 1919/3569/1893
f 1919/3569/1894 1920/3568/1894 1922/3570/1894 1921/3571/1894
f 1921/3571/1895 1922/3570/1895 1924/3572/1895 1923/3573/1895
f 1923/3573/1896 1924/3572/1896 1926/3574/1896 1925/3575/1896
f 1925/3575/1897 1926/3574/1897 1928/3576/1897 1927/3577/1897
f 1927/3577/1898 1928/3576/1898 1930/3578/1898 1929/3579/1898
f 1920/3580/1899 1918/3581/1899 1932/3582/1899 1930/3583/1899 1928/3584/1899 1926/3585/1899 1924/3586/1899 1922/3587/1899
f 1929/3579/1900 1930/3578/1900 1932/3588/1900 1931/3589/1900
f 1931/3589/1901 1932/3588/1901 1918/3590/1901 1917/3591/1901
f 1917/3592/1902 1919/3593/1902 1921/3594/1902 1923/3595/1902 1925/3596/1902 1927/3597/1902 1929/3598/1902 1931/3599/1902
